Crop,Month_Start,Median_Price,Mean_Price,Min_Price,Max_Price,Price_Observations,Markets,States,Varieties,Extreme_Observations,Very_Extreme_Observations,Anomaly_Observations,Year,Month,Quarter,Season,Price_Lag_1M,Price_Lag_2M,Price_Lag_3M,Price_Lag_6M,Price_Lag_12M,Price_Change_1M,Price_Change_3M,Price_Change_12M,Price_Difference_1M,Rolling_Mean_3M,Rolling_Mean_6M,Rolling_Mean_12M,Rolling_Median_3M,Rolling_Median_6M,Rolling_Median_12M,Rolling_Std_3M,Rolling_Std_6M,Rolling_Std_12M,Rolling_Min_6M,Rolling_Max_6M,Momentum_3M,Momentum_6M,Momentum_12M,Same_Month_Last_Year,YoY_Price_Change,Historical_Mean_Price,Historical_Median_Price,Historical_Std_Price,Historical_Month_Mean,Historical_Month_Median,Deviation_From_Rolling_Mean_6M,Deviation_From_Rolling_Median_6M,Rolling_CV_6M,Observation_Intensity,Market_Count_Log,State_Count_Log,Variety_Count_Log,Extreme_Rate,Anomaly_Rate,Time_Index,Time_Index_Squared,Month_Sin,Month_Cos,Quarter_Sin,Quarter_Cos,Target_Next_Month_Price,Target_Next_Month_Log_Price,Target_Next_Month_Change,Target_Date
Banana,2015-01-01,2050.0,2225.4681528662422,190.0,5200.0,471,215,20,16,0,0,0,2015,1,1,Winter,,,,,,,,,,,,,,,,,,,,,,,,,,,,,,,,,,6.156978985585555,5.375278407684165,3.044522437723423,2.833213344056216,0.0,0.0,1,1,0.49999999999999994,0.8660254037844387,1.0,6.123233995736766e-17,2000.0,7.601402334583733,-0.024390243902439046,2015-02-01
Banana,2015-02-01,2000.0,1982.352,575.0,4000.0,125,75,13,9,0,0,0,2015,2,1,Winter,2050.0,,,,,-0.024390243902439046,,,-50.0,,,,,,,,,,,,,,,,,,,,,,,,,4.836281906951478,4.330733340286331,2.6390573296152584,2.302585092994046,0.0,0.0,2,4,0.8660254037844386,0.5000000000000001,1.0,6.123233995736766e-17,1960.0,7.581209826196346,-0.020000000000000018,2015-03-01
Banana,2015-03-01,1960.0,1901.7676056338028,275.0,3600.0,142,93,15,10,0,0,0,2015,3,1,Spring,2000.0,2050.0,,,,-0.020000000000000018,,,-40.0,2025.0,,,2025.0,,,35.35533905932738,,,,,,,,,,,,,,,,,,4.962844630259907,4.543294782270004,2.772588722239781,2.3978952727983707,0.0,0.0,3,9,1.0,6.123233995736766e-17,1.0,6.123233995736766e-17,1910.0,7.555381944240273,-0.025510204081632626,2015-04-01
Banana,2015-04-01,1910.0,1954.3903002309469,85.0,5000.0,433,230,22,21,0,0,0,2015,4,2,Spring,1960.0,2000.0,2050.0,,,-0.025510204081632626,-0.06829268292682922,,-50.0,2003.3333333333333,2003.3333333333333,,2000.0,2000.0,,45.09249752822891,45.09249752822891,,1960.0,2050.0,-90.0,,,,,2003.3333333333333,2000.0,45.09249752822891,,,-43.33333333333326,-40.0,0.02250873420710262,6.073044534100405,5.442417710521793,3.1354942159291497,3.091042453358316,0.0,0.0,4,16,0.8660254037844387,-0.4999999999999998,1.2246467991473532e-16,-1.0,1900.0,7.550135342488429,-0.005235602094240788,2015-05-01
Banana,2015-05-01,1900.0,1932.347619047619,90.0,6000.0,420,224,21,23,0,0,0,2015,5,2,Summer,1910.0,1960.0,2000.0,,,-0.005235602094240788,-0.050000000000000044,,-10.0,1956.6666666666667,1980.0,,1960.0,1980.0,,45.09249752822891,59.44184833375667,,1910.0,2050.0,-90.0,,,,,1980.0,1980.0,59.44184833375667,,,-70.0,-70.0,0.030021135522099326,6.042632833682381,5.41610040220442,3.091042453358316,3.1780538303479458,0.0,0.0,5,25,0.49999999999999994,-0.8660254037844387,1.2246467991473532e-16,-1.0,1900.0,7.550135342488429,0.0,2015-06-01
Banana,2015-06-01,1900.0,2025.6174757281553,95.0,6300.0,515,229,22,22,0,0,0,2015,6,2,Summer,1900.0,1910.0,1960.0,,,0.0,-0.030612244897959218,,0.0,1923.3333333333333,1964.0,,1910.0,1960.0,,32.145502536643164,62.689712074629895,,1900.0,2050.0,-60.0,,,,,1964.0,1960.0,62.689712074629895,,,-64.0,-60.0,0.03191940533331461,6.246106765481563,5.438079308923196,3.1354942159291497,3.1354942159291497,0.0,0.0,6,36,1.2246467991473532e-16,-1.0,1.2246467991473532e-16,-1.0,1900.0,7.550135342488429,0.0,2015-07-01
Banana,2015-07-01,1900.0,2076.2198852772467,65.0,5300.0,523,246,21,23,0,0,0,2015,7,3,Monsoon,1900.0,1900.0,1910.0,2050.0,,0.0,-0.005235602094240788,,0.0,1903.3333333333333,1953.3333333333333,1953.3333333333333,1900.0,1935.0,1935.0,5.773502691895955,61.86005711819755,61.86005711819755,1900.0,2050.0,-10.0,-150.0,,,,1953.3333333333333,1935.0,61.86005711819755,,,-53.33333333333326,-35.0,0.03166897122092025,6.261491684321042,5.5093883366279774,3.091042453358316,3.1780538303479458,0.0,0.0,7,49,-0.4999999999999997,-0.8660254037844388,-1.0,-1.8369701987210297e-16,1800.0,7.496097345175956,-0.052631578947368474,2015-08-01
Banana,2015-08-01,1800.0,1987.9904498977505,90.0,5100.0,489,235,22,19,0,0,0,2015,8,3,Monsoon,1900.0,1900.0,1900.0,2000.0,,-0.052631578947368474,-0.052631578947368474,,-100.0,1900.0,1928.3333333333333,1945.7142857142858,1900.0,1905.0,1910.0,0.0,42.15052391924282,59.96030432909835,1900.0,2000.0,0.0,-100.0,,,,1945.7142857142858,1910.0,59.96030432909835,,,-28.333333333333258,-5.0,0.021858525800817367,6.194405391104672,5.4638318050256105,3.1354942159291497,2.995732273553991,0.0,0.0,8,64,-0.8660254037844385,-0.5000000000000004,-1.0,-1.8369701987210297e-16,1900.0,7.550135342488429,0.05555555555555558,2015-09-01
Banana,2015-09-01,1900.0,2031.226345083488,80.0,6000.0,539,243,21,22,0,0,0,2015,9,3,Monsoon,1800.0,1900.0,1900.0,1960.0,,0.05555555555555558,0.0,,100.0,1866.6666666666667,1895.0,1927.5,1900.0,1900.0,1905.0,57.73502691896261,52.05766033928141,75.73449864965288,1800.0,1960.0,-100.0,-160.0,,,,1927.5,1905.0,75.73449864965288,,,-95.0,-100.0,0.027471060865056154,6.29156913955832,5.497168225293202,3.091042453358316,3.1354942159291497,0.0,0.0,9,81,-1.0,-1.8369701987210297e-16,-1.0,-1.8369701987210297e-16,1800.0,7.496097345175956,-0.052631578947368474,2015-10-01
Banana,2015-10-01,1800.0,2004.6045197740114,85.0,5200.0,531,236,24,21,0,0,0,2015,10,4,Autumn,1900.0,1800.0,1900.0,1910.0,,-0.052631578947368474,-0.052631578947368474,,-100.0,1866.6666666666667,1885.0,1924.4444444444443,1900.0,1900.0,1900.0,57.7350269189626,41.833001326703695,71.43372997245605,1800.0,1910.0,0.0,-10.0,,,,1924.4444444444443,1900.0,71.43372997245605,,,15.0,0.0,0.02219257364811867,6.2766434893416445,5.4680601411351315,3.2188758248682006,3.091042453358316,0.0,0.0,10,100,-0.8660254037844386,0.5000000000000001,-2.4492935982947064e-16,1.0,1525.0,7.330405211844402,-0.1527777777777778,2015-11-01
Banana,2015-11-01,1525.0,1529.1084337349398,80.0,4000.0,166,95,16,14,0,0,0,2015,11,4,Autumn,1800.0,1900.0,1800.0,1900.0,,-0.1527777777777778,-0.1527777777777778,,-275.0,1833.3333333333333,1866.6666666666667,1912.0,1800.0,1900.0,1900.0,57.7350269189626,51.63977794943217,78.00284895081995,1800.0,1900.0,0.0,-100.0,,,,1912.0,1900.0,78.00284895081995,,,-66.66666666666674,-100.0,0.027664166758624376,5.117993812416755,4.564348191467836,2.833213344056216,2.70805020110221,0.0,0.0,11,121,-0.5000000000000004,0.8660254037844384,-2.4492935982947064e-16,1.0,1800.0,7.496097345175956,0.180327868852459,2015-12-01
Banana,2015-12-01,1800.0,1828.849315068493,90.0,4500.0,511,239,23,21,0,0,0,2015,12,4,Winter,1525.0,1800.0,1900.0,1900.0,,0.180327868852459,-0.052631578947368474,,275.0,1741.6666666666667,1804.1666666666667,1876.8181818181818,1800.0,1850.0,1900.0,194.18633662885077,145.27273201350164,138.17150081099803,1525.0,1900.0,-375.0,-375.0,,,,1876.8181818181818,1900.0,138.17150081099803,,,-279.16666666666674,-325.0,0.08052068287122492,6.238324625039508,5.480638923341991,3.1780538303479458,3.091042453358316,0.0,0.0,12,144,-2.4492935982947064e-16,1.0,-2.4492935982947064e-16,1.0,1782.5,7.486333004798946,-0.009722222222222188,2016-01-01
Banana,2016-01-01,1782.5,1860.1277056277056,80.0,4500.0,462,218,22,22,0,0,0,2016,1,1,Winter,1800.0,1525.0,1800.0,1900.0,2050.0,-0.009722222222222188,-0.009722222222222188,-0.13048780487804879,-17.5,1708.3333333333333,1787.5,1870.4166666666667,1800.0,1800.0,1900.0,158.7713240271472,137.61358944522885,133.59467758405597,1525.0,1900.0,0.0,-100.0,-250.0,2050.0,-0.13048780487804879,1870.4166666666667,1900.0,133.59467758405597,,,12.5,0.0,0.0769866234658623,6.137727054086234,5.389071729816501,3.1354942159291497,3.1354942159291497,0.0,0.0,13,169,0.49999999999999994,0.8660254037844387,1.0,6.123233995736766e-17,1700.0,7.438971592395862,-0.04628330995792429,2016-02-01
Banana,2016-02-01,1700.0,1896.233261339093,80.0,5000.0,463,228,22,22,0,0,0,2016,2,1,Winter,1782.5,1800.0,1525.0,1800.0,2000.0,-0.04628330995792429,0.11475409836065564,-0.15000000000000002,-82.5,1702.5,1767.9166666666667,1848.125,1782.5,1800.0,1900.0,153.9683409016283,126.29743333364564,122.78549755199467,1525.0,1900.0,257.5,-17.5,-217.5,2000.0,-0.15000000000000002,1863.6538461538462,1900.0,130.21062818490537,,,14.583333333333258,-17.5,0.07143856705179108,6.139884552226255,5.43372200355424,3.1354942159291497,3.1354942159291497,0.0,0.0,14,196,0.8660254037844386,0.5000000000000001,1.0,6.123233995736766e-17,1700.0,7.438971592395862,0.0,2016-03-01
Banana,2016-03-01,1700.0,1906.0593220338983,80.0,5500.0,472,241,23,22,0,0,0,2016,3,1,Spring,1700.0,1782.5,1800.0,1900.0,1960.0,0.0,-0.05555555555555558,-0.13265306122448983,0.0,1760.8333333333333,1751.25,1823.125,1782.5,1791.25,1850.0,53.40489990004059,127.80600533621259,119.54993726472624,1525.0,1900.0,-100.0,-200.0,-260.0,1960.0,-0.13265306122448983,1851.9642857142858,1900.0,132.52785836101867,,,-51.25,-91.25,0.07297987456743046,6.159095388491933,5.488937726156687,3.1780538303479458,3.1354942159291497,0.0,0.0,15,225,1.0,6.123233995736766e-17,1.0,6.123233995736766e-17,1800.0,7.496097345175956,0.05882352941176472,2016-04-01
Banana,2016-04-01,1800.0,2066.675675675676,80.0,7000.0,407,209,22,21,0,0,0,2016,4,2,Spring,1700.0,1700.0,1782.5,1800.0,1910.0,0.05882352941176472,0.009817671809256634,-0.05759162303664922,100.0,1727.5,1717.9166666666667,1801.4583333333333,1700.0,1741.25,1800.0,47.631397208144335,105.36148094378072,115.99597530896826,1525.0,1800.0,-82.5,-100.0,-210.0,1910.0,-0.05759162303664922,1841.8333333333333,1900.0,133.5987685286842,,,-17.916666666666742,-41.25,0.06133096150013915,6.0112671744041615,5.3471075307174685,3.1354942159291497,3.091042453358316,0.0,0.0,16,256,0.8660254037844387,-0.4999999999999998,1.2246467991473532e-16,-1.0,1600.0,7.3783837129967145,-0.11111111111111116,2016-05-01
Banana,2016-05-01,1600.0,1689.0058823529412,80.0,6000.0,170,98,15,15,0,0,0,2016,5,2,Summer,1800.0,1700.0,1700.0,1525.0,1900.0,-0.11111111111111116,-0.05882352941176472,-0.1578947368421053,-200.0,1733.3333333333333,1717.9166666666667,1792.2916666666667,1700.0,1741.25,1800.0,57.73502691896261,105.36148094378072,110.87184623644892,1525.0,1800.0,100.0,275.0,-100.0,1900.0,-0.1578947368421053,1839.21875,1850.0,129.491694553486,,,82.08333333333326,58.75,0.06133096150013915,5.14166355650266,4.59511985013459,2.772588722239781,2.772588722239781,0.0,0.0,17,289,0.49999999999999994,-0.8660254037844387,1.2246467991473532e-16,-1.0,2120.0,7.659642954564682,0.32499999999999996,2016-06-01
Banana,2016-06-01,2120.0,2463.7992766726943,85.0,6200.0,553,237,20,23,0,0,0,2016,6,2,Summer,1600.0,1800.0,1700.0,1800.0,1900.0,0.32499999999999996,0.24705882352941178,0.11578947368421044,520.0,1700.0,1730.4166666666667,1767.2916666666667,1700.0,1741.25,1800.0,100.00000000000003,79.06352930818777,117.97273535812747,1600.0,1800.0,-100.0,-200.0,-300.0,1900.0,0.11578947368421044,1825.1470588235295,1800.0,138.1531944873473,,,-130.41666666666674,-141.25,0.04569045758238638,6.317164686747284,5.472270673671475,3.044522437723423,3.1780538303479458,0.0,0.0,18,324,1.2246467991473532e-16,-1.0,1.2246467991473532e-16,-1.0,2300.0,7.741099090035366,0.08490566037735858,2016-07-01
Banana,2016-07-01,2300.0,2762.5900990099008,100.0,7100.0,505,231,23,23,0,0,0,2016,7,3,Monsoon,2120.0,1600.0,1800.0,1782.5,1900.0,0.08490566037735858,0.2777777777777777,0.21052631578947367,180.0,1840.0,1783.75,1785.625,1800.0,1741.25,1800.0,262.29754097208,179.51148988295986,152.50977986524487,1600.0,2120.0,320.0,337.5,220.0,1900.0,0.21052631578947367,1841.5277777777778,1850.0,150.97511211164627,,,336.25,378.75,0.100637135183159,6.226536669287466,5.44673737166631,3.1780538303479458,3.1780538303479458,0.0,0.0,19,361,-0.4999999999999997,-0.8660254037844388,-1.0,-1.8369701987210297e-16,2500.0,7.824445930877619,0.08695652173913038,2016-08-01
Banana,2016-08-01,2500.0,2993.315596330275,110.0,7700.0,545,235,24,22,0,0,0,2016,8,3,Monsoon,2300.0,2120.0,1600.0,1700.0,1800.0,0.08695652173913038,0.5625,0.38888888888888884,200.0,2006.6666666666667,1870.0,1818.9583333333333,2120.0,1750.0,1800.0,363.50149013908225,276.76705006196096,211.92156121088905,1600.0,2300.0,700.0,600.0,500.0,1800.0,0.38888888888888884,1865.657894736842,1900.0,180.52747194999145,,,430.0,550.0,0.14800377008661014,6.302618975744905,5.4638318050256105,3.2188758248682006,3.1354942159291497,0.0,0.0,20,400,-0.8660254037844385,-0.5000000000000004,-1.0,-1.8369701987210297e-16,2500.0,7.824445930877619,0.0,2016-09-01
Banana,2016-09-01,2500.0,2934.030710172745,130.0,7800.0,521,225,23,20,0,0,0,2016,9,3,Monsoon,2500.0,2300.0,2120.0,1700.0,1900.0,0.0,0.179245283018868,0.3157894736842106,0.0,2306.6666666666665,2003.3333333333333,1877.2916666666667,2300.0,1960.0,1800.0,190.08769905844332,358.9800365851375,288.67144412205926,1600.0,2500.0,380.0,800.0,600.0,1900.0,0.3157894736842106,1897.375,1900.0,225.81937792706898,,,496.66666666666674,540.0,0.17919136601587562,6.257667587882639,5.420534999272286,3.1780538303479458,3.044522437723423,0.0,0.0,21,441,-1.0,-1.8369701987210297e-16,-1.0,-1.8369701987210297e-16,2000.0,7.601402334583733,-0.19999999999999996,2016-10-01
Banana,2016-10-01,2000.0,2360.1600928074245,100.0,6400.0,431,212,19,22,0,0,0,2016,10,4,Autumn,2500.0,2500.0,2300.0,1800.0,1800.0,-0.19999999999999996,-0.13043478260869568,0.11111111111111116,-500.0,2433.3333333333335,2136.6666666666665,1927.2916666666667,2500.0,2210.0,1800.0,115.47005383792512,372.111094522411,340.30644334009884,1600.0,2500.0,200.0,700.0,700.0,1800.0,0.11111111111111116,1926.0714285714287,1900.0,256.39394911514023,,,363.3333333333335,290.0,0.17415495843482576,6.068425588244111,5.3612921657094255,2.995732273553991,3.1354942159291497,0.0,0.0,22,484,-0.8660254037844386,0.5000000000000001,-2.4492935982947064e-16,1.0,2100.0,7.650168700845001,0.050000000000000044,2016-11-01
Banana,2016-11-01,2100.0,2568.5205183585313,100.0,9000.0,463,210,21,22,0,0,0,2016,11,4,Autumn,2000.0,2500.0,2500.0,1600.0,1525.0,0.050000000000000044,-0.16000000000000003,0.3770491803278688,100.0,2333.3333333333335,2170.0,1943.9583333333333,2500.0,2210.0,1800.0,288.67513459481296,343.80226875342174,338.3977258099312,1600.0,2500.0,-500.0,400.0,475.0,1525.0,0.3770491803278688,1929.4318181818182,1900.0,250.7108130825968,,,-170.0,-210.0,0.15843422523199158,6.139884552226255,5.351858133476067,3.091042453358316,3.1354942159291497,0.0,0.0,23,529,-0.5000000000000004,0.8660254037844384,-2.4492935982947064e-16,1.0,2000.0,7.601402334583733,-0.04761904761904767,2016-12-01
Banana,2016-12-01,2000.0,2442.8818380743983,150.0,7700.0,457,209,21,22,0,0,0,2016,12,4,Winter,2100.0,2000.0,2500.0,2120.0,1800.0,-0.04761904761904767,-0.19999999999999996,0.11111111111111116,-100.0,2200.0,2253.3333333333335,1991.875,2100.0,2210.0,1900.0,264.5751311064592,214.1650453894536,313.47235089035735,2000.0,2500.0,-400.0,-20.0,300.0,1800.0,0.11111111111111116,1936.8478260869565,1900.0,247.51517101265307,,,-153.33333333333348,-110.0,0.09504365919650308,6.126869184114185,5.3471075307174685,3.091042453358316,3.1354942159291497,0.0,0.0,24,576,-2.4492935982947064e-16,1.0,-2.4492935982947064e-16,1.0,1500.0,7.313886831633462,-0.25,2017-01-01
Banana,2017-01-01,1500.0,1823.04,90.0,6000.0,150,89,16,17,0,0,0,2017,1,1,Winter,2000.0,2100.0,2000.0,2300.0,1782.5,-0.25,-0.25,-0.15848527349228614,-500.0,2033.3333333333333,2233.3333333333335,2008.5416666666667,2000.0,2200.0,2000.0,57.735026918963065,233.80903889000254,307.6052265140954,2000.0,2500.0,0.0,-300.0,217.5,1782.5,-0.15848527349228614,1939.4791666666667,1900.0,242.41760048594304,1916.25,1916.25,-233.33333333333348,-200.0,0.10469061442835934,5.017279836814924,4.499809670330265,2.833213344056216,2.8903717578961645,0.0,0.0,25,625,0.49999999999999994,0.8660254037844387,1.0,6.123233995736766e-17,2100.0,7.650168700845001,0.3999999999999999,2017-02-01
Banana,2017-02-01,2100.0,2438.468817204301,100.0,6500.0,465,208,23,22,0,0,0,2017,2,1,Winter,1500.0,2000.0,2100.0,2500.0,1700.0,0.3999999999999999,0.0,0.23529411764705888,600.0,1866.6666666666667,2100.0,1985.0,2000.0,2050.0,2000.0,321.455025366432,374.1657386773942,335.978895441095,1500.0,2500.0,-600.0,-1000.0,-200.0,1700.0,0.23529411764705888,1921.9,1900.0,253.06792566423738,1850.0,1850.0,-600.0,-550.0,0.17817416127494962,6.144185634125646,5.342334251964811,3.1780538303479458,3.1354942159291497,0.0,0.0,26,676,0.8660254037844386,0.5000000000000001,1.0,6.123233995736766e-17,2150.0,7.67368812926773,0.023809523809523725,2017-03-01
Banana,2017-03-01,2150.0,2497.0776515151515,100.0,11000.0,528,226,22,22,1,0,0,2017,3,1,Spring,2100.0,1500.0,2000.0,2500.0,1700.0,0.023809523809523725,0.07499999999999996,0.2647058823529411,50.0,1866.6666666666667,2033.3333333333333,2018.3333333333333,2000.0,2050.0,2050.0,321.455025366432,320.4163957519445,324.78897577947265,1500.0,2500.0,100.0,-400.0,400.0,1700.0,0.2647058823529411,1928.75,1900.0,250.40292530240131,1830.0,1830.0,66.66666666666674,50.0,0.15758183397636616,6.270988431858299,5.424950017481403,3.1354942159291497,3.1354942159291497,0.001893939393939394,0.0,27,729,1.0,6.123233995736766e-17,1.0,6.123233995736766e-17,2200.0,7.696667081526462,0.023255813953488413,2017-04-01
Banana,2017-04-01,2200.0,2475.2853828306265,120.0,6500.0,431,203,20,22,0,0,0,2017,4,2,Spring,2150.0,2100.0,1500.0,2000.0,1800.0,0.023255813953488413,0.46666666666666656,0.22222222222222232,50.0,1916.6666666666667,1975.0,2055.8333333333335,2100.0,2050.0,2100.0,361.70890690351183,240.3122968139584,310.35048613208954,1500.0,2150.0,650.0,150.0,350.0,1800.0,0.22222222222222232,1936.9444444444443,1900.0,249.20482513746572,1855.0,1855.0,175.0,100.0,0.12167711231086502,6.068425588244111,5.318119993844216,3.044522437723423,3.1354942159291497,0.0,0.0,28,784,0.8660254037844387,-0.4999999999999998,1.2246467991473532e-16,-1.0,2200.0,7.696667081526462,0.0,2017-05-01
Banana,2017-05-01,2200.0,2369.8615023474176,135.0,6500.0,426,204,23,23,0,0,0,2017,5,2,Summer,2200.0,2150.0,2100.0,2100.0,1600.0,0.0,0.04761904761904767,0.375,0.0,2150.0,2008.3333333333333,2089.1666666666665,2150.0,2100.0,2110.0,50.00000000000043,257.7143121106523,301.7361379909556,1500.0,2200.0,100.0,100.0,600.0,1600.0,0.375,1946.3392857142858,1905.0,249.54818630549047,1750.0,1750.0,191.66666666666674,100.0,0.12832247905924596,6.056784013228625,5.3230099791384085,3.1780538303479458,3.1780538303479458,0.0,0.0,29,841,0.49999999999999994,-0.8660254037844387,1.2246467991473532e-16,-1.0,2340.0,7.75833346749091,0.06363636363636371,2017-06-01
Banana,2017-06-01,2340.0,2581.5042918454938,135.0,7700.0,466,207,24,22,0,0,0,2017,6,2,Summer,2200.0,2200.0,2150.0,2000.0,2120.0,0.06363636363636371,0.08837209302325588,0.10377358490566047,140.0,2183.3333333333335,2025.0,2139.1666666666665,2200.0,2125.0,2135.0,28.867513459482012,267.8619047195776,260.1558390773896,1500.0,2200.0,50.0,200.0,80.0,2120.0,0.10377358490566047,1955.0862068965516,1910.0,249.53750322795446,2010.0,2010.0,175.0,75.0,0.13227748381213708,6.1463292576688975,5.337538079701318,3.2188758248682006,3.1354942159291497,0.0,0.0,30,900,1.2246467991473532e-16,-1.0,1.2246467991473532e-16,-1.0,2205.0,7.698936199813447,-0.05769230769230771,2017-07-01
Banana,2017-07-01,2205.0,2490.1568181818184,150.0,7500.0,440,214,20,20,0,0,0,2017,7,3,Monsoon,2340.0,2200.0,2200.0,1500.0,2300.0,-0.05769230769230771,0.002272727272727204,-0.04130434782608694,-135.0,2246.6666666666665,2081.6666666666665,2157.5,2200.0,2175.0,2175.0,80.82903768654768,296.0011261239841,266.36014580399836,1500.0,2340.0,140.0,840.0,40.0,2300.0,-0.04130434782608694,1967.9166666666667,1935.0,255.06936457976767,2100.0,2100.0,258.3333333333335,165.0,0.1421942959762934,6.089044875446846,5.3706380281276624,3.044522437723423,3.044522437723423,0.0,0.0,31,961,-0.4999999999999997,-0.8660254037844388,-1.0,-1.8369701987210297e-16,2260.0,7.72356247227797,0.024943310657596474,2017-08-01
Banana,2017-08-01,2260.0,2794.2495667244366,200.0,8500.0,577,263,21,21,0,0,0,2017,8,3,Monsoon,2205.0,2340.0,2200.0,2100.0,2500.0,0.024943310657596474,0.027272727272727337,-0.09599999999999997,55.0,2248.3333333333335,2199.1666666666665,2149.5833333333335,2205.0,2200.0,2175.0,79.42501704962584,80.15089935033005,263.1319953363653,2100.0,2340.0,5.0,105.0,-295.0,2500.0,-0.09599999999999997,1975.5645161290322,1960.0,254.37153738627688,2150.0,2150.0,5.833333333333485,5.0,0.036446032292685136,6.359573868672378,5.575949103146316,3.091042453358316,3.091042453358316,0.0,0.0,32,1024,-0.8660254037844385,-0.5000000000000004,-1.0,-1.8369701987210297e-16,2200.0,7.696667081526462,-0.026548672566371723,2017-09-01
Banana,2017-09-01,2200.0,2823.161403508772,190.0,9500.0,570,270,23,20,0,0,0,2017,9,3,Monsoon,2260.0,2205.0,2340.0,2150.0,2500.0,-0.026548672566371723,-0.05982905982905984,-0.12,-60.0,2268.3333333333335,2225.8333333333335,2129.5833333333335,2260.0,2202.5,2175.0,67.8847061813878,65.91029257002839,242.3789138493444,2150.0,2340.0,-80.0,110.0,-240.0,2500.0,-0.12,1984.453125,1980.0,255.23687162140317,2200.0,2200.0,34.166666666666515,57.5,0.029611512947972318,6.3473892096560105,5.602118820879701,3.1780538303479458,3.044522437723423,0.0,0.0,33,1089,-1.0,-1.8369701987210297e-16,-1.0,-1.8369701987210297e-16,1850.0,7.523481312573497,-0.15909090909090906,2017-10-01
Banana,2017-10-01,1850.0,1951.2471042471043,180.0,6000.0,259,139,16,16,0,0,0,2017,10,4,Autumn,2200.0,2260.0,2205.0,2200.0,2000.0,-0.15909090909090906,-0.16099773242630389,-0.07499999999999996,-350.0,2221.6666666666665,2234.1666666666665,2104.5833333333335,2205.0,2202.5,2175.0,33.2916405923973,56.9575865593578,214.57630909362405,2200.0,2340.0,-5.0,0.0,200.0,2000.0,-0.07499999999999996,1990.9848484848485,2000.0,254.00382886042797,1900.0,1900.0,-34.166666666666515,-2.5,0.025493884323472348,5.560681631015528,4.941642422609304,2.833213344056216,2.833213344056216,0.0,0.0,34,1156,-0.8660254037844386,0.5000000000000001,-2.4492935982947064e-16,1.0,2100.0,7.650168700845001,0.1351351351351351,2017-11-01
Banana,2017-11-01,2100.0,2474.481081081081,200.0,7400.0,555,265,23,22,0,0,0,2017,11,4,Autumn,1850.0,2200.0,2260.0,2200.0,2100.0,0.1351351351351351,-0.07079646017699115,0.0,250.0,2103.3333333333335,2175.8333333333335,2092.0833333333335,2200.0,2202.5,2175.0,221.4347157365651,168.65398503049596,225.32258020783277,1850.0,2340.0,-410.0,-350.0,-250.0,2100.0,0.0,1986.8382352941176,1980.0,251.2915944942411,1812.5,1812.5,-325.8333333333335,-352.5,0.07751236385928577,6.320768294250582,5.583496308781699,3.1780538303479458,3.1354942159291497,0.0,0.0,35,1225,-0.5000000000000004,0.8660254037844384,-2.4492935982947064e-16,1.0,2200.0,7.696667081526462,0.04761904761904767,2017-12-01
Banana,2017-12-01,2200.0,2453.6630036630036,100.0,8500.0,546,245,23,21,0,0,0,2017,12,4,Winter,2100.0,1850.0,2200.0,2340.0,2000.0,0.04761904761904767,0.0,0.10000000000000009,100.0,2050.0,2159.1666666666665,2092.0833333333335,2100.0,2202.5,2175.0,180.2775637731997,170.71662680203926,225.32258020783277,1850.0,2340.0,-100.0,-240.0,100.0,2000.0,0.10000000000000009,1990.0714285714287,2000.0,248.30638518646626,1900.0,1900.0,-59.166666666666515,-102.5,0.0790659792213227,6.304448802421981,5.5053315359323625,3.1780538303479458,3.091042453358316,0.0,0.0,36,1296,-2.4492935982947064e-16,1.0,-2.4492935982947064e-16,1.0,2200.0,7.696667081526462,0.0,2018-01-01
Banana,2018-01-01,2200.0,2432.6372912801485,120.0,9000.0,539,244,21,21,0,0,0,2018,1,1,Winter,2200.0,2100.0,1850.0,2205.0,1500.0,0.0,0.18918918918918926,0.46666666666666656,0.0,2050.0,2135.8333333333335,2108.75,2100.0,2200.0,2200.0,180.2775637731997,149.27882189603028,225.28895586859934,1850.0,2260.0,350.0,-5.0,700.0,1500.0,0.46666666666666656,1995.9027777777778,2000.0,247.22181536438785,1777.5,1782.5,64.16666666666652,0.0,0.06989254244059162,6.29156913955832,5.501258210544727,3.091042453358316,3.091042453358316,0.0,0.0,37,1369,0.49999999999999994,0.8660254037844387,1.0,6.123233995736766e-17,2200.0,7.696667081526462,0.0,2018-02-01
Banana,2018-02-01,2200.0,2437.0522522522524,150.0,7624.0,555,241,21,21,0,0,0,2018,2,1,Winter,2200.0,2200.0,2100.0,2260.0,2100.0,0.0,0.04761904761904767,0.04761904761904767,0.0,2166.6666666666665,2135.0,2167.0833333333335,2200.0,2200.0,2200.0,57.7350269189633,148.8287606613724,118.79046360051069,1850.0,2260.0,100.0,-60.0,100.0,2100.0,0.04761904761904767,2001.418918918919,2000.0,246.0624218881572,1933.3333333333333,2000.0,65.0,0.0,0.06970902138705967,6.320768294250582,5.488937726156687,3.091042453358316,3.091042453358316,0.0,0.0,38,1444,0.8660254037844386,0.5000000000000001,1.0,6.123233995736766e-17,2300.0,7.741099090035366,0.045454545454545414,2018-03-01
Banana,2018-03-01,2300.0,2500.5823970037454,130.0,7500.0,534,245,22,21,0,0,0,2018,3,1,Spring,2200.0,2200.0,2200.0,2200.0,2150.0,0.045454545454545414,0.045454545454545414,0.06976744186046502,100.0,2200.0,2125.0,2175.4166666666665,2200.0,2200.0,2200.0,0.0,140.53469322555222,117.15293682217536,1850.0,2200.0,0.0,0.0,50.0,2150.0,0.06976744186046502,2006.6447368421052,2000.0,244.84294215456129,1936.6666666666667,1960.0,75.0,0.0,0.0661339732826128,6.282266746896006,5.5053315359323625,3.1354942159291497,3.091042453358316,0.0,0.0,39,1521,1.0,6.123233995736766e-17,1.0,6.123233995736766e-17,1960.0,7.581209826196346,-0.14782608695652177,2018-04-01
Banana,2018-04-01,1960.0,1956.6871657754011,287.5,6300.0,187,110,13,11,0,0,0,2018,4,2,Spring,2300.0,2200.0,2200.0,1850.0,2200.0,-0.14782608695652177,-0.10909090909090913,-0.10909090909090913,-340.0,2233.3333333333335,2141.6666666666665,2187.9166666666665,2200.0,2200.0,2200.0,57.73502691896251,156.2583331111232,122.09270571118812,1850.0,2300.0,100.0,450.0,100.0,2200.0,-0.10909090909090913,2014.1666666666667,2000.0,246.1241218030718,1970.0,1910.0,158.33333333333348,100.0,0.07296108939040773,5.236441962829949,4.709530201312334,2.6390573296152584,2.4849066497880004,0.0,0.0,40,1600,0.8660254037844387,-0.4999999999999998,1.2246467991473532e-16,-1.0,2200.0,7.696667081526462,0.12244897959183665,2018-05-01
Banana,2018-05-01,2200.0,2296.875,294.0,5800.0,480,245,20,17,0,0,0,2018,5,2,Summer,1960.0,2300.0,2200.0,2100.0,2200.0,0.12244897959183665,0.0,0.0,240.0,2153.3333333333335,2160.0,2167.9166666666665,2200.0,2200.0,2200.0,174.73789896108212,116.61903789690636,138.48955217129583,1960.0,2300.0,-240.0,-140.0,-240.0,2200.0,0.0,2012.8125,2000.0,243.09910629364566,1900.0,1900.0,-200.0,-240.0,0.05399029532264184,6.175867270105761,5.5053315359323625,3.044522437723423,2.8903717578961645,0.0,0.0,41,1681,0.49999999999999994,-0.8660254037844387,1.2246467991473532e-16,-1.0,2200.0,7.696667081526462,0.0,2018-06-01
Banana,2018-06-01,2200.0,2448.271484375,295.0,7800.0,512,254,22,18,0,0,0,2018,6,2,Summer,2200.0,1960.0,2300.0,2200.0,2340.0,0.0,-0.04347826086956519,-0.05982905982905984,0.0,2153.3333333333335,2176.6666666666665,2167.9166666666665,2200.0,2200.0,2200.0,174.73789896108212,113.4313301811574,138.48955217129583,1960.0,2300.0,-100.0,0.0,-140.0,2340.0,-0.05982905982905984,2017.378048780488,2000.0,241.81472195897746,2120.0,2120.0,23.333333333333485,0.0,0.052112402839735415,6.240275845170769,5.541263545158426,3.1354942159291497,2.9444389791664403,0.0,0.0,42,1764,1.2246467991473532e-16,-1.0,1.2246467991473532e-16,-1.0,2000.0,7.601402334583733,-0.09090909090909094,2018-07-01
Banana,2018-07-01,2000.0,1947.169696969697,315.0,5000.0,165,99,15,12,0,0,0,2018,7,3,Monsoon,2200.0,2200.0,1960.0,2200.0,2205.0,-0.09090909090909094,0.020408163265306145,-0.09297052154195007,-200.0,2120.0,2176.6666666666665,2156.25,2200.0,2200.0,2200.0,138.56406460551028,113.4313301811574,128.188869889848,1960.0,2300.0,240.0,0.0,-5.0,2205.0,-0.09297052154195007,2021.7261904761904,2025.0,240.50409971610782,2135.0,2205.0,23.333333333333485,0.0,0.052112402839735415,5.111987788356544,4.605170185988092,2.772588722239781,2.5649493574615367,0.0,0.0,43,1849,-0.4999999999999997,-0.8660254037844388,-1.0,-1.8369701987210297e-16,2100.0,7.650168700845001,0.050000000000000044,2018-08-01
Banana,2018-08-01,2100.0,2377.513698630137,290.0,8000.0,584,274,22,18,0,0,0,2018,8,3,Monsoon,2000.0,2200.0,2200.0,2200.0,2260.0,0.050000000000000044,-0.045454545454545414,-0.07079646017699115,100.0,2133.3333333333335,2143.3333333333335,2139.1666666666665,2200.0,2200.0,2200.0,115.47005383792522,132.9160135825129,134.60098158046347,1960.0,2300.0,-200.0,-200.0,-260.0,2260.0,-0.07079646017699115,2021.2209302325582,2000.0,237.64680431075456,2186.6666666666665,2260.0,-143.33333333333348,-200.0,0.0620136921846872,6.371611847231857,5.616771097666572,3.1354942159291497,2.9444389791664403,0.0,0.0,44,1936,-0.8660254037844385,-0.5000000000000004,-1.0,-1.8369701987210297e-16,2000.0,7.601402334583733,-0.04761904761904767,2018-09-01
Banana,2018-09-01,2000.0,2240.430735930736,27.0,7100.0,462,242,20,17,0,0,0,2018,9,3,Monsoon,2100.0,2000.0,2200.0,2300.0,2200.0,-0.04761904761904767,-0.09090909090909094,-0.09090909090909094,-100.0,2100.0,2126.6666666666665,2125.8333333333335,2100.0,2150.0,2200.0,100.00000000000011,130.6394529484365,129.36617046433003,1960.0,2300.0,-100.0,-200.0,-100.0,2200.0,-0.09090909090909094,2023.0113636363637,2025.0,235.1672954400949,2200.0,2200.0,-26.666666666666515,-50.0,0.061429209850362,6.137727054086234,5.493061443340548,3.044522437723423,2.8903717578961645,0.0,0.0,45,2025,-1.0,-1.8369701987210297e-16,-1.0,-1.8369701987210297e-16,2100.0,7.650168700845001,0.050000000000000044,2018-10-01
Banana,2018-10-01,2100.0,2278.508865248227,160.0,6600.0,564,273,19,17,0,0,0,2018,10,4,Autumn,2000.0,2100.0,2000.0,1960.0,1850.0,0.050000000000000044,0.050000000000000044,0.1351351351351351,100.0,2033.3333333333333,2076.6666666666665,2109.1666666666665,2000.0,2050.0,2150.0,57.735026918962745,106.14455552060477,131.80276816884287,1960.0,2200.0,0.0,40.0,150.0,1850.0,0.1351351351351351,2022.5,2000.0,232.50488753416073,1883.3333333333333,1850.0,-76.66666666666652,-50.0,0.05111294808375832,6.336825731146441,5.6131281063880705,2.995732273553991,2.8903717578961645,0.0,0.0,46,2116,-0.8660254037844386,0.5000000000000001,-2.4492935982947064e-16,1.0,2332.5,7.75512456538987,0.11071428571428577,2018-11-01
Banana,2018-11-01,2332.5,2566.6063596491226,226.0,7500.0,456,235,24,17,0,0,0,2018,11,4,Autumn,2100.0,2000.0,2100.0,2200.0,2100.0,0.11071428571428577,0.11071428571428577,0.11071428571428577,232.5,2066.6666666666665,2100.0,2130.0,2100.0,2100.0,2150.0,57.735026918962795,89.44271909999206,103.92304845413278,2000.0,2200.0,0.0,-100.0,0.0,2100.0,0.11071428571428577,2024.1847826086957,2025.0,230.19077495502756,1908.3333333333333,2100.0,0.0,0.0,0.04259177099999622,6.124683390894205,5.4638318050256105,3.2188758248682006,2.8903717578961645,0.0,0.0,47,2209,-0.5000000000000004,0.8660254037844384,-2.4492935982947064e-16,1.0,2100.0,7.650168700845001,-0.09967845659163987,2018-12-01
Banana,2018-12-01,2100.0,2264.1323529411766,215.0,6500.0,510,245,22,18,0,0,0,2018,12,4,Winter,2332.5,2100.0,2000.0,2200.0,2200.0,-0.09967845659163987,0.050000000000000044,-0.045454545454545414,-232.5,2144.1666666666665,2122.0833333333335,2149.375,2100.0,2100.0,2200.0,170.59332734117527,127.3814808622774,118.47575989128836,2000.0,2332.5,332.5,132.5,132.5,2200.0,-0.045454545454545414,2030.7446808510638,2050.0,232.07412778314819,2000.0,2000.0,210.41666666666652,232.5,0.06002661576074332,6.236369590203704,5.5053315359323625,3.1354942159291497,2.9444389791664403,0.0,0.0,48,2304,-2.4492935982947064e-16,1.0,-2.4492935982947064e-16,1.0,2000.0,7.601402334583733,-0.04761904761904767,2019-01-01
Banana,2019-01-01,2000.0,2155.8838582677167,260.0,5200.0,508,251,20,16,0,0,0,2019,1,1,Winter,2100.0,2332.5,2100.0,2000.0,2200.0,-0.04761904761904767,-0.04761904761904767,-0.09090909090909094,-100.0,2177.5,2105.4166666666665,2141.0416666666665,2100.0,2100.0,2150.0,134.2339375865882,121.55674258002617,118.10751233387741,2000.0,2332.5,0.0,100.0,-100.0,2200.0,-0.09090909090909094,2032.1875,2075.0,229.80948689285535,1883.125,1916.25,-5.416666666666515,0.0,0.0577352428640536,6.2324480165505225,5.529429087511423,3.044522437723423,2.833213344056216,0.0,0.0,49,2401,0.49999999999999994,0.8660254037844387,1.0,6.123233995736766e-17,2200.0,7.696667081526462,0.10000000000000009,2019-02-01
Banana,2019-02-01,2200.0,2397.939044481054,180.0,8200.0,607,260,22,17,0,0,0,2019,2,1,Winter,2000.0,2100.0,2332.5,2100.0,2200.0,0.10000000000000009,-0.05680600214362275,0.0,200.0,2144.1666666666665,2105.4166666666665,2124.375,2100.0,2100.0,2100.0,170.59332734117527,121.55674258002617,123.039743209627,2000.0,2332.5,-332.5,-100.0,-200.0,2200.0,0.0,2031.530612244898,2050.0,227.44952297532015,2000.0,2050.0,-105.41666666666652,-100.0,0.0577352428640536,6.410174881966167,5.564520407322694,3.1354942159291497,2.8903717578961645,0.0,0.0,50,2500,0.8660254037844386,0.5000000000000001,1.0,6.123233995736766e-17,2180.0,7.687538766201629,-0.009090909090909038,2019-03-01
Banana,2019-03-01,2180.0,2426.874149659864,210.0,6100.0,588,268,21,20,0,0,0,2019,3,1,Spring,2200.0,2000.0,2100.0,2000.0,2300.0,-0.009090909090909038,0.03809523809523818,-0.05217391304347829,-20.0,2100.0,2122.0833333333335,2124.375,2100.0,2100.0,2100.0,100.00000000000011,127.3814808622774,123.039743209627,2000.0,2332.5,100.0,200.0,-100.0,2300.0,-0.05217391304347829,2034.9,2075.0,226.37390056528793,2027.5,2055.0,77.91666666666652,100.0,0.06002661576074332,6.3784261836515865,5.594711379601839,3.091042453358316,3.044522437723423,0.0,0.0,51,2601,1.0,6.123233995736766e-17,1.0,6.123233995736766e-17,2200.0,7.696667081526462,0.00917431192660545,2019-04-01
Banana,2019-04-01,2200.0,2442.2094801223243,175.0,11000.0,654,278,20,20,1,0,0,2019,4,2,Spring,2180.0,2200.0,2000.0,2100.0,1960.0,0.00917431192660545,0.10000000000000009,0.12244897959183665,20.0,2126.6666666666665,2152.0833333333335,2114.375,2180.0,2140.0,2100.0,110.15141094572216,113.2962561899851,111.8345216258056,2000.0,2332.5,180.0,80.0,220.0,1960.0,0.12244897959183665,2037.7450980392157,2100.0,225.01791867646944,1967.5,1935.0,27.916666666666515,40.0,0.05264492059166781,6.484635235635252,5.631211781821365,3.044522437723423,3.044522437723423,0.0015290519877675841,0.0,52,2704,0.8660254037844387,-0.4999999999999998,1.2246467991473532e-16,-1.0,2150.0,7.67368812926773,-0.022727272727272707,2019-05-01
Banana,2019-05-01,2150.0,2285.279359430605,190.0,6700.0,562,280,23,21,0,0,0,2019,5,2,Summer,2200.0,2180.0,2200.0,2332.5,2200.0,-0.022727272727272707,-0.022727272727272707,-0.022727272727272707,-50.0,2193.3333333333335,2168.75,2134.375,2200.0,2190.0,2140.0,11.547005383794295,111.44224961835646,102.81340666911647,2000.0,2332.5,0.0,-132.5,0.0,2200.0,-0.022727272727272707,2040.8653846153845,2100.0,223.93423219085557,1975.0,2050.0,31.25,10.0,0.0513854753283488,6.333279628139691,5.638354669333745,3.1780538303479458,3.091042453358316,0.0,0.0,53,2809,0.49999999999999994,-0.8660254037844387,1.2246467991473532e-16,-1.0,2310.0,7.745435610274381,0.07441860465116279,2019-06-01
Banana,2019-06-01,2310.0,2619.7749003984063,245.0,7800.0,502,258,21,21,0,0,0,2019,6,2,Summer,2150.0,2200.0,2180.0,2100.0,2200.0,0.07441860465116279,0.059633027522935755,0.050000000000000044,160.0,2176.6666666666665,2138.3333333333335,2130.2083333333335,2180.0,2165.0,2125.0,25.166114784236605,77.56717518813441,100.90757659933942,2000.0,2200.0,-30.0,50.0,-50.0,2200.0,0.050000000000000044,2042.9245283018868,2100.0,222.27664667261658,2140.0,2160.0,11.666666666666515,-15.0,0.036274594787903854,6.220590170099739,5.556828061699537,3.091042453358316,3.091042453358316,0.0,0.0,54,2916,1.2246467991473532e-16,-1.0,1.2246467991473532e-16,-1.0,2500.0,7.824445930877619,0.08225108225108224,2019-07-01
Banana,2019-07-01,2500.0,2885.970409711684,235.0,8600.0,659,280,19,19,0,0,0,2019,7,3,Monsoon,2310.0,2150.0,2200.0,2000.0,2000.0,0.08225108225108224,0.13636363636363646,0.25,190.0,2220.0,2173.3333333333335,2139.375,2200.0,2190.0,2125.0,81.85352771872473,100.73066398404573,112.18959703028713,2000.0,2310.0,110.0,310.0,310.0,2000.0,0.25,2047.8703703703704,2100.0,223.14931089872815,2101.25,2102.5,136.66666666666652,120.0,0.046348465023333923,6.492239835020471,5.638354669333745,2.995732273553991,2.995732273553991,0.0,0.0,55,3025,-0.4999999999999997,-0.8660254037844388,-1.0,-1.8369701987210297e-16,2535.0,7.8383433155571165,0.014000000000000012,2019-08-01
Banana,2019-08-01,2535.0,2870.978187919463,200.0,9500.0,596,259,22,20,0,0,0,2019,8,3,Monsoon,2500.0,2310.0,2150.0,2200.0,2100.0,0.014000000000000012,0.17906976744186043,0.20714285714285707,35.0,2320.0,2256.6666666666665,2181.0416666666665,2310.0,2200.0,2165.0,175.21415467935242,130.94528119282012,144.0464663561622,2150.0,2500.0,350.0,300.0,400.0,2100.0,0.20714285714285707,2056.090909090909,2100.0,229.32558309960334,2165.0,2180.0,243.33333333333348,300.0,0.05802597394068839,6.391917113392602,5.560681631015528,3.1354942159291497,3.044522437723423,0.0,0.0,56,3136,-0.8660254037844385,-0.5000000000000004,-1.0,-1.8369701987210297e-16,2200.0,7.696667081526462,-0.13214990138067062,2019-09-01
Banana,2019-09-01,2200.0,2554.7793103448275,500.0,8000.0,290,154,16,19,0,0,0,2019,9,3,Monsoon,2535.0,2500.0,2310.0,2180.0,2000.0,-0.13214990138067062,-0.04761904761904767,0.10000000000000009,-335.0,2448.3333333333335,2312.5,2217.2916666666665,2500.0,2255.0,2190.0,121.07160415776013,168.0996728134831,173.51793964540911,2150.0,2535.0,225.0,355.0,535.0,2000.0,0.10000000000000009,2064.6428571428573,2100.0,236.07126647930468,2150.0,2100.0,222.5,280.0,0.07269175040583052,5.673323267171493,5.043425116919247,2.833213344056216,2.995732273553991,0.0,0.0,57,3249,-1.0,-1.8369701987210297e-16,-1.0,-1.8369701987210297e-16,2400.0,7.783640596221253,0.09090909090909083,2019-10-01
Banana,2019-10-01,2400.0,2787.0788461538464,200.0,8200.0,520,253,21,19,0,0,0,2019,10,4,Autumn,2200.0,2535.0,2500.0,2200.0,2100.0,0.09090909090909083,-0.040000000000000036,0.1428571428571428,200.0,2411.6666666666665,2315.8333333333335,2233.9583333333335,2500.0,2255.0,2200.0,184.14215523158546,165.11864421278034,159.8133084589829,2150.0,2535.0,-300.0,0.0,100.0,2100.0,0.1428571428571428,2067.0175438596493,2100.0,234.6399400622816,1937.5,1925.0,-115.83333333333348,-55.0,0.07129988235168636,6.255750041753367,5.537334267018537,3.091042453358316,2.995732273553991,0.0,0.0,58,3364,-0.8660254037844386,0.5000000000000001,-2.4492935982947064e-16,1.0,2400.0,7.783640596221253,0.0,2019-11-01
Banana,2019-11-01,2400.0,2728.8118811881186,270.0,8100.0,606,269,23,19,0,0,0,2019,11,4,Autumn,2400.0,2200.0,2535.0,2150.0,2332.5,0.0,-0.053254437869822535,0.02893890675241151,0.0,2378.3333333333335,2349.1666666666665,2258.9583333333335,2400.0,2355.0,2200.0,168.54771826795314,157.04829405844157,160.4165682801742,2150.0,2535.0,-135.0,250.0,67.5,2332.5,0.02893890675241151,2072.7586206896553,2100.0,236.64675431513677,2014.375,2100.0,50.833333333333485,45.0,0.06685276795676832,6.408528791059498,5.598421958998375,3.1780538303479458,2.995732273553991,0.0,0.0,59,3481,-0.5000000000000004,0.8660254037844384,-2.4492935982947064e-16,1.0,2200.0,7.696667081526462,-0.08333333333333337,2019-12-01
Banana,2019-12-01,2200.0,2199.2569169960475,500.0,6800.0,253,137,16,17,0,0,0,2019,12,4,Winter,2400.0,2400.0,2200.0,2310.0,2100.0,-0.08333333333333337,0.0,0.04761904761904767,-200.0,2333.3333333333335,2390.8333333333335,2264.5833333333335,2400.0,2400.0,2200.0,115.47005383792506,123.14287095348533,164.36459380587294,2200.0,2535.0,200.0,90.0,300.0,2100.0,0.04761904761904767,2078.3050847457625,2100.0,238.4348392326644,2025.0,2050.0,9.166666666666515,0.0,0.05150625484286594,5.537334267018537,4.927253685157205,2.833213344056216,2.8903717578961645,0.0,0.0,60,3600,-2.4492935982947064e-16,1.0,-2.4492935982947064e-16,1.0,2300.0,7.741099090035366,0.045454545454545414,2020-01-01
Banana,2020-01-01,2300.0,2487.3920454545455,400.0,7600.0,352,193,15,16,0,0,0,2020,1,1,Winter,2200.0,2400.0,2400.0,2500.0,2000.0,0.045454545454545414,-0.04166666666666663,0.1499999999999999,100.0,2333.3333333333335,2372.5,2272.9166666666665,2400.0,2400.0,2200.0,115.47005383792522,144.00520823914692,157.65985154083677,2200.0,2535.0,-200.0,-300.0,200.0,2000.0,0.1499999999999999,2080.3333333333335,2100.0,236.92703708938504,1906.5,2000.0,-172.5,-200.0,0.060697664168238956,5.8664680569332965,5.267858159063328,2.772588722239781,2.833213344056216,0.0,0.0,61,3721,0.49999999999999994,0.8660254037844387,1.0,6.123233995736766e-17,2300.0,7.741099090035366,0.0,2020-02-01
Banana,2020-02-01,2300.0,2339.948051948052,352.0,7200.0,385,202,17,17,0,0,0,2020,2,1,Winter,2300.0,2200.0,2400.0,2535.0,2200.0,0.0,-0.04166666666666663,0.045454545454545414,0.0,2300.0,2339.1666666666665,2297.9166666666665,2300.0,2350.0,2250.0,100.00000000000011,131.16465479185595,132.17513060903332,2200.0,2535.0,-100.0,-235.0,100.0,2200.0,0.045454545454545414,2083.934426229508,2100.0,236.6218233702927,2040.0,2100.0,-39.166666666666515,-50.0,0.0560732403812708,5.955837369464831,5.313205979041787,2.8903717578961645,2.8903717578961645,0.0,0.0,62,3844,0.8660254037844386,0.5000000000000001,1.0,6.123233995736766e-17,2225.0,7.70796153183549,-0.03260869565217395,2020-03-01
Banana,2020-03-01,2225.0,2322.711956521739,700.0,7000.0,184,105,12,12,0,0,0,2020,3,1,Spring,2300.0,2300.0,2200.0,2200.0,2180.0,-0.03260869565217395,0.011363636363636465,0.020642201834862428,-75.0,2266.6666666666665,2300.0,2306.25,2300.0,2300.0,2300.0,57.735026918962795,89.44271909999195,128.54297123742435,2200.0,2400.0,100.0,100.0,120.0,2180.0,0.020642201834862428,2087.4193548387098,2110.0,236.273133025617,2058.0,2150.0,0.0,0.0,0.038888138739126936,5.220355825078324,4.663439094112067,2.5649493574615367,2.5649493574615367,0.0,0.0,63,3969,1.0,6.123233995736766e-17,1.0,6.123233995736766e-17,2400.0,7.783640596221253,0.0786516853932584,2020-04-01
Banana,2020-04-01,2400.0,2349.5274390243903,150.0,6000.0,328,184,14,16,0,0,0,2020,4,2,Spring,2225.0,2300.0,2300.0,2400.0,2200.0,0.0786516853932584,0.04347826086956519,0.09090909090909083,175.0,2275.0,2304.1666666666665,2310.0,2300.0,2300.0,2300.0,43.30127018922193,84.28621872326892,125.13628933722926,2200.0,2400.0,-75.0,-175.0,25.0,2200.0,0.09090909090909083,2089.6031746031745,2120.0,235.00008851628672,2014.0,1960.0,-79.16666666666652,-75.0,0.03657991409328127,5.796057750765372,5.220355825078324,2.70805020110221,2.833213344056216,0.0,0.0,64,4096,0.8660254037844387,-0.4999999999999998,1.2246467991473532e-16,-1.0,2350.0,7.762596048540069,-0.02083333333333337,2020-05-01
Banana,2020-05-01,2350.0,2416.21325648415,500.0,7600.0,347,194,15,16,0,0,0,2020,5,2,Summer,2400.0,2225.0,2300.0,2400.0,2150.0,-0.02083333333333337,0.021739130434782705,0.09302325581395343,-50.0,2308.3333333333335,2304.1666666666665,2326.6666666666665,2300.0,2300.0,2305.0,87.7971146071061,84.28621872326892,122.44355533234109,2200.0,2400.0,100.0,0.0,250.0,2150.0,0.09302325581395343,2094.453125,2135.0,236.3342185279615,2010.0,2150.0,95.83333333333348,100.0,0.03657991409328127,5.8522024797744745,5.272999558563747,2.772588722239781,2.833213344056216,0.0,0.0,65,4225,0.49999999999999994,-0.8660254037844387,1.2246467991473532e-16,-1.0,2240.0,7.714677473800927,-0.04680851063829783,2020-06-01
Banana,2020-06-01,2240.0,2416.5995623632384,375.0,6800.0,457,216,18,17,0,0,0,2020,6,2,Summer,2350.0,2400.0,2225.0,2200.0,2310.0,-0.04680851063829783,0.006741573033707926,-0.030303030303030276,-110.0,2325.0,2295.8333333333335,2343.3333333333335,2350.0,2300.0,2330.0,90.13878188659967,74.86098227158607,109.09406561089826,2200.0,2400.0,125.0,150.0,40.0,2310.0,-0.030303030303030276,2098.3846153846152,2150.0,236.61324206839188,2174.0,2200.0,54.166666666666515,50.0,0.032607324401416796,6.126869184114185,5.37989735354046,2.9444389791664403,2.8903717578961645,0.0,0.0,66,4356,1.2246467991473532e-16,-1.0,1.2246467991473532e-16,-1.0,2200.0,7.696667081526462,-0.017857142857142905,2020-07-01
Banana,2020-07-01,2200.0,2429.3525179856115,300.0,9000.0,417,212,17,16,0,0,0,2020,7,3,Monsoon,2240.0,2350.0,2400.0,2300.0,2500.0,-0.017857142857142905,-0.08333333333333337,-0.12,-40.0,2330.0,2302.5,2337.5,2350.0,2300.0,2325.0,81.85352771872444,65.85969936159785,112.84542927868515,2225.0,2400.0,-160.0,-60.0,-260.0,2500.0,-0.12,2100.530303030303,2150.0,235.43230088152373,2181.0,2205.0,-62.5,-60.0,0.02860356106909787,6.035481432524756,5.3612921657094255,2.8903717578961645,2.833213344056216,0.0,0.0,67,4489,-0.4999999999999997,-0.8660254037844388,-1.0,-1.8369701987210297e-16,2062.5,7.632158849192637,-0.0625,2020-08-01
Banana,2020-08-01,2062.5,2273.615702479339,400.0,9000.0,242,158,15,13,0,0,0,2020,8,3,Monsoon,2200.0,2240.0,2350.0,2300.0,2535.0,-0.0625,-0.12234042553191493,-0.18639053254437865,-137.5,2263.3333333333335,2285.8333333333335,2312.5,2240.0,2270.0,2300.0,77.67453465154027,78.12916655556184,106.63233348968014,2200.0,2400.0,-150.0,-100.0,-335.0,2535.0,-0.18639053254437865,2102.0149253731342,2150.0,233.95773009419395,2239.0,2260.0,-85.83333333333348,-70.0,0.03417973017377842,5.493061443340548,5.0689042022202315,2.772588722239781,2.6390573296152584,0.0,0.0,68,4624,-0.8660254037844385,-0.5000000000000004,-1.0,-1.8369701987210297e-16,2260.0,7.72356247227797,0.09575757575757571,2020-09-01
Banana,2020-09-01,2260.0,2610.826747720365,350.0,7000.0,329,192,16,16,0,0,0,2020,9,3,Monsoon,2062.5,2200.0,2240.0,2225.0,2200.0,0.09575757575757571,0.008928571428571397,0.027272727272727337,197.5,2167.5,2246.25,2273.125,2200.0,2232.5,2270.0,93.1061222476804,118.99317207302298,104.21309571345456,2062.5,2400.0,-177.5,-162.5,-137.5,2200.0,0.027272727272727337,2101.4338235294117,2150.0,232.254651551378,2160.0,2200.0,-183.75,-170.0,0.052974144495502716,5.799092654460526,5.262690188904886,2.833213344056216,2.833213344056216,0.0,0.0,69,4761,-1.0,-1.8369701987210297e-16,-1.0,-1.8369701987210297e-16,2330.0,7.754052639035757,0.030973451327433565,2020-10-01
Banana,2020-10-01,2330.0,2570.06157635468,275.0,6100.0,406,203,19,17,0,0,0,2020,10,4,Autumn,2260.0,2062.5,2200.0,2400.0,2400.0,0.030973451327433565,0.05909090909090908,-0.029166666666666674,70.0,2174.1666666666665,2252.0833333333335,2278.125,2200.0,2250.0,2280.0,101.25257198379383,118.60034429404799,101.79706304925682,2062.5,2400.0,60.0,-140.0,-140.0,2400.0,-0.029166666666666674,2103.731884057971,2150.0,231.32952654343526,2030.0,2000.0,7.916666666666515,10.0,0.05266250255424887,6.008813185442595,5.318119993844216,2.995732273553991,2.8903717578961645,0.0,0.0,70,4900,-0.8660254037844386,0.5000000000000001,-2.4492935982947064e-16,1.0,2150.0,7.67368812926773,-0.07725321888412018,2020-11-01
Banana,2020-11-01,2150.0,2344.4114583333335,500.0,7500.0,192,102,13,11,0,0,0,2020,11,4,Autumn,2330.0,2260.0,2062.5,2350.0,2400.0,-0.07725321888412018,0.042424242424242475,-0.10416666666666663,-180.0,2217.5,2240.4166666666665,2272.2916666666665,2260.0,2250.0,2280.0,138.72184399005087,103.63899684320921,96.01999278874862,2062.5,2350.0,267.5,-20.0,-70.0,2400.0,-0.10416666666666663,2106.964285714286,2165.0,231.23404483036848,2091.5,2100.0,89.58333333333348,80.0,0.04625880461664537,5.262690188904886,4.634728988229636,2.6390573296152584,2.4849066497880004,0.0,0.0,71,5041,-0.5000000000000004,0.8660254037844384,-2.4492935982947064e-16,1.0,2200.0,7.696667081526462,0.023255813953488413,2020-12-01
Banana,2020-12-01,2200.0,2420.3882978723404,280.0,7800.0,376,196,15,17,0,0,0,2020,12,4,Winter,2150.0,2330.0,2260.0,2240.0,2200.0,0.023255813953488413,-0.026548672566371723,0.0,50.0,2246.6666666666665,2207.0833333333335,2251.4583333333335,2260.0,2220.0,2250.0,90.73771725877468,92.9572034146183,92.86144574612447,2062.5,2330.0,-110.0,-90.0,-50.0,2200.0,0.0,2107.5704225352115,2150.0,229.63323701338948,2060.0,2100.0,-57.083333333333485,-70.0,0.04211766815085594,5.932245187448011,5.2832037287379885,2.772588722239781,2.8903717578961645,0.0,0.0,72,5184,-2.4492935982947064e-16,1.0,-2.4492935982947064e-16,1.0,2100.0,7.650168700845001,-0.045454545454545414,2021-01-01
Banana,2021-01-01,2100.0,2281.526754385965,325.0,6600.0,456,222,15,18,0,0,0,2021,1,1,Winter,2200.0,2150.0,2330.0,2200.0,2300.0,-0.045454545454545414,-0.09871244635193133,-0.08695652173913049,-100.0,2226.6666666666665,2200.4166666666665,2251.4583333333335,2200.0,2200.0,2250.0,92.91573243177568,91.54802928882046,92.86144574612447,2062.5,2330.0,-130.0,0.0,-100.0,2300.0,-0.08695652173913049,2108.8541666666665,2165.0,228.2704171868884,1972.0833333333333,2025.0,-0.4166666666665151,0.0,0.04160486087732799,6.124683390894205,5.407171771460119,2.772588722239781,2.9444389791664403,0.0,0.0,73,5329,0.49999999999999994,0.8660254037844387,1.0,6.123233995736766e-17,2100.0,7.650168700845001,0.0,2021-02-01
Banana,2021-02-01,2100.0,2215.6085011185683,275.0,7600.0,447,223,17,17,0,0,0,2021,2,1,Winter,2100.0,2200.0,2150.0,2062.5,2300.0,0.0,-0.023255813953488413,-0.08695652173913049,0.0,2150.0,2183.75,2234.7916666666665,2150.0,2175.0,2232.5,49.99999999999987,100.32135864311279,100.95261227052136,2062.5,2330.0,-50.0,37.5,-200.0,2300.0,-0.08695652173913049,2108.7328767123286,2150.0,226.68203198827172,2083.3333333333335,2150.0,-83.75,-75.0,0.04593994671693774,6.104793232414985,5.4116460518550396,2.8903717578961645,2.8903717578961645,0.0,0.0,74,5476,0.8660254037844386,0.5000000000000001,1.0,6.123233995736766e-17,2250.0,7.719129840906732,0.0714285714285714,2021-03-01
Banana,2021-03-01,2250.0,2364.614314115308,300.0,7100.0,503,236,17,17,0,0,0,2021,3,1,Spring,2100.0,2100.0,2200.0,2260.0,2225.0,0.0714285714285714,0.022727272727272707,0.011235955056179803,150.0,2133.3333333333335,2190.0,2218.125,2100.0,2175.0,2212.5,57.7350269189625,92.08691546577104,105.61037418910799,2100.0,2330.0,-100.0,-160.0,-125.0,2225.0,0.011235955056179803,2108.614864864865,2150.0,225.12635032715596,2085.8333333333335,2165.0,-90.0,-75.0,0.04204881984738404,6.222576268071369,5.4680601411351315,2.8903717578961645,2.8903717578961645,0.0,0.0,75,5625,1.0,6.123233995736766e-17,1.0,6.123233995736766e-17,2300.0,7.741099090035366,0.022222222222222143,2021-04-01
Banana,2021-04-01,2300.0,2365.4889975550122,400.0,6300.0,409,213,19,17,0,0,0,2021,4,2,Spring,2250.0,2100.0,2100.0,2330.0,2400.0,0.022222222222222143,0.09523809523809534,-0.04166666666666663,50.0,2150.0,2188.3333333333335,2220.2083333333335,2100.0,2175.0,2220.0,86.60254037844386,90.64583093924797,106.00417194477178,2100.0,2330.0,150.0,-80.0,-150.0,2400.0,-0.04166666666666663,2110.5,2150.0,224.19525756249516,2078.3333333333335,2080.0,61.666666666666515,75.0,0.04142231421443167,6.016157159698354,5.365976015021851,2.995732273553991,2.8903717578961645,0.0,0.0,76,5776,0.8660254037844387,-0.4999999999999998,1.2246467991473532e-16,-1.0,2440.0,7.80016307039296,0.0608695652173914,2021-05-01
Banana,2021-05-01,2440.0,2617.6802973977697,401.0,6800.0,269,161,13,16,0,0,0,2021,5,2,Summer,2300.0,2250.0,2100.0,2150.0,2350.0,0.0608695652173914,0.161904761904762,0.038297872340425476,140.0,2216.6666666666665,2183.3333333333335,2211.875,2250.0,2175.0,2220.0,104.08329997330668,81.64965809277297,93.81512889236292,2100.0,2300.0,200.0,150.0,-50.0,2350.0,0.038297872340425476,2112.9934210526317,2165.0,223.7539644851171,2066.6666666666665,2175.0,116.66666666666652,125.0,0.03739678996615556,5.598421958998375,5.087596335232384,2.6390573296152584,2.833213344056216,0.0,0.0,77,5929,0.49999999999999994,-0.8660254037844387,1.2246467991473532e-16,-1.0,2400.0,7.783640596221253,-0.016393442622950838,2021-06-01
Banana,2021-06-01,2400.0,2466.391011235955,476.0,7500.0,445,212,15,16,0,0,0,2021,6,2,Summer,2440.0,2300.0,2250.0,2200.0,2240.0,-0.016393442622950838,0.06666666666666665,0.0714285714285714,-40.0,2330.0,2231.6666666666665,2219.375,2300.0,2225.0,2220.0,98.48857801796117,129.6790910928463,108.33515441359724,2100.0,2440.0,190.0,240.0,200.0,2240.0,0.0714285714285714,2117.2402597402597,2180.0,225.3792798932387,2185.0,2220.0,208.33333333333348,215.0,0.05810862931718282,6.100318952020064,5.3612921657094255,2.772588722239781,2.833213344056216,0.0,0.0,78,6084,1.2246467991473532e-16,-1.0,1.2246467991473532e-16,-1.0,2400.0,7.783640596221253,0.0,2021-07-01
Banana,2021-07-01,2400.0,2576.5033860045146,815.0,8100.0,443,204,15,15,0,0,0,2021,7,3,Monsoon,2400.0,2440.0,2300.0,2100.0,2200.0,0.0,0.04347826086956519,0.09090909090909083,0.0,2380.0,2265.0,2232.7083333333335,2400.0,2275.0,2225.0,72.11102550927995,144.7411482613015,120.29064392192484,2100.0,2440.0,100.0,300.0,200.0,2200.0,0.09090909090909083,2120.8653846153848,2190.0,226.1883577945563,2184.1666666666665,2202.5,135.0,125.0,0.0639033767158064,6.095824562432225,5.3230099791384085,2.772588722239781,2.772588722239781,0.0,0.0,79,6241,-0.4999999999999997,-0.8660254037844388,-1.0,-1.8369701987210297e-16,2400.0,7.783640596221253,0.0,2021-08-01
Banana,2021-08-01,2400.0,2573.525925925926,936.0,7000.0,135,79,13,11,0,0,0,2021,8,3,Monsoon,2400.0,2400.0,2440.0,2100.0,2062.5,0.0,-0.016393442622950838,0.16363636363636358,0.0,2413.3333333333335,2315.0,2249.375,2400.0,2350.0,2255.0,23.094010767585576,127.08265027138862,128.89444677367106,2100.0,2440.0,-40.0,300.0,337.5,2062.5,0.16363636363636358,2124.3987341772154,2200.0,226.9174759594621,2209.5833333333335,2180.0,85.0,50.0,0.054895313292176506,4.912654885736052,4.382026634673881,2.6390573296152584,2.4849066497880004,0.0,0.0,80,6400,-0.8660254037844385,-0.5000000000000004,-1.0,-1.8369701987210297e-16,2410.0,7.787796878181171,0.004166666666666652,2021-09-01
Banana,2021-09-01,2410.0,2593.593220338983,400.0,6200.0,472,227,16,16,0,0,0,2021,9,3,Monsoon,2400.0,2400.0,2400.0,2250.0,2260.0,0.004166666666666652,0.004166666666666652,0.0663716814159292,10.0,2400.0,2365.0,2277.5,2400.0,2400.0,2280.0,0.0,73.14369419163943,120.99023251335707,2250.0,2440.0,0.0,150.0,140.0,2260.0,0.0663716814159292,2127.84375,2200.0,227.57240597322658,2176.6666666666665,2200.0,35.0,0.0,0.030927566254392993,6.159095388491933,5.429345628954441,2.833213344056216,2.833213344056216,0.0,0.0,81,6561,-1.0,-1.8369701987210297e-16,-1.0,-1.8369701987210297e-16,2400.0,7.783640596221253,-0.004149377593360981,2021-10-01
Banana,2021-10-01,2400.0,2534.943137254902,450.0,9200.0,510,237,17,18,0,0,0,2021,10,4,Autumn,2410.0,2400.0,2400.0,2300.0,2330.0,-0.004149377593360981,0.0,0.030042918454935563,-10.0,2403.3333333333335,2391.6666666666665,2290.0,2400.0,2400.0,2315.0,5.773502691896192,47.50438576244023,126.63476472266015,2300.0,2440.0,10.0,110.0,80.0,2330.0,0.030042918454935563,2131.3271604938273,2200.0,228.3083463281324,2080.0,2050.0,18.333333333333485,10.0,0.019862460945968042,6.236369590203704,5.472270673671475,2.8903717578961645,2.9444389791664403,0.0,0.0,82,6724,-0.8660254037844386,0.5000000000000001,-2.4492935982947064e-16,1.0,2350.0,7.762596048540069,-0.02083333333333337,2021-11-01
Banana,2021-11-01,2350.0,2468.861855670103,300.0,6000.0,485,220,16,17,0,0,0,2021,11,4,Autumn,2400.0,2410.0,2400.0,2440.0,2150.0,-0.02083333333333337,-0.02083333333333337,0.09302325581395343,-50.0,2403.3333333333335,2408.3333333333335,2295.8333333333335,2400.0,2400.0,2350.0,5.773502691896192,16.020819787599432,130.20671211111866,2400.0,2440.0,0.0,-40.0,250.0,2150.0,0.09302325581395343,2134.6036585365855,2200.0,228.82633635285973,2101.25,2125.0,-8.333333333333485,0.0,0.006652243510421909,6.186208623900494,5.3981627015177525,2.833213344056216,2.8903717578961645,0.0,0.0,83,6889,-0.5000000000000004,0.8660254037844384,-2.4492935982947064e-16,1.0,2300.0,7.741099090035366,-0.021276595744680882,2021-12-01
Banana,2021-12-01,2300.0,2480.04,250.0,7000.0,475,213,15,16,0,0,0,2021,12,4,Winter,2350.0,2400.0,2410.0,2400.0,2200.0,-0.021276595744680882,-0.0456431535269709,0.045454545454545414,-50.0,2386.6666666666665,2393.3333333333335,2312.5,2400.0,2400.0,2375.0,32.1455025366431,21.602468994694572,122.40952131713766,2350.0,2410.0,-60.0,-50.0,150.0,2200.0,0.045454545454545414,2137.1987951807228,2200.0,228.65240074047853,2083.3333333333335,2150.0,-43.333333333333485,-50.0,0.00902610125126514,6.16541785423142,5.365976015021851,2.772588722239781,2.833213344056216,0.0,0.0,84,7056,-2.4492935982947064e-16,1.0,-2.4492935982947064e-16,1.0,2100.0,7.650168700845001,-0.08695652173913049,2022-01-01
Banana,2022-01-01,2100.0,2432.8055555555557,300.0,6500.0,540,249,20,22,0,0,0,2022,1,1,Winter,2300.0,2350.0,2400.0,2400.0,2100.0,-0.08695652173913049,-0.125,0.0,-200.0,2350.0,2376.6666666666665,2320.8333333333335,2350.0,2400.0,2375.0,49.999999999999915,43.20493798938656,117.35403570806406,2300.0,2410.0,-100.0,-100.0,200.0,2100.0,0.0,2139.1369047619046,2200.0,227.9639100477968,1990.357142857143,2050.0,-76.66666666666652,-100.0,0.018178795787960684,6.293419278846481,5.521460917862246,3.044522437723423,3.1354942159291497,0.0,0.0,85,7225,0.49999999999999994,0.8660254037844387,1.0,6.123233995736766e-17,2200.0,7.696667081526462,0.04761904761904767,2022-02-01
Banana,2022-02-01,2200.0,3265.5970588235296,300.0,350000.0,680,288,22,22,7,1,0,2022,2,1,Winter,2100.0,2300.0,2350.0,2400.0,2100.0,0.04761904761904767,-0.06382978723404253,0.04761904761904767,100.0,2250.0,2326.6666666666665,2320.8333333333335,2300.0,2375.0,2375.0,132.2875655532295,118.60297916438158,117.35403570806406,2100.0,2410.0,-250.0,-300.0,0.0,2100.0,0.04761904761904767,2138.676470588235,2200.0,226.64267694148975,2085.714285714286,2100.0,-226.66666666666652,-275.0,0.0509754924775279,6.523562306149512,5.666426688112432,3.1354942159291497,3.1354942159291497,0.010294117647058823,0.0,86,7396,0.8660254037844386,0.5000000000000001,1.0,6.123233995736766e-17,2300.0,7.741099090035366,0.045454545454545414,2022-03-01
Banana,2022-03-01,2300.0,2728.1968,300.0,8500.0,625,288,22,22,0,0,0,2022,3,1,Spring,2200.0,2100.0,2300.0,2410.0,2250.0,0.045454545454545414,0.0,0.022222222222222143,100.0,2200.0,2293.3333333333335,2329.1666666666665,2200.0,2325.0,2375.0,99.99999999999996,121.92894105447948,102.90846182482473,2100.0,2410.0,-100.0,-210.0,-50.0,2250.0,0.022222222222222143,2139.389534883721,2200.0,225.40256015513003,2109.285714285714,2180.0,-93.33333333333348,-125.0,0.05316668941329047,6.439350371100098,5.666426688112432,3.1354942159291497,3.1354942159291497,0.0,0.0,87,7569,1.0,6.123233995736766e-17,1.0,6.123233995736766e-17,2500.0,7.824445930877619,0.08695652173913038,2022-04-01
Banana,2022-04-01,2500.0,3182.670382165605,400.0,42000.0,628,289,23,19,3,0,0,2022,4,2,Spring,2300.0,2200.0,2100.0,2400.0,2300.0,0.08695652173913038,0.19047619047619047,0.08695652173913038,200.0,2200.0,2275.0,2333.3333333333335,2200.0,2300.0,2375.0,99.99999999999996,108.39741694339432,100.39316649447699,2100.0,2400.0,200.0,-100.0,0.0,2300.0,0.08695652173913038,2141.235632183908,2200.0,224.74884999939198,2110.0,2200.0,25.0,0.0,0.047647216238854644,6.444131256700441,5.66988092298052,3.1780538303479458,2.995732273553991,0.004777070063694267,0.0,88,7744,0.8660254037844387,-0.4999999999999998,1.2246467991473532e-16,-1.0,2100.0,7.650168700845001,-0.16000000000000003,2022-05-01
Banana,2022-05-01,2100.0,2595.0,400.0,7900.0,230,125,14,17,0,0,0,2022,5,2,Summer,2500.0,2300.0,2200.0,2350.0,2440.0,-0.16000000000000003,-0.045454545454545414,-0.139344262295082,-400.0,2333.3333333333335,2291.6666666666665,2350.0,2300.0,2300.0,2400.0,152.7525231651946,135.70801990548216,110.45361017187227,2100.0,2500.0,300.0,150.0,60.0,2440.0,-0.139344262295082,2145.3125,2200.0,226.7026295739578,2120.0,2200.0,208.33333333333348,200.0,0.05921804504966495,5.442417710521793,4.836281906951478,2.70805020110221,2.8903717578961645,0.0,0.0,89,7921,0.49999999999999994,-0.8660254037844387,1.2246467991473532e-16,-1.0,2635.0,7.877017895622398,0.25476190476190474,2022-06-01
Banana,2022-06-01,2635.0,3403.469320066335,525.0,55000.0,603,269,22,19,4,1,0,2022,6,2,Summer,2100.0,2500.0,2300.0,2300.0,2400.0,0.25476190476190474,0.14565217391304341,0.09791666666666665,535.0,2300.0,2250.0,2321.6666666666665,2300.0,2250.0,2375.0,199.9999999999999,151.65750888103128,127.55272231393899,2100.0,2500.0,-200.0,-200.0,-300.0,2400.0,0.09791666666666665,2144.803370786517,2200.0,225.46203341413374,2215.714285714286,2240.0,-150.0,-150.0,0.06740333728045834,6.403574197934815,5.598421958998375,3.1354942159291497,2.995732273553991,0.006633499170812604,0.0,90,8100,1.2246467991473532e-16,-1.0,1.2246467991473532e-16,-1.0,2850.0,7.955425088912672,0.0815939278937381,2022-07-01
Banana,2022-07-01,2850.0,3852.4777183600713,525.0,55000.0,561,265,20,18,9,3,0,2022,7,3,Monsoon,2635.0,2100.0,2500.0,2100.0,2400.0,0.0815939278937381,0.1399999999999999,0.1875,215.0,2411.6666666666665,2305.8333333333335,2341.25,2500.0,2250.0,2375.0,278.2235312358272,220.00946949317142,155.62374497485882,2100.0,2635.0,135.0,535.0,235.0,2400.0,0.1875,2150.25,2200.0,230.06931356646373,2215.0,2205.0,329.1666666666665,385.0,0.09541429829844802,6.331501849893691,5.583496308781699,3.044522437723423,2.9444389791664403,0.016042780748663103,0.0,91,8281,-0.4999999999999997,-0.8660254037844388,-1.0,-1.8369701987210297e-16,2892.5,7.970222121013894,0.014912280701754321,2022-08-01
Banana,2022-08-01,2892.5,3322.6169230769233,480.0,17875.0,650,278,22,22,5,0,0,2022,8,3,Monsoon,2850.0,2635.0,2100.0,2200.0,2400.0,0.014912280701754321,0.3773809523809524,0.20520833333333344,42.5,2528.3333333333335,2430.8333333333335,2378.75,2635.0,2400.0,2375.0,386.2102190949034,283.5562848301316,214.24417887498868,2100.0,2850.0,750.0,650.0,450.0,2400.0,0.20520833333333344,2157.9395604395604,2200.0,240.25929089637063,2236.785714285714,2260.0,419.1666666666665,450.0,0.11664982577859372,6.478509642208569,5.631211781821365,3.1354942159291497,3.1354942159291497,0.007692307692307693,0.0,92,8464,-0.8660254037844385,-0.5000000000000004,-1.0,-1.8369701987210297e-16,2650.0,7.8826922062890254,-0.08383751080380297,2022-09-01
Banana,2022-09-01,2650.0,3070.2913533834585,480.0,14000.0,532,269,23,18,1,0,0,2022,9,3,Monsoon,2892.5,2850.0,2635.0,2300.0,2410.0,-0.08383751080380297,0.005692599620493288,0.09958506224066399,-242.5,2792.5,2546.25,2419.7916666666665,2850.0,2567.5,2375.0,138.0443769227848,310.46638304331765,260.7995972470864,2100.0,2892.5,257.5,592.5,482.5,2410.0,0.09958506224066399,2165.9239130434785,2200.0,250.90871041146414,2210.0,2200.0,346.25,325.0,0.12193083281033584,6.278521424165844,5.598421958998375,3.1780538303479458,2.9444389791664403,0.0018796992481203006,0.0,93,8649,-1.0,-1.8369701987210297e-16,-1.0,-1.8369701987210297e-16,2535.0,7.8383433155571165,-0.04339622641509433,2022-10-01
Banana,2022-10-01,2535.0,3956.548561151079,480.0,500000.0,556,262,22,19,2,1,0,2022,10,4,Autumn,2650.0,2892.5,2850.0,2500.0,2400.0,-0.04339622641509433,-0.1105263157894737,0.05624999999999991,-115.0,2797.5,2604.5833333333335,2439.7916666666665,2850.0,2642.5,2375.0,129.49420836469824,286.93386287900336,269.052331706993,2100.0,2892.5,-200.0,150.0,250.0,2400.0,0.05624999999999991,2171.1290322580644,2200.0,254.53989718050482,2125.714285714286,2100.0,45.416666666666515,7.5,0.1101649769492254,6.322565239927284,5.572154032177765,3.1354942159291497,2.995732273553991,0.0035971223021582736,0.0,94,8836,-0.8660254037844386,0.5000000000000001,-2.4492935982947064e-16,1.0,2500.0,7.824445930877619,-0.013806706114398382,2022-11-01
Banana,2022-11-01,2500.0,2954.489932885906,500.0,7600.0,596,263,24,21,0,0,0,2022,11,4,Autumn,2535.0,2650.0,2892.5,2100.0,2350.0,-0.013806706114398382,-0.13569576490924806,0.06382978723404253,-35.0,2692.5,2610.4166666666665,2451.0416666666665,2650.0,2642.5,2425.0,182.4999999999997,284.72976954766546,270.0577765062789,2100.0,2892.5,-357.5,435.0,185.0,2350.0,0.06382978723404253,2175.0,2200.0,255.9344043985464,2136.785714285714,2150.0,-75.41666666666652,-107.5,0.10907445281953665,6.391917113392602,5.575949103146316,3.2188758248682006,3.091042453358316,0.0,0.0,95,9025,-0.5000000000000004,0.8660254037844384,-2.4492935982947064e-16,1.0,2400.0,7.783640596221253,-0.040000000000000036,2022-12-01
Banana,2022-12-01,2400.0,3725.544342507645,350.0,400000.0,654,268,24,22,9,2,0,2022,12,4,Winter,2500.0,2535.0,2650.0,2635.0,2300.0,-0.040000000000000036,-0.09433962264150941,0.04347826086956519,-100.0,2561.6666666666665,2677.0833333333335,2463.5416666666665,2535.0,2642.5,2500.0,78.47504911328957,161.46529554881664,268.42228080644406,2500.0,2892.5,-150.0,-135.0,200.0,2300.0,0.04347826086956519,2178.4210526315787,2200.0,256.7438942051906,2114.285714285714,2200.0,-177.08333333333348,-142.5,0.06031388471862411,6.484635235635252,5.594711379601839,3.2188758248682006,3.1354942159291497,0.013761467889908258,0.0,96,9216,-2.4492935982947064e-16,1.0,-2.4492935982947064e-16,1.0,2100.0,7.650168700845001,-0.125,2023-01-01
Banana,2023-01-01,2100.0,2397.227467811159,480.0,6200.0,233,130,15,13,0,0,0,2023,1,1,Winter,2400.0,2500.0,2535.0,2850.0,2100.0,-0.125,-0.17159763313609466,0.0,-300.0,2478.3333333333335,2637.9166666666665,2471.875,2500.0,2592.5,2500.0,70.05949852327812,198.06827526554247,264.40569078252076,2400.0,2892.5,-135.0,-450.0,300.0,2100.0,0.0,2180.7291666666665,2200.0,256.3883558882651,2004.0625,2075.0,-237.91666666666652,-192.5,0.07508511461653798,5.455321115357702,4.875197323201151,2.772588722239781,2.6390573296152584,0.0,0.0,97,9409,0.49999999999999994,0.8660254037844387,1.0,6.123233995736766e-17,2560.0,7.848153086199526,0.21904761904761916,2023-02-01
Banana,2023-02-01,2560.0,3235.631276901004,480.0,52000.0,697,288,24,22,6,2,0,2023,2,1,Winter,2100.0,2400.0,2500.0,2892.5,2200.0,0.21904761904761916,0.02400000000000002,0.16363636363636358,460.0,2333.3333333333335,2512.9166666666665,2471.875,2400.0,2517.5,2500.0,208.16659994661305,263.3553524549419,264.40569078252076,2100.0,2892.5,-400.0,-792.5,-100.0,2200.0,0.16363636363636358,2179.896907216495,2200.0,255.18118499966846,2100.0,2150.0,-412.9166666666665,-417.5,0.10480067084925561,6.548219102762372,5.666426688112432,3.2188758248682006,3.1354942159291497,0.00860832137733142,0.0,98,9604,0.8660254037844386,0.5000000000000001,1.0,6.123233995736766e-17,2890.0,7.969357742016346,0.12890625,2023-03-01
Banana,2023-03-01,2890.0,3555.2332089552237,480.0,52000.0,536,257,24,16,6,2,0,2023,3,1,Spring,2560.0,2100.0,2400.0,2650.0,2300.0,0.12890625,0.2041666666666666,0.25652173913043486,330.0,2353.3333333333335,2457.5,2501.875,2400.0,2517.5,2517.5,233.5237318418264,193.1256067951632,250.82845686390436,2100.0,2650.0,160.0,-90.0,260.0,2300.0,0.25652173913043486,2183.7755102040815,2200.0,256.7496687120698,2133.125,2202.5,102.5,42.5,0.07858620825845909,6.285998094508865,5.552959584921617,3.2188758248682006,2.833213344056216,0.011194029850746268,0.0,99,9801,1.0,6.123233995736766e-17,1.0,6.123233995736766e-17,3000.0,8.006700845440367,0.03806228373702414,2023-04-01
Banana,2023-04-01,3000.0,3088.8044280442805,480.0,7800.0,542,264,23,23,0,0,0,2023,4,2,Spring,2890.0,2560.0,2100.0,2535.0,2500.0,0.03806228373702414,0.4285714285714286,0.19999999999999996,110.0,2516.6666666666665,2497.5,2551.0416666666665,2560.0,2517.5,2547.5,396.77869566464034,255.69024228546542,265.08030158402795,2100.0,2890.0,790.0,355.0,390.0,2500.0,0.19999999999999996,2190.909090909091,2200.0,265.11439929289094,2158.75,2200.0,392.5,372.5,0.10237847538957574,6.297109319933935,5.579729825986222,3.1780538303479458,3.1780538303479458,0.0,0.0,100,10000,0.8660254037844387,-0.4999999999999998,1.2246467991473532e-16,-1.0,2800.0,7.937731775260109,-0.06666666666666665,2023-05-01
Banana,2023-05-01,2800.0,2992.9715639810424,480.0,15200.0,633,293,22,22,5,0,0,2023,5,2,Summer,3000.0,2890.0,2560.0,2500.0,2100.0,-0.06666666666666665,0.09375,0.33333333333333326,-200.0,2816.6666666666665,2575.0,2592.7083333333335,2890.0,2530.0,2597.5,228.98325994127467,329.2263658943493,294.0420856035087,2100.0,3000.0,440.0,500.0,900.0,2100.0,0.33333333333333326,2199.0,2200.0,275.9021016537744,2117.5,2175.0,425.0,470.0,0.12785489937644634,6.452048954437226,5.683579767338681,3.1354942159291497,3.1354942159291497,0.007898894154818325,0.0,101,10201,0.49999999999999994,-0.8660254037844387,1.2246467991473532e-16,-1.0,2630.0,7.875119281040293,-0.06071428571428572,2023-06-01
Banana,2023-06-01,2630.0,3879.2861072902338,480.0,380000.0,727,309,21,21,4,2,0,2023,6,2,Summer,2800.0,3000.0,2890.0,2400.0,2635.0,-0.06071428571428572,-0.08996539792387548,-0.00189753320683117,-170.0,2896.6666666666665,2625.0,2651.0416666666665,2890.0,2680.0,2642.5,100.16652800877833,338.21590737279047,254.13726233290012,2100.0,3000.0,-90.0,400.0,165.0,2635.0,-0.00189753320683117,2204.9504950495048,2200.0,280.95728772315636,2268.125,2275.0,175.0,120.0,0.12884415518963446,6.590301048196686,5.736572297479192,3.091042453358316,3.091042453358316,0.005502063273727648,0.0,102,10404,1.2246467991473532e-16,-1.0,1.2246467991473532e-16,-1.0,2600.0,7.8636512654486515,-0.011406844106463865,2023-07-01
Banana,2023-07-01,2600.0,3027.8958333333335,400.0,9200.0,576,274,19,21,0,0,0,2023,7,3,Monsoon,2630.0,2800.0,3000.0,2100.0,2850.0,-0.011406844106463865,-0.1333333333333333,-0.08771929824561409,-30.0,2810.0,2663.3333333333335,2650.625,2800.0,2715.0,2640.0,185.20259177452147,320.16662328647976,254.17005089649717,2100.0,3000.0,-370.0,530.0,-220.0,2850.0,-0.08771929824561409,2209.1176470588234,2200.0,282.71308599431444,2294.375,2252.5,-33.333333333333485,-85.0,0.1202127496695168,6.3578422665081,5.616771097666572,2.995732273553991,3.091042453358316,0.0,0.0,103,10609,-0.4999999999999997,-0.8660254037844388,-1.0,-1.8369701987210297e-16,2777.5,7.929666492719976,0.06826923076923075,2023-08-01
Banana,2023-08-01,2777.5,3269.9891891891893,525.0,48000.0,740,319,23,22,5,0,0,2023,8,3,Monsoon,2600.0,2630.0,2800.0,2560.0,2892.5,0.06826923076923075,-0.008035714285714257,-0.039757994814174635,177.5,2676.6666666666665,2746.6666666666665,2629.7916666666665,2630.0,2715.0,2615.0,107.85793124908973,177.5011737050396,246.47159695604125,2560.0,3000.0,-200.0,40.0,-292.5,2892.5,-0.039757994814174635,2212.9126213592235,2200.0,283.94802779064753,2318.75,2330.0,-146.66666666666652,-115.0,0.06462421372756297,6.608000625296087,5.768320995793772,3.1780538303479458,3.1354942159291497,0.006756756756756757,0.0,104,10816,-0.8660254037844385,-0.5000000000000004,-1.0,-1.8369701987210297e-16,2800.0,7.937731775260109,0.008100810081008047,2023-09-01
Banana,2023-09-01,2800.0,3322.2750677506774,525.0,10950.0,738,324,24,22,3,0,0,2023,9,3,Monsoon,2777.5,2600.0,2630.0,2890.0,2650.0,0.008100810081008047,0.06463878326996197,0.05660377358490565,22.5,2669.1666666666665,2782.9166666666665,2620.2083333333335,2630.0,2788.75,2615.0,95.0109642795681,152.15466363758506,237.3970071739577,2600.0,3000.0,147.5,-112.5,127.5,2650.0,0.05660377358490565,2218.341346153846,2200.0,287.9386924398933,2265.0,2230.0,-5.416666666666515,-11.25,0.054674531027130435,6.6052979209482015,5.783825182329737,3.2188758248682006,3.1354942159291497,0.0040650406504065045,0.0,105,11025,-1.0,-1.8369701987210297e-16,-1.0,-1.8369701987210297e-16,2490.0,7.820439515262181,-0.11071428571428577,2023-10-01
Banana,2023-10-01,2490.0,2729.742268041237,500.0,12300.0,291,137,15,17,1,0,0,2023,10,4,Autumn,2800.0,2777.5,2600.0,3000.0,2535.0,-0.11071428571428577,-0.04230769230769227,-0.017751479289940808,-310.0,2725.8333333333335,2767.9166666666665,2632.7083333333335,2777.5,2788.75,2615.0,109.55402016052794,143.68730516878185,242.9914381519484,2600.0,3000.0,200.0,-200.0,265.0,2535.0,-0.017751479289940808,2223.8809523809523,2200.0,292.11924201732506,2176.875,2215.0,32.083333333333485,11.25,0.051911716454173785,5.676753802268282,4.927253685157205,2.772588722239781,2.8903717578961645,0.003436426116838488,0.0,106,11236,-0.8660254037844386,0.5000000000000001,-2.4492935982947064e-16,1.0,2800.0,7.937731775260109,0.12449799196787148,2023-11-01
Banana,2023-11-01,2800.0,3117.940860215054,525.0,11900.0,744,301,24,18,1,0,0,2023,11,4,Autumn,2490.0,2800.0,2777.5,2800.0,2500.0,0.12449799196787148,0.008100810081008047,0.1200000000000001,310.0,2689.1666666666665,2682.9166666666665,2628.9583333333335,2777.5,2703.75,2615.0,172.84988670327013,129.03891531885498,244.97555150123443,2490.0,2800.0,-287.5,-310.0,-10.0,2500.0,0.1200000000000001,2226.3915094339623,2200.0,291.8716450176669,2182.1875,2241.25,-192.91666666666652,-213.75,0.048096505166214,6.61338421837956,5.71042701737487,3.2188758248682006,2.9444389791664403,0.0013440860215053765,0.0,107,11449,-0.5000000000000004,0.8660254037844384,-2.4492935982947064e-16,1.0,2800.0,7.937731775260109,0.0,2023-12-01
Banana,2023-12-01,2800.0,3096.251768033946,587.0,12500.0,707,298,21,19,3,0,0,2023,12,4,Winter,2800.0,2490.0,2800.0,2630.0,2400.0,0.0,0.0,0.16666666666666674,0.0,2696.6666666666665,2682.9166666666665,2653.9583333333335,2800.0,2703.75,2703.75,178.97858344878398,129.03891531885498,245.92464277547123,2490.0,2800.0,0.0,170.0,400.0,2400.0,0.16666666666666674,2231.7523364485983,2200.0,295.73704993922155,2150.0,2200.0,117.08333333333348,96.25,0.048096505166214,6.56244409369372,5.700443573390687,3.091042453358316,2.995732273553991,0.004243281471004243,0.0,108,11664,-2.4492935982947064e-16,1.0,-2.4492935982947064e-16,1.0,2700.0,7.901377353792616,-0.0357142857142857,2024-01-01
Banana,2024-01-01,2700.0,2918.4179620034542,800.0,9300.0,579,254,17,14,0,0,0,2024,1,1,Winter,2800.0,2800.0,2490.0,2600.0,2100.0,-0.0357142857142857,0.0843373493975903,0.2857142857142858,-100.0,2696.6666666666665,2711.25,2687.2916666666665,2800.0,2788.75,2788.75,178.97858344878398,133.67638160871937,235.25000805075348,2490.0,2800.0,310.0,200.0,700.0,2100.0,0.2857142857142858,2237.0138888888887,2200.0,299.3875091689989,2014.7222222222222,2100.0,88.75,11.25,0.04930433623189281,6.363028103540465,5.541263545158426,2.8903717578961645,2.70805020110221,0.0,0.0,109,11881,0.49999999999999994,0.8660254037844387,1.0,6.123233995736766e-17,2800.0,7.937731775260109,0.03703703703703698,2024-02-01
Banana,2024-02-01,2800.0,3070.673813169985,900.0,11000.0,653,259,17,15,2,0,0,2024,2,1,Winter,2700.0,2800.0,2800.0,2777.5,2560.0,0.03703703703703698,0.0,0.09375,100.0,2766.6666666666665,2727.9166666666665,2737.2916666666665,2800.0,2788.75,2788.75,57.73502691896251,122.8252484901481,145.85741143218578,2490.0,2800.0,-100.0,-77.5,140.0,2560.0,0.09375,2241.261467889908,2200.0,301.2797979448293,2151.1111111111113,2200.0,-27.916666666666515,-88.75,0.045025293474317316,6.483107351457199,5.560681631015528,2.8903717578961645,2.772588722239781,0.0030627871362940277,0.0,110,12100,0.8660254037844386,0.5000000000000001,1.0,6.123233995736766e-17,2765.0,7.925157512224703,-0.012499999999999956,2024-03-01
Banana,2024-03-01,2765.0,2962.311151079137,40.0,9400.0,556,269,19,14,0,0,0,2024,3,1,Spring,2800.0,2700.0,2800.0,2800.0,2890.0,-0.012499999999999956,-0.012499999999999956,-0.04325259515570934,-35.0,2766.6666666666665,2731.6666666666665,2757.2916666666665,2800.0,2800.0,2800.0,57.73502691896251,124.96666222103649,135.41794871188367,2490.0,2800.0,0.0,0.0,-90.0,2890.0,-0.04325259515570934,2246.340909090909,2200.0,304.5896392050993,2217.222222222222,2225.0,68.33333333333348,0.0,0.04574740532801824,6.322565239927284,5.598421958998375,2.995732273553991,2.70805020110221,0.0,0.0,111,12321,1.0,6.123233995736766e-17,1.0,6.123233995736766e-17,2900.0,7.972810784121404,0.0488245931283906,2024-04-01
Banana,2024-04-01,2900.0,3166.9701937406853,600.0,9100.0,671,296,17,14,0,0,0,2024,4,2,Spring,2765.0,2800.0,2700.0,2490.0,3000.0,0.0488245931283906,0.07407407407407418,-0.033333333333333326,135.0,2755.0,2725.8333333333335,2746.875,2765.0,2782.5,2788.75,50.744457825460984,121.91868875060388,128.93411372410006,2490.0,2800.0,65.0,275.0,-235.0,3000.0,-0.033333333333333326,2251.0135135135133,2200.0,307.17247494067453,2252.222222222222,2200.0,39.166666666666515,-17.5,0.044727125191294605,6.51025834052315,5.6937321388027,2.8903717578961645,2.70805020110221,0.0,0.0,112,12544,0.8660254037844387,-0.4999999999999998,1.2246467991473532e-16,-1.0,2820.0,7.944846711001996,-0.02758620689655178,2024-05-01
Banana,2024-05-01,2820.0,3055.514538558786,22.0,10000.0,791,329,17,15,1,0,0,2024,5,2,Summer,2900.0,2765.0,2800.0,2800.0,2800.0,-0.02758620689655178,0.0071428571428571175,0.0071428571428571175,-80.0,2821.6666666666665,2794.1666666666665,2738.5416666666665,2800.0,2800.0,2788.75,70.05949852327899,64.83954554642267,113.38018472325643,2700.0,2900.0,100.0,100.0,100.0,2800.0,0.0071428571428571175,2256.808035714286,2200.0,311.87409568039976,2193.3333333333335,2200.0,105.83333333333348,100.0,0.023205324979334092,6.674561391814426,5.799092654460526,2.8903717578961645,2.772588722239781,0.0012642225031605564,0.0,113,12769,0.49999999999999994,-0.8660254037844387,1.2246467991473532e-16,-1.0,3000.0,8.006700845440367,0.06382978723404253,2024-06-01
Banana,2024-06-01,3000.0,3637.9292267365663,580.0,10500.0,763,311,17,15,3,0,0,2024,6,2,Summer,2820.0,2900.0,2765.0,2800.0,2630.0,0.06382978723404253,0.08499095840867987,0.14068441064638781,180.0,2828.3333333333335,2797.5,2740.2083333333335,2820.0,2800.0,2788.75,67.88470618138767,65.7076860039977,114.507137199818,2700.0,2900.0,55.0,20.0,190.0,2630.0,0.14068441064638781,2261.79203539823,2200.0,314.966599176346,2308.3333333333335,2310.0,22.5,20.0,0.023488002146201142,6.638567789166521,5.7430031878094825,2.8903717578961645,2.772588722239781,0.003931847968545216,0.0,114,12996,1.2246467991473532e-16,-1.0,1.2246467991473532e-16,-1.0,3185.0,8.066521490469993,0.06166666666666676,2024-07-01
Banana,2024-07-01,3185.0,3513.660136286201,25.0,12700.0,1174,452,19,18,2,0,0,2024,7,3,Monsoon,3000.0,2820.0,2900.0,2700.0,2600.0,0.06166666666666676,0.09827586206896544,0.2250000000000001,185.0,2906.6666666666665,2830.8333333333335,2771.0416666666665,2900.0,2810.0,2800.0,90.18499505645791,105.75522051731826,130.79068258678157,2700.0,3000.0,100.0,300.0,400.0,2600.0,0.2250000000000001,2268.2675438596493,2202.5,321.10172746304977,2328.3333333333335,2300.0,169.16666666666652,190.0,0.037358335184216045,7.069023426578259,6.115892125483034,2.995732273553991,2.9444389791664403,0.0017035775127768314,0.0,115,13225,-0.4999999999999997,-0.8660254037844388,-1.0,-1.8369701987210297e-16,4000.0,8.294299608857235,0.25588697017268447,2024-08-01
Banana,2024-08-01,4000.0,4196.532740501212,545.0,16000.0,1237,523,21,17,4,0,0,2024,8,3,Monsoon,3185.0,3000.0,2820.0,2800.0,2777.5,0.25588697017268447,0.4184397163120568,0.44014401440144013,815.0,3001.6666666666665,2911.6666666666665,2819.7916666666665,3000.0,2860.0,2800.0,182.50570767330362,158.13496345421723,165.6271083342121,2765.0,3185.0,365.0,385.0,407.5,2777.5,0.44014401440144013,2276.2391304347825,2205.0,330.92248355475067,2369.722222222222,2400.0,273.3333333333335,325.0,0.05431080599457947,7.121252453244542,6.261491684321042,3.091042453358316,2.8903717578961645,0.0032336297493936943,0.0,116,13456,-0.8660254037844385,-0.5000000000000004,-1.0,-1.8369701987210297e-16,4000.0,8.294299608857235,0.0,2024-09-01
Banana,2024-09-01,4000.0,4328.770538243626,560.0,12000.0,706,332,15,20,5,0,0,2024,9,3,Monsoon,4000.0,3185.0,3000.0,2765.0,2800.0,0.0,0.33333333333333326,0.4285714285714286,0.0,3395.0,3111.6666666666665,2921.6666666666665,3185.0,2950.0,2800.0,532.0479301717093,459.7898070495546,377.5900454517361,2765.0,4000.0,1000.0,1235.0,1200.0,2800.0,0.4285714285714286,2291.0991379310344,2215.0,366.29568846842125,2324.4444444444443,2260.0,888.3333333333335,1050.0,0.1477631945526153,6.561030665896573,5.808142489980444,2.772588722239781,3.044522437723423,0.007082152974504249,0.0,117,13689,-1.0,-1.8369701987210297e-16,-1.0,-1.8369701987210297e-16,3700.0,8.216358332386156,-0.07499999999999996,2024-10-01
Banana,2024-10-01,3700.0,4012.1320590790615,230.0,11000.0,1151,498,24,20,4,0,0,2024,10,4,Autumn,4000.0,4000.0,3185.0,2900.0,2490.0,-0.07499999999999996,0.16169544740973318,0.48594377510040165,-300.0,3728.3333333333335,3317.5,3021.6666666666665,4000.0,3092.5,2810.0,470.540469389545,542.5472329668635,485.82794061147825,2820.0,4000.0,815.0,1100.0,1510.0,2490.0,0.48594377510040165,2305.7051282051284,2225.0,397.46202461110363,2211.6666666666665,2330.0,682.5,907.5,0.16354098959061447,7.049254841255837,6.212606095751519,3.2188758248682006,3.044522437723423,0.0034752389226759338,0.0,118,13924,-0.8660254037844386,0.5000000000000001,-2.4492935982947064e-16,1.0,4000.0,8.294299608857235,0.08108108108108114,2024-11-01
Banana,2024-11-01,4000.0,4048.8102836879434,400.0,10000.0,1128,494,23,19,3,0,0,2024,11,4,Autumn,3700.0,4000.0,4000.0,2820.0,2800.0,0.08108108108108114,0.0,0.4285714285714286,300.0,3900.0,3450.8333333333335,3122.5,4000.0,3442.5,2860.0,173.20508075688772,517.1307055925674,490.98926113048253,2820.0,4000.0,-300.0,880.0,900.0,2800.0,0.4285714285714286,2317.521186440678,2232.5,416.05397206006387,2250.8333333333335,2332.5,249.16666666666652,257.5,0.14985676085754188,7.029087564149662,6.20455776256869,3.1780538303479458,2.995732273553991,0.0026595744680851063,0.0,119,14161,-0.5000000000000004,0.8660254037844384,-2.4492935982947064e-16,1.0,4000.0,8.294299608857235,0.0,2024-12-01
Banana,2024-12-01,4000.0,4046.1285714285714,560.0,10000.0,560,328,17,19,2,0,0,2024,12,4,Winter,4000.0,3700.0,4000.0,3000.0,2800.0,0.0,0.0,0.4285714285714286,0.0,3900.0,3647.5,3222.5,4000.0,3850.0,2950.0,173.20508075688772,449.1519787332568,539.1723455276813,3000.0,4000.0,0.0,1000.0,1200.0,2800.0,0.4285714285714286,2331.659663865546,2240.0,442.0651982973199,2222.222222222222,2200.0,352.5,150.0,0.12313967888506012,6.329720905522696,5.796057750765372,2.8903717578961645,2.995732273553991,0.0035714285714285713,0.0,120,14400,-2.4492935982947064e-16,1.0,-2.4492935982947064e-16,1.0,4000.0,8.294299608857235,0.0,2025-01-01
Banana,2025-01-01,4000.0,4257.916488222698,180.0,12000.0,934,464,19,15,7,0,0,2025,1,1,Winter,4000.0,4000.0,3700.0,3185.0,2700.0,0.0,0.08108108108108114,0.4814814814814814,0.0,3900.0,3814.1666666666665,3322.5,4000.0,4000.0,3092.5,173.20508075688772,330.76300679892637,564.3801910060307,3185.0,4000.0,300.0,815.0,1300.0,2700.0,0.4814814814814814,2345.5625,2245.0,465.80479087680226,2083.25,2100.0,185.83333333333348,0.0,0.08671959977249545,6.840546529288687,6.142037405587356,2.995732273553991,2.772588722239781,0.007494646680942184,0.0,121,14641,0.49999999999999994,0.8660254037844387,1.0,6.123233995736766e-17,4000.0,8.294299608857235,0.0,2025-02-01
Banana,2025-02-01,4000.0,4572.834205933683,8.0,13000.0,1146,494,21,21,25,0,0,2025,2,1,Winter,4000.0,4000.0,4000.0,4000.0,2800.0,0.0,0.0,0.4285714285714286,0.0,4000.0,3950.0,3430.8333333333335,4000.0,4000.0,3442.5,0.0,122.47448713915887,558.7682611753945,3700.0,4000.0,0.0,0.0,1200.0,2800.0,0.4285714285714286,2359.2355371900826,2250.0,487.6342596078035,2216.0,2200.0,50.0,0.0,0.03100619927573642,7.044905117129371,6.20455776256869,3.091042453358316,3.091042453358316,0.02181500872600349,0.0,122,14884,0.8660254037844386,0.5000000000000001,1.0,6.123233995736766e-17,4000.0,8.294299608857235,0.0,2025-03-01
Banana,2025-03-01,4000.0,4344.5339207048455,55.0,12000.0,1135,485,20,22,29,0,0,2025,3,1,Spring,4000.0,4000.0,4000.0,4000.0,2765.0,0.0,0.0,0.44665461121157324,0.0,4000.0,3950.0,3530.8333333333335,4000.0,4000.0,3850.0,0.0,122.47448713915887,542.7574099545861,3700.0,4000.0,0.0,0.0,1235.0,2765.0,0.44665461121157324,2372.684426229508,2255.0,507.82718232763506,2272.0,2237.5,50.0,0.0,0.03100619927573642,7.035268599281097,6.186208623900494,3.044522437723423,3.1354942159291497,0.02555066079295154,0.0,123,15129,1.0,6.123233995736766e-17,1.0,6.123233995736766e-17,4000.0,8.294299608857235,0.0,2025-04-01
Banana,2025-04-01,4000.0,4293.614079728583,60.0,12000.0,1179,509,21,18,6,0,0,2025,4,2,Spring,4000.0,4000.0,4000.0,3700.0,2900.0,0.0,0.0,0.3793103448275863,0.0,4000.0,3950.0,3633.75,4000.0,4000.0,4000.0,0.0,122.47448713915887,499.72321884674375,3700.0,4000.0,0.0,300.0,1100.0,2900.0,0.3793103448275863,2385.9146341463415,2260.0,526.5969338760841,2317.0,2250.0,50.0,0.0,0.03100619927573642,7.07326971745971,6.234410725718371,3.091042453358316,2.9444389791664403,0.005089058524173028,0.0,124,15376,0.8660254037844387,-0.4999999999999998,1.2246467991473532e-16,-1.0,4000.0,8.294299608857235,0.0,2025-05-01
Banana,2025-05-01,4000.0,4224.989492119089,68.0,78000.0,1142,514,23,19,12,1,0,2025,5,2,Summer,4000.0,4000.0,4000.0,4000.0,2820.0,0.0,0.0,0.4184397163120568,0.0,4000.0,4000.0,3725.4166666666665,4000.0,4000.0,4000.0,0.0,0.0,451.4494753434588,4000.0,4000.0,0.0,0.0,1180.0,2820.0,0.4184397163120568,2398.9314516129034,2260.0,544.1140308761111,2256.0,2200.0,0.0,0.0,0.0,7.04141166379481,6.244166900663736,3.1780538303479458,2.995732273553991,0.010507880910683012,0.0,125,15625,0.49999999999999994,-0.8660254037844387,1.2246467991473532e-16,-1.0,4000.0,8.294299608857235,0.0,2025-06-01
Banana,2025-06-01,4000.0,4128.117714285714,340.0,10000.0,875,390,15,19,11,0,0,2025,6,2,Summer,4000.0,4000.0,4000.0,4000.0,3000.0,0.0,0.0,0.33333333333333326,0.0,4000.0,4000.0,3823.75,4000.0,4000.0,4000.0,0.0,0.0,354.38246544967143,4000.0,4000.0,0.0,0.0,1000.0,3000.0,0.33333333333333326,2411.74,2260.0,560.5174941875789,2377.5,2325.0,0.0,0.0,0.0,6.775366090936392,5.968707559985366,2.772588722239781,2.995732273553991,0.012571428571428572,0.0,126,15876,1.2246467991473532e-16,-1.0,1.2246467991473532e-16,-1.0,4000.0,8.294299608857235,0.0,2025-07-01
Banana,2025-07-01,4000.0,4126.231398809524,13.0,10000.0,1344,571,23,21,7,0,0,2025,7,3,Monsoon,4000.0,4000.0,4000.0,4000.0,3185.0,0.0,0.0,0.25588697017268447,0.0,4000.0,4000.0,3907.0833333333335,4000.0,4000.0,4000.0,0.0,0.0,243.20266832169807,4000.0,4000.0,0.0,0.0,815.0,3185.0,0.25588697017268447,2424.345238095238,2280.0,575.9225797424015,2414.0,2350.0,0.0,0.0,0.0,7.20414929203594,6.349138991379798,3.1780538303479458,3.091042453358316,0.005208333333333333,0.0,127,16129,-0.4999999999999997,-0.8660254037844388,-1.0,-1.8369701987210297e-16,3400.0,8.131824785007195,-0.15000000000000002,2025-08-01
Banana,2025-08-01,3400.0,3746.5133647798743,15.0,10000.0,1272,521,24,22,1,0,0,2025,8,3,Monsoon,4000.0,4000.0,4000.0,4000.0,4000.0,-0.15000000000000002,-0.15000000000000002,-0.15000000000000002,-600.0,4000.0,4000.0,3975.0,4000.0,4000.0,4000.0,0.0,0.0,86.60254037847942,4000.0,4000.0,0.0,0.0,0.0,4000.0,-0.15000000000000002,2436.751968503937,2300.0,590.4262076186317,2532.75,2450.0,0.0,0.0,0.0,7.149131598557407,6.257667587882639,3.2188758248682006,3.1354942159291497,0.0007861635220125787,0.0,128,16384,-0.8660254037844385,-0.5000000000000004,-1.0,-1.8369701987210297e-16,3500.0,8.160803920954665,0.02941176470588225,2025-09-01
Banana,2025-09-01,3500.0,3778.013731825525,20.0,11500.0,1238,518,23,22,1,0,0,2025,9,3,Monsoon,3400.0,4000.0,4000.0,4000.0,4000.0,0.02941176470588225,-0.125,-0.125,100.0,3800.0,3900.0,3925.0,4000.0,4000.0,4000.0,346.41016151377545,244.94897427831782,186.47446815243455,3400.0,4000.0,-600.0,-600.0,-600.0,4000.0,-0.125,2444.27734375,2300.0,594.2280733720344,2492.0,2335.0,-500.0,-600.0,0.06280742930213278,7.122059881629142,6.251903883165888,3.1780538303479458,3.1354942159291497,0.0008077544426494346,0.0,129,16641,-1.0,-1.8369701987210297e-16,-1.0,-1.8369701987210297e-16,2800.0,7.937731775260109,-0.19999999999999996,2025-10-01
Banana,2025-10-01,2800.0,3198.569969356486,40.0,11000.0,979,453,23,22,2,0,0,2025,10,4,Autumn,3500.0,3400.0,4000.0,4000.0,3700.0,-0.19999999999999996,-0.30000000000000004,-0.2432432432432432,-700.0,3633.3333333333335,3816.6666666666665,3883.3333333333335,3500.0,4000.0,4000.0,321.45502536643187,285.7738033247041,220.8797835653701,3400.0,4000.0,-500.0,-500.0,-200.0,3700.0,-0.2432432432432432,2452.4612403100773,2300.0,599.1563065978272,2360.5,2365.0,-316.6666666666665,-500.0,0.07487523231214954,6.887552571664617,6.118097198041348,3.1780538303479458,3.1354942159291497,0.0020429009193054137,0.0,130,16900,-0.8660254037844386,0.5000000000000001,-2.4492935982947064e-16,1.0,3000.0,8.006700845440367,0.0714285714285714,2025-11-01
Banana,2025-11-01,3000.0,3207.170055172414,40.0,8500.0,725,427,22,20,0,0,0,2025,11,4,Autumn,2800.0,3500.0,3400.0,4000.0,4000.0,0.0714285714285714,-0.11764705882352944,-0.25,200.0,3233.3333333333335,3616.6666666666665,3808.3333333333335,3400.0,3750.0,4000.0,378.59388972001835,483.3908011812664,382.47598458973147,2800.0,4000.0,-600.0,-1200.0,-1200.0,4000.0,-0.25,2455.1346153846152,2300.0,597.607334553272,2425.75,2341.25,-816.6666666666665,-950.0,0.1336564427229308,6.587550014824796,6.059123195581797,3.1354942159291497,3.044522437723423,0.0,0.0,131,17161,-0.5000000000000004,0.8660254037844384,-2.4492935982947064e-16,1.0,3300.0,8.101980731853192,0.10000000000000009,2025-12-01
Cotton,2015-01-01,4100.0,4163.713151927438,3183.0,22150.0,441,252,13,26,1,0,0,2015,1,1,Winter,,,,,,,,,,,,,,,,,,,,,,,,,,,,,,,,,,6.091309882077698,5.53338948872752,2.6390573296152584,3.295836866004329,0.0022675736961451248,0.0,1,1,0.49999999999999994,0.8660254037844387,1.0,6.123233995736766e-17,3950.0,8.281723990411392,-0.03658536585365857,2015-02-01
Cotton,2015-02-01,3950.0,3883.9166666666665,1204.0,4500.0,72,48,10,13,0,0,0,2015,2,1,Winter,4100.0,,,,,-0.03658536585365857,,,-150.0,,,,,,,,,,,,,,,,,,,,,,,,,4.290459441148391,3.8918202981106265,2.3978952727983707,2.6390573296152584,0.0,0.0,2,4,0.8660254037844386,0.5000000000000001,1.0,6.123233995736766e-17,3900.0,8.268988209506656,-0.012658227848101222,2015-03-01
Cotton,2015-03-01,3900.0,3810.448275862069,2600.0,4400.0,58,37,10,9,0,0,0,2015,3,1,Spring,3950.0,4100.0,,,,-0.012658227848101222,,,-50.0,4025.0,,,4025.0,,,106.06601717798213,,,,,,,,,,,,,,,,,,4.07753744390572,3.6375861597263857,2.3978952727983707,2.302585092994046,0.0,0.0,3,9,1.0,6.123233995736766e-17,1.0,6.123233995736766e-17,4100.0,8.31898612539206,0.05128205128205132,2015-04-01
Cotton,2015-04-01,4100.0,4111.0609756097565,2700.0,5100.0,246,160,11,25,0,0,0,2015,4,2,Spring,3900.0,3950.0,4100.0,,,0.05128205128205132,0.0,,200.0,3983.3333333333335,3983.3333333333335,,3950.0,3950.0,,104.08329997330668,104.08329997330668,,3900.0,4100.0,-200.0,,,,,3983.3333333333335,3950.0,104.08329997330668,,,-83.33333333333348,-50.0,0.02612969873806862,5.5093883366279774,5.081404364984463,2.4849066497880004,3.258096538021482,0.0,0.0,4,16,0.8660254037844387,-0.4999999999999998,1.2246467991473532e-16,-1.0,4200.0,8.343077871169383,0.024390243902439046,2015-05-01
Cotton,2015-05-01,4200.0,4208.610778443114,3445.0,7600.0,167,113,9,19,0,0,0,2015,5,2,Summer,4100.0,3900.0,3950.0,,,0.024390243902439046,0.06329113924050622,,100.0,3983.3333333333335,4012.5,,3950.0,4025.0,,104.08329997330668,103.07764064044152,,3900.0,4100.0,150.0,,,,,4012.5,4025.0,103.07764064044152,,,87.5,75.0,0.025689131623786048,5.123963979403259,4.736198448394496,2.302585092994046,2.995732273553991,0.0,0.0,5,25,0.49999999999999994,-0.8660254037844387,1.2246467991473532e-16,-1.0,4200.0,8.343077871169383,0.0,2015-06-01
Cotton,2015-06-01,4200.0,4147.827586206897,800.0,7588.0,145,84,9,21,0,0,0,2015,6,2,Summer,4200.0,4100.0,3900.0,,,0.0,0.07692307692307687,,0.0,4066.6666666666665,4050.0,,4100.0,4100.0,,152.75252316519473,122.47448713915891,,3900.0,4200.0,300.0,,,,,4050.0,4100.0,122.47448713915891,,,150.0,100.0,0.0302406141084343,4.983606621708336,4.442651256490317,2.302585092994046,3.091042453358316,0.0,0.0,6,36,1.2246467991473532e-16,-1.0,1.2246467991473532e-16,-1.0,4072.0,8.312135107648412,-0.030476190476190435,2015-07-01
Cotton,2015-07-01,4072.0,4066.0,959.0,4675.0,100,63,7,20,0,0,0,2015,7,3,Monsoon,4200.0,4200.0,4100.0,4100.0,,-0.030476190476190435,-0.006829268292682933,,-128.0,4166.666666666667,4075.0,4075.0,4200.0,4100.0,4100.0,57.73502691896286,125.49900398011133,125.49900398011133,3900.0,4200.0,100.0,100.0,,,,4075.0,4100.0,125.49900398011133,,,125.0,100.0,0.03079730159021137,4.61512051684126,4.1588830833596715,2.0794415416798357,3.044522437723423,0.0,0.0,7,49,-0.4999999999999997,-0.8660254037844388,-1.0,-1.8369701987210297e-16,4048.0,8.30622521603216,-0.005893909626719096,2015-08-01
Cotton,2015-08-01,4048.0,4063.64406779661,2875.0,4690.0,59,39,5,14,0,0,0,2015,8,3,Monsoon,4072.0,4200.0,4200.0,3950.0,,-0.005893909626719096,-0.03619047619047622,,-24.0,4157.333333333333,4070.3333333333335,4074.5714285714284,4200.0,4086.0,4100.0,73.90083445627197,124.90262874201915,114.57000355366021,3900.0,4200.0,-128.0,122.0,,,,4074.5714285714284,4100.0,114.57000355366021,,,1.666666666666515,-14.0,0.03068609337695991,4.0943445622221,3.6888794541139363,1.791759469228055,2.70805020110221,0.0,0.0,8,64,-0.8660254037844385,-0.5000000000000004,-1.0,-1.8369701987210297e-16,4250.0,8.35490952835879,0.04990118577075098,2015-09-01
Cotton,2015-09-01,4250.0,4173.1,1320.0,6000.0,110,66,8,20,0,0,0,2015,9,3,Monsoon,4048.0,4072.0,4200.0,3900.0,,0.04990118577075098,0.011904761904761862,,202.0,4106.666666666667,4086.6666666666665,4071.25,4072.0,4086.0,4086.0,81.71495171223756,111.73301511490085,106.48641764496138,3900.0,4200.0,-152.0,148.0,,,,4071.25,4086.0,106.48641764496138,,,-38.666666666666515,-38.0,0.02734086829891538,4.709530201312334,4.204692619390966,2.1972245773362196,3.044522437723423,0.0,0.0,9,81,-1.0,-1.8369701987210297e-16,-1.0,-1.8369701987210297e-16,4200.0,8.343077871169383,-0.0117647058823529,2015-10-01
Cotton,2015-10-01,4200.0,4179.959770114942,2759.0,5400.0,261,148,10,19,0,0,0,2015,10,4,Autumn,4250.0,4048.0,4072.0,4100.0,,-0.0117647058823529,0.03143418467583503,,-50.0,4123.333333333333,4145.0,4091.1111111111113,4072.0,4150.0,4100.0,110.35095528962708,82.26542408569946,116.06942367010834,4048.0,4250.0,178.0,150.0,,,,4091.1111111111113,4100.0,116.06942367010834,,,105.0,100.0,0.019846905690156687,5.568344503761097,5.003946305945459,2.3978952727983707,2.995732273553991,0.0,0.0,10,100,-0.8660254037844386,0.5000000000000001,-2.4492935982947064e-16,1.0,4050.0,8.30671904320269,-0.0357142857142857,2015-11-01
Cotton,2015-11-01,4050.0,4093.6285714285714,3330.0,6100.0,105,68,8,14,0,0,0,2015,11,4,Autumn,4200.0,4250.0,4048.0,4200.0,,-0.0357142857142857,0.000494071146245112,,-150.0,4166.0,4161.666666666667,4102.0,4200.0,4200.0,4100.0,105.20456263869859,81.45100776949691,114.72091739909023,4048.0,4250.0,152.0,0.0,,,,4102.0,4100.0,114.72091739909023,,,38.33333333333303,0.0,0.019571727938205104,4.663439094112067,4.23410650459726,2.1972245773362196,2.70805020110221,0.0,0.0,11,121,-0.5000000000000004,0.8660254037844384,-2.4492935982947064e-16,1.0,4185.0,8.339500903005945,0.03333333333333344,2015-12-01
Cotton,2015-12-01,4185.0,4253.499102333932,1230.0,40000.0,557,303,12,33,1,0,0,2015,12,4,Winter,4050.0,4200.0,4250.0,4200.0,,0.03333333333333344,-0.015294117647058791,,135.0,4166.666666666667,4136.666666666667,4097.272727272727,4200.0,4136.0,4100.0,104.08329997330607,89.91255010657108,109.95734710249323,4048.0,4250.0,-200.0,-150.0,,,,4097.272727272727,4100.0,109.95734710249323,,,-86.66666666666697,-86.0,0.02173550768087939,6.324358962381311,5.717027701406222,2.5649493574615367,3.5263605246161616,0.0017953321364452424,0.0,12,144,-2.4492935982947064e-16,1.0,-2.4492935982947064e-16,1.0,4600.0,8.434028950155469,0.09916367980884111,2016-01-01
Cotton,2016-01-01,4600.0,4552.615163147792,1075.0,6160.0,521,296,11,32,0,0,0,2016,1,1,Winter,4185.0,4050.0,4200.0,4072.0,4100.0,0.09916367980884111,0.09523809523809534,0.12195121951219523,415.0,4145.0,4134.166666666667,4104.583333333333,4185.0,4128.5,4100.0,82.61355820929134,87.98730969103816,107.85550800056808,4048.0,4250.0,-15.0,113.0,85.0,4100.0,0.12195121951219523,4104.583333333333,4100.0,107.85550800056808,,,50.83333333333303,56.5,0.021282961424963876,6.257667587882639,5.6937321388027,2.4849066497880004,3.4965075614664802,0.0,0.0,13,169,0.49999999999999994,0.8660254037844387,1.0,6.123233995736766e-17,4480.0,8.407601514786142,-0.02608695652173909,2016-02-01
Cotton,2016-02-01,4480.0,4463.430913348946,3400.0,6190.0,427,259,12,28,0,0,0,2016,2,1,Winter,4600.0,4185.0,4050.0,4048.0,3950.0,-0.02608695652173909,0.10617283950617273,0.13417721518987347,-120.0,4278.333333333333,4222.166666666667,4146.25,4185.0,4192.5,4142.5,286.6327499315679,202.67256022132497,179.02367796670717,4048.0,4600.0,550.0,552.0,650.0,3950.0,0.13417721518987347,4142.692307692308,4100.0,171.88144393514614,,,377.83333333333303,407.5,0.04800202744751706,6.059123195581797,5.560681631015528,2.5649493574615367,3.367295829986474,0.0,0.0,14,196,0.8660254037844386,0.5000000000000001,1.0,6.123233995736766e-17,4400.0,8.38958706681109,-0.017857142857142905,2016-03-01
Cotton,2016-03-01,4400.0,4373.785511363636,3450.0,6100.0,352,219,11,24,0,0,0,2016,3,1,Spring,4480.0,4600.0,4185.0,4250.0,3900.0,-0.017857142857142905,0.05137395459976113,0.1282051282051282,-80.0,4421.666666666667,4294.166666666667,4190.416666666667,4480.0,4225.0,4192.5,213.56107635365615,205.14425818595694,191.1712503743619,4050.0,4600.0,295.0,230.0,580.0,3900.0,0.1282051282051282,4166.785714285715,4142.5,188.14240865383317,,,185.83333333333303,255.0,0.04777277504815609,5.8664680569332965,5.393627546352362,2.4849066497880004,3.2188758248682006,0.0,0.0,15,225,1.0,6.123233995736766e-17,1.0,6.123233995736766e-17,4352.5,8.37873539826867,-0.010795454545454497,2016-04-01
Cotton,2016-04-01,4352.5,4344.3279569892475,3175.0,6162.0,186,132,10,20,0,0,0,2016,4,2,Spring,4400.0,4480.0,4600.0,4200.0,4100.0,-0.010795454545454497,-0.05380434782608701,0.06158536585365848,-47.5,4493.333333333333,4319.166666666667,4232.083333333333,4480.0,4300.0,4200.0,100.66445913693629,207.8080043373367,176.0064349718928,4050.0,4600.0,-200.0,200.0,300.0,4100.0,0.06158536585365848,4182.333333333333,4185.0,191.0368949655937,,,80.83333333333303,100.0,0.04811298576206908,5.231108616854587,4.890349128221754,2.3978952727983707,3.044522437723423,0.0,0.0,16,256,0.8660254037844387,-0.4999999999999998,1.2246467991473532e-16,-1.0,4275.0,8.360773272144936,-0.01780585870189544,2016-05-01
Cotton,2016-05-01,4275.0,4321.333333333333,3800.0,5108.0,54,36,5,11,0,0,0,2016,5,2,Summer,4352.5,4400.0,4480.0,4050.0,4200.0,-0.01780585870189544,-0.0457589285714286,0.017857142857142794,-77.5,4410.833333333333,4344.583333333333,4253.125,4400.0,4376.25,4200.0,64.43666140740264,199.47692013530425,173.86046194368822,4050.0,4600.0,-127.5,302.5,152.5,4200.0,0.017857142857142794,4192.96875,4192.5,189.39873888615708,,,7.91666666666697,-23.75,0.045913935774885416,4.007333185232471,3.6109179126442243,1.791759469228055,2.4849066497880004,0.0,0.0,17,289,0.49999999999999994,-0.8660254037844387,1.2246467991473532e-16,-1.0,4785.0,8.47345026846832,0.11929824561403501,2016-06-01
Cotton,2016-06-01,4785.0,4718.063909774436,2000.0,5800.0,133,82,9,16,0,0,0,2016,6,2,Summer,4275.0,4352.5,4400.0,4185.0,4200.0,0.11929824561403501,0.08749999999999991,0.13928571428571423,510.0,4342.5,4382.083333333333,4259.375,4352.5,4376.25,4225.0,63.09714732061323,147.3636375320132,173.12359287252224,4185.0,4600.0,-125.0,90.0,75.0,4200.0,0.13928571428571423,4197.794117647059,4200.0,184.46062069784796,,,-107.08333333333303,-101.25,0.03362867073089586,4.897839799950911,4.418840607796598,2.302585092994046,2.833213344056216,0.0,0.0,18,324,1.2246467991473532e-16,-1.0,1.2246467991473532e-16,-1.0,5175.0,8.551787836180736,0.08150470219435735,2016-07-01
Cotton,2016-07-01,5175.0,5184.455696202532,1050.0,15700.0,79,51,7,14,2,0,0,2016,7,3,Monsoon,4785.0,4275.0,4352.5,4600.0,4072.0,0.08150470219435735,0.18897185525560034,0.2708742632612966,390.0,4470.833333333333,4482.083333333333,4308.125,4352.5,4440.0,4262.5,274.8219120327416,185.51561030454178,228.41888604053702,4275.0,4785.0,432.5,185.0,713.0,4072.0,0.2708742632612966,4230.416666666667,4200.0,226.23076778837515,,,302.91666666666697,345.0,0.04139048663483316,4.382026634673881,3.9512437185814275,2.0794415416798357,2.70805020110221,0.02531645569620253,0.0,19,361,-0.4999999999999997,-0.8660254037844388,-1.0,-1.8369701987210297e-16,5500.0,8.612685172875459,0.06280193236714982,2016-08-01
Cotton,2016-08-01,5500.0,5383.430769230769,4000.0,6889.0,65,38,6,13,0,0,0,2016,8,3,Monsoon,5175.0,4785.0,4275.0,4480.0,4048.0,0.06280193236714982,0.2865497076023391,0.3586956521739131,325.0,4745.0,4577.916666666667,4400.041666666667,4785.0,4440.0,4313.75,451.3313638558677,341.5275123129417,325.89181545228706,4275.0,5175.0,900.0,695.0,1127.0,4048.0,0.3586956521739131,4280.131578947368,4200.0,308.70193472494486,,,597.083333333333,735.0,0.07460326108592519,4.189654742026425,3.6635616461296463,1.9459101490553132,2.6390573296152584,0.0,0.0,20,400,-0.8660254037844385,-0.5000000000000004,-1.0,-1.8369701987210297e-16,5000.0,8.517393171418904,-0.09090909090909094,2016-09-01
Cotton,2016-09-01,5000.0,5012.618421052632,3909.0,8000.0,76,50,9,12,0,0,0,2016,9,3,Monsoon,5500.0,5175.0,4785.0,4400.0,4250.0,-0.09090909090909094,0.04493207941483801,0.17647058823529416,-500.0,5153.333333333333,4747.916666666667,4521.041666666667,5175.0,4592.5,4376.25,357.99208557359134,500.09103337959033,434.6935419106053,4275.0,5500.0,715.0,1100.0,1250.0,4250.0,0.17647058823529416,4341.125,4200.0,405.81425213617416,,,752.083333333333,907.5,0.10532851953585053,4.343805421853684,3.9318256327243257,2.302585092994046,2.5649493574615367,0.0,0.0,21,441,-1.0,-1.8369701987210297e-16,-1.0,-1.8369701987210297e-16,5060.0,8.529319371214077,0.01200000000000001,2016-10-01
Cotton,2016-10-01,5060.0,4919.6832460732985,3810.0,6500.0,191,108,9,18,0,0,0,2016,10,4,Autumn,5000.0,5500.0,5175.0,4352.5,4200.0,0.01200000000000001,-0.022222222222222254,0.2047619047619047,60.0,5225.0,4847.916666666667,4583.541666666667,5175.0,4892.5,4440.0,253.72228912729724,476.0157998078073,445.95206929227237,4275.0,5500.0,-175.0,647.5,800.0,4200.0,0.2047619047619047,4372.5,4200.0,420.8600123556529,,,152.08333333333303,107.5,0.0981897653234841,5.2574953720277815,4.6913478822291435,2.302585092994046,2.9444389791664403,0.0,0.0,22,484,-0.8660254037844386,0.5000000000000001,-2.4492935982947064e-16,1.0,4750.0,8.46611040118692,-0.06126482213438733,2016-11-01
Cotton,2016-11-01,4750.0,4701.885196374622,66.0,6146.0,331,222,11,30,0,0,0,2016,11,4,Autumn,5060.0,5000.0,5500.0,4275.0,4050.0,-0.06126482213438733,-0.13636363636363635,0.1728395061728396,-310.0,5186.666666666667,4965.833333333333,4655.208333333333,5060.0,5030.0,4540.0,273.00793639256955,412.0851449235539,447.81091070051343,4275.0,5500.0,-440.0,785.0,1010.0,4050.0,0.1728395061728396,4403.75,4225.0,436.08839618329057,,,94.16666666666697,30.0,0.0829840869119424,5.805134968916488,5.407171771460119,2.4849066497880004,3.4339872044851463,0.0,0.0,23,529,-0.5000000000000004,0.8660254037844384,-2.4492935982947064e-16,1.0,4930.0,8.503297086224126,0.0378947368421052,2016-12-01
Cotton,2016-12-01,4930.0,4867.226315789474,3500.0,6649.0,570,289,11,31,0,0,0,2016,12,4,Winter,4750.0,5060.0,5000.0,4785.0,4185.0,0.0378947368421052,-0.014000000000000012,0.17801672640382327,180.0,4936.666666666667,5045.0,4713.541666666667,5000.0,5030.0,4675.0,164.41816606850415,275.9710129705651,405.3904660006712,4750.0,5500.0,-250.0,-35.0,565.0,4185.0,0.17801672640382327,4418.804347826087,4250.0,432.13588822189763,,,-295.0,-280.0,0.054701885623501506,6.3473892096560105,5.66988092298052,2.4849066497880004,3.4657359027997265,0.0,0.0,24,576,-2.4492935982947064e-16,1.0,-2.4492935982947064e-16,1.0,5100.0,8.537191877922927,0.034482758620689724,2017-01-01
Cotton,2017-01-01,5100.0,5019.4078947368425,3860.0,6149.0,152,87,8,19,0,0,0,2017,1,1,Winter,4930.0,4750.0,5060.0,5175.0,4600.0,0.034482758620689724,0.007905138339920903,0.10869565217391308,170.0,4913.333333333333,5069.166666666667,4775.625,4930.0,5030.0,4767.5,155.67059238446512,254.134150925582,372.8272281438863,4750.0,5500.0,-130.0,-245.0,330.0,4600.0,0.10869565217391308,4440.104166666667,4262.5,435.3281615548826,4350.0,4350.0,-139.16666666666697,-100.0,0.05013331926856787,5.030437921392435,4.477336814478207,2.1972245773362196,2.995732273553991,0.0,0.0,25,625,0.49999999999999994,0.8660254037844387,1.0,6.123233995736766e-17,5500.0,8.612685172875459,0.07843137254901955,2017-02-01
Cotton,2017-02-01,5500.0,5388.594160583942,54.6,7179.0,548,294,12,32,0,0,0,2017,2,1,Winter,5100.0,4930.0,4750.0,5500.0,4480.0,0.07843137254901955,0.1578947368421053,0.2276785714285714,400.0,4926.666666666667,5056.666666666667,4817.291666666667,4930.0,5030.0,4857.5,175.02380790432562,249.69314501336734,379.2987823443119,4750.0,5500.0,350.0,-400.0,620.0,4480.0,0.2276785714285714,4466.5,4275.0,446.1309598462471,4215.0,4215.0,43.33333333333303,70.0,0.04937900033224139,6.3080984415095305,5.68697535633982,2.5649493574615367,3.4965075614664802,0.0,0.0,26,676,0.8660254037844386,0.5000000000000001,1.0,6.123233995736766e-17,5500.0,8.612685172875459,0.0,2017-03-01
Cotton,2017-03-01,5500.0,5435.111458333334,3350.0,6450.0,480,261,11,29,0,0,0,2017,3,1,Spring,5500.0,5100.0,4930.0,5000.0,4400.0,0.0,0.11561866125760645,0.25,0.0,5176.666666666667,5056.666666666667,4902.291666666667,5100.0,5030.0,4965.0,292.63173671584116,249.69314501336734,409.89668644745706,4750.0,5500.0,570.0,500.0,1100.0,4400.0,0.25,4506.25,4313.75,481.8227319253425,4150.0,4150.0,443.33333333333303,470.0,0.04937900033224139,6.175867270105761,5.568344503761097,2.4849066497880004,3.4011973816621555,0.0,0.0,27,729,1.0,6.123233995736766e-17,1.0,6.123233995736766e-17,5400.0,8.594339400592892,-0.018181818181818188,2017-04-01
Cotton,2017-04-01,5400.0,5335.910416666667,3103.0,7000.0,240,152,9,22,0,0,0,2017,4,2,Spring,5500.0,5500.0,5100.0,5060.0,4352.5,-0.018181818181818188,0.05882352941176472,0.24066628374497423,-100.0,5366.666666666667,5140.0,4993.958333333333,5500.0,5080.0,5030.0,230.94010767584024,304.4339008717653,410.3538638304808,4750.0,5500.0,400.0,440.0,1147.5,4352.5,0.24066628374497423,4543.055555555556,4352.5,509.70550194985066,4226.25,4226.25,360.0,420.0,0.05922838538361192,5.484796933490655,5.030437921392435,2.302585092994046,3.1354942159291497,0.0,0.0,28,784,0.8660254037844387,-0.4999999999999998,1.2246467991473532e-16,-1.0,5050.0,8.527341522468053,-0.06481481481481477,2017-05-01
Cotton,2017-05-01,5050.0,4960.637640449439,3300.0,6011.0,178,122,9,20,0,0,0,2017,5,2,Summer,5400.0,5500.0,5500.0,4750.0,4275.0,-0.06481481481481477,-0.08181818181818179,0.18128654970760238,-350.0,5466.666666666667,5196.666666666667,5081.25,5500.0,5250.0,5080.0,57.73502691896271,317.9098404684361,371.02514617059006,4750.0,5500.0,-100.0,650.0,1125.0,4275.0,0.18128654970760238,4573.660714285715,4376.25,525.7417696925662,4237.5,4237.5,203.33333333333303,150.0,0.06117572298943606,5.187385805840755,4.812184355372417,2.302585092994046,3.044522437723423,0.0,0.0,29,841,0.49999999999999994,-0.8660254037844387,1.2246467991473532e-16,-1.0,4900.0,8.497194544909547,-0.02970297029702973,2017-06-01
Cotton,2017-06-01,4900.0,4856.120967741936,3141.0,6902.0,124,80,8,19,0,0,0,2017,6,2,Summer,5050.0,5400.0,5500.0,4930.0,4785.0,-0.02970297029702973,-0.10909090909090913,0.024033437826541215,-150.0,5316.666666666667,5246.666666666667,5145.833333333333,5400.0,5250.0,5080.0,236.2907813126306,249.93332444207283,272.22010924762037,4930.0,5500.0,-450.0,120.0,265.0,4785.0,0.024033437826541215,4590.086206896552,4400.0,523.7909218409156,4492.5,4492.5,-196.66666666666697,-200.0,0.04763659296862887,4.8283137373023015,4.394449154672439,2.1972245773362196,2.995732273553991,0.0,0.0,30,900,1.2246467991473532e-16,-1.0,1.2246467991473532e-16,-1.0,5000.0,8.517393171418904,0.020408163265306145,2017-07-01
Cotton,2017-07-01,5000.0,4942.333333333333,4000.0,5600.0,45,26,7,14,0,0,0,2017,7,3,Monsoon,4900.0,5050.0,5400.0,5100.0,5175.0,0.020408163265306145,-0.07407407407407407,-0.033816425120772986,100.0,5116.666666666667,5241.666666666667,5155.416666666667,5050.0,5250.0,5080.0,256.5800719723445,257.7143121106518,260.1176161708828,4900.0,5500.0,-500.0,-200.0,-275.0,5175.0,-0.033816425120772986,4600.416666666667,4440.0,517.7817088199488,4623.5,4623.5,-341.66666666666697,-350.0,0.049166482437644224,3.828641396489095,3.295836866004329,2.0794415416798357,2.70805020110221,0.0,0.0,31,961,-0.4999999999999997,-0.8660254037844388,-1.0,-1.8369701987210297e-16,4857.5,8.488485027279493,-0.02849999999999997,2017-08-01
Cotton,2017-08-01,4857.5,4796.666666666667,3725.0,5575.0,66,44,9,16,0,0,0,2017,8,3,Monsoon,5000.0,4900.0,5050.0,5500.0,5500.0,-0.02849999999999997,-0.03811881188118815,-0.11681818181818182,-142.5,4983.333333333333,5225.0,5140.833333333333,5000.0,5225.0,5055.0,76.37626158259889,271.569512280005,263.79945321237875,4900.0,5500.0,-50.0,-500.0,-500.0,5500.0,-0.11681818181818182,4613.306451612903,4480.0,514.112676972331,4774.0,4774.0,-225.0,-225.0,0.051975026273685165,4.204692619390966,3.8066624897703196,2.302585092994046,2.833213344056216,0.0,0.0,32,1024,-0.8660254037844385,-0.5000000000000004,-1.0,-1.8369701987210297e-16,4505.0,8.41316512099219,-0.07256819351518273,2017-09-01
Cotton,2017-09-01,4505.0,4563.123893805309,2500.0,5621.0,113,72,10,20,0,0,0,2017,9,3,Monsoon,4857.5,5000.0,4900.0,5500.0,5000.0,-0.07256819351518273,-0.08061224489795915,-0.09899999999999998,-352.5,4919.166666666667,5117.916666666667,5087.291666666667,4900.0,5025.0,5025.0,73.15793417896359,268.0970750804015,249.06520306696103,4857.5,5500.0,-42.5,-642.5,-142.5,5000.0,-0.09899999999999998,4620.9375,4540.0,507.5914783277672,4625.0,4625.0,-260.41666666666697,-167.5,0.052384025091017146,4.736198448394496,4.290459441148391,2.3978952727983707,3.044522437723423,0.0,0.0,33,1089,-1.0,-1.8369701987210297e-16,-1.0,-1.8369701987210297e-16,4300.0,8.366602832783736,-0.0455049944506104,2017-10-01
Cotton,2017-10-01,4300.0,4240.195652173913,3150.0,4900.0,46,30,7,8,0,0,0,2017,10,4,Autumn,4505.0,4857.5,5000.0,5400.0,5060.0,-0.0455049944506104,-0.14,-0.15019762845849804,-205.0,4787.5,4952.083333333333,5046.041666666667,4857.5,4950.0,5025.0,254.8161101657433,291.2233535736213,300.51368584273604,4505.0,5400.0,-495.0,-895.0,-555.0,5060.0,-0.15019762845849804,4617.424242424242,4505.0,500.0048924950033,4630.0,4630.0,-447.08333333333303,-445.0,0.05880824977506867,3.8501476017100584,3.4339872044851463,2.0794415416798357,2.1972245773362196,0.0,0.0,34,1156,-0.8660254037844386,0.5000000000000001,-2.4492935982947064e-16,1.0,4375.0,8.383890344101816,0.01744186046511631,2017-11-01
Cotton,2017-11-01,4375.0,4437.691343963554,2529.0,6000.0,439,258,12,27,0,0,0,2017,11,4,Autumn,4300.0,4505.0,4857.5,5050.0,4750.0,0.01744186046511631,-0.09933093154915085,-0.07894736842105265,75.0,4554.166666666667,4768.75,4982.708333333333,4505.0,4878.75,4965.0,281.9833032882153,298.9889211994313,369.4766851011472,4300.0,5050.0,-557.5,-750.0,-450.0,4750.0,-0.07894736842105265,4608.088235294118,4492.5,495.371034352615,4400.0,4400.0,-468.75,-578.75,0.06269754572989385,6.0867747269123065,5.556828061699537,2.5649493574615367,3.332204510175204,0.0,0.0,35,1225,-0.5000000000000004,0.8660254037844384,-2.4492935982947064e-16,1.0,4560.0,8.4252971767117,0.04228571428571426,2017-12-01
Cotton,2017-12-01,4560.0,4585.205078125,1210.0,7950.0,512,290,12,33,0,0,0,2017,12,4,Winter,4375.0,4300.0,4505.0,4900.0,4930.0,0.04228571428571426,0.01220865704772467,-0.07505070993914809,185.0,4393.333333333333,4656.25,4951.458333333333,4375.0,4681.25,4965.0,103.7223858833458,298.9889211994313,405.09041966709066,4300.0,5000.0,-130.0,-525.0,-555.0,4930.0,-0.07505070993914809,4601.428571428572,4480.0,489.61957235209917,4557.5,4557.5,-281.25,-306.25,0.06421238576095169,6.240275845170769,5.673323267171493,2.5649493574615367,3.5263605246161616,0.0,0.0,36,1296,-2.4492935982947064e-16,1.0,-2.4492935982947064e-16,1.0,5050.0,8.527341522468053,0.10745614035087714,2018-01-01
Cotton,2018-01-01,5050.0,5056.9939637826965,200.0,6999.0,497,284,12,35,0,0,0,2018,1,1,Winter,4560.0,4375.0,4300.0,5000.0,5100.0,0.10745614035087714,0.17441860465116288,-0.009803921568627416,490.0,4411.666666666667,4599.583333333333,4920.625,4375.0,4532.5,4950.0,133.82202110763996,274.7927249158289,420.6544211647534,4300.0,5000.0,260.0,-440.0,-540.0,5100.0,-0.009803921568627416,4600.277777777777,4492.5,482.6237138872784,4600.0,4600.0,-39.58333333333303,27.5,0.05974296039478118,6.210600077024653,5.652489180268651,2.5649493574615367,3.58351893845611,0.0,0.0,37,1369,0.49999999999999994,0.8660254037844387,1.0,6.123233995736766e-17,4804.0,8.477412321404392,-0.048712871287128756,2018-02-01
Cotton,2018-02-01,4804.0,4824.0074152542375,3785.0,6360.0,472,276,12,37,0,0,0,2018,2,1,Winter,5050.0,4560.0,4375.0,4857.5,5500.0,-0.048712871287128756,0.09805714285714284,-0.12654545454545452,-246.0,4661.666666666667,4607.916666666667,4916.458333333333,4560.0,4532.5,4950.0,348.795546607656,289.71717530492793,418.96037230340204,4300.0,5050.0,675.0,192.5,-450.0,5500.0,-0.12654545454545452,4612.4324324324325,4505.0,481.582506519481,4643.333333333333,4480.0,442.08333333333303,517.5,0.06287378793126205,6.159095388491933,5.6240175061873385,2.5649493574615367,3.6375861597263857,0.0,0.0,38,1444,0.8660254037844386,0.5000000000000001,1.0,6.123233995736766e-17,4665.0,8.448057452581375,-0.028934221482098232,2018-03-01
Cotton,2018-03-01,4665.0,4641.248633879782,2829.0,6025.0,366,240,11,30,0,0,0,2018,3,1,Spring,4804.0,5050.0,4560.0,4505.0,5500.0,-0.028934221482098232,0.023026315789473673,-0.15181818181818185,-139.0,4804.666666666667,4599.0,4858.458333333333,4804.0,4532.5,4878.75,245.00068027116467,281.19743953315026,376.8968666705257,4300.0,5050.0,244.0,299.0,-696.0,5500.0,-0.15181818181818185,4617.473684210527,4532.5,476.04547743473006,4600.0,4400.0,205.0,271.5,0.06114317015289199,5.905361848054571,5.484796933490655,2.4849066497880004,3.4339872044851463,0.0,0.0,39,1521,1.0,6.123233995736766e-17,1.0,6.123233995736766e-17,4500.0,8.412054873292933,-0.03536977491961413,2018-04-01
Cotton,2018-04-01,4500.0,4524.12676056338,3150.0,10650.0,71,45,8,15,1,0,0,2018,4,2,Spring,4665.0,4804.0,5050.0,4300.0,5400.0,-0.03536977491961413,-0.1089108910891089,-0.16666666666666663,-165.0,4839.666666666667,4625.666666666667,4788.875,4804.0,4612.5,4830.75,194.9623895353497,278.0695356680885,320.55520904433007,4300.0,5050.0,-385.0,365.0,-735.0,5400.0,-0.16666666666666663,4618.692307692308,4560.0,469.80160447879547,4617.5,4352.5,39.33333333333303,52.5,0.06011447769721593,4.276666119016055,3.828641396489095,2.1972245773362196,2.772588722239781,0.014084507042253521,0.0,40,1600,0.8660254037844387,-0.4999999999999998,1.2246467991473532e-16,-1.0,4575.0,8.428580533059634,0.016666666666666607,2018-05-01
Cotton,2018-05-01,4575.0,4452.543715846995,1025.0,5475.0,183,127,8,27,0,0,0,2018,5,2,Summer,4500.0,4665.0,4804.0,4375.0,5050.0,0.016666666666666607,-0.04766860949208995,-0.09405940594059403,75.0,4656.333333333333,4659.0,4713.875,4665.0,4612.5,4734.5,152.18519419882296,240.69898213328545,265.0535216106015,4375.0,5050.0,-304.0,125.0,-550.0,5050.0,-0.09405940594059403,4615.725,4532.5,464.1189744407115,4508.333333333333,4275.0,-159.0,-112.5,0.05166322861843431,5.214935757608986,4.852030263919617,2.1972245773362196,3.332204510175204,0.0,0.0,41,1681,0.49999999999999994,-0.8660254037844387,1.2246467991473532e-16,-1.0,4850.0,8.486940148245216,0.060109289617486406,2018-06-01
Cotton,2018-06-01,4850.0,4775.604166666667,1151.0,6600.0,120,81,8,23,0,0,0,2018,6,2,Summer,4575.0,4500.0,4665.0,4560.0,4900.0,0.060109289617486406,0.03965702036441576,-0.010204081632653073,275.0,4580.0,4692.333333333333,4674.291666666667,4575.0,4620.0,4620.0,82.61355820929205,204.65255108760883,245.00301095861602,4500.0,5050.0,-90.0,15.0,-325.0,4900.0,-0.010204081632653073,4614.731707317073,4560.0,458.3248997376343,4628.333333333333,4785.0,-117.33333333333303,-45.0,0.04361423977145887,4.795790545596741,4.406719247264253,2.1972245773362196,3.1780538303479458,0.0,0.0,42,1764,1.2246467991473532e-16,-1.0,1.2246467991473532e-16,-1.0,5000.0,8.517393171418904,0.030927835051546282,2018-07-01
Cotton,2018-07-01,5000.0,4969.875,3800.0,6059.0,8,6,4,5,0,0,0,2018,7,3,Monsoon,4850.0,4575.0,4500.0,5050.0,5000.0,0.030927835051546282,0.11111111111111116,0.0,150.0,4641.666666666667,4740.666666666667,4670.125,4575.0,4734.5,4620.0,184.27786989579994,201.36699497848755,241.2113487643712,4500.0,5050.0,350.0,-200.0,-150.0,5000.0,0.0,4620.333333333333,4567.5,454.1543154880543,4749.0,5000.0,109.33333333333303,115.5,0.04247651419880907,2.1972245773362196,1.9459101490553132,1.6094379124341003,1.791759469228055,0.0,0.0,43,1849,-0.4999999999999997,-0.8660254037844388,-1.0,-1.8369701987210297e-16,5600.0,8.630700432209832,0.1200000000000001,2018-08-01
Cotton,2018-08-01,5600.0,5470.0,1100.0,9350.0,44,33,7,16,0,0,0,2018,8,3,Monsoon,5000.0,4850.0,4575.0,4804.0,4857.5,0.1200000000000001,0.22404371584699456,0.15285640761708708,600.0,4808.333333333333,4732.333333333333,4670.125,4850.0,4734.5,4620.0,215.54195260629282,186.4903929607804,241.2113487643712,4500.0,5000.0,425.0,196.0,142.5,4857.5,0.15285640761708708,4629.162790697675,4575.0,452.4351140130781,4801.833333333333,4857.5,267.66666666666697,265.5,0.03940770436587598,3.8066624897703196,3.5263605246161616,2.0794415416798357,2.833213344056216,0.0,0.0,44,1936,-0.8660254037844385,-0.5000000000000004,-1.0,-1.8369701987210297e-16,5470.0,8.607216694063826,-0.023214285714285743,2018-09-01
Cotton,2018-09-01,5470.0,5354.153846153846,3653.0,6364.0,39,33,8,11,0,0,0,2018,9,3,Monsoon,5600.0,5000.0,4850.0,4665.0,4505.0,-0.023214285714285743,0.12783505154639174,0.21420643729189792,-130.0,5150.0,4865.0,4732.0,5000.0,4757.5,4620.0,396.8626966596887,403.98019753448233,359.7509239358905,4500.0,5600.0,750.0,935.0,1095.0,4505.0,0.21420643729189792,4651.227272727273,4587.5,470.4871356586664,4585.0,4505.0,735.0,842.5,0.08303806732466235,3.6888794541139363,3.5263605246161616,2.1972245773362196,2.4849066497880004,0.0,0.0,45,2025,-1.0,-1.8369701987210297e-16,-1.0,-1.8369701987210297e-16,5219.5,8.560348461730165,-0.045795246800731215,2018-10-01
Cotton,2018-10-01,5219.5,5220.253676470588,2000.0,6702.0,272,161,10,27,0,0,0,2018,10,4,Autumn,5470.0,5600.0,5000.0,4500.0,4300.0,-0.045795246800731215,0.04390000000000005,0.21383720930232553,-250.5,5356.666666666667,4999.166666666667,4812.416666666667,5470.0,4925.0,4734.5,315.64748269760275,454.7572612577679,408.8943980881593,4500.0,5600.0,470.0,970.0,1170.0,4300.0,0.21383720930232553,4669.422222222222,4600.0,480.858405680021,4520.0,4300.0,470.83333333333303,545.0,0.0909666133537792,5.60947179518496,5.087596335232384,2.3978952727983707,3.332204510175204,0.0,0.0,46,2116,-0.8660254037844386,0.5000000000000001,-2.4492935982947064e-16,1.0,5482.0,8.609407675404048,0.05029217357984472,2018-11-01
Cotton,2018-11-01,5482.0,5409.6207865168535,800.0,6607.0,178,130,9,23,0,0,0,2018,11,4,Autumn,5219.5,5470.0,5600.0,4575.0,4375.0,0.05029217357984472,-0.02107142857142852,0.2530285714285714,262.5,5429.833333333333,5119.083333333333,4889.041666666667,5470.0,5109.75,4827.0,193.40393825704092,386.55406047106186,389.85197997172935,4575.0,5600.0,-380.5,644.5,844.5,4375.0,0.2530285714285714,4681.380434782609,4632.5,482.35300794683826,4391.666666666667,4375.0,100.41666666666697,109.75,0.07551235940114184,5.187385805840755,4.875197323201151,2.302585092994046,3.1780538303479458,0.0,0.0,47,2209,-0.5000000000000004,0.8660254037844384,-2.4492935982947064e-16,1.0,5400.0,8.594339400592892,-0.014958044509303159,2018-12-01
Cotton,2018-12-01,5400.0,5396.255319148936,1090.0,7205.0,376,208,11,35,0,0,0,2018,12,4,Winter,5482.0,5219.5,5470.0,4850.0,4560.0,-0.014958044509303159,-0.012797074954296161,0.18421052631578938,-82.0,5390.5,5270.25,4981.291666666667,5470.0,5344.75,4925.0,148.21184163217166,298.56117463594995,388.12723185324046,4850.0,5600.0,12.0,632.0,922.0,4560.0,0.18421052631578938,4698.414893617021,4665.0,491.16659397217546,4558.333333333333,4560.0,211.75,137.25,0.05665028691920686,5.932245187448011,5.342334251964811,2.4849066497880004,3.58351893845611,0.0,0.0,48,2304,-2.4492935982947064e-16,1.0,-2.4492935982947064e-16,1.0,5400.0,8.594339400592892,0.0,2019-01-01
Cotton,2019-01-01,5400.0,5370.681818181818,1075.0,6725.0,440,243,11,30,0,0,0,2019,1,1,Winter,5400.0,5482.0,5219.5,5000.0,5050.0,0.0,0.03458185649966472,0.06930693069306937,0.0,5367.166666666667,5361.916666666667,5051.291666666667,5400.0,5435.0,5025.0,134.29476286636518,217.02636168600506,380.9199664408935,5000.0,5600.0,180.5,400.0,350.0,5050.0,0.06930693069306937,4713.03125,4707.5,496.35307661203666,4712.5,4825.0,38.08333333333303,-35.0,0.04047551932971824,6.089044875446846,5.497168225293202,2.4849066497880004,3.4339872044851463,0.0,0.0,49,2401,0.49999999999999994,0.8660254037844387,1.0,6.123233995736766e-17,5350.0,8.585038738311304,-0.0092592592592593,2019-02-01
Cotton,2019-02-01,5350.0,5262.357142857143,110.0,10000.0,420,236,11,34,1,0,0,2019,2,1,Winter,5400.0,5400.0,5482.0,5600.0,4804.0,-0.0092592592592593,-0.024078803356439304,0.11365528726061624,-50.0,5427.333333333333,5428.583333333333,5080.458333333333,5400.0,5435.0,5109.75,47.34272207354804,125.93824544857098,393.98750893520435,5219.5,5600.0,-82.0,-200.0,596.0,4804.0,0.11365528726061624,4727.051020408163,4750.0,500.8641412276261,4683.5,4642.0,-28.58333333333303,-35.0,0.023199099602149914,6.042632833682381,5.4680601411351315,2.4849066497880004,3.5553480614894135,0.002380952380952381,0.0,50,2500,0.8660254037844386,0.5000000000000001,1.0,6.123233995736766e-17,5300.0,8.575650760987806,-0.009345794392523366,2019-03-01
Cotton,2019-03-01,5300.0,5211.685410334347,1080.0,10500.0,329,200,11,31,1,0,0,2019,3,1,Spring,5350.0,5400.0,5400.0,5470.0,4665.0,-0.009345794392523366,-0.01851851851851849,0.1361200428724545,-50.0,5383.333333333333,5386.916666666667,5125.958333333333,5400.0,5400.0,5284.75,28.867513459481156,95.57950442780393,390.6717093285548,5219.5,5482.0,-50.0,-120.0,685.0,4665.0,0.1361200428724545,4739.51,4767.5,503.4942949031302,4616.25,4532.5,-36.91666666666697,-50.0,0.017742896417765993,5.799092654460526,5.303304908059076,2.4849066497880004,3.4657359027997265,0.00303951367781155,0.0,51,2601,1.0,6.123233995736766e-17,1.0,6.123233995736766e-17,5888.0,8.68084148294457,0.11094339622641503,2019-04-01
Cotton,2019-04-01,5888.0,5779.273037542662,1250.0,6450.0,293,177,10,27,0,0,0,2019,4,2,Spring,5300.0,5350.0,5400.0,5219.5,4500.0,0.11094339622641503,0.09037037037037043,0.3084444444444445,588.0,5350.0,5358.583333333333,5178.875,5350.0,5375.0,5325.0,49.999999999999886,91.11773519279687,364.70088148309037,5219.5,5482.0,-100.0,80.5,800.0,4500.0,0.3084444444444445,4750.5,4785.0,504.5752272951975,4588.125,4426.25,-58.58333333333303,-75.0,0.017004071696710303,5.683579767338681,5.181783550292085,2.3978952727983707,3.332204510175204,0.0,0.0,52,2704,0.8660254037844387,-0.4999999999999998,1.2246467991473532e-16,-1.0,5899.5,8.682792372065803,0.001953125,2019-05-01
Cotton,2019-05-01,5899.5,5673.953333333333,1220.0,6450.0,150,101,9,22,0,0,0,2019,5,2,Summer,5888.0,5300.0,5350.0,5482.0,4575.0,0.001953125,0.10271028037383179,0.28950819672131156,11.5,5512.666666666667,5470.0,5294.541666666667,5350.0,5400.0,5375.0,326.0081798564773,213.52657914179656,349.61221753753466,5300.0,5888.0,538.0,406.0,1313.0,4575.0,0.28950819672131156,4772.375,4794.5,523.9149653630566,4525.0,4425.0,418.0,488.0,0.03903593768588603,5.017279836814924,4.624972813284271,2.302585092994046,3.1354942159291497,0.0,0.0,53,2809,0.49999999999999994,-0.8660254037844387,1.2246467991473532e-16,-1.0,5838.0,8.672314828283538,-0.010424612255275911,2019-06-01
Cotton,2019-06-01,5838.0,5683.120879120879,1240.0,6660.0,91,60,9,21,0,0,0,2019,6,2,Summer,5899.5,5888.0,5300.0,5400.0,4850.0,-0.010424612255275911,0.1015094339622642,0.20371134020618564,-61.5,5695.833333333333,5539.583333333333,5404.916666666667,5888.0,5400.0,5400.0,342.84994288074955,276.8549108588549,308.4504404963968,5300.0,5899.5,599.5,499.5,1049.5,4850.0,0.20371134020618564,4793.641509433963,4804.0,541.459427215701,4683.75,4817.5,359.91666666666697,499.5,0.049977569466810964,4.5217885770490405,4.110873864173311,2.302585092994046,3.091042453358316,0.0,0.0,54,2916,1.2246467991473532e-16,-1.0,1.2246467991473532e-16,-1.0,5700.0,8.648396877031582,-0.023638232271325776,2019-07-01
Cotton,2019-07-01,5700.0,5615.720588235294,4789.0,6410.0,68,43,8,12,0,0,0,2019,7,3,Monsoon,5838.0,5899.5,5888.0,5400.0,5000.0,-0.023638232271325776,-0.03192934782608692,0.1399999999999999,-138.0,5875.166666666667,5612.583333333333,5487.25,5888.0,5619.0,5435.0,32.696839806521474,290.1166001225445,277.1349769598601,5300.0,5899.5,-50.0,438.0,838.0,5000.0,0.1399999999999999,4812.981481481482,4827.0,554.837371744691,4811.75,5000.0,225.41666666666697,219.0,0.05169038620763663,4.23410650459726,3.784189633918261,2.1972245773362196,2.5649493574615367,0.0,0.0,55,3025,-0.4999999999999997,-0.8660254037844388,-1.0,-1.8369701987210297e-16,5466.5,8.606576752550923,-0.04096491228070176,2019-08-01
Cotton,2019-08-01,5466.5,5404.379310344828,1160.0,7000.0,58,38,8,14,0,0,0,2019,8,3,Monsoon,5700.0,5838.0,5899.5,5350.0,5600.0,-0.04096491228070176,-0.07339605051275533,-0.02383928571428573,-233.5,5812.5,5662.583333333333,5545.583333333333,5838.0,5769.0,5476.0,102.16530722314693,271.39941353412013,235.84633222553816,5300.0,5899.5,-199.5,350.0,100.0,5600.0,-0.02383928571428573,4829.109090909091,4850.0,562.5381525407618,5001.375,5178.75,37.41666666666697,-69.0,0.04792855090299542,4.07753744390572,3.6635616461296463,2.1972245773362196,2.70805020110221,0.0,0.0,56,3136,-0.8660254037844385,-0.5000000000000004,-1.0,-1.8369701987210297e-16,5350.0,8.585038738311304,-0.02131162535443154,2019-09-01
Cotton,2019-09-01,5350.0,5280.476190476191,4600.0,5700.0,21,13,6,7,0,0,0,2019,9,3,Monsoon,5466.5,5700.0,5838.0,5300.0,5470.0,-0.02131162535443154,-0.0835902706406304,-0.021937842778793404,-116.5,5668.166666666667,5682.0,5534.458333333333,5700.0,5769.0,5468.25,187.7846727859688,247.69598301142798,236.19449404071227,5300.0,5899.5,-371.5,166.5,-3.5,5470.0,-0.021937842778793404,4840.491071428572,4853.75,563.8708386200728,4806.25,4752.5,-215.5,-302.5,0.043593098030874335,3.091042453358316,2.6390573296152584,1.9459101490553132,2.0794415416798357,0.0,0.0,57,3249,-1.0,-1.8369701987210297e-16,-1.0,-1.8369701987210297e-16,5200.0,8.556606193773073,-0.028037383177570097,2019-10-01
Cotton,2019-10-01,5200.0,5009.808139534884,950.0,6100.0,172,114,11,19,0,0,0,2019,10,4,Autumn,5350.0,5466.5,5700.0,5888.0,5219.5,-0.028037383177570097,-0.08771929824561409,-0.0037359900373599153,-150.0,5505.5,5690.333333333333,5524.458333333333,5466.5,5769.0,5433.25,178.22948689821243,232.65847645565006,241.64892437482888,5350.0,5899.5,-350.0,-538.0,130.5,5219.5,-0.0037359900373599153,4849.429824561404,4857.5,562.8738871582265,4694.875,4680.0,-340.33333333333303,-419.0,0.04088661644701249,5.153291594497779,4.74493212836325,2.4849066497880004,2.995732273553991,0.0,0.0,58,3364,-0.8660254037844386,0.5000000000000001,-2.4492935982947064e-16,1.0,5039.5,8.525260562493996,-0.030865384615384572,2019-11-01
Cotton,2019-11-01,5039.5,4928.980916030534,1051.0,8700.0,262,165,11,27,0,0,0,2019,11,4,Autumn,5200.0,5350.0,5466.5,5899.5,5482.0,-0.030865384615384572,-0.07811213756516966,-0.08071871579715428,-160.5,5338.833333333333,5575.666666666667,5522.833333333333,5350.0,5583.25,5433.25,133.60046157604913,280.3975154431011,243.9407839222517,5200.0,5899.5,-266.5,-699.5,-282.0,5482.0,-0.08071871579715428,4855.474137931034,4878.75,559.8103251965013,4664.25,4562.5,-375.66666666666697,-383.25,0.05028950477248181,5.572154032177765,5.111987788356544,2.4849066497880004,3.332204510175204,0.0,0.0,59,3481,-0.5000000000000004,0.8660254037844384,-2.4492935982947064e-16,1.0,4950.0,8.507344855361422,-0.017759698382776024,2019-12-01
Cotton,2019-12-01,4950.0,4999.212962962963,3500.0,6343.0,108,65,10,19,0,0,0,2019,12,4,Winter,5039.5,5200.0,5350.0,5838.0,5400.0,-0.017759698382776024,-0.07476635514018692,-0.08333333333333337,-89.5,5196.5,5432.333333333333,5485.958333333333,5200.0,5408.25,5400.0,155.27958655277266,300.81683241910514,281.2641477923024,5039.5,5838.0,-310.5,-798.5,-360.5,5400.0,-0.08333333333333337,4858.593220338983,4900.0,555.480294465475,4768.75,4745.0,-392.83333333333303,-368.75,0.05537525294577624,4.6913478822291435,4.189654742026425,2.3978952727983707,2.995732273553991,0.0,0.0,60,3600,-2.4492935982947064e-16,1.0,-2.4492935982947064e-16,1.0,5144.5,8.545877825276147,0.03929292929292938,2020-01-01
Cotton,2020-01-01,5144.5,5093.554964539007,3719.0,6240.0,282,185,11,23,0,0,0,2020,1,1,Winter,4950.0,5039.5,5200.0,5700.0,5400.0,0.03929292929292938,-0.010673076923076952,-0.04731481481481481,194.5,5063.166666666667,5284.333333333333,5448.458333333333,5039.5,5275.0,5375.0,126.66918857138612,278.96588799827106,320.96335519617327,4950.0,5700.0,-250.0,-750.0,-450.0,5400.0,-0.04731481481481481,4860.116666666667,4915.0,550.8791230316235,4850.0,5050.0,-334.33333333333303,-325.0,0.05279112243706637,5.645446897643238,5.225746673713202,2.4849066497880004,3.1780538303479458,0.0,0.0,61,3721,0.49999999999999994,0.8660254037844387,1.0,6.123233995736766e-17,5050.0,8.527341522468053,-0.018369132082806883,2020-02-01
Cotton,2020-02-01,5050.0,5037.738589211618,4000.0,6718.0,241,156,9,24,0,0,0,2020,2,1,Winter,5144.5,4950.0,5039.5,5466.5,5350.0,-0.018369132082806883,0.0020835400337335663,-0.05607476635514019,-94.5,5044.666666666667,5191.75,5427.166666666667,5039.5,5172.25,5350.0,97.35288045730019,192.06997422813697,332.72902798013155,4950.0,5466.5,105.0,-322.0,-205.5,5350.0,-0.05607476635514019,4864.7786885245905,4930.0,547.4813354854376,4816.8,4804.0,-47.25,-27.75,0.03699522785729994,5.488937726156687,5.056245805348308,2.302585092994046,3.2188758248682006,0.0,0.0,62,3844,0.8660254037844386,0.5000000000000001,1.0,6.123233995736766e-17,4942.5,8.505828861337188,-0.021287128712871306,2020-03-01
Cotton,2020-03-01,4942.5,4889.75,4099.0,5400.0,40,27,5,10,0,0,0,2020,3,1,Spring,5050.0,5144.5,4950.0,5350.0,5300.0,-0.021287128712871306,-0.0015151515151514694,-0.0674528301886792,-107.5,5048.166666666667,5122.333333333333,5402.166666666667,5050.0,5097.25,5325.0,97.26295971917254,141.52585158430912,349.88240448712787,4950.0,5350.0,100.0,-300.0,-250.0,5300.0,-0.0674528301886792,4867.7661290322585,4940.0,543.4845430240696,4753.0,4665.0,-72.33333333333303,-47.25,0.027629176465993843,3.713572066704308,3.332204510175204,1.791759469228055,2.3978952727983707,0.0,0.0,63,3969,1.0,6.123233995736766e-17,1.0,6.123233995736766e-17,3939.0,8.27893600229198,-0.20303490136570557,2020-04-01
Cotton,2020-04-01,3939.0,4041.5454545454545,3100.0,5120.0,11,9,1,4,0,0,0,2020,4,2,Spring,4942.5,5050.0,5144.5,5200.0,5888.0,-0.20303490136570557,-0.23432792302458938,-0.3310122282608695,-1003.5,5045.666666666667,5054.416666666667,5372.375,5050.0,5044.75,5275.0,101.06969542515392,102.93659051408312,373.7767396941133,4942.5,5200.0,-202.0,-257.5,-945.5,5888.0,-0.3310122282608695,4868.952380952381,4942.5,539.1660055741836,4848.1,4500.0,-111.91666666666697,-102.25,0.020365671709049796,2.4849066497880004,2.302585092994046,0.6931471805599453,1.6094379124341003,0.0,0.0,64,4096,0.8660254037844387,-0.4999999999999998,1.2246467991473532e-16,-1.0,4175.0,8.337109129562474,0.05991368367605987,2020-05-01
Cotton,2020-05-01,4175.0,4213.410256410257,1320.0,5405.0,78,69,6,17,0,0,0,2020,5,2,Summer,3939.0,4942.5,5050.0,5039.5,5899.5,0.05991368367605987,-0.1732673267326733,-0.2923129078735486,236.0,4643.833333333333,4844.25,5209.958333333333,4942.5,4994.75,5172.25,612.7655206792671,449.6486128078211,523.0108837009942,3939.0,5144.5,-1111.0,-1100.5,-1960.5,5899.5,-0.2923129078735486,4854.421875,4936.25,547.3558027023961,4799.9,4575.0,-905.25,-1055.75,0.092821099820988,4.3694478524670215,4.248495242049359,1.9459101490553132,2.8903717578961645,0.0,0.0,65,4225,0.49999999999999994,-0.8660254037844387,1.2246467991473532e-16,-1.0,4300.0,8.366602832783736,0.029940119760478945,2020-06-01
Cotton,2020-06-01,4300.0,4393.782258064516,2900.0,5450.0,124,81,6,15,0,0,0,2020,6,2,Summer,4175.0,3939.0,4942.5,4950.0,5838.0,0.029940119760478945,-0.1299949418310572,-0.26344638574854407,125.0,4352.166666666667,4700.166666666667,5066.25,4175.0,4946.25,5097.25,524.6847466177506,509.14287451231667,552.4153781349668,3939.0,5144.5,-767.5,-775.0,-1663.0,5838.0,-0.26344638574854407,4843.969230769231,4930.0,549.562467139507,4914.6,4850.0,-525.166666666667,-771.25,0.10832442988099357,4.8283137373023015,4.406719247264253,1.9459101490553132,2.772588722239781,0.0,0.0,66,4356,1.2246467991473532e-16,-1.0,1.2246467991473532e-16,-1.0,4454.5,8.401894567052775,0.03593023255813943,2020-07-01
Cotton,2020-07-01,4454.5,4450.0675675675675,2400.0,5363.0,74,51,5,14,0,0,0,2020,7,3,Monsoon,4300.0,4175.0,3939.0,5144.5,5700.0,0.03593023255813943,0.13087077938563096,-0.21850877192982454,154.5,4138.0,4591.833333333333,4938.083333333333,4175.0,4621.25,5044.75,183.32212086925054,514.4768864260715,535.2323978394512,3939.0,5144.5,361.0,-844.5,-1400.0,5700.0,-0.21850877192982454,4835.727272727273,4915.0,549.4140807877355,4989.4,5000.0,-291.83333333333303,-321.25,0.11204171603776375,4.31748811353631,3.9512437185814275,1.791759469228055,2.70805020110221,0.0,0.0,67,4489,-0.4999999999999997,-0.8660254037844388,-1.0,-1.8369701987210297e-16,4305.0,8.367764677924308,-0.033561566954764865,2020-08-01
Cotton,2020-08-01,4305.0,4324.482758620689,3128.0,5355.0,29,20,4,10,0,0,0,2020,8,3,Monsoon,4454.5,4300.0,4175.0,5050.0,5466.5,-0.033561566954764865,0.031137724550898138,-0.21247599012165008,-149.5,4309.833333333333,4476.833333333333,4834.291666666667,4300.0,4377.25,4994.75,140.00922588648749,437.60766294326356,493.15996198602727,3939.0,5050.0,279.5,-595.5,-1012.0,5466.5,-0.21247599012165008,4830.037313432836,4900.0,547.2215516743795,5094.4,5466.5,-22.33333333333303,77.25,0.09774937558763938,3.4011973816621555,3.044522437723423,1.6094379124341003,2.3978952727983707,0.0,0.0,68,4624,-0.8660254037844385,-0.5000000000000004,-1.0,-1.8369701987210297e-16,4571.0,8.427706024914702,0.06178861788617884,2020-09-01
Cotton,2020-09-01,4571.0,4554.211538461538,3150.0,5930.0,52,34,7,11,0,0,0,2020,9,3,Monsoon,4305.0,4454.5,4300.0,4942.5,5350.0,0.06178861788617884,0.0630232558139534,-0.145607476635514,266.0,4353.166666666667,4352.666666666667,4737.5,4305.0,4302.5,4946.25,87.79284329222693,336.45351338136624,471.2954101583881,3939.0,4942.5,5.0,-637.5,-1045.0,5350.0,-0.145607476635514,4822.316176470588,4878.75,546.841738848048,4915.0,5000.0,-47.66666666666697,2.5,0.07729824936009333,3.970291913552122,3.5553480614894135,2.0794415416798357,2.4849066497880004,0.0,0.0,69,4761,-1.0,-1.8369701987210297e-16,-1.0,-1.8369701987210297e-16,4502.5,8.412610151223797,-0.014985779916867226,2020-10-01
Cotton,2020-10-01,4502.5,4497.2584745762715,857.0,6250.0,118,81,9,23,0,0,0,2020,10,4,Autumn,4571.0,4305.0,4454.5,3939.0,5200.0,-0.014985779916867226,0.010775620159389376,-0.13413461538461535,-68.5,4443.5,4290.75,4672.583333333333,4454.5,4302.5,4756.75,133.34072896155988,220.34921148031944,431.20433003672883,3939.0,4571.0,116.5,632.0,-629.0,5200.0,-0.13413461538461535,4818.673913043478,4857.5,543.6484714279381,4795.9,5060.0,280.25,268.5,0.05135447450453171,4.77912349311153,4.406719247264253,2.302585092994046,3.1780538303479458,0.0,0.0,70,4900,-0.8660254037844386,0.5000000000000001,-2.4492935982947064e-16,1.0,4645.0,8.443761913330354,0.0316490838423098,2020-11-01
Cotton,2020-11-01,4645.0,4688.333333333333,3865.0,5700.0,30,23,6,8,0,0,0,2020,11,4,Autumn,4502.5,4571.0,4305.0,4175.0,5039.5,0.0316490838423098,0.07897793263646924,-0.07828157555313031,142.5,4459.5,4384.666666666667,4614.458333333333,4502.5,4379.75,4536.75,138.11498832494672,148.9676698705628,399.49135036337344,4175.0,4571.0,197.5,327.5,-537.0,5039.5,-0.07828157555313031,4814.157142857143,4853.75,541.0160432059399,4739.3,4750.0,117.83333333333303,122.75,0.03397468523731856,3.4339872044851463,3.1780538303479458,1.9459101490553132,2.1972245773362196,0.0,0.0,71,5041,-0.5000000000000004,0.8660254037844384,-2.4492935982947064e-16,1.0,5437.5,8.601258566533906,0.17061356297093644,2020-12-01
Cotton,2020-12-01,5437.5,5366.495035460994,3460.0,7100.0,141,112,9,23,0,0,0,2020,12,4,Winter,4645.0,4502.5,4571.0,4300.0,4950.0,0.17061356297093644,0.18956464668562667,0.0984848484848484,792.5,4572.833333333333,4463.0,4581.583333333333,4571.0,4478.5,4536.75,71.2676878629686,139.96678177338404,376.92896806918037,4300.0,4645.0,74.0,345.0,-305.0,4950.0,0.0984848484848484,4811.774647887324,4850.0,537.512762564311,4805.0,4930.0,182.0,166.5,0.031361591255519614,4.955827057601261,4.727387818712341,2.302585092994046,3.1780538303479458,0.0,0.0,72,5184,-2.4492935982947064e-16,1.0,-2.4492935982947064e-16,1.0,5417.5,8.59757430336305,-0.0036781609195402076,2021-01-01
Cotton,2021-01-01,5417.5,5397.30453038674,2089.0,7606.0,181,142,9,24,0,0,0,2021,1,1,Winter,5437.5,4645.0,4502.5,4454.5,5144.5,-0.0036781609195402076,0.2032204330927263,0.05306638157255317,-20.0,4861.666666666667,4652.583333333333,4622.208333333333,4645.0,4536.75,4536.75,503.7505169558969,401.34367027108374,441.0615015007098,4305.0,5437.5,935.0,983.0,293.0,5144.5,0.05306638157255317,4820.465277777777,4853.75,538.784392885339,4899.083333333333,5075.0,784.916666666667,900.75,0.0862625430899143,5.204006687076795,4.962844630259907,2.302585092994046,3.2188758248682006,0.0,0.0,73,5329,0.49999999999999994,0.8660254037844387,1.0,6.123233995736766e-17,5600.0,8.630700432209832,0.03368712505768334,2021-02-01
Cotton,2021-02-01,5600.0,5572.749032258064,2698.0,8150.0,217,155,9,23,0,0,0,2021,2,1,Winter,5417.5,5437.5,4645.0,4305.0,5050.0,0.03368712505768334,0.2055974165769645,0.10891089108910901,182.5,5166.666666666667,4813.083333333333,4644.958333333333,5417.5,4608.0,4536.75,451.88724626098184,489.2203406101019,476.09941944615906,4305.0,5437.5,772.5,1112.5,367.5,5050.0,0.10891089108910901,4828.643835616438,4857.5,539.5736452119452,4855.666666666667,4927.0,604.416666666667,809.5,0.1016438542050526,5.384495062789089,5.049856007249537,2.302585092994046,3.1780538303479458,0.0,0.0,74,5476,0.8660254037844386,0.5000000000000001,1.0,6.123233995736766e-17,5813.0,8.668024081118821,0.038035714285714395,2021-03-01
Cotton,2021-03-01,5813.0,5786.816666666667,3610.0,7019.0,180,127,9,21,0,0,0,2021,3,1,Spring,5600.0,5417.5,5437.5,4571.0,4942.5,0.038035714285714395,0.0690574712643679,0.17612544258978247,213.0,5485.0,5028.916666666667,4690.791666666667,5437.5,5031.25,4536.75,100.09370609583685,505.6219355078099,540.7246593202215,4502.5,5600.0,162.5,1029.0,657.5,4942.5,0.17612544258978247,4839.0675675675675,4878.75,543.3156662386092,4784.583333333333,4803.75,571.083333333333,568.75,0.10054291391608064,5.198497031265826,4.852030263919617,2.302585092994046,3.091042453358316,0.0,0.0,75,5625,1.0,6.123233995736766e-17,1.0,6.123233995736766e-17,5782.5,8.662764314735456,-0.0052468604851195755,2021-04-01
Cotton,2021-04-01,5782.5,5714.704545454545,3770.0,6974.0,88,62,7,17,0,0,0,2021,4,2,Spring,5813.0,5600.0,5417.5,4502.5,3939.0,-0.0052468604851195755,0.06737425011536691,0.4680121858339681,-30.5,5610.166666666667,5235.916666666667,4763.333333333333,5600.0,5427.5,4536.75,197.94591012024736,534.0922595082836,628.7839393815989,4502.5,5813.0,395.5,1310.5,1874.0,3939.0,0.4680121858339681,4852.053333333333,4900.0,551.2259896918068,4696.583333333333,4426.25,577.083333333333,385.5,0.10200549273606027,4.48863636973214,4.143134726391533,2.0794415416798357,2.8903717578961645,0.0,0.0,76,5776,0.8660254037844387,-0.4999999999999998,1.2246467991473532e-16,-1.0,5229.5,8.562262154783815,-0.0956333765672287,2021-05-01
Cotton,2021-05-01,5229.5,5294.833333333333,4500.0,6000.0,6,6,4,4,0,0,0,2021,5,2,Summer,5782.5,5813.0,5600.0,4645.0,4175.0,-0.0956333765672287,-0.06616071428571424,0.2525748502994012,-553.0,5731.833333333333,5449.25,4916.958333333333,5782.5,5518.75,4608.0,115.18499612941358,427.56505352986585,634.2518304819439,4645.0,5813.0,182.5,1137.5,1607.5,4175.0,0.2525748502994012,4864.296052631579,4915.0,557.8440234667249,4695.75,4425.0,333.25,263.75,0.07846310107443517,1.9459101490553132,1.9459101490553132,1.6094379124341003,1.6094379124341003,0.0,0.0,77,5929,0.49999999999999994,-0.8660254037844387,1.2246467991473532e-16,-1.0,6140.0,8.722742874329398,0.17410842336743482,2021-06-01
Cotton,2021-06-01,6140.0,6105.806451612903,4330.0,7350.0,31,24,5,7,0,0,0,2021,6,2,Summer,5229.5,5782.5,5813.0,5437.5,4300.0,0.17410842336743482,0.056253225528986706,0.4279069767441861,910.5,5608.333333333333,5546.666666666667,5004.833333333333,5782.5,5518.75,4937.25,328.4335295510082,227.41650482465798,593.8736601689149,5229.5,5813.0,-583.5,-208.0,929.5,4300.0,0.4279069767441861,4869.038961038961,4930.0,555.7224835520175,4812.166666666667,4817.5,-317.16666666666697,-289.25,0.0410005717832917,3.4657359027997265,3.2188758248682006,1.791759469228055,2.0794415416798357,0.0,0.0,78,6084,1.2246467991473532e-16,-1.0,1.2246467991473532e-16,-1.0,6326.5,8.75266049241928,0.030374592833876113,2021-07-01
Cotton,2021-07-01,6326.5,6235.0625,4300.0,7779.0,32,21,4,8,0,0,0,2021,7,3,Monsoon,6140.0,5229.5,5782.5,5417.5,4454.5,0.030374592833876113,0.09407695633376578,0.4202491862161859,186.5,5717.333333333333,5663.75,5158.166666666667,5782.5,5691.25,5323.5,458.73476359802186,321.39302263738864,631.6806706691038,5229.5,6140.0,357.5,722.5,1685.5,4454.5,0.4202491862161859,4885.333333333333,4936.25,570.5490729014856,4900.25,5000.0,476.25,448.75,0.05674562306552878,3.4965075614664802,3.091042453358316,1.6094379124341003,2.1972245773362196,0.0,0.0,79,6241,-0.4999999999999997,-0.8660254037844388,-1.0,-1.8369701987210297e-16,6500.0,8.77971129020447,0.02742432624673996,2021-08-01
Cotton,2021-08-01,6500.0,6593.285714285715,4440.0,9913.0,7,6,3,3,0,0,0,2021,8,3,Monsoon,6326.5,6140.0,5229.5,5600.0,4305.0,0.02742432624673996,0.2429486566593364,0.5098722415795587,173.5,5898.666666666667,5815.25,5314.166666666667,6140.0,5797.75,5427.5,586.9698317063092,389.1920798269114,671.9746455353974,5229.5,6326.5,1097.0,726.5,2021.5,4305.0,0.5098722415795587,4903.5759493670885,4942.5,589.6129928497406,4962.833333333333,5162.0,511.25,528.75,0.0669261132069836,2.0794415416798357,1.9459101490553132,1.3862943611198906,1.3862943611198906,0.0,0.0,80,6400,-0.8660254037844385,-0.5000000000000004,-1.0,-1.8369701987210297e-16,6511.0,8.781401907682376,0.0016923076923076597,2021-09-01
Cotton,2021-09-01,6511.0,6394.2307692307695,4400.0,7901.0,39,36,6,9,0,0,0,2021,9,3,Monsoon,6500.0,6326.5,6140.0,5813.0,4571.0,0.0016923076923076597,0.060423452768729735,0.424414788886458,11.0,6322.166666666667,5965.25,5497.083333333333,6326.5,5976.5,5518.75,180.03911612017183,457.14382310165473,671.0460231247284,5229.5,6500.0,360.0,687.0,1929.0,4571.0,0.424414788886458,4923.53125,4946.25,612.454123023549,4857.666666666667,4785.5,534.75,523.5,0.07663447853847781,3.6888794541139363,3.6109179126442243,1.9459101490553132,2.302585092994046,0.0,0.0,81,6561,-1.0,-1.8369701987210297e-16,-1.0,-1.8369701987210297e-16,6600.0,8.79497643168877,0.013669175241898257,2021-10-01
Cotton,2021-10-01,6600.0,6415.847619047619,2300.0,8601.0,105,83,8,15,0,0,0,2021,10,4,Autumn,6511.0,6500.0,6326.5,5782.5,4502.5,0.013669175241898257,0.04323085434284368,0.4658523042754026,89.0,6445.833333333333,6081.583333333333,5658.75,6500.0,6233.25,5691.25,103.49194815700729,497.66750111561805,661.2724476341035,5229.5,6511.0,184.5,728.5,2008.5,4502.5,0.4658523042754026,4943.12962962963,4950.0,633.6585179425202,4747.0,4781.25,429.41666666666697,277.75,0.08183189703048023,4.663439094112067,4.430816798843313,2.1972245773362196,2.772588722239781,0.0,0.0,82,6724,-0.8660254037844386,0.5000000000000001,-2.4492935982947064e-16,1.0,8100.0,8.999742789830492,0.2272727272727273,2021-11-01
Cotton,2021-11-01,8100.0,7977.132075471698,4350.0,14169.0,159,121,9,18,1,0,0,2021,11,4,Autumn,6600.0,6511.0,6500.0,5229.5,4645.0,0.2272727272727273,0.24615384615384617,0.743810548977395,1500.0,6537.0,6217.833333333333,5833.541666666667,6511.0,6413.25,5797.75,54.83611948341509,511.13312029907024,602.4575223929706,5229.5,6600.0,100.0,1370.5,1955.0,4645.0,0.743810548977395,4963.335365853659,4975.0,655.7776509604817,4723.583333333333,4697.5,382.16666666666697,186.75,0.08220437777881957,5.075173815233827,4.804021044733257,2.302585092994046,2.9444389791664403,0.006289308176100629,0.0,83,6889,-0.5000000000000004,0.8660254037844384,-2.4492935982947064e-16,1.0,7925.0,8.97790377375038,-0.021604938271604923,2021-12-01
Cotton,2021-12-01,7925.0,7878.453667953668,1925.0,15609.0,259,180,10,22,7,0,0,2021,12,4,Winter,8100.0,6600.0,6511.0,6140.0,5437.5,-0.021604938271604923,0.21717094148364313,0.45747126436781604,-175.0,7070.333333333333,6696.25,6121.458333333333,6600.0,6505.5,5976.5,892.8271575917329,706.9284086808206,781.7204644050806,6140.0,8100.0,1589.0,1960.0,2662.5,5437.5,0.45747126436781604,5001.126506024097,5000.0,737.1146568463032,4910.416666666667,4940.0,1403.75,1594.5,0.10557079091742701,5.560681631015528,5.198497031265826,2.3978952727983707,3.1354942159291497,0.02702702702702703,0.0,84,7056,-2.4492935982947064e-16,1.0,-2.4492935982947064e-16,1.0,8900.0,9.093918908958932,0.12302839116719233,2022-01-01
Cotton,2022-01-01,8900.0,8668.475433526011,5150.0,12775.0,346,206,11,25,11,0,0,2022,1,1,Winter,7925.0,8100.0,6600.0,6326.5,5417.5,0.12302839116719233,0.3484848484848484,0.6428241808952468,975.0,7541.666666666667,6993.75,6328.75,7925.0,6555.5,6233.25,820.1879865819378,796.0042556418887,904.0957938987731,6326.5,8100.0,1325.0,1598.5,2507.5,5417.5,0.6428241808952468,5035.934523809524,5000.0,799.1032578744462,4973.142857142857,5100.0,931.25,1369.5,0.11381651555201268,5.849324779946859,5.332718793265369,2.4849066497880004,3.258096538021482,0.031791907514450865,0.0,85,7225,0.49999999999999994,0.8660254037844387,1.0,6.123233995736766e-17,9200.0,9.127067452782361,0.03370786516853941,2022-02-01
Cotton,2022-02-01,9200.0,9056.304347826086,5150.0,11135.0,391,219,11,23,56,0,0,2022,2,1,Winter,8900.0,7925.0,8100.0,6500.0,5600.0,0.03370786516853941,0.1358024691358024,0.6428571428571428,300.0,8308.333333333334,7422.666666666667,6618.958333333333,8100.0,7262.5,6413.25,519.8156724583557,1024.974471226803,1118.5047132491686,6500.0,8900.0,800.0,2400.0,3300.0,5600.0,0.6428571428571428,5081.394117647059,5000.0,898.1218667112977,4962.0,5050.0,1477.333333333333,1637.5,0.13808709420156318,5.971261839790462,5.393627546352362,2.4849066497880004,3.1780538303479458,0.1432225063938619,0.0,86,7396,0.8660254037844386,0.5000000000000001,1.0,6.123233995736766e-17,9200.0,9.127067452782361,0.0,2022-03-01
Cotton,2022-03-01,9200.0,8990.018907563026,5000.0,12000.0,238,161,11,23,35,0,0,2022,3,1,Spring,9200.0,8900.0,7925.0,6511.0,5813.0,0.0,0.1608832807570979,0.5826595561672114,0.0,8675.0,7872.666666666667,6918.958333333333,8900.0,8012.5,6505.5,666.6145812986684,1126.5401309614606,1289.9993209711624,6511.0,9200.0,1275.0,2689.0,3387.0,5813.0,0.5826595561672114,5129.28488372093,5000.0,997.1842343811005,4931.5,4942.5,1327.333333333333,1187.5,0.14309511359490143,5.476463551931511,5.087596335232384,2.4849066497880004,3.1780538303479458,0.14705882352941177,0.0,87,7569,1.0,6.123233995736766e-17,1.0,6.123233995736766e-17,10000.0,9.210440366976517,0.08695652173913038,2022-04-01
Cotton,2022-04-01,10000.0,9949.580459770115,1900.0,12500.0,174,124,10,24,89,0,0,2022,4,2,Spring,9200.0,9200.0,8900.0,6600.0,5782.5,0.08695652173913038,0.12359550561797761,0.7293558149589279,800.0,9100.0,8320.833333333334,7201.208333333333,9200.0,8500.0,6555.5,173.20508075688505,1004.79060836906,1392.4833026309725,6600.0,9200.0,300.0,2600.0,3417.5,5782.5,0.7293558149589279,5176.074712643678,5000.0,1083.1813998285372,4851.714285714285,4500.0,879.1666666666661,700.0,0.1207560070148094,5.1647859739235145,4.8283137373023015,2.3978952727983707,3.2188758248682006,0.5114942528735632,0.0,88,7744,0.8660254037844387,-0.4999999999999998,1.2246467991473532e-16,-1.0,9540.0,9.163353580751846,-0.04600000000000004,2022-05-01
Cotton,2022-05-01,9540.0,9531.454545454546,6000.0,12300.0,33,22,5,7,12,0,0,2022,5,2,Summer,10000.0,9200.0,9200.0,8100.0,5229.5,-0.04600000000000004,0.03695652173913033,0.8242661822353954,-460.0,9466.666666666666,8887.5,7552.666666666667,9200.0,9050.0,7262.5,461.8802153517009,771.9698828322263,1527.545064553719,7925.0,10000.0,800.0,1900.0,4770.5,5229.5,0.8242661822353954,5230.892045454545,5019.75,1193.41135552634,4772.0,4575.0,1112.5,950.0,0.08686018372233208,3.5263605246161616,3.1354942159291497,1.791759469228055,2.0794415416798357,0.36363636363636365,0.0,89,7921,0.49999999999999994,-0.8660254037844387,1.2246467991473532e-16,-1.0,10500.0,9.259225769705994,0.10062893081761004,2022-06-01
Cotton,2022-06-01,10500.0,10304.464788732394,6000.0,13001.0,71,49,9,13,46,0,0,2022,6,2,Summer,9540.0,10000.0,9200.0,7925.0,6140.0,0.10062893081761004,0.14130434782608692,0.7100977198697069,960.0,9580.0,9127.5,7911.875,9540.0,9200.0,8012.5,401.4971979976951,698.5252321856399,1435.6296072867062,7925.0,10000.0,340.0,1615.0,3400.0,6140.0,0.7100977198697069,5279.308988764045,5039.5,1271.4873415378586,5001.857142857143,4850.0,412.5,340.0,0.07652974332354312,4.276666119016055,3.912023005428146,2.302585092994046,2.6390573296152584,0.647887323943662,0.0,90,8100,1.2246467991473532e-16,-1.0,1.2246467991473532e-16,-1.0,9109.5,9.117182873489933,-0.13242857142857145,2022-07-01
Cotton,2022-07-01,9109.5,8511.795454545454,5100.0,11050.0,44,30,6,11,9,0,0,2022,7,3,Monsoon,10500.0,9540.0,10000.0,8900.0,6326.5,-0.13242857142857145,-0.08904999999999996,0.43989567691456566,-1390.5,10013.333333333334,9556.666666666666,8275.208333333334,10000.0,9370.0,8500.0,480.13886880082254,595.3710327742446,1496.8473757494048,8900.0,10500.0,500.0,1600.0,4173.5,6326.5,0.43989567691456566,5337.316666666667,5044.75,1378.8963985046116,5104.0,5000.0,943.3333333333339,1130.0,0.06229902679883968,3.8066624897703196,3.4339872044851463,1.9459101490553132,2.4849066497880004,0.20454545454545456,0.0,91,8281,-0.4999999999999997,-0.8660254037844388,-1.0,-1.8369701987210297e-16,9595.0,9.169101623959586,0.053296009660244836,2022-08-01
Cotton,2022-08-01,9595.0,9014.372881355932,5000.0,11720.0,59,36,6,12,23,0,0,2022,8,3,Monsoon,9109.5,10500.0,9540.0,9200.0,6500.0,0.053296009660244836,0.005765199161425594,0.47615384615384615,485.5,9716.5,9591.583333333334,8507.125,9540.0,9370.0,9004.75,711.8544443915484,553.852906164327,1378.3793864370389,9109.5,10500.0,-430.5,-90.5,2609.5,6500.0,0.47615384615384615,5378.7692307692305,5050.0,1427.0934725823602,5182.428571428572,5466.5,-482.08333333333394,-260.5,0.05774363699052054,4.0943445622221,3.6109179126442243,1.9459101490553132,2.5649493574615367,0.3898305084745763,0.0,92,8464,-0.8660254037844385,-0.5000000000000004,-1.0,-1.8369701987210297e-16,9400.0,9.148571345578551,-0.020323084940072955,2022-09-01
Cotton,2022-09-01,9400.0,9053.628099173553,5000.0,11555.0,121,83,10,16,20,0,0,2022,9,3,Monsoon,9595.0,9109.5,10500.0,9200.0,6511.0,-0.020323084940072955,-0.10476190476190472,0.44371064352634004,-195.0,9734.833333333334,9657.416666666666,8765.041666666666,9595.0,9567.5,9154.75,705.7177788134103,520.4680986061214,1252.484666179652,9109.5,10500.0,-905.0,395.0,3084.0,6511.0,0.44371064352634004,5424.597826086957,5050.0,1485.7454491855062,5093.857142857143,5000.0,-62.41666666666606,27.5,0.05389309756123064,4.804021044733257,4.430816798843313,2.3978952727983707,2.833213344056216,0.1652892561983471,0.0,93,8649,-1.0,-1.8369701987210297e-16,-1.0,-1.8369701987210297e-16,8276.75,9.021326471321103,-0.11949468085106385,2022-10-01
Cotton,2022-10-01,8276.75,8164.4157303370785,6025.0,9900.0,178,106,10,19,0,0,0,2022,10,4,Autumn,9400.0,9595.0,9109.5,10000.0,6600.0,-0.11949468085106385,-0.09141555518963718,0.2540530303030304,-1123.25,9368.166666666666,9690.75,9005.791666666666,9400.0,9567.5,9200.0,244.3104241192624,490.87714858201014,1039.3545955922802,9109.5,10500.0,290.5,-600.0,2800.0,6600.0,0.2540530303030304,5467.344086021505,5050.0,1534.0727513403208,5011.714285714285,5060.0,-290.75,-167.5,0.050654195865336545,5.187385805840755,4.672828834461906,2.3978952727983707,2.995732273553991,0.0,0.0,94,8836,-0.8660254037844386,0.5000000000000001,-2.4492935982947064e-16,1.0,8250.0,9.018089684104343,-0.003231944905911166,2022-11-01
Cotton,2022-11-01,8250.0,8103.19347826087,5700.0,9900.0,230,142,10,26,0,0,0,2022,11,4,Autumn,8276.75,9400.0,9595.0,9540.0,8100.0,-0.003231944905911166,-0.14017717561229803,0.0185185185185186,-26.75,9090.583333333334,9403.541666666666,9145.520833333334,9400.0,9470.0,9200.0,711.5123124959499,722.9980016685178,762.3060145071618,8276.75,10500.0,-1318.25,-1263.25,176.75,8100.0,0.0185185185185186,5497.231382978724,5050.0,1553.0742424212247,5205.928571428572,4750.0,-1126.791666666666,-1193.25,0.07688571256416876,5.442417710521793,4.962844630259907,2.3978952727983707,3.295836866004329,0.0,0.0,95,9025,-0.5000000000000004,0.8660254037844384,-2.4492935982947064e-16,1.0,8450.0,9.042040056544483,0.024242424242424176,2022-12-01
Cotton,2022-12-01,8450.0,8314.78978978979,1962.0,9795.0,333,200,11,31,0,0,0,2022,12,4,Winter,8250.0,8276.75,9400.0,10500.0,7925.0,0.024242424242424176,-0.10106382978723405,0.06624605678233442,200.0,8642.25,9188.541666666666,9158.020833333334,8276.75,9254.75,9200.0,656.3670371827042,854.2034947345209,744.6282664580621,8250.0,10500.0,-1150.0,-2250.0,325.0,7925.0,0.06624605678233442,5526.207894736842,5050.0,1570.396522824658,5341.071428571428,4950.0,-938.5416666666661,-1004.75,0.09296398990422175,5.811140992976701,5.303304908059076,2.4849066497880004,3.4657359027997265,0.0,0.0,96,9216,-2.4492935982947064e-16,1.0,-2.4492935982947064e-16,1.0,7900.0,8.974744612722734,-0.0650887573964497,2023-01-01
Cotton,2023-01-01,7900.0,7608.38,4500.0,8770.0,100,59,6,15,0,0,0,2023,1,1,Winter,8450.0,8250.0,8276.75,9109.5,8900.0,-0.0650887573964497,-0.045519074515963376,-0.1123595505617978,-550.0,8325.583333333334,8846.875,9201.770833333334,8276.75,8779.75,9200.0,108.5749549082778,595.5538965954296,678.0431859598035,8250.0,9595.0,173.25,-659.5,-450.0,8900.0,-0.1123595505617978,5556.6640625,5055.0,1590.3563494371008,5464.0,5122.25,-396.875,-329.75,0.06731799608284615,4.61512051684126,4.0943445622221,1.9459101490553132,2.772588722239781,0.0,0.0,97,9409,0.49999999999999994,0.8660254037844387,1.0,6.123233995736766e-17,7804.0,8.962519832949532,-0.012151898734177213,2023-02-01
Cotton,2023-02-01,7804.0,7776.166237113402,5500.0,10205.0,388,212,11,28,3,0,0,2023,2,1,Winter,7900.0,8450.0,8250.0,9595.0,9200.0,-0.012151898734177213,-0.05406060606060603,-0.1517391304347826,-96.0,8200.0,8645.291666666666,9118.4375,8250.0,8363.375,9200.0,278.3882181415033,686.6159846789648,773.2679481281233,7900.0,9595.0,-350.0,-1695.0,-1300.0,9200.0,-0.1517391304347826,5580.822164948454,5060.0,1599.8430196260838,5491.75,5200.0,-745.2916666666661,-463.375,0.07942080049494742,5.963579343618446,5.3612921657094255,2.4849066497880004,3.367295829986474,0.007731958762886598,0.0,98,9604,0.8660254037844386,0.5000000000000001,1.0,6.123233995736766e-17,7631.0,8.940105213128122,-0.022168118913377777,2023-03-01
Cotton,2023-03-01,7631.0,7614.327838827839,6080.0,10700.0,273,189,11,28,2,0,0,2023,3,1,Spring,7804.0,7900.0,8450.0,9400.0,9200.0,-0.022168118913377777,-0.09692307692307689,-0.17054347826086957,-173.0,8051.333333333333,8346.791666666666,9002.104166666666,7900.0,8263.375,9154.75,348.57615141219065,570.6872702423467,860.024771434559,7804.0,9400.0,-646.0,-1596.0,-1396.0,9200.0,-0.17054347826086957,5603.507653061224,5080.0,1607.3409680893967,5465.0625,5121.25,-542.7916666666661,-459.375,0.06837205156580284,5.6131281063880705,5.247024072160486,2.4849066497880004,3.367295829986474,0.007326007326007326,0.0,99,9801,1.0,6.123233995736766e-17,1.0,6.123233995736766e-17,7690.0,8.947806093057054,0.007731621019525514,2023-04-01
Cotton,2023-04-01,7690.0,7606.609452736318,6080.0,10290.0,201,128,9,28,1,0,0,2023,4,2,Spring,7631.0,7804.0,7900.0,8276.75,10000.0,0.007731621019525514,-0.02658227848101269,-0.23099999999999998,59.0,7778.333333333333,8051.958333333333,8871.354166666666,7804.0,8075.0,8779.75,136.3243680833854,319.36485469860065,942.5152907991235,7631.0,8450.0,-269.0,-645.75,-2369.0,10000.0,-0.23099999999999998,5623.987373737374,5100.0,1612.049862963546,5495.25,4950.0,-420.95833333333303,-444.0,0.03966300389018415,5.308267697401205,4.859812404361672,2.302585092994046,3.367295829986474,0.004975124378109453,0.0,100,10000,0.8660254037844387,-0.4999999999999998,1.2246467991473532e-16,-1.0,7550.0,8.929435283803425,-0.01820546163849157,2023-05-01
Cotton,2023-05-01,7550.0,7488.115555555555,5980.0,8375.0,225,150,9,25,0,0,0,2023,5,2,Summer,7690.0,7631.0,7804.0,8250.0,9540.0,-0.01820546163849157,-0.03254741158380314,-0.2085953878406709,-140.0,7708.333333333333,7954.166666666667,8678.854166666666,7690.0,7852.0,8363.375,87.945058606691,326.5188611193194,926.8111044814667,7631.0,8450.0,-114.0,-560.0,-1850.0,9540.0,-0.2085953878406709,5644.6475,5122.25,1617.13923314054,5368.0,4812.5,-264.16666666666697,-162.0,0.04105004016167452,5.420534999272286,5.017279836814924,2.302585092994046,3.258096538021482,0.0,0.0,101,10201,0.49999999999999994,-0.8660254037844387,1.2246467991473532e-16,-1.0,7050.0,8.860924729719041,-0.06622516556291391,2023-06-01
Cotton,2023-06-01,7050.0,6903.5672268907565,1766.0,8117.0,238,143,9,25,0,0,0,2023,6,2,Summer,7550.0,7690.0,7631.0,8450.0,10500.0,-0.06622516556291391,-0.07613681037871833,-0.3285714285714286,-500.0,7623.666666666667,7837.5,8513.020833333334,7631.0,7747.0,8263.375,70.28750481653415,324.7274241575378,936.7010926792601,7550.0,8450.0,-81.0,-900.0,-2950.0,10500.0,-0.3285714285714286,5663.512376237623,5144.5,1620.1642341041531,5689.125,4875.0,-287.5,-197.0,0.041432526208298286,5.476463551931511,4.969813299576001,2.302585092994046,3.258096538021482,0.0,0.0,102,10404,1.2246467991473532e-16,-1.0,1.2246467991473532e-16,-1.0,6850.0,8.832149906002899,-0.028368794326241176,2023-07-01
Cotton,2023-07-01,6850.0,6756.423357664234,5050.0,9500.0,137,90,9,19,0,0,0,2023,7,3,Monsoon,7050.0,7550.0,7690.0,7900.0,9109.5,-0.028368794326241176,-0.10923276983094932,-0.2480377627751249,-200.0,7430.0,7604.166666666667,8225.520833333334,7550.0,7660.5,8075.0,336.4520768252159,298.52063021951034,789.2440029024162,7050.0,7900.0,-640.0,-850.0,-2059.5,9109.5,-0.2480377627751249,5677.105392156863,5159.75,1617.9583636883406,5604.6875,5087.5,-554.166666666667,-610.5,0.03925750753571643,4.927253685157205,4.51085950651685,2.302585092994046,2.995732273553991,0.0,0.0,103,10609,-0.4999999999999997,-0.8660254037844388,-1.0,-1.8369701987210297e-16,7000.0,8.853808274977197,0.021897810218978186,2023-08-01
Cotton,2023-08-01,7000.0,6865.8740157480315,4101.0,10000.0,127,83,9,16,1,0,0,2023,8,3,Monsoon,6850.0,7050.0,7550.0,7804.0,9595.0,0.021897810218978186,-0.07284768211920534,-0.27045336112558627,150.0,7150.0,7429.166666666667,8037.229166666667,7050.0,7590.5,7852.0,360.5551275464003,385.50559874877536,827.7659107112418,6850.0,7804.0,-700.0,-954.0,-2745.0,9595.0,-0.27045336112558627,5688.492718446602,5175.0,1614.1501787562433,5734.0,5483.25,-579.166666666667,-740.5,0.051890826528158206,4.852030263919617,4.430816798843313,2.302585092994046,2.833213344056216,0.007874015748031496,0.0,104,10816,-0.8660254037844385,-0.5000000000000004,-1.0,-1.8369701987210297e-16,6950.0,8.846640813100485,-0.0071428571428571175,2023-09-01
Cotton,2023-09-01,6950.0,6823.709325153375,4800.0,7850.0,163,109,11,19,0,0,0,2023,9,3,Monsoon,7000.0,6850.0,7050.0,7631.0,9400.0,-0.0071428571428571175,-0.014184397163120588,-0.2606382978723404,-50.0,6966.666666666667,7295.166666666667,7820.979166666667,7000.0,7300.0,7747.0,104.08329997331128,368.51616879948494,715.1087684142076,6850.0,7690.0,-50.0,-631.0,-2400.0,9400.0,-0.2606382978723404,5701.103365384615,5187.5,1611.435330619916,5632.125,5175.0,-295.16666666666697,-300.0,0.05051511303824244,5.099866427824199,4.700480365792417,2.4849066497880004,2.995732273553991,0.0,0.0,105,11025,-1.0,-1.8369701987210297e-16,-1.0,-1.8369701987210297e-16,6775.0,8.821142236331891,-0.025179856115107868,2023-10-01
Cotton,2023-10-01,6775.0,6516.854166666667,4000.0,7600.0,48,30,8,11,0,0,0,2023,10,4,Autumn,6950.0,7000.0,6850.0,7690.0,8276.75,-0.025179856115107868,-0.010948905109489093,-0.18144199111970283,-175.0,6933.333333333333,7181.666666666667,7616.8125,6950.0,7025.0,7660.5,76.37626158260382,348.735812136708,555.1638284510809,6850.0,7690.0,100.0,-740.0,-1326.75,8276.75,-0.18144199111970283,5712.997619047619,5200.0,1608.2941334923808,5419.84375,5130.0,-231.66666666666697,-75.0,0.04855917551218955,3.8918202981106265,3.4339872044851463,2.1972245773362196,2.4849066497880004,0.0,0.0,106,11236,-0.8660254037844386,0.5000000000000001,-2.4492935982947064e-16,1.0,6950.0,8.846640813100485,0.02583025830258312,2023-11-01
Cotton,2023-11-01,6950.0,6874.64367816092,4700.0,8000.0,261,161,9,27,0,0,0,2023,11,4,Autumn,6775.0,6950.0,7000.0,7550.0,8250.0,0.02583025830258312,-0.0071428571428571175,-0.1575757575757576,175.0,6908.333333333333,7029.166666666667,7491.666666666667,6950.0,6975.0,7590.5,118.14539065631935,274.05139420672117,562.0958076428823,6775.0,7550.0,-225.0,-775.0,-1475.0,8250.0,-0.1575757575757576,5723.016509433963,5209.75,1603.9375686508513,5586.4375,4894.75,-254.16666666666697,-200.0,0.03898775021316721,5.568344503761097,5.087596335232384,2.302585092994046,3.332204510175204,0.0,0.0,107,11449,-0.5000000000000004,0.8660254037844384,-2.4492935982947064e-16,1.0,6800.0,8.824824939175638,-0.021582733812949617,2023-12-01
Cotton,2023-12-01,6800.0,6707.202492211838,1300.0,8400.0,321,186,10,28,0,0,0,2023,12,4,Winter,6950.0,6775.0,6950.0,7050.0,8450.0,-0.021582733812949617,-0.021582733812949617,-0.1952662721893491,-150.0,6891.666666666667,6929.166666666667,7383.333333333333,6950.0,6950.0,7300.0,101.03629710818919,100.51948401502376,526.8231259736172,6775.0,7050.0,0.0,-100.0,-1500.0,8450.0,-0.1952662721893491,5734.4836448598135,5219.5,1600.7547439628622,5729.6875,5175.0,20.83333333333303,0.0,0.01450672048322652,5.7745515455444085,5.231108616854587,2.3978952727983707,3.367295829986474,0.0,0.0,108,11664,-2.4492935982947064e-16,1.0,-2.4492935982947064e-16,1.0,6650.0,8.802522498284421,-0.022058823529411797,2024-01-01
Cotton,2024-01-01,6650.0,6541.224609375,4198.0,9029.0,256,161,10,21,0,0,0,2024,1,1,Winter,6800.0,6950.0,6775.0,6850.0,7900.0,-0.022058823529411797,-0.01845018450184499,-0.15822784810126578,-150.0,6841.666666666667,6887.5,7245.833333333333,6800.0,6900.0,7025.0,94.64847243000966,91.85586535425762,429.43871048219916,6775.0,7000.0,25.0,-50.0,-1100.0,7900.0,-0.15822784810126578,5744.349537037037,5224.5,1596.552601401482,5734.666666666667,5144.5,-87.5,-100.0,0.013336604770128147,5.54907608489522,5.087596335232384,2.3978952727983707,3.091042453358316,0.0,0.0,109,11881,0.49999999999999994,0.8660254037844387,1.0,6.123233995736766e-17,6500.0,8.77971129020447,-0.022556390977443663,2024-02-01
Cotton,2024-02-01,6500.0,6418.4876325088335,4200.0,7200.0,283,168,10,22,0,0,0,2024,2,1,Winter,6650.0,6800.0,6950.0,7000.0,7804.0,-0.022556390977443663,-0.06474820143884896,-0.16709379805228086,-150.0,6800.0,6854.166666666667,7141.666666666667,6800.0,6875.0,6975.0,150.00000000000318,134.551724874287,407.3716938739181,6650.0,7000.0,-300.0,-350.0,-1154.0,7804.0,-0.16709379805228086,5752.658256880734,5229.5,1591.5097663579302,5748.666666666667,5350.0,-204.16666666666697,-225.0,0.019630646790169532,5.648974238161206,5.1298987149230735,2.3978952727983707,3.1354942159291497,0.0,0.0,110,12100,0.8660254037844386,0.5000000000000001,1.0,6.123233995736766e-17,7000.0,8.853808274977197,0.07692307692307687,2024-03-01
Cotton,2024-03-01,7000.0,6934.08,3899.0,7900.0,200,143,10,18,0,0,0,2024,3,1,Spring,6500.0,6650.0,6800.0,6950.0,7631.0,0.07692307692307687,0.02941176470588225,-0.08268903158170615,500.0,6650.0,6770.833333333333,7033.0,6650.0,6787.5,6950.0,150.00000000000318,174.94046606387244,388.0976915440579,6500.0,6950.0,-300.0,-450.0,-1131.0,7631.0,-0.08268903158170615,5759.452272727272,5264.75,1585.7941678446218,5705.722222222223,5300.0,-270.83333333333303,-287.5,0.02583736114174116,5.303304908059076,4.969813299576001,2.3978952727983707,2.9444389791664403,0.0,0.0,111,12321,1.0,6.123233995736766e-17,1.0,6.123233995736766e-17,7056.5,8.861846160127644,0.008071428571428507,2024-04-01
Cotton,2024-04-01,7056.5,6979.391304347826,4388.0,8075.0,138,95,9,20,0,0,0,2024,4,2,Spring,7000.0,6500.0,6650.0,6775.0,7690.0,0.008071428571428507,0.06112781954887225,-0.0823797139141742,56.5,6716.666666666667,6779.166666666667,6980.416666666667,6650.0,6787.5,6950.0,256.58007197234593,186.0219521095426,339.4009316785254,6500.0,7000.0,350.0,225.0,-690.0,7690.0,-0.0823797139141742,5770.628378378378,5300.0,1582.954937431052,5739.111111111111,5400.0,220.83333333333303,212.5,0.027440238786902413,4.9344739331306915,4.564348191467836,2.302585092994046,3.044522437723423,0.0,0.0,112,12544,0.8660254037844387,-0.4999999999999998,1.2246467991473532e-16,-1.0,6910.0,8.840869624091395,-0.020761000495996607,2024-05-01
Cotton,2024-05-01,6910.0,6883.701492537313,5740.0,7600.0,134,88,8,16,0,0,0,2024,5,2,Summer,7056.5,7000.0,6500.0,6950.0,7550.0,-0.020761000495996607,0.06307692307692303,-0.08476821192052986,-146.5,6852.166666666667,6826.083333333333,6927.625,7000.0,6875.0,6950.0,306.29084761601047,217.5822641362239,258.66081027619174,6500.0,7056.5,556.5,106.5,-493.5,7550.0,-0.08476821192052986,5782.109375,5325.0,1580.4857260931813,5610.444444444444,5050.0,230.41666666666697,181.5,0.031875125677666385,4.90527477843843,4.48863636973214,2.1972245773362196,2.833213344056216,0.0,0.0,113,12769,0.49999999999999994,-0.8660254037844387,1.2246467991473532e-16,-1.0,6950.0,8.846640813100485,0.005788712011577379,2024-06-01
Cotton,2024-06-01,6950.0,6847.0192307692305,5375.0,7599.0,104,66,7,15,0,0,0,2024,6,2,Summer,6910.0,7056.5,7000.0,6800.0,7050.0,0.005788712011577379,-0.0071428571428571175,-0.014184397163120588,40.0,6988.833333333333,6819.416666666667,6874.291666666667,7000.0,6855.0,6930.0,73.88560978522176,213.6025319762044,169.1653922179455,6500.0,7056.5,-90.0,110.0,-140.0,7050.0,-0.014184397163120588,5792.090707964602,5350.0,1576.98763153821,5840.333333333333,4900.0,90.58333333333303,55.0,0.03132269846778748,4.653960350157523,4.204692619390966,2.0794415416798357,2.772588722239781,0.0,0.0,114,12996,1.2246467991473532e-16,-1.0,1.2246467991473532e-16,-1.0,7100.0,8.867990898182093,0.021582733812949728,2024-07-01
Cotton,2024-07-01,7100.0,6991.148148148148,5500.0,7800.0,81,51,8,15,0,0,0,2024,7,3,Monsoon,6950.0,6910.0,7056.5,6650.0,6850.0,0.021582733812949728,0.006164529157514309,0.03649635036496357,150.0,6972.166666666667,6844.416666666667,6865.958333333333,6950.0,6930.0,6930.0,75.7237303184019,219.57012926772563,162.03569448701026,6500.0,7056.5,-106.5,300.0,100.0,6850.0,0.03649635036496357,5802.247807017544,5350.0,1573.7354013239021,5743.055555555556,5175.0,105.58333333333303,20.0,0.03208018154959282,4.406719247264253,3.9512437185814275,2.1972245773362196,2.772588722239781,0.0,0.0,115,13225,-0.4999999999999997,-0.8660254037844388,-1.0,-1.8369701987210297e-16,7151.5,8.875217224924265,0.007253521126760587,2024-08-01
Cotton,2024-08-01,7151.5,7069.727272727273,5600.0,8000.0,66,38,7,14,0,0,0,2024,8,3,Monsoon,7100.0,6950.0,6910.0,6500.0,7000.0,0.007253521126760587,0.034949348769898636,0.021642857142857075,51.5,6986.666666666667,6919.416666666667,6886.791666666667,6950.0,6975.0,6950.0,100.16652800878173,216.7165006792207,175.32404522295914,6500.0,7100.0,190.0,600.0,100.0,7000.0,0.021642857142857075,5813.532608695652,5350.0,1571.484346060815,5874.666666666667,5500.0,180.58333333333303,125.0,0.03132005357087722,4.204692619390966,3.6635616461296463,2.0794415416798357,2.70805020110221,0.0,0.0,116,13456,-0.8660254037844385,-0.5000000000000004,-1.0,-1.8369701987210297e-16,6937.5,8.844840891811065,-0.02992379221142416,2024-09-01
Cotton,2024-09-01,6937.5,6638.083333333333,4451.0,7341.0,12,9,3,3,0,0,0,2024,9,3,Monsoon,7151.5,7100.0,6950.0,7000.0,6950.0,-0.02992379221142416,-0.0017985611510791255,-0.0017985611510791255,-214.0,7067.166666666667,7028.0,6899.416666666667,7100.0,7028.25,6950.0,104.6856405307529,91.69569237418597,189.12848366478858,6910.0,7151.5,201.5,151.5,201.5,6950.0,-0.0017985611510791255,5825.066810344828,5375.0,1569.5607583976835,5778.555555555556,5350.0,123.5,123.25,0.01304719584151764,2.5649493574615367,2.302585092994046,1.3862943611198906,1.3862943611198906,0.0,0.0,117,13689,-1.0,-1.8369701987210297e-16,-1.0,-1.8369701987210297e-16,7100.0,8.867990898182093,0.023423423423423406,2024-10-01
Cotton,2024-10-01,7100.0,6941.301675977654,4300.0,8404.0,179,113,8,21,0,0,0,2024,10,4,Autumn,6937.5,7151.5,7100.0,7056.5,6775.0,0.023423423423423406,0.0,0.047970479704797064,162.5,7063.0,7017.583333333333,6898.375,7100.0,7003.25,6943.75,111.69489692909276,98.78836807361415,188.85878863707512,6910.0,7151.5,-162.5,-119.0,162.5,6775.0,0.047970479704797064,5834.574786324786,5400.0,1566.1611387625464,5570.416666666667,5200.0,-80.08333333333303,-65.75,0.014077263265884146,5.19295685089021,4.736198448394496,2.1972245773362196,3.091042453358316,0.0,0.0,118,13924,-0.8660254037844386,0.5000000000000001,-2.4492935982947064e-16,1.0,7150.0,8.875007486048396,0.007042253521126751,2024-11-01
Cotton,2024-11-01,7150.0,7220.850877192983,6000.0,10200.0,228,181,8,26,2,0,0,2024,11,4,Autumn,7100.0,6937.5,7151.5,6910.0,6950.0,0.007042253521126751,-0.00020974620708946734,0.02877697841726623,50.0,7063.0,7024.833333333333,6925.458333333333,7100.0,7025.0,6950.0,111.69489692909276,103.69024383541573,192.81956454080535,6910.0,7151.5,-51.5,190.0,150.0,6950.0,0.02877697841726623,5845.298728813559,5400.0,1563.798720523308,5737.944444444444,5039.5,75.16666666666697,75.0,0.014760527248866982,5.43372200355424,5.204006687076795,2.1972245773362196,3.295836866004329,0.008771929824561403,0.0,119,14161,-0.5000000000000004,0.8660254037844384,-2.4492935982947064e-16,1.0,7075.0,8.864464055279676,-0.010489510489510523,2024-12-01
Cotton,2024-12-01,7075.0,7210.405405405405,5850.0,10400.0,74,56,7,15,4,0,0,2024,12,4,Winter,7150.0,7100.0,6937.5,6950.0,6800.0,-0.010489510489510523,0.01981981981981984,0.040441176470588314,-75.0,7062.5,7064.833333333333,6942.125,7100.0,7100.0,6975.0,111.10243021644781,96.57984606867278,203.4825349887881,6937.5,7151.5,212.5,200.0,350.0,6800.0,0.040441176470588314,5856.262605042017,5400.0,1561.7447709893722,5848.611111111111,5400.0,85.16666666666697,50.0,0.013670505942863401,4.31748811353631,4.04305126783455,2.0794415416798357,2.772588722239781,0.05405405405405406,0.0,120,14400,-2.4492935982947064e-16,1.0,-2.4492935982947064e-16,1.0,7165.0,8.8771028978649,0.01272084805653706,2025-01-01
Cotton,2025-01-01,7165.0,7174.056666666666,5500.0,10300.0,300,201,9,26,1,0,0,2025,1,1,Winter,7075.0,7150.0,7100.0,7100.0,6650.0,0.01272084805653706,0.009154929577464888,0.07744360902255631,90.0,7108.333333333333,7085.666666666667,6965.041666666667,7100.0,7100.0,7028.25,38.18813079130717,78.67761223276175,201.49683714340705,6937.5,7151.5,-25.0,-25.0,425.0,6650.0,0.07744360902255631,5866.41875,5400.0,1559.1434226380734,5826.2,5272.25,-10.66666666666697,-25.0,0.011103769896894445,5.707110264748875,5.308267697401205,2.302585092994046,3.295836866004329,0.0033333333333333335,0.0,121,14641,0.49999999999999994,0.8660254037844387,1.0,6.123233995736766e-17,7100.0,8.867990898182093,-0.009071877180739651,2025-02-01
Cotton,2025-02-01,7100.0,7095.010638297872,4880.0,9850.0,329,181,9,24,0,0,0,2025,2,1,Winter,7165.0,7075.0,7150.0,7151.5,6500.0,-0.009071877180739651,-0.006993006993006978,0.0923076923076922,-65.0,7130.0,7096.5,7007.958333333333,7150.0,7125.0,7065.75,48.218253804971525,85.2467008158222,182.2188317697266,6937.5,7165.0,15.0,13.5,665.0,6500.0,0.0923076923076922,5877.150826446281,5400.0,1557.1149445366293,5823.8,5425.0,68.5,40.0,0.01201249923424536,5.799092654460526,5.204006687076795,2.302585092994046,3.2188758248682006,0.0,0.0,122,14884,0.8660254037844386,0.5000000000000001,1.0,6.123233995736766e-17,7000.0,8.853808274977197,-0.014084507042253502,2025-03-01
Cotton,2025-03-01,7000.0,6972.202898550725,5472.0,8502.0,276,162,10,23,0,0,0,2025,3,1,Spring,7100.0,7165.0,7075.0,6937.5,7000.0,-0.014084507042253502,-0.010600706713780883,0.0,-100.0,7113.333333333333,7087.916666666667,7057.958333333333,7100.0,7100.0,7087.5,46.457866215894825,81.09279663847371,88.26135217572585,6937.5,7165.0,25.0,162.5,100.0,7000.0,0.0,5887.174180327869,5408.75,1554.6143980224092,5835.15,5400.0,12.08333333333303,0.0,0.01144099182483904,5.6240175061873385,5.093750200806762,2.3978952727983707,3.1780538303479458,0.0,0.0,123,15129,1.0,6.123233995736766e-17,1.0,6.123233995736766e-17,7150.0,8.875007486048396,0.021428571428571352,2025-04-01
Cotton,2025-04-01,7150.0,7082.778350515464,5500.0,7850.0,194,115,9,19,0,0,0,2025,4,2,Spring,7000.0,7100.0,7165.0,7100.0,7056.5,0.021428571428571352,-0.002093510118632236,0.013250194855806807,150.0,7088.333333333333,7098.333333333333,7057.958333333333,7100.0,7100.0,7087.5,83.11638426528171,58.87840577536889,88.26135217572585,7000.0,7165.0,-165.0,-100.0,-56.5,7056.5,0.013250194855806807,5896.221544715447,5417.5,1551.4780110110719,5870.85,5591.25,-98.33333333333303,-100.0,0.0082946803158538,5.272999558563747,4.7535901911063645,2.302585092994046,2.995732273553991,0.0,0.0,124,15376,0.8660254037844387,-0.4999999999999998,1.2246467991473532e-16,-1.0,7223.5,8.885233306433665,0.01027972027972024,2025-05-01
Cotton,2025-05-01,7223.5,7074.528846153846,5025.0,8050.0,104,72,9,15,0,0,0,2025,5,2,Summer,7150.0,7000.0,7100.0,7150.0,6910.0,0.01027972027972024,0.017394366197183153,0.04536903039073814,73.5,7083.333333333333,7106.666666666667,7065.75,7100.0,7125.0,7100.0,76.37626158260149,62.58327785158812,92.16178955811436,7000.0,7165.0,50.0,0.0,240.0,6910.0,0.04536903039073814,5906.332661290323,5427.5,1549.2550887448465,5740.4,5139.75,43.33333333333303,25.0,0.008806277371236602,4.653960350157523,4.290459441148391,2.302585092994046,2.772588722239781,0.0,0.0,125,15625,0.49999999999999994,-0.8660254037844387,1.2246467991473532e-16,-1.0,7175.5,8.878567078011436,-0.006644978196165274,2025-06-01
Cotton,2025-06-01,7175.5,6765.791666666667,5200.0,7521.0,24,13,5,7,0,0,0,2025,6,2,Summer,7223.5,7150.0,7000.0,7075.0,6950.0,-0.006644978196165274,0.025071428571428633,0.03244604316546762,-48.0,7124.5,7118.916666666667,7091.875,7150.0,7125.0,7100.0,113.91114958598492,78.04512583530895,88.35288877311316,7000.0,7223.5,223.5,148.5,273.5,6950.0,0.03244604316546762,5916.87,5437.5,1547.4864738321778,5951.3,5369.0,104.58333333333303,98.5,0.010963062146905631,3.2188758248682006,2.6390573296152584,1.791759469228055,2.0794415416798357,0.0,0.0,126,15876,1.2246467991473532e-16,-1.0,1.2246467991473532e-16,-1.0,7410.5,8.910788126953914,0.032750330987387555,2025-07-01
Cotton,2025-07-01,7410.5,7240.5,5200.0,8100.0,56,33,7,10,0,0,0,2025,7,3,Monsoon,7175.5,7223.5,7150.0,7165.0,7100.0,0.032750330987387555,0.03643356643356643,0.043732394366197136,235.0,7183.0,7135.666666666667,7110.666666666667,7175.5,7157.5,7125.0,37.31956591388264,77.51752490017579,78.91057462651892,7000.0,7223.5,25.5,10.5,75.5,7100.0,0.043732394366197136,5926.859126984127,5452.0,1545.3573329479595,5878.75,5437.5,39.83333333333303,18.0,0.010863389297917848,4.04305126783455,3.5263605246161616,2.0794415416798357,2.3978952727983707,0.0,0.0,127,16129,-0.4999999999999997,-0.8660254037844388,-1.0,-1.8369701987210297e-16,7663.0,8.944289319650697,0.03407327440793462,2025-08-01
Cotton,2025-08-01,7663.0,7387.413043478261,5500.0,8235.0,46,28,4,8,0,0,0,2025,8,3,Monsoon,7410.5,7175.5,7223.5,7100.0,7151.5,0.03407327440793462,0.060843081608638494,0.07152345661749293,252.5,7269.833333333333,7176.583333333333,7136.541666666667,7223.5,7162.75,7150.0,124.16252789523092,137.60284032915104,116.87123029088714,7000.0,7410.5,187.0,310.5,259.0,7151.5,0.07152345661749293,5938.541338582677,5466.5,1544.832704882693,6002.35,5550.0,233.91666666666697,247.75,0.01917386504661936,3.8501476017100584,3.367295829986474,1.6094379124341003,2.1972245773362196,0.0,0.0,128,16384,-0.8660254037844385,-0.5000000000000004,-1.0,-1.8369701987210297e-16,6975.0,8.850230965588816,-0.08978206968550173,2025-09-01
Cotton,2025-09-01,6975.0,6938.548387096775,3900.0,7875.0,62,39,6,9,0,0,0,2025,9,3,Monsoon,7663.0,7410.5,7175.5,7000.0,6937.5,-0.08978206968550173,-0.02794230367221795,0.00540540540540535,-688.0,7416.333333333333,7270.416666666667,7179.166666666667,7410.5,7199.5,7150.0,243.80234480688256,233.48691969069907,191.97056276863265,7000.0,7663.0,487.5,663.0,725.5,6937.5,0.00540540540540535,5952.013671875,5468.25,1546.2694350138543,5894.45,5410.0,392.58333333333303,463.5,0.03211465455084404,4.143134726391533,3.6888794541139363,1.9459101490553132,2.302585092994046,0.0,0.0,129,16641,-1.0,-1.8369701987210297e-16,-1.0,-1.8369701987210297e-16,6887.0,8.837536046107568,-0.012616487455197167,2025-10-01
Cotton,2025-10-01,6887.0,6767.527522935779,4350.0,8000.0,218,128,8,19,0,0,0,2025,10,4,Autumn,6975.0,7663.0,7410.5,7150.0,7100.0,-0.012616487455197167,-0.07064300654476752,-0.030000000000000027,-88.0,7349.5,7266.25,7182.291666666667,7410.5,7199.5,7150.0,348.0326852466601,239.4253015033796,187.94189846061005,6975.0,7663.0,-435.5,-175.0,-125.0,7100.0,-0.030000000000000027,5959.943798449613,5470.0,1542.8487568026521,5723.375,5209.75,-291.25,-224.5,0.032950325340220826,5.389071729816501,4.859812404361672,2.1972245773362196,2.995732273553991,0.0,0.0,130,16900,-0.8660254037844386,0.5000000000000001,-2.4492935982947064e-16,1.0,7000.0,8.853808274977197,0.01640772469870777,2025-11-01
Cotton,2025-11-01,7000.0,6967.960176991151,5425.0,8110.0,226,143,8,21,0,0,0,2025,11,4,Autumn,6887.0,6975.0,7663.0,7223.5,7150.0,0.01640772469870777,-0.08651963982774369,-0.020979020979020935,113.0,7175.0,7222.416666666667,7164.541666666667,6975.0,7199.5,7150.0,424.90469519646496,284.74926104671516,205.6449343289547,6887.0,7663.0,-776.0,-336.5,-263.0,7150.0,-0.020979020979020935,5967.075,5476.0,1539.0064116584986,5879.15,5260.75,-335.41666666666697,-312.5,0.03942575929756409,5.424950017481403,4.969813299576001,2.1972245773362196,3.091042453358316,0.0,0.0,131,17161,-0.5000000000000004,0.8660254037844384,-2.4492935982947064e-16,1.0,7000.0,8.853808274977197,0.0,2025-12-01
Groundnut,2015-01-01,3980.0,3945.2109375,1410.0,7600.0,192,116,13,12,0,0,0,2015,1,1,Winter,,,,,,,,,,,,,,,,,,,,,,,,,,,,,,,,,,5.262690188904886,4.762173934797756,2.6390573296152584,2.5649493574615367,0.0,0.0,1,1,0.49999999999999994,0.8660254037844387,1.0,6.123233995736766e-17,4200.0,8.343077871169383,0.055276381909547645,2015-02-01
Groundnut,2015-02-01,4200.0,4300.64705882353,2200.0,5350.0,34,22,6,5,0,0,0,2015,2,1,Winter,3980.0,,,,,0.055276381909547645,,,220.0,,,,,,,,,,,,,,,,,,,,,,,,,3.5553480614894135,3.1354942159291497,1.9459101490553132,1.791759469228055,0.0,0.0,2,4,0.8660254037844386,0.5000000000000001,1.0,6.123233995736766e-17,4395.0,8.388450315523512,0.046428571428571486,2015-03-01
Groundnut,2015-03-01,4395.0,4322.833333333333,2200.0,5450.0,24,14,4,4,0,0,0,2015,3,1,Spring,4200.0,3980.0,,,,0.046428571428571486,,,195.0,4090.0,,,4090.0,,,155.56349186104046,,,,,,,,,,,,,,,,,,3.2188758248682006,2.70805020110221,1.6094379124341003,1.6094379124341003,0.0,0.0,3,9,1.0,6.123233995736766e-17,1.0,6.123233995736766e-17,4250.0,8.35490952835879,-0.0329920364050057,2015-04-01
Groundnut,2015-04-01,4250.0,4552.704379562044,2689.0,7450.0,137,95,13,12,0,0,0,2015,4,2,Spring,4395.0,4200.0,3980.0,,,-0.0329920364050057,0.0678391959798994,,-145.0,4191.666666666667,4191.666666666667,,4200.0,4200.0,,207.62546407734598,207.62546407734598,,3980.0,4395.0,415.0,,,,,4191.666666666667,4200.0,207.62546407734598,,,203.33333333333303,195.0,0.049532913895191884,4.927253685157205,4.564348191467836,2.6390573296152584,2.5649493574615367,0.0,0.0,4,16,0.8660254037844387,-0.4999999999999998,1.2246467991473532e-16,-1.0,4299.0,8.366370301681654,0.011529411764705788,2015-05-01
Groundnut,2015-05-01,4299.0,4522.2844827586205,1610.0,8000.0,116,81,12,12,0,0,0,2015,5,2,Summer,4250.0,4395.0,4200.0,,,0.011529411764705788,0.023571428571428577,,49.0,4281.666666666667,4206.25,,4250.0,4225.0,,101.28343069492288,172.0162298544335,,3980.0,4395.0,50.0,,,,,4206.25,4225.0,172.0162298544335,,,43.75,25.0,0.04089538896985046,4.762173934797756,4.406719247264253,2.5649493574615367,2.5649493574615367,0.0,0.0,5,25,0.49999999999999994,-0.8660254037844387,1.2246467991473532e-16,-1.0,4903.0,8.497806477616047,0.14049779018376363,2015-06-01
Groundnut,2015-06-01,4903.0,5000.147208121827,1650.0,8650.0,197,103,13,13,0,0,0,2015,6,2,Summer,4299.0,4250.0,4395.0,,,0.14049779018376363,0.11558589306029576,,604.0,4314.666666666667,4224.8,,4299.0,4250.0,,73.75861531599703,154.6373176177082,,3980.0,4395.0,-96.0,,,,,4224.8,4250.0,154.6373176177082,,,74.19999999999982,49.0,0.036602281200934526,5.288267030694535,4.6443908991413725,2.6390573296152584,2.6390573296152584,0.0,0.0,6,36,1.2246467991473532e-16,-1.0,1.2246467991473532e-16,-1.0,4650.0,8.444837529224097,-0.05160106057515812,2015-07-01
Groundnut,2015-07-01,4650.0,4968.735849056604,1702.0,8750.0,159,95,12,13,0,0,0,2015,7,3,Monsoon,4903.0,4299.0,4250.0,3980.0,,-0.05160106057515812,0.09411764705882364,,-253.0,4484.0,4337.833333333333,4337.833333333333,4299.0,4274.5,4274.5,363.6908027432092,309.49857296386125,309.49857296386125,3980.0,4903.0,653.0,923.0,,,,4337.833333333333,4274.5,309.49857296386125,,,565.166666666667,628.5,0.07134865477324193,5.075173815233827,4.564348191467836,2.5649493574615367,2.6390573296152584,0.0,0.0,7,49,-0.4999999999999997,-0.8660254037844388,-1.0,-1.8369701987210297e-16,4395.0,8.388450315523512,-0.05483870967741933,2015-08-01
Groundnut,2015-08-01,4395.0,4435.9277108433735,1800.0,7500.0,83,50,9,11,0,0,0,2015,8,3,Monsoon,4650.0,4903.0,4299.0,4200.0,,-0.05483870967741933,0.022330774598743997,,-255.0,4617.333333333333,4449.5,4382.428571428572,4650.0,4347.0,4299.0,303.3221609664109,273.3252641085338,306.1790636990369,4200.0,4903.0,351.0,450.0,,,,4382.428571428572,4299.0,306.1790636990369,,,200.5,303.0,0.061428309722111205,4.430816798843313,3.9318256327243257,2.302585092994046,2.4849066497880004,0.0,0.0,8,64,-0.8660254037844385,-0.5000000000000004,-1.0,-1.8369701987210297e-16,4700.0,8.45553053102413,0.0693970420932879,2015-09-01
Groundnut,2015-09-01,4700.0,5077.370967741936,290.0,9450.0,124,76,11,13,0,0,0,2015,9,3,Monsoon,4395.0,4650.0,4903.0,4395.0,,0.0693970420932879,-0.04140322251682649,,305.0,4649.333333333333,4482.0,4384.0,4650.0,4395.0,4347.0,254.00065616713135,248.15962604742893,283.5015746995821,4250.0,4903.0,-508.0,0.0,,,,4384.0,4347.0,283.5015746995821,,,-87.0,0.0,0.05536805578925233,4.8283137373023015,4.343805421853684,2.4849066497880004,2.6390573296152584,0.0,0.0,9,81,-1.0,-1.8369701987210297e-16,-1.0,-1.8369701987210297e-16,4500.0,8.412054873292933,-0.04255319148936165,2015-10-01
Groundnut,2015-10-01,4500.0,4673.598086124402,288.5,9550.0,209,124,14,14,0,0,0,2015,10,4,Autumn,4700.0,4395.0,4650.0,4250.0,,-0.04255319148936165,-0.032258064516129004,,-200.0,4581.666666666667,4532.833333333333,4419.111111111111,4650.0,4522.5,4395.0,163.57974609753248,257.8242941746694,285.34472329291634,4250.0,4903.0,50.0,450.0,,,,4419.111111111111,4395.0,285.34472329291634,,,167.16666666666697,177.5,0.056879279517888605,5.3471075307174685,4.8283137373023015,2.70805020110221,2.70805020110221,0.0,0.0,10,100,-0.8660254037844386,0.5000000000000001,-2.4492935982947064e-16,1.0,4000.0,8.294299608857235,-0.11111111111111116,2015-11-01
Groundnut,2015-11-01,4000.0,3885.035714285714,2000.0,5875.0,28,18,7,5,0,0,0,2015,11,4,Autumn,4500.0,4700.0,4395.0,4299.0,,-0.11111111111111116,-0.08987485779294657,,-500.0,4531.666666666667,4574.5,4427.2,4500.0,4575.0,4395.0,154.9462272316858,220.46927223538393,270.2389066486663,4299.0,4903.0,105.0,201.0,,,,4427.2,4395.0,270.2389066486663,,,-74.5,-75.0,0.048195272103046,3.367295829986474,2.9444389791664403,2.0794415416798357,1.791759469228055,0.0,0.0,11,121,-0.5000000000000004,0.8660254037844384,-2.4492935982947064e-16,1.0,4100.0,8.31898612539206,0.02499999999999991,2015-12-01
Groundnut,2015-12-01,4100.0,4270.311382113821,321.5,8850.0,246,132,14,13,0,0,0,2015,12,4,Winter,4000.0,4500.0,4700.0,4903.0,,0.02499999999999991,-0.12765957446808507,,100.0,4400.0,4524.666666666667,4388.363636363636,4500.0,4575.0,4395.0,360.55512754639875,310.5747360405649,286.90948842004934,4000.0,4903.0,-700.0,-903.0,,,,4388.363636363636,4395.0,286.90948842004934,,,-524.666666666667,-575.0,0.06864035716234675,5.5093883366279774,4.890349128221754,2.70805020110221,2.6390573296152584,0.0,0.0,12,144,-2.4492935982947064e-16,1.0,-2.4492935982947064e-16,1.0,4216.5,8.346997814420124,0.028414634146341378,2016-01-01
Groundnut,2016-01-01,4216.5,4387.647959183673,2523.0,8800.0,196,126,13,12,0,0,0,2016,1,1,Winter,4100.0,4000.0,4500.0,4650.0,3980.0,0.028414634146341378,-0.06299999999999994,0.05942211055276392,116.5,4200.0,4390.833333333333,4364.333333333333,4100.0,4447.5,4347.0,264.5751311064588,287.0612594319661,285.9425668122033,4000.0,4700.0,-400.0,-550.0,120.0,3980.0,0.05942211055276392,4364.333333333333,4347.0,285.9425668122033,,,-290.83333333333303,-347.5,0.0653773982384436,5.2832037287379885,4.844187086458591,2.6390573296152584,2.5649493574615367,0.0,0.0,13,169,0.49999999999999994,0.8660254037844387,1.0,6.123233995736766e-17,4075.0,8.312871394342615,-0.03355863868137077,2016-02-01
Groundnut,2016-02-01,4075.0,4391.110344827586,1630.0,8600.0,145,98,14,10,0,0,0,2016,2,1,Winter,4216.5,4100.0,4000.0,4395.0,4200.0,-0.03355863868137077,0.018750000000000044,-0.029761904761904767,-141.5,4105.5,4318.583333333333,4384.041666666667,4100.0,4305.75,4347.0,108.35474147447289,262.269025366448,264.3819944987771,4000.0,4700.0,216.5,-178.5,16.5,4200.0,-0.029761904761904767,4352.961538461538,4299.0,276.8224808382364,,,-102.08333333333303,-89.25,0.06073033796571746,4.983606621708336,4.59511985013459,2.70805020110221,2.3978952727983707,0.0,0.0,14,196,0.8660254037844386,0.5000000000000001,1.0,6.123233995736766e-17,4450.0,8.400884069015854,0.09202453987730053,2016-03-01
Groundnut,2016-03-01,4450.0,4756.322147651007,2600.0,8300.0,149,91,11,12,0,0,0,2016,3,1,Spring,4075.0,4216.5,4100.0,4700.0,4395.0,0.09202453987730053,0.08536585365853666,0.012514220705347023,375.0,4130.5,4265.25,4373.625,4100.0,4158.25,4347.0,75.51986493631894,275.8085839853426,274.55907834198433,4000.0,4700.0,-25.0,-625.0,-320.0,4395.0,0.012514220705347023,4333.107142857143,4274.5,276.1426734478048,,,-190.25,-83.25,0.06466410737596684,5.0106352940962555,4.5217885770490405,2.4849066497880004,2.5649493574615367,0.0,0.0,15,225,1.0,6.123233995736766e-17,1.0,6.123233995736766e-17,4876.5,8.492388072497267,0.09584269662921341,2016-04-01
Groundnut,2016-04-01,4876.5,5022.307692307692,2700.0,8500.0,104,79,13,12,0,0,0,2016,4,2,Spring,4450.0,4075.0,4216.5,4500.0,4250.0,0.09584269662921341,0.15652792600498033,0.14741176470588235,426.5,4247.166666666667,4223.583333333333,4378.208333333333,4216.5,4158.25,4347.0,189.3715483733846,207.39344653741193,275.40610166322244,4000.0,4500.0,233.5,-50.0,200.0,4250.0,0.14741176470588235,4340.9,4299.0,267.80391280615294,,,226.41666666666697,291.75,0.04910367102280732,4.653960350157523,4.382026634673881,2.6390573296152584,2.5649493574615367,0.0,0.0,16,256,0.8660254037844387,-0.4999999999999998,1.2246467991473532e-16,-1.0,5250.0,8.566173813637858,0.07659181790218383,2016-05-01
Groundnut,2016-05-01,5250.0,5168.619047619048,2200.0,8000.0,21,17,8,5,0,0,0,2016,5,2,Summer,4876.5,4450.0,4075.0,4000.0,4299.0,0.07659181790218383,0.2883435582822085,0.22121423586880673,373.5,4467.166666666667,4286.333333333333,4430.416666666667,4450.0,4158.25,4422.5,401.0256641828962,329.037637158223,306.51744969853985,4000.0,4876.5,801.5,876.5,577.5,4299.0,0.22121423586880673,4374.375,4347.0,291.3192120910209,,,590.166666666667,718.25,0.07676436048484866,3.091042453358316,2.8903717578961645,2.1972245773362196,1.791759469228055,0.0,0.0,17,289,0.49999999999999994,-0.8660254037844387,1.2246467991473532e-16,-1.0,5346.5,8.58438444095656,0.018380952380952387,2016-06-01
Groundnut,2016-06-01,5346.5,5389.984782608695,1990.0,9300.0,230,127,12,14,0,0,0,2016,6,2,Summer,5250.0,4876.5,4450.0,4100.0,4903.0,0.018380952380952387,0.2014606741573033,0.09045482357740164,96.5,4858.833333333333,4494.666666666667,4509.666666666667,4876.5,4333.25,4475.0,400.29249722338415,474.8850036236843,382.87930292203134,4075.0,5250.0,800.0,1150.0,347.0,4903.0,0.09045482357740164,4425.882352941177,4395.0,353.07765299451836,,,755.333333333333,916.75,0.10565522180888852,5.442417710521793,4.852030263919617,2.5649493574615367,2.70805020110221,0.0,0.0,18,324,1.2246467991473532e-16,-1.0,1.2246467991473532e-16,-1.0,5330.0,8.581294116822761,-0.003086131113812729,2016-07-01
Groundnut,2016-07-01,5330.0,5524.018867924528,2000.0,9400.0,159,94,13,11,0,0,0,2016,7,3,Monsoon,5346.5,5250.0,4876.5,4216.5,4650.0,-0.003086131113812729,0.09299702655593145,0.14623655913978495,-16.5,5157.666666666667,4702.416666666667,4546.625,5250.0,4663.25,4475.0,248.23191441338295,536.3723908504863,441.25338654379044,4075.0,5346.5,470.0,1130.0,696.5,4650.0,0.14623655913978495,4477.027777777777,4395.0,405.48248211316536,,,644.083333333333,683.25,0.1140631358026163,5.075173815233827,4.553876891600541,2.6390573296152584,2.4849066497880004,0.0,0.0,19,361,-0.4999999999999997,-0.8660254037844388,-1.0,-1.8369701987210297e-16,5538.0,8.619569258033104,0.039024390243902474,2016-08-01
Groundnut,2016-08-01,5538.0,5751.009090909091,2849.0,10300.0,110,66,12,11,1,0,0,2016,8,3,Monsoon,5330.0,5346.5,5250.0,4075.0,4395.0,0.039024390243902474,0.05485714285714294,0.2600682593856656,208.0,5308.833333333333,4888.0,4603.291666666667,5330.0,5063.25,4475.0,51.61475887120871,527.1765358966582,496.0028160813265,4075.0,5346.5,80.0,1255.0,935.0,4395.0,0.2600682593856656,4521.921052631579,4395.0,439.97106164805786,,,442.0,266.75,0.10785117346494644,4.709530201312334,4.204692619390966,2.5649493574615367,2.4849066497880004,0.00909090909090909,0.0,20,400,-0.8660254037844385,-0.5000000000000004,-1.0,-1.8369701987210297e-16,5000.0,8.517393171418904,-0.09714698447092818,2016-09-01
Groundnut,2016-09-01,5000.0,5189.050505050505,1609.0,10900.0,99,71,11,10,2,0,0,2016,9,3,Monsoon,5538.0,5330.0,5346.5,4450.0,4700.0,-0.09714698447092818,-0.06480875339006831,0.06382978723404253,-538.0,5404.833333333333,5131.833333333333,4698.541666666667,5346.5,5290.0,4600.0,115.62042783752818,398.5921056251202,558.2138910006279,4450.0,5538.0,191.5,1088.0,838.0,4700.0,0.06382978723404253,4572.725,4422.5,484.7754356671918,,,406.16666666666697,248.0,0.07767050871198472,4.605170185988092,4.276666119016055,2.4849066497880004,2.3978952727983707,0.020202020202020204,0.0,21,441,-1.0,-1.8369701987210297e-16,-1.0,-1.8369701987210297e-16,4250.0,8.35490952835879,-0.15000000000000002,2016-10-01
Groundnut,2016-10-01,4250.0,4315.266666666666,2000.0,9000.0,135,89,12,13,0,0,0,2016,10,4,Autumn,5000.0,5538.0,5330.0,4876.5,4500.0,-0.15000000000000002,-0.20262664165103195,-0.05555555555555558,-750.0,5289.333333333333,5223.5,4723.541666666667,5330.0,5290.0,4688.25,271.2956566798168,243.49332639725506,564.9622054267049,4876.5,5538.0,-330.0,123.5,500.0,4500.0,-0.05555555555555558,4593.071428571428,4450.0,481.61227366301296,,,-223.5,-290.0,0.046614975858572806,4.912654885736052,4.499809670330265,2.5649493574615367,2.6390573296152584,0.0,0.0,22,484,-0.8660254037844386,0.5000000000000001,-2.4492935982947064e-16,1.0,4050.0,8.30671904320269,-0.04705882352941182,2016-11-01
Groundnut,2016-11-01,4050.0,4385.166666666667,800.0,8500.0,153,117,15,14,0,0,0,2016,11,4,Autumn,4250.0,5000.0,5538.0,5250.0,4000.0,-0.04705882352941182,-0.26868905742145177,0.012499999999999956,-200.0,4929.333333333333,5119.083333333333,4702.708333333333,5000.0,5290.0,4663.25,646.9013319922389,460.06982259942595,578.4043669807694,4250.0,5538.0,-1288.0,-1000.0,250.0,4000.0,0.012499999999999956,4577.477272727273,4422.5,475.6627325880807,,,-869.083333333333,-1040.0,0.08987347785562376,5.0369526024136295,4.770684624465665,2.772588722239781,2.70805020110221,0.0,0.0,23,529,-0.5000000000000004,0.8660254037844384,-2.4492935982947064e-16,1.0,4000.0,8.294299608857235,-0.012345679012345734,2016-12-01
Groundnut,2016-12-01,4000.0,4145.467441860465,4.0,8350.0,215,120,12,13,0,0,0,2016,12,4,Winter,4050.0,4250.0,5000.0,5346.5,4100.0,-0.012345679012345734,-0.19999999999999996,-0.024390243902439046,-50.0,4433.333333333333,4919.083333333333,4706.875,4250.0,5165.0,4663.25,500.8326400438899,623.5577292173259,573.0372479167478,4050.0,5538.0,-950.0,-1296.5,-50.0,4100.0,-0.024390243902439046,4554.54347826087,4395.0,477.56441528969475,,,-869.083333333333,-1115.0,0.12676299362360724,5.375278407684165,4.795790545596741,2.5649493574615367,2.6390573296152584,0.0,0.0,24,576,-2.4492935982947064e-16,1.0,-2.4492935982947064e-16,1.0,4140.0,8.328692583545568,0.03499999999999992,2017-01-01
Groundnut,2017-01-01,4140.0,4256.0,3151.0,6700.0,20,13,6,4,0,0,0,2017,1,1,Winter,4000.0,4050.0,4250.0,5330.0,4216.5,0.03499999999999992,-0.025882352941176467,-0.018143009605122717,140.0,4100.0,4694.666666666667,4698.541666666667,4050.0,4625.0,4663.25,132.28756555322633,678.8185815567138,583.3001900757658,4000.0,5538.0,-250.0,-1330.0,-216.5,4216.5,-0.018143009605122717,4531.4375,4395.0,480.5882335968485,4098.25,4098.25,-694.666666666667,-625.0,0.14459356323985664,3.044522437723423,2.6390573296152584,1.9459101490553132,1.6094379124341003,0.0,0.0,25,625,0.49999999999999994,0.8660254037844387,1.0,6.123233995736766e-17,4145.0,8.329899292995725,0.0012077294685990392,2017-02-01
Groundnut,2017-02-01,4145.0,4428.289699570815,900.0,8820.0,233,128,12,14,0,0,0,2017,2,1,Winter,4140.0,4000.0,4050.0,5538.0,4075.0,0.0012077294685990392,0.023456790123456805,0.01717791411042935,5.0,4063.3333333333335,4496.333333333333,4692.166666666667,4050.0,4195.0,4663.25,70.94598884596986,628.0069001744087,589.4332537328216,4000.0,5538.0,90.0,-1398.0,65.0,4075.0,0.01717791411042935,4515.78,4395.0,476.93861152842993,4137.5,4137.5,-356.33333333333303,-55.0,0.13967089484196205,5.455321115357702,4.859812404361672,2.5649493574615367,2.70805020110221,0.0,0.0,26,676,0.8660254037844386,0.5000000000000001,1.0,6.123233995736766e-17,4250.0,8.35490952835879,0.02533172496984326,2017-03-01
Groundnut,2017-03-01,4250.0,4709.731277533039,850.0,10251.0,227,124,15,13,1,0,0,2017,3,1,Spring,4145.0,4140.0,4000.0,5000.0,4450.0,0.02533172496984326,0.0625,-0.0449438202247191,105.0,4095.0,4264.166666666667,4698.0,4140.0,4142.5,4663.25,82.31038816576645,370.65370181163786,583.0823659265866,4000.0,5000.0,145.0,-855.0,-305.0,4450.0,-0.0449438202247191,4501.5192307692305,4347.0,472.92624119981394,4422.5,4422.5,-119.16666666666697,2.5,0.08692289274457014,5.429345628954441,4.8283137373023015,2.772588722239781,2.6390573296152584,0.004405286343612335,0.0,27,729,1.0,6.123233995736766e-17,1.0,6.123233995736766e-17,4560.0,8.4252971767117,0.07294117647058829,2017-04-01
Groundnut,2017-04-01,4560.0,4730.663157894737,2100.0,8700.0,95,64,9,12,0,0,0,2017,4,2,Spring,4250.0,4145.0,4140.0,4250.0,4876.5,0.07294117647058829,0.10144927536231885,-0.06490310673638877,310.0,4178.333333333333,4139.166666666667,4681.333333333333,4145.0,4142.5,4563.25,62.115483845274,101.90273139946235,593.579447594053,4000.0,4250.0,110.0,0.0,-626.5,4876.5,-0.06490310673638877,4492.2037037037035,4299.0,466.26171379922005,4563.25,4563.25,110.83333333333303,107.5,0.024619141872227666,4.564348191467836,4.174387269895637,2.302585092994046,2.5649493574615367,0.0,0.0,28,784,0.8660254037844387,-0.4999999999999998,1.2246467991473532e-16,-1.0,4382.0,8.38548870041881,-0.0390350877192982,2017-05-01
Groundnut,2017-05-01,4382.0,4746.089430894309,2100.0,9500.0,123,86,11,12,0,0,0,2017,5,2,Summer,4560.0,4250.0,4145.0,4050.0,5250.0,-0.0390350877192982,0.05717732207478887,-0.16533333333333333,-178.0,4318.333333333333,4190.833333333333,4654.958333333333,4250.0,4142.5,4405.0,215.77380131362693,200.36009250015528,591.1457464624157,4000.0,4560.0,415.0,510.0,-690.0,5250.0,-0.16533333333333333,4494.625,4347.0,457.7251242305275,4774.5,4774.5,369.16666666666697,417.5,0.04780912925038504,4.820281565605037,4.465908118654584,2.4849066497880004,2.5649493574615367,0.0,0.0,29,841,0.49999999999999994,-0.8660254037844387,1.2246467991473532e-16,-1.0,4400.0,8.38958706681109,0.004107713372889066,2017-06-01
Groundnut,2017-06-01,4400.0,4604.7411764705885,2960.0,8800.0,170,98,10,14,0,0,0,2017,6,2,Summer,4382.0,4560.0,4250.0,4000.0,5346.5,0.004107713372889066,0.03529411764705892,-0.1770317029832601,18.0,4397.333333333333,4246.166666666667,4582.625,4382.0,4197.5,4316.0,155.5677772976544,199.52986409725884,564.2076151157003,4000.0,4560.0,132.0,382.0,-964.5,5346.5,-0.1770317029832601,4490.741379310345,4382.0,449.9634433700788,5124.75,5124.75,135.83333333333303,184.5,0.04699058698369325,5.14166355650266,4.59511985013459,2.3978952727983707,2.70805020110221,0.0,0.0,30,900,1.2246467991473532e-16,-1.0,1.2246467991473532e-16,-1.0,3850.0,8.25608813381491,-0.125,2017-07-01
Groundnut,2017-07-01,3850.0,3891.078125,1900.0,8800.0,64,44,9,9,0,0,0,2017,7,3,Monsoon,4400.0,4382.0,4560.0,4140.0,5330.0,-0.125,-0.1557017543859649,-0.27767354596622884,-550.0,4447.333333333333,4312.833333333333,4503.75,4400.0,4316.0,4316.0,97.98639361325948,164.59698255639557,511.3995280333453,4140.0,4560.0,-160.0,260.0,-930.0,5330.0,-0.27767354596622884,4487.716666666666,4388.5,442.4476724044234,4990.0,4990.0,87.16666666666697,84.0,0.03816446633451998,4.174387269895637,3.8066624897703196,2.302585092994046,2.302585092994046,0.0,0.0,31,961,-0.4999999999999997,-0.8660254037844388,-1.0,-1.8369701987210297e-16,3750.0,8.229777750081887,-0.025974025974025983,2017-08-01
Groundnut,2017-08-01,3750.0,4258.707692307692,2200.0,8886.0,130,78,9,13,0,0,0,2017,8,3,Monsoon,3850.0,4400.0,4382.0,4145.0,5538.0,-0.025974025974025983,-0.1442263806481059,-0.3228602383531961,-100.0,4210.666666666667,4264.5,4380.416666666667,4382.0,4316.0,4250.0,312.47613242187424,247.3004245851669,470.87837810808276,3850.0,4560.0,-532.0,-295.0,-1688.0,5538.0,-0.3228602383531961,4467.145161290323,4382.0,449.8370852050846,4966.5,4966.5,-414.5,-466.0,0.05799048530546767,4.875197323201151,4.3694478524670215,2.302585092994046,2.6390573296152584,0.0,0.0,32,1024,-0.8660254037844385,-0.5000000000000004,-1.0,-1.8369701987210297e-16,3474.0,8.153349757998892,-0.0736,2017-09-01
Groundnut,2017-09-01,3474.0,3932.8432835820895,1519.0,8800.0,134,79,10,13,0,0,0,2017,9,3,Monsoon,3750.0,3850.0,4400.0,4250.0,5000.0,-0.0736,-0.21045454545454545,-0.3052,-276.0,4000.0,4198.666666666667,4231.416666666667,3850.0,4316.0,4197.5,349.9999999999991,325.64193014209746,334.392925744372,3750.0,4560.0,-650.0,-500.0,-1250.0,5000.0,-0.3052,4444.734375,4340.5,460.32343090299736,4850.0,4850.0,-448.66666666666697,-566.0,0.07755841460989936,4.90527477843843,4.382026634673881,2.3978952727983707,2.6390573296152584,0.0,0.0,33,1089,-1.0,-1.8369701987210297e-16,-1.0,-1.8369701987210297e-16,3157.5,8.057852510338755,-0.09110535405872189,2017-10-01
Groundnut,2017-10-01,3157.5,3341.5,2100.0,4800.0,24,16,7,7,0,0,0,2017,10,4,Autumn,3474.0,3750.0,3850.0,4560.0,4250.0,-0.09110535405872189,-0.17987012987012985,-0.2570588235294118,-316.5,3691.3333333333335,4069.3333333333335,4104.25,3750.0,4116.0,4142.5,194.7442767665657,436.43036863475834,304.34852180892153,3474.0,4560.0,-376.0,-1086.0,-776.0,4250.0,-0.2570588235294118,4415.318181818182,4299.0,483.56092587603797,4375.0,4375.0,-595.3333333333335,-642.0,0.1072486161455009,3.2188758248682006,2.833213344056216,2.0794415416798357,2.0794415416798357,0.0,0.0,34,1156,-0.8660254037844386,0.5000000000000001,-2.4492935982947064e-16,1.0,3567.5,8.179900618411121,0.1298495645288995,2017-11-01
Groundnut,2017-11-01,3567.5,3835.2436440677966,1900.0,8800.0,236,146,12,15,0,0,0,2017,11,4,Autumn,3157.5,3474.0,3750.0,4382.0,4050.0,0.1298495645288995,-0.048666666666666636,-0.1191358024691358,410.0,3460.5,3835.5833333333335,4013.2083333333335,3474.0,3800.0,4095.0,296.4806064483804,492.9927399735939,403.9056740881579,3157.5,4400.0,-592.5,-1224.5,-892.5,4050.0,-0.1191358024691358,4378.323529411765,4274.5,522.759909002109,4025.0,4025.0,-678.0833333333335,-642.5,0.12853135941258667,5.4680601411351315,4.990432586778736,2.5649493574615367,2.772588722239781,0.0,0.0,35,1225,-0.5000000000000004,0.8660254037844384,-2.4492935982947064e-16,1.0,3674.0,8.209308411646937,0.029852838121934067,2017-12-01
Groundnut,2017-12-01,3674.0,3923.7461240310076,2150.0,8000.0,258,140,13,15,0,0,0,2017,12,4,Winter,3567.5,3157.5,3474.0,4400.0,4000.0,0.029852838121934067,0.05757052389176742,-0.08150000000000002,106.5,3399.6666666666665,3699.8333333333335,3973.0,3474.0,3658.75,4070.0,214.86992189074016,419.03182058964444,423.45328174213637,3157.5,4400.0,93.5,-832.5,-432.5,4000.0,-0.08150000000000002,4355.157142857143,4250.0,532.9391971089445,4050.0,4050.0,-132.33333333333348,-91.25,0.1132569450667988,5.556828061699537,4.948759890378168,2.6390573296152584,2.772588722239781,0.0,0.0,36,1296,-2.4492935982947064e-16,1.0,-2.4492935982947064e-16,1.0,3700.0,8.216358332386156,0.007076755579749516,2018-01-01
Groundnut,2018-01-01,3700.0,3892.578602620087,2329.0,8000.0,229,142,12,14,0,0,0,2018,1,1,Winter,3674.0,3567.5,3157.5,3850.0,4140.0,0.007076755579749516,0.17181314330958042,-0.106280193236715,26.0,3466.3333333333335,3578.8333333333335,3945.8333333333335,3567.5,3620.75,3995.0,272.70695505126514,245.16375479803747,431.9359345032026,3157.5,3850.0,516.5,-176.0,-466.0,4140.0,-0.106280193236715,4336.236111111111,4250.0,537.3987411079828,4112.166666666667,4140.0,95.16666666666652,53.25,0.06850382008979765,5.438079308923196,4.962844630259907,2.5649493574615367,2.70805020110221,0.0,0.0,37,1369,0.49999999999999994,0.8660254037844387,1.0,6.123233995736766e-17,3597.5,8.188272370947859,-0.027702702702702697,2018-02-01
Groundnut,2018-02-01,3597.5,3811.7254464285716,1280.0,7800.0,224,131,12,17,0,0,0,2018,2,1,Winter,3700.0,3674.0,3567.5,3750.0,4145.0,-0.027702702702702697,0.008409250175192673,-0.132086851628468,-102.5,3647.1666666666665,3553.8333333333335,3909.1666666666665,3674.0,3620.75,3800.0,70.2074307558161,218.14047461824293,432.6299244332909,3157.5,3750.0,132.5,-50.0,-445.0,4145.0,-0.132086851628468,4319.040540540541,4250.0,540.1071187271097,4140.0,4145.0,146.16666666666652,79.25,0.06138174026682256,5.41610040220442,4.882801922586371,2.5649493574615367,2.8903717578961645,0.0,0.0,38,1444,0.8660254037844386,0.5000000000000001,1.0,6.123233995736766e-17,3711.0,8.21932609390609,0.03154968728283536,2018-03-01
Groundnut,2018-03-01,3711.0,3902.6242424242423,2100.0,6174.0,165,107,12,14,0,0,0,2018,3,1,Spring,3597.5,3700.0,3674.0,3474.0,4250.0,0.03154968728283536,0.010070767555797389,-0.12682352941176467,113.5,3657.1666666666665,3528.4166666666665,3863.5416666666665,3674.0,3582.5,3725.0,53.283049212040375,198.73384630372442,434.3641360097755,3157.5,3700.0,-76.5,123.5,-652.5,4250.0,-0.12682352941176467,4300.0526315789475,4250.0,545.4649738485422,4365.0,4395.0,69.08333333333348,15.0,0.0563238033028198,5.111987788356544,4.68213122712422,2.5649493574615367,2.70805020110221,0.0,0.0,39,1521,1.0,6.123233995736766e-17,1.0,6.123233995736766e-17,3763.0,8.23323750070527,0.014012395580706105,2018-04-01
Groundnut,2018-04-01,3763.0,3862.5,1850.0,5310.0,24,13,3,5,0,0,0,2018,4,2,Spring,3711.0,3597.5,3700.0,3157.5,4560.0,0.014012395580706105,0.017027027027026964,-0.17478070175438598,52.0,3669.5,3567.9166666666665,3818.625,3700.0,3635.75,3705.5,62.5959263850243,209.04052637388818,418.34121159429844,3157.5,3711.0,11.0,553.5,-849.0,4560.0,-0.17478070175438598,4284.948717948718,4250.0,546.4423549661439,4562.166666666667,4560.0,143.08333333333348,75.25,0.05858895986188622,3.2188758248682006,2.6390573296152584,1.3862943611198906,1.791759469228055,0.0,0.0,40,1600,0.8660254037844387,-0.4999999999999998,1.2246467991473532e-16,-1.0,3409.0,8.134467570277563,-0.09407387722561789,2018-05-01
Groundnut,2018-05-01,3409.0,3533.468503937008,1756.0,5650.0,127,84,9,11,0,0,0,2018,5,2,Summer,3763.0,3711.0,3597.5,3567.5,4382.0,-0.09407387722561789,-0.052397498262682474,-0.22204472843450485,-354.0,3690.5,3668.8333333333335,3752.2083333333335,3711.0,3687.0,3705.5,84.6330313766403,73.48514589134297,347.14762764390576,3567.5,3763.0,165.5,195.5,-619.0,4382.0,-0.22204472843450485,4271.9,4233.25,545.6680473957756,4643.666666666667,4382.0,94.16666666666652,76.0,0.020029567771228718,4.852030263919617,4.442651256490317,2.302585092994046,2.4849066497880004,0.0,0.0,41,1681,0.49999999999999994,-0.8660254037844387,1.2246467991473532e-16,-1.0,3550.0,8.174984532943087,0.041361102962745644,2018-06-01
Groundnut,2018-06-01,3550.0,3691.389140271493,1613.0,6850.0,221,129,10,15,0,0,0,2018,6,2,Summer,3409.0,3763.0,3711.0,3674.0,4400.0,0.041361102962745644,-0.04338453247103202,-0.19318181818181823,141.0,3627.6666666666665,3642.4166666666665,3671.125,3711.0,3687.0,3687.0,191.1474125729477,126.53711576716152,296.6305572593698,3409.0,3763.0,-302.0,-265.0,-991.0,4400.0,-0.19318181818181823,4250.8536585365855,4216.5,555.4013553717537,4883.166666666667,4903.0,-233.41666666666652,-278.0,0.0347398794116987,5.402677381872279,4.867534450455582,2.3978952727983707,2.772588722239781,0.0,0.0,42,1764,1.2246467991473532e-16,-1.0,1.2246467991473532e-16,-1.0,3250.0,8.086717920303906,-0.08450704225352113,2018-07-01
Groundnut,2018-07-01,3250.0,3304.896551724138,2200.0,4660.0,29,18,6,5,0,0,0,2018,7,3,Monsoon,3550.0,3409.0,3763.0,3700.0,3850.0,-0.08450704225352113,-0.1363273983523784,-0.1558441558441559,-300.0,3574.0,3621.75,3600.2916666666665,3550.0,3648.75,3635.75,178.2161608833479,130.4138604597127,188.55689499861757,3409.0,3763.0,-213.0,-150.0,-300.0,3850.0,-0.1558441558441559,4234.166666666667,4208.25,559.1441049329782,4610.0,4650.0,-71.75,-98.75,0.036008520869665966,3.4011973816621555,2.9444389791664403,1.9459101490553132,1.791759469228055,0.0,0.0,43,1849,-0.4999999999999997,-0.8660254037844388,-1.0,-1.8369701987210297e-16,3750.0,8.229777750081887,0.15384615384615374,2018-08-01
Groundnut,2018-08-01,3750.0,3844.6317567567567,2450.0,6301.0,148,95,12,16,0,0,0,2018,8,3,Monsoon,3250.0,3550.0,3409.0,3597.5,3750.0,0.15384615384615374,0.10002933411557646,0.0,500.0,3403.0,3546.75,3550.2916666666665,3409.0,3573.75,3582.5,150.08997301618567,191.50137075228886,195.73654119916083,3250.0,3763.0,-159.0,-347.5,-500.0,3750.0,0.0,4211.279069767442,4200.0,572.4713790134758,4561.0,4395.0,-296.75,-323.75,0.05399347874879506,5.003946305945459,4.564348191467836,2.5649493574615367,2.833213344056216,0.0,0.0,44,1936,-0.8660254037844385,-0.5000000000000004,-1.0,-1.8369701987210297e-16,3713.0,8.219864741912652,-0.00986666666666669,2018-09-01
Groundnut,2018-09-01,3713.0,3761.7571428571428,2100.0,5460.0,70,49,12,12,0,0,0,2018,9,3,Monsoon,3750.0,3250.0,3550.0,3711.0,3474.0,-0.00986666666666669,0.04591549295774655,0.06879677605066203,-37.0,3516.6666666666665,3572.1666666666665,3550.2916666666665,3550.0,3630.5,3582.5,251.66114784235708,208.91282073312829,195.73654119916083,3250.0,3763.0,200.0,39.0,276.0,3474.0,0.06879677605066203,4200.795454545455,4172.5,570.0332234114187,4391.333333333333,4700.0,177.83333333333348,119.5,0.05848350321461157,4.2626798770413155,3.912023005428146,2.5649493574615367,2.5649493574615367,0.0,0.0,45,2025,-1.0,-1.8369701987210297e-16,-1.0,-1.8369701987210297e-16,3900.0,8.268988209506656,0.050363587395636955,2018-10-01
Groundnut,2018-10-01,3900.0,4113.057228915663,2100.0,7511.0,166,109,12,14,0,0,0,2018,10,4,Autumn,3713.0,3750.0,3250.0,3763.0,3157.5,0.050363587395636955,0.19999999999999996,0.2351543942992873,187.0,3571.0,3572.5,3570.2083333333335,3713.0,3631.5,3635.75,278.6090450792999,209.18006597189301,199.39322254523685,3250.0,3763.0,463.0,-50.0,555.5,3157.5,0.2351543942992873,4189.955555555555,4145.0,568.1906172449991,3969.1666666666665,4250.0,140.5,81.5,0.058552852616345144,5.117993812416755,4.700480365792417,2.5649493574615367,2.70805020110221,0.0,0.0,46,2116,-0.8660254037844386,0.5000000000000001,-2.4492935982947064e-16,1.0,4250.0,8.35490952835879,0.08974358974358965,2018-11-01
Groundnut,2018-11-01,4250.0,4492.382716049383,3000.0,6836.0,81,68,12,12,0,0,0,2018,11,4,Autumn,3900.0,3713.0,3750.0,3409.0,3567.5,0.08974358974358965,0.1333333333333333,0.19131044148563414,350.0,3787.6666666666665,3595.3333333333335,3632.0833333333335,3750.0,3631.5,3687.0,99.02693236353788,239.42403109686407,173.15952095387118,3250.0,3900.0,150.0,491.0,332.5,3567.5,0.19131044148563414,4183.652173913043,4142.5,563.4660974674249,3872.5,4000.0,304.6666666666665,268.5,0.06659299956337773,4.406719247264253,4.23410650459726,2.5649493574615367,2.5649493574615367,0.0,0.0,47,2209,-0.5000000000000004,0.8660254037844384,-2.4492935982947064e-16,1.0,3927.5,8.276012952615876,-0.07588235294117651,2018-12-01
Groundnut,2018-12-01,3927.5,4035.22311827957,2571.0,6500.0,186,108,11,15,0,0,0,2018,12,4,Winter,4250.0,3900.0,3713.0,3550.0,3674.0,-0.07588235294117651,0.057769997306760024,0.06899836690255845,-322.5,3954.3333333333335,3735.5,3688.9583333333335,3900.0,3731.5,3705.5,272.5918805344955,335.4422454015074,246.55060870239075,3250.0,4250.0,537.0,700.0,576.0,3674.0,0.06899836690255845,4185.063829787234,4145.0,557.3918360369718,3924.6666666666665,4000.0,514.5,518.5,0.08979848625391712,5.231108616854587,4.6913478822291435,2.4849066497880004,2.772588722239781,0.0,0.0,48,2304,-2.4492935982947064e-16,1.0,-2.4492935982947064e-16,1.0,4002.5,8.294924257512688,0.01909611712285164,2019-01-01
Groundnut,2019-01-01,4002.5,4204.602631578948,1910.0,7537.0,190,114,12,14,0,0,0,2019,1,1,Winter,3927.5,4250.0,3900.0,3250.0,3700.0,0.01909611712285164,0.02628205128205119,0.08175675675675675,75.0,4025.8333333333335,3798.4166666666665,3710.0833333333335,3927.5,3825.0,3712.0,194.6203569345526,329.0319766628642,255.8377356249487,3250.0,4250.0,27.5,677.5,227.5,3700.0,0.08175675675675675,4179.697916666667,4142.5,552.6819979397118,4009.125,4060.0,129.08333333333348,102.5,0.08662345538611199,5.25227342804663,4.74493212836325,2.5649493574615367,2.70805020110221,0.0,0.0,49,2401,0.49999999999999994,0.8660254037844387,1.0,6.123233995736766e-17,4097.0,8.318254328798846,0.023610243597751435,2019-02-01
Groundnut,2019-02-01,4097.0,4338.592039800995,3018.0,7524.0,201,110,13,15,0,0,0,2019,2,1,Winter,4002.5,3927.5,4250.0,3750.0,3597.5,0.023610243597751435,-0.03600000000000003,0.13884642112578183,94.5,4060.0,3923.8333333333335,3735.2916666666665,4002.5,3913.75,3731.5,168.76388831737466,193.81606400572502,269.30258905124,3713.0,4250.0,-247.5,252.5,405.0,3597.5,0.13884642112578183,4176.081632653061,4140.0,547.4801304132227,4004.375,4110.0,78.66666666666652,88.75,0.049394570956732366,5.308267697401205,4.709530201312334,2.6390573296152584,2.772588722239781,0.0,0.0,50,2500,0.8660254037844386,0.5000000000000001,1.0,6.123233995736766e-17,4250.0,8.35490952835879,0.03734439834024905,2019-03-01
Groundnut,2019-03-01,4250.0,4464.9922279792745,2855.0,7700.0,193,108,12,16,0,0,0,2019,3,1,Spring,4097.0,4002.5,3927.5,3713.0,3711.0,0.03734439834024905,0.08211330362826219,0.14524386957693336,153.0,4009.0,3981.6666666666665,3776.9166666666665,4002.5,3965.0,3756.5,84.93674116658414,183.04307325509794,284.2561931310156,3713.0,4250.0,169.5,384.0,386.0,3711.0,0.14524386957693336,4174.5,4120.0,541.9802033435602,4201.5,4322.5,115.33333333333348,132.0,0.04597147088868094,5.267858159063328,4.6913478822291435,2.5649493574615367,2.833213344056216,0.0,0.0,51,2601,1.0,6.123233995736766e-17,1.0,6.123233995736766e-17,4325.0,8.372398606513004,0.01764705882352935,2019-04-01
Groundnut,2019-04-01,4325.0,4658.872611464968,1969.0,8700.0,157,88,13,15,0,0,0,2019,4,2,Spring,4250.0,4097.0,4002.5,3900.0,3763.0,0.01764705882352935,0.08057464084946919,0.14934892373106567,75.0,4116.5,4071.1666666666665,3821.8333333333335,4097.0,4049.75,3831.5,124.89695752899391,154.45603473697906,313.929663035109,3900.0,4250.0,247.5,350.0,487.0,3763.0,0.14934892373106567,4175.980392156863,4140.0,536.6371768782363,4362.375,4405.0,178.83333333333348,200.25,0.037939010456538844,5.062595033026967,4.48863636973214,2.6390573296152584,2.772588722239781,0.0,0.0,52,2704,0.8660254037844387,-0.4999999999999998,1.2246467991473532e-16,-1.0,4625.0,8.439447842791385,0.06936416184971095,2019-05-01
Groundnut,2019-05-01,4625.0,4744.991228070176,2340.0,7569.0,114,82,12,15,0,0,0,2019,5,2,Summer,4325.0,4250.0,4097.0,4250.0,3409.0,0.06936416184971095,0.12887478642909445,0.35670284540921093,300.0,4224.0,4142.0,3868.6666666666665,4250.0,4173.5,3913.75,116.20240961356743,157.67847031222755,344.76146782518094,3927.5,4325.0,228.0,75.0,916.0,3409.0,0.35670284540921093,4178.846153846154,4142.5,531.7516884977532,4335.0,4340.5,183.0,151.5,0.0380681965987995,4.74493212836325,4.418840607796598,2.5649493574615367,2.772588722239781,0.0,0.0,53,2809,0.49999999999999994,-0.8660254037844387,1.2246467991473532e-16,-1.0,4800.0,8.476579508530941,0.037837837837837895,2019-06-01
Groundnut,2019-06-01,4800.0,4865.72695035461,3000.0,8950.0,141,87,12,13,0,0,0,2019,6,2,Summer,4625.0,4325.0,4250.0,3927.5,3550.0,0.037837837837837895,0.12941176470588234,0.352112676056338,175.0,4400.0,4204.5,3970.0,4325.0,4173.5,3965.0,198.43134832984256,253.9685019840135,374.771506144991,3927.5,4625.0,375.0,697.5,1075.0,3550.0,0.352112676056338,4187.264150943396,4145.0,530.1677945904487,4549.875,4651.5,420.5,451.5,0.06040397240671031,4.955827057601261,4.477336814478207,2.5649493574615367,2.6390573296152584,0.0,0.0,54,2916,1.2246467991473532e-16,-1.0,1.2246467991473532e-16,-1.0,5200.0,8.556606193773073,0.08333333333333326,2019-07-01
Groundnut,2019-07-01,5200.0,5431.804054054054,3200.0,9500.0,148,84,11,12,0,0,0,2019,7,3,Monsoon,4800.0,4625.0,4325.0,4002.5,3250.0,0.08333333333333326,0.20231213872832376,0.6000000000000001,400.0,4583.333333333333,4349.916666666667,4074.1666666666665,4625.0,4287.5,4049.75,240.2255884233249,307.73859307319606,418.577913532203,4002.5,4800.0,475.0,797.5,1550.0,3250.0,0.6000000000000001,4198.611111111111,4172.5,531.7210013441642,4270.0,4250.0,450.08333333333303,512.5,0.0707458594394213,5.003946305945459,4.442651256490317,2.4849066497880004,2.5649493574615367,0.0,0.0,55,3025,-0.4999999999999997,-0.8660254037844388,-1.0,-1.8369701987210297e-16,4980.0,8.513385953073284,-0.04230769230769227,2019-08-01
Groundnut,2019-08-01,4980.0,5372.525773195876,2159.0,10045.0,97,62,11,14,1,0,0,2019,8,3,Monsoon,5200.0,4800.0,4625.0,4097.0,3750.0,-0.04230769230769227,0.07675675675675686,0.32800000000000007,-220.0,4875.0,4549.5,4236.666666666667,4800.0,4475.0,4173.5,294.7456530637889,409.01283598440153,447.07708982056573,4097.0,5200.0,575.0,1103.0,1450.0,3750.0,0.32800000000000007,4216.818181818182,4200.0,543.8050130845546,4358.25,4072.5,650.5,725.0,0.08990281041529873,4.584967478670572,4.143134726391533,2.4849066497880004,2.70805020110221,0.010309278350515464,0.0,56,3136,-0.8660254037844385,-0.5000000000000004,-1.0,-1.8369701987210297e-16,4975.0,8.512381634419015,-0.0010040160642570406,2019-09-01
Groundnut,2019-09-01,4975.0,4813.45,3369.0,6071.0,20,12,5,8,0,0,0,2019,9,3,Monsoon,4980.0,5200.0,4800.0,4250.0,3713.0,-0.0010040160642570406,0.03645833333333326,0.33988688392135735,-5.0,4993.333333333333,4696.666666666667,4339.166666666667,4980.0,4712.5,4250.0,200.33305601755478,370.69754068063264,465.9576811321626,4250.0,5200.0,180.0,730.0,1267.0,3713.0,0.33988688392135735,4230.446428571428,4208.25,548.4048908887024,4221.75,4206.5,283.33333333333303,267.5,0.07892779432518793,3.044522437723423,2.5649493574615367,1.791759469228055,2.1972245773362196,0.0,0.0,57,3249,-1.0,-1.8369701987210297e-16,-1.0,-1.8369701987210297e-16,5100.0,8.537191877922927,0.025125628140703515,2019-10-01
Groundnut,2019-10-01,5100.0,5383.266666666666,2125.0,11100.0,90,74,13,14,1,0,0,2019,10,4,Autumn,4975.0,4980.0,5200.0,4325.0,3900.0,0.025125628140703515,-0.019230769230769273,0.3076923076923077,125.0,5051.666666666667,4817.5,4444.333333333333,4980.0,4887.5,4287.5,128.48475914805152,309.010517620359,454.04857235829627,4325.0,5200.0,-225.0,650.0,1075.0,3900.0,0.3076923076923077,4243.508771929824,4216.5,552.361331105148,3951.875,4075.0,157.5,87.5,0.06414333526110202,4.51085950651685,4.31748811353631,2.6390573296152584,2.70805020110221,0.011111111111111112,0.0,58,3364,-0.8660254037844386,0.5000000000000001,-2.4492935982947064e-16,1.0,4392.0,8.38776764397578,-0.13882352941176468,2019-11-01
Groundnut,2019-11-01,4392.0,4620.891705069124,2350.0,8000.0,217,140,13,15,0,0,0,2019,11,4,Autumn,5100.0,4975.0,4980.0,4625.0,4250.0,-0.13882352941176468,-0.11807228915662649,0.03341176470588225,-708.0,5018.333333333333,4946.666666666667,4544.333333333333,4980.0,4977.5,4475.0,70.76957915187047,207.16338157760498,455.4080255078627,4625.0,5200.0,120.0,475.0,850.0,4250.0,0.03341176470588225,4258.275862068966,4233.25,558.9259685812668,3966.875,4025.0,153.33333333333303,122.5,0.041879389806793454,5.384495062789089,4.948759890378168,2.6390573296152584,2.772588722239781,0.0,0.0,59,3481,-0.5000000000000004,0.8660254037844384,-2.4492935982947064e-16,1.0,4095.0,8.317766166719343,-0.06762295081967218,2019-12-01
Groundnut,2019-12-01,4095.0,4384.736842105263,3450.0,7800.0,38,24,9,7,0,0,0,2019,12,4,Winter,4392.0,5100.0,4975.0,4800.0,3927.5,-0.06762295081967218,-0.17688442211055277,0.0426479949077021,-297.0,4822.333333333333,4907.833333333333,4556.166666666667,4975.0,4977.5,4508.5,377.8840210082093,286.25891543612846,448.8626198684313,4392.0,5200.0,-583.0,-408.0,464.5,3927.5,0.0426479949077021,4260.542372881356,4250.0,554.3601257627139,3925.375,3963.75,-515.833333333333,-585.5,0.05832694307117095,3.6635616461296463,3.2188758248682006,2.302585092994046,2.0794415416798357,0.0,0.0,60,3600,-2.4492935982947064e-16,1.0,-2.4492935982947064e-16,1.0,4555.0,8.424200324567073,0.11233211233211238,2020-01-01
Groundnut,2020-01-01,4555.0,4606.7177914110425,2900.0,8000.0,163,102,11,14,0,0,0,2020,1,1,Winter,4095.0,4392.0,5100.0,5200.0,4002.5,0.11233211233211238,-0.10686274509803917,0.13803872579637733,460.0,4529.0,4790.333333333333,4570.125,4392.0,4977.5,4508.5,516.3167632374524,441.8038780575256,429.732375755804,4095.0,5200.0,-1005.0,-1105.0,92.5,4002.5,0.13803872579637733,4257.783333333334,4233.25,550.0574112306076,4007.8,4002.5,-695.333333333333,-882.5,0.09222821196663954,5.099866427824199,4.634728988229636,2.4849066497880004,2.70805020110221,0.0,0.0,61,3721,0.49999999999999994,0.8660254037844387,1.0,6.123233995736766e-17,4642.5,8.443223671216064,0.019209659714599425,2020-02-01
Groundnut,2020-02-01,4642.5,4649.704166666666,3269.0,7000.0,120,75,11,14,0,0,0,2020,2,1,Winter,4555.0,4095.0,4392.0,4980.0,4097.0,0.019209659714599425,0.057035519125683054,0.13314620453990722,87.5,4347.333333333333,4682.833333333333,4616.166666666667,4392.0,4765.0,4590.0,233.2302153095366,398.540043993912,391.26388057476544,4095.0,5100.0,163.0,-425.0,458.0,4097.0,0.13314620453990722,4262.6557377049185,4250.0,546.7802082874468,4022.9,4097.0,-127.83333333333303,-210.0,0.0851066044048643,4.795790545596741,4.330733340286331,2.4849066497880004,2.70805020110221,0.0,0.0,62,3844,0.8660254037844386,0.5000000000000001,1.0,6.123233995736766e-17,5351.0,8.585225601808064,0.1526117393645665,2020-03-01
Groundnut,2020-03-01,5351.0,5386.952380952381,4170.0,7100.0,21,14,6,6,0,0,0,2020,3,1,Spring,4642.5,4555.0,4095.0,4975.0,4250.0,0.1526117393645665,0.30671550671550674,0.2590588235294118,708.5,4430.833333333333,4626.583333333333,4661.625,4555.0,4598.75,4633.75,294.11236514865,371.08090986558375,355.5180039553039,4095.0,5100.0,547.5,-332.5,392.5,4250.0,0.2590588235294118,4268.782258064516,4250.0,544.421339822232,4211.2,4250.0,15.91666666666697,43.75,0.08020625224494327,3.091042453358316,2.70805020110221,1.9459101490553132,1.9459101490553132,0.0,0.0,63,3969,1.0,6.123233995736766e-17,1.0,6.123233995736766e-17,5494.5,8.611684854508955,0.026817417305176505,2020-04-01
Groundnut,2020-04-01,5494.5,5814.181818181818,4600.0,8650.0,22,17,3,7,0,0,0,2020,4,2,Spring,5351.0,4642.5,4555.0,5100.0,4325.0,0.026817417305176505,0.20625686059275528,0.2704046242774567,143.5,4849.5,4689.25,4753.375,4642.5,4598.75,4721.25,436.509736432075,462.2397375821368,380.8017334877458,4095.0,5351.0,796.0,251.0,1026.0,4325.0,0.2704046242774567,4285.960317460317,4250.0,556.9599966927849,4354.9,4325.0,661.75,752.25,0.0985743429294955,3.1354942159291497,2.8903717578961645,1.3862943611198906,2.0794415416798357,0.0,0.0,64,4096,0.8660254037844387,-0.4999999999999998,1.2246467991473532e-16,-1.0,5249.0,8.565983355585669,-0.044681044681044724,2020-05-01
Groundnut,2020-05-01,5249.0,5277.073529411765,2000.0,8446.0,68,57,7,12,0,0,0,2020,5,2,Summer,5494.5,5351.0,4642.5,4392.0,4625.0,-0.044681044681044724,0.13064081852450182,0.13491891891891883,-245.5,5162.666666666667,4755.0,4850.833333333333,5351.0,4598.75,4887.5,456.15576652425744,551.7429655192738,409.75526694342545,4095.0,5494.5,852.0,1102.5,869.5,4625.0,0.13491891891891883,4304.84375,4250.0,572.8018291834212,4393.0,4382.0,739.5,895.75,0.11603427245410594,4.23410650459726,4.060443010546419,2.0794415416798357,2.5649493574615367,0.0,0.0,65,4225,0.49999999999999994,-0.8660254037844387,1.2246467991473532e-16,-1.0,5072.5,8.531786193719137,-0.03362545246713655,2020-06-01
Groundnut,2020-06-01,5072.5,5209.986033519553,2000.0,8750.0,179,114,10,12,0,0,0,2020,6,2,Summer,5249.0,5494.5,5351.0,4095.0,4800.0,-0.03362545246713655,-0.052046346477294,0.05677083333333344,-176.5,5364.833333333333,4897.833333333333,4902.833333333333,5351.0,4945.75,4977.5,123.33322072066672,549.9018700337987,418.00186674949134,4095.0,5494.5,-102.0,1154.0,449.0,4800.0,0.05677083333333344,4319.369230769231,4250.0,580.249658531534,4599.9,4800.0,351.16666666666697,303.25,0.1122745166298973,5.19295685089021,4.74493212836325,2.3978952727983707,2.5649493574615367,0.0,0.0,66,4356,1.2246467991473532e-16,-1.0,1.2246467991473532e-16,-1.0,5225.0,8.561401446080557,0.030064070970921675,2020-07-01
Groundnut,2020-07-01,5225.0,5323.700680272109,2305.0,12700.0,147,100,10,14,1,0,0,2020,7,3,Monsoon,5072.5,5249.0,5494.5,4555.0,5200.0,0.030064070970921675,-0.049049049049049054,0.004807692307692291,152.5,5272.0,5060.75,4925.541666666667,5249.0,5160.75,5026.25,211.93808058015287,384.36346730666537,419.3073540935915,4555.0,5494.5,-422.0,517.5,-127.5,5200.0,0.004807692307692291,4330.780303030303,4250.0,583.1842374728848,4456.0,4650.0,11.75,-88.25,0.07594990215020804,4.997212273764115,4.61512051684126,2.3978952727983707,2.70805020110221,0.006802721088435374,0.0,67,4489,-0.4999999999999997,-0.8660254037844388,-1.0,-1.8369701987210297e-16,4719.0,8.459564078579602,-0.09684210526315784,2020-08-01
Groundnut,2020-08-01,4719.0,4690.315789473684,2700.0,6400.0,38,31,8,11,0,0,0,2020,8,3,Monsoon,5225.0,5072.5,5249.0,4642.5,4980.0,-0.09684210526315784,-0.10097161364069351,-0.052409638554216875,-506.0,5182.166666666667,5172.416666666667,4927.625,5225.0,5237.0,5026.25,95.72921880665636,294.9761713540074,420.8542246539646,4642.5,5494.5,-24.0,582.5,245.0,4980.0,-0.052409638554216875,4344.126865671642,4250.0,588.9698849074596,4482.6,4395.0,52.58333333333303,-12.0,0.057028694779166555,3.6635616461296463,3.4657359027997265,2.1972245773362196,2.4849066497880004,0.0,0.0,68,4624,-0.8660254037844385,-0.5000000000000004,-1.0,-1.8369701987210297e-16,4581.5,8.42999997971386,-0.029137529137529095,2020-09-01
Groundnut,2020-09-01,4581.5,4838.755102040816,2700.0,9000.0,98,69,10,11,0,0,0,2020,9,3,Monsoon,4719.0,5225.0,5072.5,5351.0,4975.0,-0.029137529137529095,-0.09679645145391813,-0.07909547738693468,-137.5,5005.5,5185.166666666667,4905.875,5072.5,5237.0,5023.75,259.5683917583175,267.90085230672327,424.62877503874836,4719.0,5494.5,-353.5,-632.0,-256.0,4975.0,-0.07909547738693468,4349.639705882353,4250.0,586.3230723042803,4372.4,4700.0,-466.16666666666697,-518.0,0.051666777469073305,4.59511985013459,4.248495242049359,2.3978952727983707,2.4849066497880004,0.0,0.0,69,4761,-1.0,-1.8369701987210297e-16,-1.0,-1.8369701987210297e-16,4330.0,8.373553741214627,-0.05489468514678597,2020-10-01
Groundnut,2020-10-01,4330.0,4521.71897810219,2400.0,8100.0,137,99,11,14,0,0,0,2020,10,4,Autumn,4581.5,4719.0,5225.0,5494.5,5100.0,-0.05489468514678597,-0.17129186602870816,-0.15098039215686276,-251.5,4841.833333333333,5056.916666666667,4873.083333333333,4719.0,5148.75,4895.75,338.879157419474,345.56582826817316,433.8980731448192,4581.5,5494.5,-643.5,-913.0,-518.5,5100.0,-0.15098039215686276,4353.0,4250.0,582.6648718956521,4181.5,4250.0,-475.41666666666697,-567.25,0.06833528235614715,4.927253685157205,4.605170185988092,2.4849066497880004,2.70805020110221,0.0,0.0,70,4900,-0.8660254037844386,0.5000000000000001,-2.4492935982947064e-16,1.0,4043.5,8.305113212458007,-0.06616628175519634,2020-11-01
Groundnut,2020-11-01,4043.5,4457.807692307692,2600.0,6800.0,26,17,8,8,0,0,0,2020,11,4,Autumn,4330.0,4581.5,4719.0,5249.0,4392.0,-0.06616628175519634,-0.143144734053825,-0.0793488160291439,-286.5,4543.5,4862.833333333333,4808.916666666667,4581.5,4895.75,4680.75,197.26441645669203,376.2970457851993,453.77035808742187,4330.0,5249.0,-389.0,-919.0,-62.0,4392.0,-0.0793488160291439,4352.671428571429,4274.5,578.4337854062287,4051.9,4050.0,-532.833333333333,-565.75,0.07738226255993406,3.295836866004329,2.8903717578961645,2.1972245773362196,2.1972245773362196,0.0,0.0,71,5041,-0.5000000000000004,0.8660254037844384,-2.4492935982947064e-16,1.0,4865.0,8.490027523343468,0.20316557437863247,2020-12-01
Groundnut,2020-12-01,4865.0,5315.345528455285,3400.0,8750.0,123,90,10,15,0,0,0,2020,12,4,Winter,4043.5,4330.0,4581.5,5072.5,4095.0,0.20316557437863247,0.06187929717341478,0.18803418803418803,821.5,4318.333333333333,4661.916666666667,4779.875,4330.0,4650.25,4680.75,269.18967909883264,444.5165257520447,492.3879717993998,4043.5,5225.0,-538.0,-1029.0,-51.5,4095.0,0.18803418803418803,4348.316901408451,4250.0,575.4582040143356,3959.3,4000.0,-618.416666666667,-606.75,0.09535059451628507,4.820281565605037,4.51085950651685,2.3978952727983707,2.772588722239781,0.0,0.0,72,5184,-2.4492935982947064e-16,1.0,-2.4492935982947064e-16,1.0,5000.0,8.517393171418904,0.027749229188078095,2021-01-01
Groundnut,2021-01-01,5000.0,5172.972727272727,3315.0,8200.0,165,98,9,13,0,0,0,2021,1,1,Winter,4865.0,4043.5,4330.0,5225.0,4555.0,0.027749229188078095,0.15473441108545027,0.09769484083424818,135.0,4412.833333333333,4627.333333333333,4844.041666666667,4330.0,4650.25,4792.0,416.9671250030781,413.1495693652217,442.6869640118847,4043.5,5225.0,535.0,-360.0,310.0,4555.0,0.09769484083424818,4355.493055555556,4274.5,574.6266852626011,4099.0,4071.25,237.66666666666697,214.75,0.08928459214058962,5.111987788356544,4.59511985013459,2.302585092994046,2.6390573296152584,0.0,0.0,73,5329,0.49999999999999994,0.8660254037844387,1.0,6.123233995736766e-17,5275.0,8.570923513837204,0.05499999999999994,2021-02-01
Groundnut,2021-02-01,5275.0,5469.357575757575,4000.0,9500.0,165,95,10,14,0,0,0,2021,2,1,Winter,5000.0,4865.0,4043.5,4719.0,4642.5,0.05499999999999994,0.3045628786942005,0.1362412493268712,275.0,4636.166666666667,4589.833333333333,4881.125,4865.0,4650.25,4932.5,517.6838642775458,354.0339908351571,434.8421931626972,4043.5,5000.0,956.5,281.0,357.5,4642.5,0.1362412493268712,4364.321917808219,4299.0,575.5866896399842,4126.166666666667,4121.0,410.16666666666697,349.75,0.07713438923021688,5.111987788356544,4.564348191467836,2.3978952727983707,2.70805020110221,0.0,0.0,74,5476,0.8660254037844386,0.5000000000000001,1.0,6.123233995736766e-17,5650.0,8.639587799629844,0.07109004739336489,2021-03-01
Groundnut,2021-03-01,5650.0,6061.6511627906975,4380.0,10000.0,129,85,10,12,2,0,0,2021,3,1,Spring,5275.0,5000.0,4865.0,4581.5,5351.0,0.07109004739336489,0.16135662898252834,0.05587740609231928,375.0,5046.666666666667,4682.5,4933.833333333333,5000.0,4723.25,5036.25,208.94576648817807,453.4196731506049,441.569789260857,4043.5,5275.0,410.0,693.5,-76.0,5351.0,0.05587740609231928,4376.628378378378,4312.0,581.3509306142905,4401.166666666667,4322.5,592.5,551.75,0.09683281861198183,4.867534450455582,4.454347296253507,2.3978952727983707,2.5649493574615367,0.015503875968992248,0.0,75,5625,1.0,6.123233995736766e-17,1.0,6.123233995736766e-17,5475.0,8.60813018640834,-0.030973451327433676,2021-04-01
Groundnut,2021-04-01,5475.0,5477.519480519481,2651.0,10500.0,77,55,8,10,2,0,0,2021,4,2,Spring,5650.0,5275.0,5000.0,4330.0,5494.5,-0.030973451327433676,0.09499999999999997,-0.00354900354900356,-175.0,5308.333333333333,4860.583333333333,4958.75,5275.0,4932.5,5036.25,326.27953250752995,593.8889135744732,474.4603872726446,4043.5,5650.0,650.0,1320.0,155.5,5494.5,-0.00354900354900356,4393.606666666667,4325.0,595.836745810174,4544.833333333333,4442.5,789.416666666667,717.5,0.1221846994169712,4.356708826689592,4.02535169073515,2.1972245773362196,2.3978952727983707,0.025974025974025976,0.0,76,5776,0.8660254037844387,-0.4999999999999998,1.2246467991473532e-16,-1.0,5090.0,8.535229553902337,-0.07031963470319635,2021-05-01
Groundnut,2021-05-01,5090.0,5038.631578947368,3400.0,6701.0,19,15,6,5,0,0,0,2021,5,2,Summer,5475.0,5650.0,5275.0,4043.5,5249.0,-0.07031963470319635,-0.035071090047393394,-0.030291484092208054,-385.0,5466.666666666667,5051.416666666667,4957.125,5475.0,5137.5,5036.25,187.63883748662573,572.8883326326941,472.48795679697554,4043.5,5650.0,200.0,1431.5,226.0,5249.0,-0.030291484092208054,4407.835526315789,4327.5,604.7105113917894,4535.666666666667,4503.5,423.58333333333303,337.5,0.11341141910012585,2.995732273553991,2.772588722239781,1.9459101490553132,1.791759469228055,0.0,0.0,77,5929,0.49999999999999994,-0.8660254037844387,1.2246467991473532e-16,-1.0,5100.0,8.537191877922927,0.0019646365422396617,2021-06-01
Groundnut,2021-06-01,5100.0,5198.2868217054265,2500.0,9300.0,129,85,10,10,0,0,0,2021,6,2,Summer,5090.0,5475.0,5650.0,4865.0,5072.5,0.0019646365422396617,-0.09734513274336287,0.005421389847215297,10.0,5405.0,5225.833333333333,4943.875,5475.0,5182.5,5036.25,286.48734701553394,298.01705767735615,465.7400330754162,4865.0,5650.0,-560.0,225.0,17.5,5072.5,0.005421389847215297,4416.694805194805,4330.0,605.7283032359312,4678.666666666667,4851.5,-135.83333333333303,-92.5,0.05702766212929794,4.867534450455582,4.454347296253507,2.3978952727983707,2.3978952727983707,0.0,0.0,78,6084,1.2246467991473532e-16,-1.0,1.2246467991473532e-16,-1.0,4872.0,8.491465042843506,-0.04470588235294115,2021-07-01
Groundnut,2021-07-01,4872.0,4959.632142857143,2450.0,9800.0,140,87,7,11,0,0,0,2021,7,3,Monsoon,5100.0,5090.0,5475.0,5000.0,5225.0,-0.04470588235294115,-0.11013698630136981,-0.06755980861244015,-228.0,5221.666666666667,5265.0,4946.166666666667,5100.0,5187.5,5045.0,219.4500702513725,253.1797780234473,466.49750721994553,5000.0,5650.0,-375.0,100.0,-125.0,5225.0,-0.06755980861244015,4425.455128205128,4356.0,606.7353034724894,4584.166666666667,4925.0,-165.0,-87.5,0.04808732725991402,4.948759890378168,4.477336814478207,2.0794415416798357,2.4849066497880004,0.0,0.0,79,6241,-0.4999999999999997,-0.8660254037844388,-1.0,-1.8369701987210297e-16,4990.0,8.515391569469609,0.024220032840722494,2021-08-01
Groundnut,2021-08-01,4990.0,4990.714285714285,4125.0,5800.0,14,9,3,3,0,0,0,2021,8,3,Monsoon,4872.0,5100.0,5090.0,5275.0,4719.0,0.024220032840722494,-0.01964636542239684,0.05742742106378462,118.0,5020.666666666667,5243.666666666667,4916.75,5090.0,5187.5,4936.0,128.84616150018755,283.5465864133593,458.3753672185343,4872.0,5650.0,-218.0,-403.0,153.0,4719.0,0.05742742106378462,4431.107594936709,4382.0,604.923319313506,4522.0,4557.0,-371.66666666666697,-315.5,0.05407410585722954,2.70805020110221,2.302585092994046,1.3862943611198906,1.3862943611198906,0.0,0.0,80,6400,-0.8660254037844385,-0.5000000000000004,-1.0,-1.8369701987210297e-16,5600.0,8.630700432209832,0.12224448897795592,2021-09-01
Groundnut,2021-09-01,5600.0,5882.131578947368,3050.0,9800.0,114,81,10,11,0,0,0,2021,9,3,Monsoon,4990.0,4872.0,5100.0,5650.0,4581.5,0.12224448897795592,0.0980392156862746,0.22230710466004577,610.0,4987.333333333333,5196.166666666667,4939.333333333333,4990.0,5095.0,4995.0,114.02338941345513,300.60633171420136,454.40552240028694,4872.0,5650.0,-110.0,-660.0,408.5,4581.5,0.22230710466004577,4438.09375,4387.0,604.3216674988118,4407.25,4640.75,-206.16666666666697,-105.0,0.057851556926106044,4.74493212836325,4.406719247264253,2.3978952727983707,2.4849066497880004,0.0,0.0,81,6561,-1.0,-1.8369701987210297e-16,-1.0,-1.8369701987210297e-16,5464.0,8.60611940061064,-0.024285714285714244,2021-10-01
Groundnut,2021-10-01,5464.0,5540.943609022556,1900.0,9600.0,133,96,11,12,0,0,0,2021,10,4,Autumn,5600.0,4990.0,4872.0,5475.0,4330.0,-0.024285714285714244,0.12151067323481124,0.2618937644341801,-136.0,5154.0,5187.833333333333,5024.208333333333,4990.0,5095.0,5045.0,390.7275265450325,285.8394071269189,476.093834254499,4872.0,5600.0,728.0,125.0,1270.0,4330.0,0.2618937644341801,4452.438271604939,4392.0,614.2528865556721,4206.25,4290.0,412.16666666666697,505.0,0.055098032022408636,4.897839799950911,4.574710978503383,2.4849066497880004,2.5649493574615367,0.0,0.0,82,6724,-0.8660254037844386,0.5000000000000001,-2.4492935982947064e-16,1.0,5302.0,8.57602797713713,-0.02964860907759881,2021-11-01
Groundnut,2021-11-01,5302.0,5541.715447154472,3780.0,10000.0,123,89,9,14,1,0,0,2021,11,4,Autumn,5464.0,5600.0,4990.0,5090.0,4043.5,-0.02964860907759881,0.06252505010020037,0.31124026214912814,-162.0,5351.333333333333,5186.0,5118.708333333333,5464.0,5095.0,5095.0,320.2270028172709,283.65612984739425,436.68661835636067,4872.0,5600.0,474.0,374.0,1420.5,4043.5,0.31124026214912814,4464.774390243902,4393.5,620.5862130716102,4050.5,4046.75,278.0,369.0,0.054696515589547676,4.820281565605037,4.499809670330265,2.302585092994046,2.70805020110221,0.008130081300813009,0.0,83,6889,-0.5000000000000004,0.8660254037844384,-2.4492935982947064e-16,1.0,5365.0,8.58783803098557,0.011882308562806587,2021-12-01
Groundnut,2021-12-01,5365.0,5628.847368421053,3000.0,10235.0,190,122,10,14,1,0,0,2021,12,4,Winter,5302.0,5464.0,5600.0,5100.0,4865.0,0.011882308562806587,-0.041964285714285676,0.10277492291880774,63.0,5455.333333333333,5221.333333333333,5223.583333333333,5464.0,5201.0,5187.5,149.18891826584328,282.5078170009966,276.86309657016903,4872.0,5600.0,-298.0,202.0,437.0,4865.0,0.10277492291880774,4474.861445783133,4395.0,623.5990020235067,4110.25,4047.5,80.66666666666697,101.0,0.05410645116209078,5.25227342804663,4.812184355372417,2.3978952727983707,2.70805020110221,0.005263157894736842,0.0,84,7056,-2.4492935982947064e-16,1.0,-2.4492935982947064e-16,1.0,5185.0,8.55371796609861,-0.033550792171481825,2022-01-01
Groundnut,2022-01-01,5185.0,5251.581325301205,1000.0,8000.0,166,96,9,13,0,0,0,2022,1,1,Winter,5365.0,5302.0,5464.0,4872.0,5000.0,-0.033550792171481825,-0.05106149341142019,0.03699999999999992,-180.0,5377.0,5265.5,5265.25,5365.0,5333.5,5288.5,81.6639455328917,280.45231323703155,254.73127551847884,4872.0,5600.0,-99.0,493.0,365.0,5000.0,0.03699999999999992,4485.458333333333,4395.0,627.3939463412304,4227.714285714285,4140.0,99.5,31.5,0.05326223781920645,5.117993812416755,4.574710978503383,2.302585092994046,2.6390573296152584,0.0,0.0,85,7225,0.49999999999999994,0.8660254037844387,1.0,6.123233995736766e-17,5200.0,8.556606193773073,0.0028929604628735728,2022-02-01
Groundnut,2022-02-01,5200.0,5522.5127551020405,4000.0,11250.0,196,120,11,15,3,0,0,2022,2,1,Winter,5185.0,5365.0,5302.0,4990.0,5275.0,0.0028929604628735728,-0.019238023387400993,-0.014218009478673022,15.0,5284.0,5317.666666666667,5280.666666666667,5302.0,5333.5,5288.5,91.34002408582506,213.81175521160864,242.52435054249506,4990.0,5600.0,-117.0,195.0,-90.0,5275.0,-0.014218009478673022,4493.6882352941175,4395.0,628.247031981272,4290.285714285715,4145.0,-132.66666666666697,-148.5,0.040207814557439096,5.2832037287379885,4.795790545596741,2.4849066497880004,2.772588722239781,0.015306122448979591,0.0,86,7396,0.8660254037844386,0.5000000000000001,1.0,6.123233995736766e-17,5600.0,8.630700432209832,0.07692307692307687,2022-03-01
Groundnut,2022-03-01,5600.0,5886.860655737705,2742.0,10881.0,122,95,12,15,3,0,0,2022,3,1,Spring,5200.0,5185.0,5365.0,5600.0,5650.0,0.07692307692307687,0.04380242311276783,-0.008849557522123908,400.0,5250.0,5352.666666666667,5274.416666666667,5200.0,5333.5,5251.0,99.8749217771864,159.8169786558015,243.64745706313408,5185.0,5600.0,-165.0,-400.0,-450.0,5650.0,-0.008849557522123908,4501.9011627906975,4397.5,629.1675116877365,4579.571428571428,4395.0,-152.66666666666697,-133.5,0.029857450240839738,4.812184355372417,4.564348191467836,2.5649493574615367,2.772588722239781,0.02459016393442623,0.0,87,7569,1.0,6.123233995736766e-17,1.0,6.123233995736766e-17,5629.0,8.635864721133736,0.005178571428571477,2022-04-01
Groundnut,2022-04-01,5629.0,6005.04424778761,3577.0,10156.0,113,80,10,13,1,0,0,2022,4,2,Spring,5600.0,5200.0,5185.0,5464.0,5475.0,0.005178571428571477,0.08563162970106086,0.028127853881278586,29.0,5328.333333333333,5352.666666666667,5270.25,5200.0,5333.5,5251.0,235.389747723499,159.8169786558015,236.97684006516573,5185.0,5600.0,415.0,136.0,125.0,5475.0,0.028127853881278586,4514.522988505747,4400.0,636.4816120585413,4677.714285714285,4560.0,247.33333333333303,266.5,0.029857450240839738,4.736198448394496,4.394449154672439,2.3978952727983707,2.6390573296152584,0.008849557522123894,0.0,88,7744,0.8660254037844387,-0.4999999999999998,1.2246467991473532e-16,-1.0,5175.0,8.551787836180736,-0.08065375732812219,2022-05-01
Groundnut,2022-05-01,5175.0,5261.0,3566.0,7800.0,18,14,6,4,0,0,0,2022,5,2,Summer,5629.0,5600.0,5200.0,5302.0,5090.0,-0.08065375732812219,-0.004807692307692291,0.016699410609037235,-454.0,5476.333333333333,5380.166666666667,5283.083333333333,5600.0,5333.5,5251.0,239.75056482380302,193.46050415180082,252.7199162325843,5185.0,5629.0,429.0,327.0,539.0,5090.0,0.016699410609037235,4527.1875,4425.0,643.8685626227671,4614.857142857143,4625.0,248.83333333333303,295.5,0.035958087571971276,2.9444389791664403,2.70805020110221,1.9459101490553132,1.6094379124341003,0.0,0.0,89,7921,0.49999999999999994,-0.8660254037844387,1.2246467991473532e-16,-1.0,5700.0,8.648396877031582,0.10144927536231885,2022-06-01
Groundnut,2022-06-01,5700.0,5858.023474178403,3050.0,10153.0,213,140,11,16,2,0,0,2022,6,2,Summer,5175.0,5629.0,5600.0,5365.0,5100.0,0.10144927536231885,0.017857142857142794,0.11764705882352944,525.0,5468.0,5359.0,5290.166666666667,5600.0,5282.5,5251.0,254.15939880319064,209.96666402074933,247.96254604762908,5175.0,5629.0,-425.0,-190.0,75.0,5100.0,0.11764705882352944,4534.466292134832,4450.0,643.8719072469131,4738.857142857143,4903.0,-184.0,-107.5,0.03918019481633688,5.365976015021851,4.948759890378168,2.4849066497880004,2.833213344056216,0.009389671361502348,0.0,90,8100,1.2246467991473532e-16,-1.0,1.2246467991473532e-16,-1.0,5664.5,8.642150430820621,-0.0062280701754385825,2022-07-01
Groundnut,2022-07-01,5664.5,5810.807692307692,3100.0,9800.0,156,111,11,15,0,0,0,2022,7,3,Monsoon,5700.0,5175.0,5629.0,5185.0,4872.0,-0.0062280701754385825,0.006306626399005255,0.16266420361247946,-35.5,5501.333333333333,5414.833333333333,5340.166666666667,5629.0,5400.0,5333.5,284.8338697088755,252.17883865754666,265.96986614458393,5175.0,5700.0,71.0,515.0,828.0,4872.0,0.16266420361247946,4547.416666666667,4475.0,651.9256318740521,4625.285714285715,4872.0,285.16666666666697,300.0,0.04657185607267937,5.056245805348308,4.718498871295094,2.4849066497880004,2.772588722239781,0.0,0.0,91,8281,-0.4999999999999997,-0.8660254037844388,-1.0,-1.8369701987210297e-16,5950.0,8.691314551644853,0.050401624150410385,2022-08-01
Groundnut,2022-08-01,5950.0,6273.795138888889,4200.0,10240.0,144,90,11,16,2,0,0,2022,8,3,Monsoon,5664.5,5700.0,5175.0,5200.0,4990.0,0.050401624150410385,0.1497584541062802,0.19238476953907813,285.5,5513.166666666667,5494.75,5406.208333333333,5664.5,5614.5,5414.5,293.39833560082207,240.4832114722406,235.83771946879168,5175.0,5700.0,489.5,464.5,674.5,4990.0,0.19238476953907813,4559.692307692308,4500.0,658.784974906375,4588.857142857143,4719.0,169.75,50.0,0.043765996901085694,4.976733742420574,4.51085950651685,2.4849066497880004,2.833213344056216,0.013888888888888888,0.0,92,8464,-0.8660254037844385,-0.5000000000000004,-1.0,-1.8369701987210297e-16,5691.0,8.646816959209742,-0.04352941176470593,2022-09-01
Groundnut,2022-09-01,5691.0,6026.056451612903,2379.0,10420.0,124,80,11,12,2,0,0,2022,9,3,Monsoon,5950.0,5664.5,5700.0,5600.0,5600.0,-0.04352941176470593,-0.0015789473684210131,0.016250000000000098,-259.0,5771.5,5619.75,5486.208333333333,5700.0,5646.75,5532.0,155.60125320831835,251.31091301414403,244.48344974040197,5175.0,5950.0,250.0,350.0,350.0,5600.0,0.016250000000000098,4574.804347826087,4527.5,670.998378490539,4577.642857142857,4700.0,330.25,303.25,0.04471923359831737,4.8283137373023015,4.394449154672439,2.4849066497880004,2.5649493574615367,0.016129032258064516,0.0,93,8649,-1.0,-1.8369701987210297e-16,-1.0,-1.8369701987210297e-16,5708.0,8.64979915596426,0.002987172728870169,2022-10-01
Groundnut,2022-10-01,5708.0,5561.683673469388,1800.0,8362.0,147,89,9,12,0,0,0,2022,10,4,Autumn,5691.0,5950.0,5664.5,5629.0,5464.0,0.002987172728870169,0.0076794068320240605,0.044655929721815424,17.0,5768.5,5634.916666666667,5493.791666666667,5691.0,5677.75,5532.0,157.74108532655404,252.62312179741062,249.68975825769434,5175.0,5950.0,26.5,62.0,227.0,5464.0,0.044655929721815424,4586.806451612903,4555.0,677.3046727585253,4385.928571428572,4330.0,56.08333333333303,13.25,0.04483174051034365,4.997212273764115,4.499809670330265,2.302585092994046,2.5649493574615367,0.0,0.0,94,8836,-0.8660254037844386,0.5000000000000001,-2.4492935982947064e-16,1.0,5850.0,8.674367865788236,0.02487736510161187,2022-11-01
Groundnut,2022-11-01,5850.0,6098.743016759777,2650.0,14401.0,179,117,11,15,3,0,0,2022,11,4,Autumn,5708.0,5691.0,5950.0,5175.0,5302.0,0.02487736510161187,-0.01680672268907568,0.103357223689174,142.0,5783.0,5648.083333333333,5514.125,5708.0,5695.5,5614.5,144.87580888471064,254.30619667375268,256.874759455756,5175.0,5950.0,-242.0,533.0,406.0,5302.0,0.103357223689174,4598.734042553191,4557.5,683.5071705271106,4229.285714285715,4050.0,59.91666666666697,12.5,0.04502522035624227,5.19295685089021,4.770684624465665,2.4849066497880004,2.772588722239781,0.01675977653631285,0.0,95,9025,-0.5000000000000004,0.8660254037844384,-2.4492935982947064e-16,1.0,5800.0,8.665785595466064,-0.008547008547008517,2022-12-01
Groundnut,2022-12-01,5800.0,6019.428571428572,4250.0,10700.0,161,108,13,13,3,0,0,2022,12,4,Winter,5850.0,5708.0,5691.0,5700.0,5365.0,-0.008547008547008517,0.019153048673343775,0.08108108108108114,-50.0,5749.666666666667,5760.583333333333,5559.791666666667,5708.0,5704.0,5646.75,87.30597535869185,113.47529099618751,264.33806336285016,5664.5,5950.0,159.0,150.0,485.0,5365.0,0.08108108108108114,4611.905263157894,4560.0,691.8762391433553,4289.5,4095.0,89.41666666666697,146.0,0.019698576416657024,5.087596335232384,4.6913478822291435,2.6390573296152584,2.6390573296152584,0.018633540372670808,0.0,96,9216,-2.4492935982947064e-16,1.0,-2.4492935982947064e-16,1.0,5950.0,8.691314551644853,0.02586206896551735,2023-01-01
Groundnut,2023-01-01,5950.0,6010.484545454545,4500.0,7569.99,33,20,4,6,0,0,0,2023,1,1,Winter,5800.0,5850.0,5708.0,5664.5,5185.0,0.02586206896551735,0.04239663629992996,0.14754098360655732,150.0,5786.0,5777.25,5596.041666666667,5800.0,5754.0,5677.75,72.02777242147062,110.09075801357157,265.0228513589388,5664.5,5950.0,92.0,135.5,615.0,5185.0,0.14754098360655732,4624.28125,4570.75,698.8259470542831,4347.375,4178.25,22.75,46.0,0.019055910340312704,3.5263605246161616,3.044522437723423,1.6094379124341003,1.9459101490553132,0.0,0.0,97,9409,0.49999999999999994,0.8660254037844387,1.0,6.123233995736766e-17,6636.5,8.800490665550194,0.1153781512605041,2023-02-01
Groundnut,2023-02-01,6636.5,6886.601075268817,1250.0,12000.0,186,106,10,15,10,0,0,2023,2,1,Winter,5950.0,5800.0,5850.0,5950.0,5200.0,0.1153781512605041,0.13444444444444437,0.2762500000000001,686.5,5866.666666666667,5824.833333333333,5659.791666666667,5850.0,5825.0,5695.5,76.37626158259172,113.2650284362716,248.66383462721927,5691.0,5950.0,100.0,0.0,750.0,5200.0,0.2762500000000001,4637.948453608247,4581.5,708.0886335341727,4404.0,4172.5,125.16666666666697,125.0,0.01944519644675469,5.231108616854587,4.672828834461906,2.3978952727983707,2.772588722239781,0.053763440860215055,0.0,98,9604,0.8660254037844386,0.5000000000000001,1.0,6.123233995736766e-17,6854.5,8.83280652879671,0.03284864009643629,2023-03-01
Groundnut,2023-03-01,6854.5,7051.790322580645,2525.0,11100.0,124,92,10,13,12,0,0,2023,3,1,Spring,6636.5,5950.0,5800.0,5691.0,5600.0,0.03284864009643629,0.1818103448275863,0.22401785714285705,218.0,6128.833333333333,5939.25,5779.5,5950.0,5825.0,5704.0,446.00345663832314,354.6079172833039,337.2024614382254,5691.0,6636.5,836.5,945.5,1036.5,5600.0,0.22401785714285705,4658.341836734694,4603.25,732.7876747550275,4707.125,4422.5,697.25,811.5,0.059705841189258556,4.8283137373023015,4.532599493153256,2.3978952727983707,2.6390573296152584,0.0967741935483871,0.0,99,9801,1.0,6.123233995736766e-17,1.0,6.123233995736766e-17,6209.0,8.733916174927524,-0.09417171201400543,2023-04-01
Groundnut,2023-04-01,6209.0,6254.239436619719,4625.0,8900.0,71,49,10,10,0,0,0,2023,4,2,Spring,6854.5,6636.5,5950.0,5708.0,5629.0,-0.09417171201400543,0.043529411764705817,0.10303783975839398,-645.5,6480.333333333333,6133.166666666667,5884.041666666667,6636.5,5900.0,5754.0,472.0392815575127,485.62667417129035,451.56472697888285,5708.0,6854.5,904.5,1146.5,1225.5,5629.0,0.10303783975839398,4680.525252525253,4625.0,761.719568401925,4796.625,4718.25,721.333333333333,954.5,0.07918041373482274,4.276666119016055,3.912023005428146,2.3978952727983707,2.3978952727983707,0.0,0.0,100,10000,0.8660254037844387,-0.4999999999999998,1.2246467991473532e-16,-1.0,6425.0,8.768107539675803,0.034788210661942376,2023-05-01
Groundnut,2023-05-01,6425.0,6559.686440677966,2640.0,13335.0,118,81,12,13,3,0,0,2023,5,2,Summer,6209.0,6854.5,6636.5,5850.0,5175.0,0.034788210661942376,-0.03186920816695549,0.24154589371980673,216.0,6566.666666666667,6216.666666666667,5932.375,6636.5,6079.5,5825.0,328.3672994275357,438.70646982540427,452.82307025431385,5800.0,6854.5,-427.5,359.0,1034.0,5175.0,0.24154589371980673,4695.81,4633.75,773.1224202328285,4684.875,4857.5,-7.66666666666697,129.5,0.07056940533384519,4.77912349311153,4.406719247264253,2.5649493574615367,2.6390573296152584,0.025423728813559324,0.0,101,10201,0.49999999999999994,-0.8660254037844387,1.2246467991473532e-16,-1.0,6395.0,8.763428073953845,-0.0046692607003890885,2023-06-01
Groundnut,2023-06-01,6395.0,6397.497596153846,2652.0,10456.0,208,123,12,13,4,0,0,2023,6,2,Summer,6425.0,6209.0,6854.5,5800.0,5700.0,-0.0046692607003890885,-0.06703625355605802,0.12192982456140355,-30.0,6496.166666666667,6312.5,6036.541666666667,6425.0,6317.0,5900.0,328.5819278860798,404.0225241245856,403.8890744619056,5800.0,6854.5,-429.5,625.0,725.0,5700.0,0.12192982456140355,4712.930693069307,4642.5,788.2550508233451,4859.0,4987.75,112.5,108.0,0.06400356817815217,5.342334251964811,4.820281565605037,2.5649493574615367,2.6390573296152584,0.019230769230769232,0.0,102,10404,1.2246467991473532e-16,-1.0,1.2246467991473532e-16,-1.0,6789.5,8.823279855544122,0.061688819390148586,2023-07-01
Groundnut,2023-07-01,6789.5,6691.652542372882,2325.0,12255.0,118,76,10,14,3,0,0,2023,7,3,Monsoon,6395.0,6425.0,6209.0,5950.0,5664.5,0.061688819390148586,0.09349331615396994,0.19860534910406913,394.5,6343.0,6411.666666666667,6094.458333333333,6395.0,6410.0,5950.0,117.01281981047929,316.64391146312545,401.0633852836098,5950.0,6854.5,186.0,445.0,730.5,5664.5,0.19860534910406913,4729.421568627451,4646.25,801.8309547069304,4755.1875,5036.0,-16.66666666666697,-15.0,0.049385585359468485,4.77912349311153,4.343805421853684,2.3978952727983707,2.70805020110221,0.025423728813559324,0.0,103,10609,-0.4999999999999997,-0.8660254037844388,-1.0,-1.8369701987210297e-16,7125.0,8.871505346165781,0.04941453715295685,2023-08-01
Groundnut,2023-08-01,7125.0,7258.095890410959,2789.0,11000.0,146,91,10,14,15,0,0,2023,8,3,Monsoon,6789.5,6395.0,6425.0,6636.5,5950.0,0.04941453715295685,0.10894941634241251,0.19747899159663862,335.5,6536.5,6551.583333333333,6188.208333333333,6425.0,6530.75,6079.5,219.61728074083717,250.39117729398362,422.3441325363434,6209.0,6854.5,364.5,153.0,839.5,5950.0,0.19747899159663862,4749.422330097087,4650.0,823.3059903293331,4759.0,4849.5,237.91666666666697,258.75,0.03821842210569714,4.990432586778736,4.5217885770490405,2.3978952727983707,2.70805020110221,0.10273972602739725,0.0,104,10816,-0.8660254037844385,-0.5000000000000004,-1.0,-1.8369701987210297e-16,6468.0,8.774776816043985,-0.09221052631578952,2023-09-01
Groundnut,2023-09-01,6468.0,6710.401785714285,2679.0,12000.0,112,72,11,13,12,0,0,2023,9,3,Monsoon,7125.0,6789.5,6395.0,6854.5,5691.0,-0.09221052631578952,0.011415168100078255,0.13653136531365306,-657.0,6769.833333333333,6633.0,6286.125,6789.5,6607.25,6302.0,365.397158354212,345.0514454396621,492.48013919344754,6209.0,7125.0,730.0,270.5,1434.0,5691.0,0.13653136531365306,4772.264423076923,4675.0,851.771694298085,4716.8125,4837.5,492.0,517.75,0.052020419936629286,4.727387818712341,4.290459441148391,2.4849066497880004,2.6390573296152584,0.10714285714285714,0.0,105,11025,-1.0,-1.8369701987210297e-16,-1.0,-1.8369701987210297e-16,6400.0,8.764209507142004,-0.010513296227581903,2023-10-01
Groundnut,2023-10-01,6400.0,6161.375,3850.0,10600.0,16,14,9,6,1,0,0,2023,10,4,Autumn,6468.0,7125.0,6789.5,6209.0,5708.0,-0.010513296227581903,-0.057367994697694935,0.12123335669236157,-68.0,6794.166666666667,6568.583333333333,6350.875,6789.5,6446.5,6410.0,328.52485953628116,331.23049628116536,456.9163005210205,6209.0,7125.0,-321.5,259.0,760.0,5708.0,0.12123335669236157,4788.414285714286,4700.0,863.6693869126711,4551.1875,4415.0,-100.58333333333303,21.5,0.05042647394001731,2.833213344056216,2.70805020110221,2.302585092994046,1.9459101490553132,0.0625,0.0,106,11236,-0.8660254037844386,0.5000000000000001,-2.4492935982947064e-16,1.0,6215.25,8.734922110028949,-0.028867187499999947,2023-11-01
Groundnut,2023-11-01,6215.25,6390.060747663551,1220.0,11250.0,214,130,11,16,12,0,0,2023,11,4,Autumn,6400.0,6468.0,7125.0,6425.0,5850.0,-0.028867187499999947,-0.12768421052631584,0.06243589743589739,-184.75,6664.333333333333,6600.416666666667,6408.541666666667,6468.0,6446.5,6412.5,400.3952214167062,297.18957193459346,409.6247982956904,6395.0,7125.0,-725.0,-25.0,550.0,5850.0,0.06243589743589739,4803.617924528302,4709.5,873.6834273347871,4431.875,4150.0,-200.41666666666697,-46.5,0.045025880477433514,5.3706380281276624,4.875197323201151,2.4849066497880004,2.833213344056216,0.056074766355140186,0.0,107,11449,-0.5000000000000004,0.8660254037844384,-2.4492935982947064e-16,1.0,6405.0,8.764990330169104,0.030529745384336948,2023-12-01
Groundnut,2023-12-01,6405.0,6626.4327731092435,1315.0,11621.0,238,135,12,17,13,0,0,2023,12,4,Winter,6215.25,6400.0,6468.0,6395.0,5800.0,0.030529745384336948,-0.009740259740259716,0.10431034482758617,189.75,6361.083333333333,6565.458333333333,6438.979166666667,6400.0,6434.0,6412.5,130.79189895912157,332.22223046729897,376.5866805074274,6215.25,7125.0,-252.75,-179.75,415.25,5800.0,0.10431034482758617,4816.810747663551,4719.0,880.1959927548518,4478.3125,4097.5,-350.20833333333303,-218.75,0.05060152903272287,5.476463551931511,4.912654885736052,2.5649493574615367,2.8903717578961645,0.0546218487394958,0.0,108,11664,-2.4492935982947064e-16,1.0,-2.4492935982947064e-16,1.0,6375.0,8.760296220470051,-0.004683840749414525,2024-01-01
Groundnut,2024-01-01,6375.0,6517.144654088051,4493.0,11261.0,159,95,12,15,6,0,0,2024,1,1,Winter,6405.0,6215.25,6400.0,6789.5,5950.0,-0.004683840749414525,-0.00390625,0.0714285714285714,-30.0,6340.083333333333,6567.125,6489.395833333333,6400.0,6436.5,6415.0,108.1377400972161,331.21963068332843,319.4243305316661,6215.25,7125.0,5.0,-384.5,455.0,5950.0,0.0714285714285714,4831.5162037037035,4759.5,889.3027749606667,4525.444444444444,4216.5,-162.125,-31.5,0.05043601738711056,5.075173815233827,4.564348191467836,2.5649493574615367,2.772588722239781,0.03773584905660377,0.0,109,11881,0.49999999999999994,0.8660254037844387,1.0,6.123233995736766e-17,6062.0,8.70996000607173,-0.04909803921568623,2024-02-01
Groundnut,2024-02-01,6062.0,6304.59756097561,3700.0,11350.0,164,93,10,12,9,0,1,2024,2,1,Winter,6375.0,6405.0,6215.25,7125.0,6636.5,-0.04909803921568623,-0.024657093439523714,-0.08656671438258123,-313.0,6331.75,6498.041666666667,6524.8125,6375.0,6402.5,6415.0,102.00091911350461,318.54624533443746,274.59679376810686,6215.25,7125.0,159.75,-750.0,-261.5,6636.5,-0.08656671438258123,4845.676605504587,4800.0,897.4369079899874,4652.055555555556,4200.0,-123.04166666666697,-27.5,0.04902188408063005,5.10594547390058,4.543294782270004,2.3978952727983707,2.5649493574615367,0.054878048780487805,0.006097560975609756,110,12100,0.8660254037844386,0.5000000000000001,1.0,6.123233995736766e-17,6107.5,8.717436522844114,0.007505773672055405,2024-03-01
Groundnut,2024-03-01,6107.5,6360.325396825397,4330.0,11000.0,126,98,11,14,5,0,0,2024,3,1,Spring,6062.0,6375.0,6405.0,6468.0,6854.5,0.007505773672055405,-0.04644808743169404,-0.10897950251659494,45.5,6280.666666666667,6320.875,6476.9375,6375.0,6387.5,6402.5,189.96403168319284,152.37189291336554,302.0617811015981,6062.0,6468.0,-343.0,-406.0,-792.5,6854.5,-0.10897950251659494,4856.734090909091,4832.5,900.8071688013168,4945.722222222223,4450.0,-258.875,-325.5,0.02410613924707664,4.844187086458591,4.59511985013459,2.4849066497880004,2.70805020110221,0.03968253968253968,0.0,111,12321,1.0,6.123233995736766e-17,1.0,6.123233995736766e-17,5855.0,8.675222055641148,-0.04134261154318464,2024-04-01
Groundnut,2024-04-01,5855.0,6215.632075471698,4300.0,10943.0,106,73,9,12,2,0,0,2024,4,2,Spring,6107.5,6062.0,6375.0,6400.0,6209.0,-0.04134261154318464,-0.08156862745098037,-0.05701401191818323,-252.5,6181.5,6260.791666666667,6414.6875,6107.5,6295.125,6397.5,169.11312781685456,153.8239591762909,294.04458391465505,6062.0,6405.0,-267.5,-292.5,-101.5,6209.0,-0.05701401191818323,4868.002252252252,4865.0,904.5277977633957,4953.555555555556,4876.5,-153.29166666666697,-187.625,0.024569410286445284,4.672828834461906,4.30406509320417,2.302585092994046,2.5649493574615367,0.018867924528301886,0.0,112,12544,0.8660254037844387,-0.4999999999999998,1.2246467991473532e-16,-1.0,5945.0,8.690474003558043,0.015371477369769515,2024-05-01
Groundnut,2024-05-01,5945.0,6082.613924050633,3800.0,9763.0,158,92,7,13,0,0,4,2024,5,2,Summer,5855.0,6107.5,6062.0,6215.25,6425.0,0.015371477369769515,-0.019300560870999628,-0.07470817120622564,90.0,6008.166666666667,6169.958333333333,6385.1875,6062.0,6161.375,6397.5,134.58299793559794,206.92646137376875,331.87951546319954,5855.0,6405.0,-207.0,-360.25,-570.0,6425.0,-0.07470817120622564,4876.814732142857,4868.5,905.2610280978186,4878.222222222223,5090.0,-314.95833333333303,-306.375,0.03353774048292094,5.0689042022202315,4.532599493153256,2.0794415416798357,2.6390573296152584,0.0,0.02531645569620253,113,12769,0.49999999999999994,-0.8660254037844387,1.2246467991473532e-16,-1.0,5750.0,8.657129031713755,-0.03280067283431454,2024-06-01
Groundnut,2024-06-01,5750.0,5771.7303664921465,3600.0,11550.0,191,107,10,15,2,0,3,2024,6,2,Summer,5945.0,5855.0,6107.5,6405.0,6395.0,-0.03280067283431454,-0.0585345886205485,-0.10086004691164974,-195.0,5969.166666666667,6124.916666666667,6345.1875,5945.0,6084.75,6385.0,127.9729789187279,223.81921648212005,354.7808722712412,5855.0,6405.0,-162.5,-460.0,-450.0,6395.0,-0.10086004691164974,4886.267699115044,4872.0,906.7955154425945,5029.666666666667,5072.5,-179.91666666666697,-139.75,0.036542410070687224,5.2574953720277815,4.68213122712422,2.3978952727983707,2.772588722239781,0.010471204188481676,0.015706806282722512,114,12996,1.2246467991473532e-16,-1.0,1.2246467991473532e-16,-1.0,5745.0,8.656259239539235,-0.0008695652173913437,2024-07-01
Groundnut,2024-07-01,5745.0,5874.788636363636,3250.0,11250.0,220,145,11,16,2,0,0,2024,7,3,Monsoon,5750.0,5945.0,5855.0,6375.0,6789.5,-0.0008695652173913437,-0.018787361229718136,-0.15384048899035274,-5.0,5850.0,6015.75,6291.4375,5855.0,6003.5,6295.125,97.59610647971503,219.58455091377488,393.31484793009037,5750.0,6375.0,-105.0,-625.0,-1039.5,6789.5,-0.15384048899035274,4893.8442982456145,4874.25,906.3914512070288,4981.222222222223,5200.0,-265.75,-253.5,0.03650160843016662,5.3981627015177525,4.983606621708336,2.4849066497880004,2.833213344056216,0.00909090909090909,0.0,115,13225,-0.4999999999999997,-0.8660254037844388,-1.0,-1.8369701987210297e-16,6000.0,8.699681400989514,0.044386422976501416,2024-08-01
Groundnut,2024-08-01,6000.0,6005.036199095022,3436.0,11500.0,221,128,12,13,2,0,0,2024,8,3,Monsoon,5745.0,5750.0,5945.0,6062.0,7125.0,0.044386422976501416,0.00925147182506314,-0.1578947368421053,255.0,5813.333333333333,5910.75,6204.395833333333,5750.0,5900.0,6161.375,114.05408073950353,154.3903332466281,388.61934311700765,5745.0,6107.5,-200.0,-317.0,-1380.0,7125.0,-0.1578947368421053,4901.245652173913,4876.5,905.891068655831,5021.888888888889,4980.0,-165.75,-155.0,0.026120261091507526,5.402677381872279,4.859812404361672,2.5649493574615367,2.6390573296152584,0.00904977375565611,0.0,116,13456,-0.8660254037844385,-0.5000000000000004,-1.0,-1.8369701987210297e-16,6000.0,8.699681400989514,0.0,2024-09-01
Groundnut,2024-09-01,6000.0,6237.4375,3700.0,11500.0,112,65,7,7,2,0,0,2024,9,3,Monsoon,6000.0,5745.0,5750.0,6107.5,6468.0,0.0,0.04347826086956519,-0.07235621521335811,0.0,5831.666666666667,5900.416666666667,6110.645833333333,5750.0,5900.0,6084.75,145.8023776669404,143.96541830131156,261.12898367937237,5745.0,6107.5,250.0,-107.5,-468.0,6468.0,-0.07235621521335811,4910.7176724137935,4889.75,907.6949177007391,4911.388888888889,4975.0,99.58333333333303,100.0,0.02439919524914538,4.727387818712341,4.189654742026425,2.0794415416798357,2.0794415416798357,0.017857142857142856,0.0,117,13689,-1.0,-1.8369701987210297e-16,-1.0,-1.8369701987210297e-16,5400.0,8.594339400592892,-0.09999999999999998,2024-10-01
Groundnut,2024-10-01,5400.0,5553.075091575091,3510.0,11300.0,273,160,12,16,2,0,0,2024,10,4,Autumn,6000.0,6000.0,5745.0,5855.0,6400.0,-0.09999999999999998,-0.06005221932114879,-0.15625,-600.0,5915.0,5882.5,6071.645833333333,6000.0,5900.0,6031.0,147.2243186433538,117.2497334751985,236.7123892159662,5745.0,6000.0,255.0,145.0,-400.0,6400.0,-0.15625,4920.027777777777,4903.0,909.3672107011922,4756.611111111111,4500.0,117.5,100.0,0.019931956391873947,5.6131281063880705,5.081404364984463,2.5649493574615367,2.833213344056216,0.007326007326007326,0.0,118,13924,-0.8660254037844386,0.5000000000000001,-2.4492935982947064e-16,1.0,5380.0,8.59062950948942,-0.0037037037037036535,2024-11-01
Groundnut,2024-11-01,5380.0,5475.114832535885,3400.0,11400.0,209,163,11,14,1,0,0,2024,11,4,Autumn,5400.0,6000.0,6000.0,5945.0,6215.25,-0.0037037037037036535,-0.10333333333333339,-0.13438719279192313,-20.0,5800.0,5806.666666666667,5988.3125,6000.0,5847.5,6000.0,346.41016151377545,230.7740597785468,282.25047558136527,5400.0,6000.0,-600.0,-545.0,-815.25,6215.25,-0.13438719279192313,4924.095338983051,4939.0,906.5501102962197,4630.027777777777,4250.0,-406.66666666666697,-447.5,0.03974294944521472,5.3471075307174685,5.099866427824199,2.4849066497880004,2.70805020110221,0.004784688995215311,0.0,119,14161,-0.5000000000000004,0.8660254037844384,-2.4492935982947064e-16,1.0,5800.0,8.665785595466064,0.07806691449814118,2024-12-01
Groundnut,2024-12-01,5800.0,5679.527777777777,3725.0,8500.0,72,63,8,8,0,0,0,2024,12,4,Winter,5380.0,5400.0,6000.0,5750.0,6405.0,0.07806691449814118,-0.033333333333333326,-0.09445745511319281,420.0,5593.333333333333,5712.5,5918.708333333333,5400.0,5747.5,5972.5,352.3256069793016,274.22162569718364,321.46330614390104,5380.0,6000.0,-620.0,-370.0,-1025.0,6405.0,-0.09445745511319281,4927.926470588235,4975.0,903.6675527674571,4692.388888888889,4100.0,-332.5,-367.5,0.04800378568003215,4.290459441148391,4.1588830833596715,2.1972245773362196,2.1972245773362196,0.0,0.0,120,14400,-2.4492935982947064e-16,1.0,-2.4492935982947064e-16,1.0,5350.0,8.585038738311304,-0.07758620689655171,2025-01-01
Groundnut,2025-01-01,5350.0,5467.288679245283,3500.0,9000.0,265,161,10,13,0,0,0,2025,1,1,Winter,5800.0,5380.0,5400.0,5745.0,6375.0,-0.07758620689655171,-0.0092592592592593,-0.16078431372549018,-450.0,5526.666666666667,5720.833333333333,5868.291666666667,5400.0,5772.5,5900.0,236.92474191889104,276.3406713943369,283.45838706407585,5380.0,6000.0,400.0,55.0,-575.0,6375.0,-0.16078431372549018,4935.19375,4977.5,903.3771840268449,4710.4,4385.75,79.16666666666697,27.5,0.04830426885261534,5.583496308781699,5.087596335232384,2.3978952727983707,2.6390573296152584,0.0,0.0,121,14641,0.49999999999999994,0.8660254037844387,1.0,6.123233995736766e-17,5183.0,8.55333223803211,-0.03121495327102808,2025-02-01
Groundnut,2025-02-01,5183.0,5375.952205882353,3495.0,8000.0,272,143,9,14,0,0,0,2025,2,1,Winter,5350.0,5800.0,5380.0,6000.0,6062.0,-0.03121495327102808,-0.03661710037174726,-0.14500164962058726,-167.0,5510.0,5655.0,5782.875,5380.0,5600.0,5827.5,251.59491250818203,313.92674304685585,271.0511629831963,5350.0,6000.0,-30.0,-650.0,-712.0,6062.0,-0.14500164962058726,4938.621900826446,4980.0,900.3952477683652,4793.05,4421.25,-305.0,-250.0,0.05551312874391792,5.60947179518496,4.969813299576001,2.302585092994046,2.70805020110221,0.0,0.0,122,14884,0.8660254037844386,0.5000000000000001,1.0,6.123233995736766e-17,5330.0,8.581294116822761,0.028361952537140578,2025-03-01
Groundnut,2025-03-01,5330.0,5567.738396624472,3560.0,8000.0,237,135,10,10,0,0,0,2025,3,1,Spring,5183.0,5350.0,5800.0,6000.0,6107.5,0.028361952537140578,-0.08103448275862069,-0.12730249693000406,147.0,5444.333333333333,5518.833333333333,5709.625,5350.0,5390.0,5775.0,319.1337232780845,311.5319673270696,305.3624616002158,5183.0,6000.0,-617.0,-817.0,-924.5,6107.5,-0.12730249693000406,4940.625,4985.0,896.9398083965069,5061.9,4900.5,-335.83333333333303,-207.0,0.05644888122376159,5.472270673671475,4.912654885736052,2.3978952727983707,2.3978952727983707,0.0,0.0,123,15129,1.0,6.123233995736766e-17,1.0,6.123233995736766e-17,5500.0,8.612685172875459,0.031894934333958735,2025-04-01
Groundnut,2025-04-01,5500.0,5636.981566820276,3520.0,8000.0,217,125,9,14,0,0,0,2025,4,2,Spring,5330.0,5183.0,5350.0,5400.0,5855.0,0.031894934333958735,0.028037383177569986,-0.060631938514090544,170.0,5287.666666666667,5407.166666666667,5644.833333333333,5330.0,5365.0,5747.5,91.1939325467048,207.1621747971266,295.5954955165838,5183.0,5800.0,-20.0,-70.0,-525.0,5855.0,-0.060631938514090544,4943.790650406504,4990.0,893.9459571800685,5043.7,5175.75,-77.16666666666697,-35.0,0.038312518841745816,5.384495062789089,4.836281906951478,2.302585092994046,2.70805020110221,0.0,0.0,124,15376,0.8660254037844387,-0.4999999999999998,1.2246467991473532e-16,-1.0,5461.0,8.60557030203365,-0.007090909090909037,2025-05-01
Groundnut,2025-05-01,5461.0,5615.515306122449,3500.0,8000.0,196,127,10,10,0,0,0,2025,5,2,Summer,5500.0,5330.0,5183.0,5380.0,5945.0,-0.007090909090909037,0.05363688983214354,-0.0814129520605551,-39.0,5337.666666666667,5423.833333333333,5615.25,5330.0,5365.0,5622.5,158.63900319068108,210.4665452433595,290.36783098808485,5183.0,5800.0,317.0,120.0,-445.0,5945.0,-0.0814129520605551,4948.2762096774195,4995.0,891.7046687547462,4984.9,5132.5,76.16666666666697,135.0,0.03880402149341355,5.2832037287379885,4.852030263919617,2.3978952727983707,2.3978952727983707,0.0,0.0,125,15625,0.49999999999999994,-0.8660254037844387,1.2246467991473532e-16,-1.0,6000.0,8.699681400989514,0.09869987181834827,2025-06-01
Groundnut,2025-06-01,6000.0,6222.675925925926,3400.0,12062.0,108,62,6,7,1,0,0,2025,6,2,Summer,5461.0,5500.0,5330.0,5800.0,5750.0,0.09869987181834827,0.12570356472795496,0.04347826086956519,539.0,5430.333333333333,5437.333333333333,5574.916666666667,5461.0,5405.5,5480.5,89.052419020108,209.68897602562464,273.5266177286193,5183.0,5800.0,131.0,-339.0,-289.0,5750.0,0.04347826086956519,4952.378,5000.0,889.2850526433231,5101.7,5086.25,23.66666666666697,55.5,0.038564671902701936,4.6913478822291435,4.143134726391533,1.9459101490553132,2.0794415416798357,0.009259259259259259,0.0,126,15876,1.2246467991473532e-16,-1.0,1.2246467991473532e-16,-1.0,5455.0,8.604471199523298,-0.09083333333333332,2025-07-01
Groundnut,2025-07-01,5455.0,5645.834024896266,3500.0,8000.0,241,146,9,12,0,0,0,2025,7,3,Monsoon,6000.0,5461.0,5500.0,5350.0,5745.0,-0.09083333333333332,-0.008181818181818179,-0.05047867711053089,-545.0,5653.666666666667,5470.666666666667,5595.75,5500.0,5405.5,5480.5,300.5666869986307,282.22237095360595,296.62008912534054,5183.0,6000.0,500.0,650.0,255.0,5745.0,-0.05047867711053089,4960.69246031746,5000.0,890.6243277402081,5057.6,5212.5,529.333333333333,594.5,0.05158829593351315,5.488937726156687,4.990432586778736,2.302585092994046,2.5649493574615367,0.0,0.0,127,16129,-0.4999999999999997,-0.8660254037844388,-1.0,-1.8369701987210297e-16,5250.0,8.566173813637858,-0.03758020164986253,2025-08-01
Groundnut,2025-08-01,5250.0,5515.594285714285,3500.0,12363.0,175,125,9,13,1,0,0,2025,8,3,Monsoon,5455.0,6000.0,5461.0,5183.0,6000.0,-0.03758020164986253,-0.038637612158945234,-0.125,-205.0,5638.666666666667,5488.166666666667,5571.583333333333,5461.0,5458.0,5458.0,312.9382260659967,276.4398065884771,295.1648101510625,5183.0,6000.0,-6.0,272.0,-545.0,6000.0,-0.125,4964.584645669292,5000.0,888.1668192574145,5119.7,4985.0,-33.16666666666697,-3.0,0.05037015516811511,5.170483995038151,4.836281906951478,2.302585092994046,2.6390573296152584,0.005714285714285714,0.0,128,16384,-0.8660254037844385,-0.5000000000000004,-1.0,-1.8369701987210297e-16,5500.0,8.612685172875459,0.04761904761904767,2025-09-01
Groundnut,2025-09-01,5500.0,5700.567164179104,3525.0,12983.0,201,116,10,12,3,0,0,2025,9,3,Monsoon,5250.0,5455.0,6000.0,5330.0,6000.0,0.04761904761904767,-0.08333333333333337,-0.08333333333333337,250.0,5568.333333333333,5499.333333333333,5509.083333333333,5455.0,5458.0,5427.5,387.63169805026615,262.65693721406734,274.91236895792457,5250.0,6000.0,-750.0,-80.0,-750.0,6000.0,-0.08333333333333337,4966.814453125,5036.25,885.0228128015827,5020.25,4987.5,-249.33333333333303,-208.0,0.04776159605056383,5.308267697401205,4.762173934797756,2.3978952727983707,2.5649493574615367,0.014925373134328358,0.0,129,16641,-1.0,-1.8369701987210297e-16,-1.0,-1.8369701987210297e-16,5000.0,8.517393171418904,-0.09090909090909094,2025-10-01
Groundnut,2025-10-01,5000.0,5236.908878504673,3405.0,10500.0,214,153,11,13,1,0,0,2025,10,4,Autumn,5500.0,5250.0,5455.0,5500.0,5400.0,-0.09090909090909094,-0.08340971585701196,-0.07407407407407407,-500.0,5401.666666666667,5527.666666666667,5467.416666666667,5455.0,5480.5,5427.5,133.2603967176018,249.58098218148422,227.5551714653029,5250.0,6000.0,45.0,0.0,100.0,5400.0,-0.07407407407407407,4970.947674418605,5072.5,882.8079588790382,4820.95,4800.0,-27.66666666666697,19.5,0.04515123599737397,5.3706380281276624,5.0369526024136295,2.4849066497880004,2.6390573296152584,0.004672897196261682,0.0,130,16900,-0.8660254037844386,0.5000000000000001,-2.4492935982947064e-16,1.0,5260.0,8.568076401730806,0.052000000000000046,2025-11-01
Groundnut,2025-11-01,5260.0,5498.168259109312,3420.0,9600.0,247,152,8,11,0,0,0,2025,11,4,Autumn,5000.0,5500.0,5250.0,5461.0,5380.0,0.052000000000000046,0.0019047619047618536,-0.022304832713754608,260.0,5250.0,5444.333333333333,5434.083333333333,5250.0,5458.0,5417.5,249.99999999999858,330.89373923765135,264.60861606713974,5000.0,6000.0,-250.0,-461.0,-380.0,5380.0,-0.022304832713754608,4971.171153846154,5036.25,879.3832570752294,4705.025,4321.0,-444.33333333333303,-458.0,0.06077764144449606,5.5134287461649825,5.030437921392435,2.1972245773362196,2.4849066497880004,0.0,0.0,131,17161,-0.5000000000000004,0.8660254037844384,-2.4492935982947064e-16,1.0,5800.0,8.665785595466064,0.102661596958175,2025-12-01
Jowar/Sorghum,2015-01-01,2000.0,2147.0621118012423,1040.0,5300.0,161,99,7,9,0,0,0,2015,1,1,Winter,,,,,,,,,,,,,,,,,,,,,,,,,,,,,,,,,,5.087596335232384,4.605170185988092,2.0794415416798357,2.302585092994046,0.0,0.0,1,1,0.49999999999999994,0.8660254037844387,1.0,6.123233995736766e-17,1700.0,7.438971592395862,-0.15000000000000002,2015-02-01
Jowar/Sorghum,2015-02-01,1700.0,1799.6857142857143,1050.0,4000.0,35,23,8,7,0,0,0,2015,2,1,Winter,2000.0,,,,,-0.15000000000000002,,,-300.0,,,,,,,,,,,,,,,,,,,,,,,,,3.58351893845611,3.1780538303479458,2.1972245773362196,2.0794415416798357,0.0,0.0,2,4,0.8660254037844386,0.5000000000000001,1.0,6.123233995736766e-17,1650.0,7.409136443920128,-0.02941176470588236,2015-03-01
Jowar/Sorghum,2015-03-01,1650.0,1623.4642857142858,1030.0,2450.0,28,18,6,6,0,0,0,2015,3,1,Spring,1700.0,2000.0,,,,-0.02941176470588236,,,-50.0,1850.0,,,1850.0,,,212.13203435596427,,,,,,,,,,,,,,,,,,3.367295829986474,2.9444389791664403,1.9459101490553132,1.9459101490553132,0.0,0.0,3,9,1.0,6.123233995736766e-17,1.0,6.123233995736766e-17,1927.5,7.564497777648283,0.1681818181818182,2015-04-01
Jowar/Sorghum,2015-04-01,1927.5,1996.21,850.0,5504.0,100,72,9,8,0,0,0,2015,4,2,Spring,1650.0,1700.0,2000.0,,,0.1681818181818182,-0.036250000000000004,,277.5,1783.3333333333333,1783.3333333333333,,1700.0,1700.0,,189.29694486000912,189.29694486000912,,1650.0,2000.0,-350.0,,,,,1783.3333333333333,1700.0,189.29694486000912,,,-133.33333333333326,-50.0,0.10614781954766866,4.61512051684126,4.290459441148391,2.302585092994046,2.1972245773362196,0.0,0.0,4,16,0.8660254037844387,-0.4999999999999998,1.2246467991473532e-16,-1.0,1875.0,7.53689712956617,-0.027237354085603127,2015-05-01
Jowar/Sorghum,2015-05-01,1875.0,1940.148148148148,1000.0,5350.0,81,63,7,7,0,0,0,2015,5,2,Summer,1927.5,1650.0,1700.0,,,-0.027237354085603127,0.10294117647058831,,-52.5,1759.1666666666667,1819.375,,1700.0,1813.75,,147.90903736193172,170.5429442496327,,1650.0,2000.0,227.5,,,,,1819.375,1813.75,170.5429442496327,,,108.125,113.75,0.09373710436256007,4.406719247264253,4.1588830833596715,2.0794415416798357,2.0794415416798357,0.0,0.0,5,25,0.49999999999999994,-0.8660254037844387,1.2246467991473532e-16,-1.0,2070.0,7.635786861395585,0.10400000000000009,2015-06-01
Jowar/Sorghum,2015-06-01,2070.0,2161.5698324022346,1000.0,5741.0,179,106,9,10,0,0,0,2015,6,2,Summer,1875.0,1927.5,1650.0,,,0.10400000000000009,0.25454545454545463,,195.0,1817.5,1830.5,,1875.0,1875.0,,147.41522987805558,149.7748309963994,,1650.0,2000.0,225.0,,,,,1830.5,1875.0,149.7748309963994,,,44.5,0.0,0.08182181425643234,5.19295685089021,4.672828834461906,2.302585092994046,2.3978952727983707,0.0,0.0,6,36,1.2246467991473532e-16,-1.0,1.2246467991473532e-16,-1.0,1950.0,7.576097340623111,-0.05797101449275366,2015-07-01
Jowar/Sorghum,2015-07-01,1950.0,2046.111111111111,500.0,5097.0,144,89,7,10,0,0,0,2015,7,3,Monsoon,2070.0,1875.0,1927.5,2000.0,,-0.05797101449275366,0.011673151750972721,,-120.0,1957.5,1870.4166666666667,1870.4166666666667,1927.5,1901.25,1901.25,100.9021803530527,165.8494548277644,165.8494548277644,1650.0,2070.0,142.5,70.0,,,,1870.4166666666667,1901.25,165.8494548277644,,,199.58333333333326,168.75,0.08866979095269203,4.976733742420574,4.499809670330265,2.0794415416798357,2.3978952727983707,0.0,0.0,7,49,-0.4999999999999997,-0.8660254037844388,-1.0,-1.8369701987210297e-16,2000.0,7.601402334583733,0.02564102564102555,2015-08-01
Jowar/Sorghum,2015-08-01,2000.0,2158.919540229885,900.0,5600.0,87,61,7,10,0,0,0,2015,8,3,Monsoon,1950.0,2070.0,1875.0,1700.0,,0.02564102564102555,0.06666666666666665,,50.0,1965.0,1862.0833333333333,1881.7857142857142,1950.0,1901.25,1927.5,98.36157786452988,159.15728593648066,154.3583107423701,1650.0,2070.0,75.0,250.0,,,,1881.7857142857142,1927.5,154.3583107423701,,,87.91666666666674,48.75,0.08547269775062734,4.477336814478207,4.127134385045092,2.0794415416798357,2.3978952727983707,0.0,0.0,8,64,-0.8660254037844385,-0.5000000000000004,-1.0,-1.8369701987210297e-16,1700.0,7.438971592395862,-0.15000000000000002,2015-09-01
Jowar/Sorghum,2015-09-01,1700.0,1860.3786764705883,850.0,3940.0,136,89,8,9,0,0,0,2015,9,3,Monsoon,2000.0,1950.0,2070.0,1650.0,,-0.15000000000000002,-0.17874396135265702,,-300.0,2006.6666666666667,1912.0833333333333,1896.5625,2000.0,1938.75,1938.75,60.27713773341687,144.50273930506188,148.89436272068863,1650.0,2070.0,-70.0,350.0,,,,1896.5625,1938.75,148.89436272068863,,,87.91666666666674,61.25,0.07557345267643245,4.919980925828125,4.499809670330265,2.1972245773362196,2.302585092994046,0.0,0.0,9,81,-1.0,-1.8369701987210297e-16,-1.0,-1.8369701987210297e-16,1800.0,7.496097345175956,0.05882352941176472,2015-10-01
Jowar/Sorghum,2015-10-01,1800.0,1809.2424242424242,1000.0,3829.0,165,105,8,9,0,0,0,2015,10,4,Autumn,1700.0,2000.0,1950.0,1927.5,,0.05882352941176472,-0.07692307692307687,,100.0,1883.3333333333333,1920.4166666666667,1874.7222222222222,1950.0,1938.75,1927.5,160.72751268321582,126.71243690603808,153.9198474675844,1700.0,2070.0,-250.0,-227.5,,,,1874.7222222222222,1927.5,153.9198474675844,,,-220.41666666666674,-238.75,0.0659817419341487,5.111987788356544,4.663439094112067,2.1972245773362196,2.302585092994046,0.0,0.0,10,100,-0.8660254037844386,0.5000000000000001,-2.4492935982947064e-16,1.0,1500.0,7.313886831633462,-0.16666666666666663,2015-11-01
Jowar/Sorghum,2015-11-01,1500.0,1499.04,1100.0,2200.0,25,19,7,6,0,0,0,2015,11,4,Autumn,1800.0,1700.0,2000.0,1875.0,,-0.16666666666666663,-0.25,,-300.0,1833.3333333333333,1899.1666666666667,1867.25,1800.0,1912.5,1901.25,152.75252316519453,135.66195733022093,147.02820024290125,1700.0,2070.0,-200.0,-75.0,,,,1867.25,1901.25,147.02820024290125,,,-99.16666666666674,-112.5,0.07143236015632519,3.258096538021482,2.995732273553991,2.0794415416798357,1.9459101490553132,0.0,0.0,11,121,-0.5000000000000004,0.8660254037844384,-2.4492935982947064e-16,1.0,1875.0,7.53689712956617,0.25,2015-12-01
Jowar/Sorghum,2015-12-01,1875.0,1995.5862944162436,600.0,4575.0,197,124,8,9,0,0,0,2015,12,4,Winter,1500.0,1800.0,1700.0,2070.0,,0.25,0.10294117647058831,,375.0,1666.6666666666667,1836.6666666666667,1833.8636363636363,1700.0,1875.0,1875.0,152.75252316519453,213.22914122292642,178.09184300650762,1500.0,2070.0,-200.0,-570.0,,,,1833.8636363636363,1875.0,178.09184300650762,,,-336.66666666666674,-375.0,0.11609572117400711,5.288267030694535,4.8283137373023015,2.1972245773362196,2.302585092994046,0.0,0.0,12,144,-2.4492935982947064e-16,1.0,-2.4492935982947064e-16,1.0,1951.0,7.5766097669730375,0.04053333333333331,2016-01-01
Jowar/Sorghum,2016-01-01,1951.0,2095.657458563536,1250.0,5000.0,181,111,8,8,0,0,0,2016,1,1,Winter,1875.0,1500.0,1800.0,1950.0,2000.0,0.04053333333333331,0.0838888888888889,-0.024499999999999966,76.0,1725.0,1804.1666666666667,1837.2916666666667,1800.0,1837.5,1875.0,198.4313483298442,183.31439296101846,170.21863725719632,1500.0,2000.0,75.0,-75.0,-125.0,2000.0,-0.024499999999999966,1837.2916666666667,1875.0,170.21863725719632,,,70.83333333333326,37.5,0.10160613004767766,5.204006687076795,4.718498871295094,2.1972245773362196,2.1972245773362196,0.0,0.0,13,169,0.49999999999999994,0.8660254037844387,1.0,6.123233995736766e-17,1900.0,7.550135342488429,-0.026140440799589992,2016-02-01
Jowar/Sorghum,2016-02-01,1900.0,2100.8533834586465,1200.0,8340.0,133,101,9,9,0,0,0,2016,2,1,Winter,1951.0,1875.0,1500.0,2000.0,1700.0,-0.026140440799589992,0.2666666666666666,0.11764705882352944,-51.0,1775.3333333333333,1804.3333333333333,1833.2083333333333,1875.0,1837.5,1875.0,241.4546196148115,183.47388551689502,166.50791113246538,1500.0,2000.0,451.0,-49.0,251.0,1700.0,0.11764705882352944,1846.0384615384614,1875.0,165.99528878084433,,,146.66666666666674,113.5,0.10168513884180401,4.897839799950911,4.624972813284271,2.302585092994046,2.302585092994046,0.0,0.0,14,196,0.8660254037844386,0.5000000000000001,1.0,6.123233995736766e-17,1967.5,7.585027110383792,0.03552631578947363,2016-03-01
Jowar/Sorghum,2016-03-01,1967.5,2034.9556962025317,1200.0,4990.0,158,100,8,9,0,0,0,2016,3,1,Spring,1900.0,1951.0,1875.0,1700.0,1650.0,0.03552631578947363,0.04933333333333323,0.1924242424242424,67.5,1908.6666666666667,1787.6666666666667,1849.875,1900.0,1837.5,1887.5,38.73413653785662,165.8392796253852,161.9082407077877,1500.0,1951.0,25.0,200.0,250.0,1650.0,0.1924242424242424,1849.892857142857,1887.5,160.13385969862225,,,112.33333333333326,62.5,0.09276856962076367,5.0689042022202315,4.61512051684126,2.1972245773362196,2.302585092994046,0.0,0.0,15,225,1.0,6.123233995736766e-17,1.0,6.123233995736766e-17,1990.0,7.596392304064196,0.011435832274459878,2016-04-01
Jowar/Sorghum,2016-04-01,1990.0,2082.6532258064517,950.0,4080.0,124,84,8,9,0,0,0,2016,4,2,Spring,1967.5,1900.0,1951.0,1800.0,1927.5,0.011435832274459878,0.019989748846745314,0.03242542153048,22.5,1939.5,1832.25,1876.3333333333333,1951.0,1887.5,1913.75,35.18877661982559,173.34467110355615,151.90971202020177,1500.0,1967.5,16.5,167.5,40.0,1927.5,0.03242542153048,1857.7333333333333,1900.0,157.2682951731425,,,135.25,80.0,0.09460754324112766,4.8283137373023015,4.442651256490317,2.1972245773362196,2.302585092994046,0.0,0.0,16,256,0.8660254037844387,-0.4999999999999998,1.2246467991473532e-16,-1.0,2051.0,7.62657020629066,0.030653266331658324,2016-05-01
Jowar/Sorghum,2016-05-01,2051.0,1985.764705882353,1400.0,3150.0,17,17,6,5,0,0,0,2016,5,2,Summer,1990.0,1967.5,1900.0,1500.0,1875.0,0.030653266331658324,0.07947368421052636,0.09386666666666676,61.0,1952.5,1863.9166666666667,1881.5416666666667,1967.5,1925.5,1925.0,46.837484987987814,183.3413255833685,154.86613843359484,1500.0,1990.0,90.0,490.0,115.0,1875.0,0.09386666666666676,1866.0,1913.75,155.4922291734649,,,126.08333333333326,64.5,0.09836347775742933,2.8903717578961645,2.8903717578961645,1.9459101490553132,1.791759469228055,0.0,0.0,17,289,0.49999999999999994,-0.8660254037844387,1.2246467991473532e-16,-1.0,1955.5,7.578912441650467,-0.04656265236470014,2016-06-01
Jowar/Sorghum,2016-06-01,1955.5,2032.411214953271,600.0,5212.0,214,129,7,10,0,0,0,2016,6,2,Summer,2051.0,1990.0,1967.5,1875.0,2070.0,-0.04656265236470014,-0.006099110546378683,-0.05531400966183575,-95.5,2002.8333333333333,1955.75,1896.2083333333333,1990.0,1959.25,1950.5,43.20397358268473,63.30067140244327,162.3438352181362,1875.0,2051.0,83.5,176.0,-19.0,2070.0,-0.05531400966183575,1876.8823529411766,1927.5,157.09854882880884,,,95.25,91.75,0.03236644325831178,5.3706380281276624,4.867534450455582,2.0794415416798357,2.3978952727983707,0.0,0.0,18,324,1.2246467991473532e-16,-1.0,1.2246467991473532e-16,-1.0,1900.0,7.550135342488429,-0.02838148811045771,2016-07-01
Jowar/Sorghum,2016-07-01,1900.0,2007.1113989637306,1019.0,5591.0,193,119,5,9,0,0,0,2016,7,3,Monsoon,1955.5,2051.0,1990.0,1951.0,1950.0,-0.02838148811045771,-0.045226130653266305,-0.02564102564102566,-55.5,1998.8333333333333,1969.1666666666667,1886.6666666666667,1990.0,1961.5,1950.5,48.35890128335547,49.868493727671115,154.36973521877653,1900.0,2051.0,-34.5,4.5,5.5,1950.0,-0.02564102564102566,1881.25,1938.75,153.53034285270968,,,-13.666666666666742,-6.0,0.025324668841813516,5.267858159063328,4.787491742782046,1.791759469228055,2.302585092994046,0.0,0.0,19,361,-0.4999999999999997,-0.8660254037844388,-1.0,-1.8369701987210297e-16,1875.0,7.53689712956617,-0.013157894736842146,2016-08-01
Jowar/Sorghum,2016-08-01,1875.0,1938.9256756756756,950.0,3500.0,148,97,7,8,0,0,0,2016,8,3,Monsoon,1900.0,1955.5,2051.0,1900.0,2000.0,-0.013157894736842146,-0.08581179912237935,-0.0625,-25.0,1968.8333333333333,1960.6666666666667,1882.5,1955.5,1961.5,1925.5,76.377898199239,57.366947510450345,153.17503356973987,1900.0,2051.0,-151.0,0.0,-100.0,2000.0,-0.0625,1882.2368421052631,1927.5,149.26666745022447,,,-60.66666666666674,-61.5,0.02925889876425553,5.003946305945459,4.584967478670572,2.0794415416798357,2.1972245773362196,0.0,0.0,20,400,-0.8660254037844385,-0.5000000000000004,-1.0,-1.8369701987210297e-16,1800.0,7.496097345175956,-0.040000000000000036,2016-09-01
Jowar/Sorghum,2016-09-01,1800.0,1871.9561403508771,1330.0,3300.0,114,88,8,9,0,0,0,2016,9,3,Monsoon,1875.0,1900.0,1955.5,1967.5,1700.0,-0.040000000000000036,-0.07951930452569678,0.05882352941176472,-75.0,1910.1666666666667,1956.5,1872.0833333333333,1900.0,1961.5,1900.0,41.2017394454811,63.259781852296115,148.641244938845,1875.0,2051.0,-80.5,-92.5,175.0,1700.0,0.05882352941176472,1881.875,1913.75,145.29451713855659,,,-81.5,-86.5,0.03233313664824744,4.74493212836325,4.48863636973214,2.1972245773362196,2.302585092994046,0.0,0.0,21,441,-1.0,-1.8369701987210297e-16,-1.0,-1.8369701987210297e-16,1750.0,7.467942332285852,-0.02777777777777779,2016-10-01
Jowar/Sorghum,2016-10-01,1750.0,1769.1194690265486,1020.0,3170.0,113,80,6,6,0,0,0,2016,10,4,Autumn,1800.0,1875.0,1900.0,1990.0,1800.0,-0.02777777777777779,-0.07894736842105265,-0.02777777777777779,-50.0,1858.3333333333333,1928.5833333333333,1880.4166666666667,1875.0,1927.75,1900.0,52.04164998665312,89.11140031817891,140.70808488326168,1800.0,2051.0,-100.0,-190.0,0.0,1800.0,-0.02777777777777779,1877.9761904761904,1900.0,142.7381760593917,,,-128.58333333333326,-127.75,0.04620562605617884,4.736198448394496,4.394449154672439,1.9459101490553132,1.9459101490553132,0.0,0.0,22,484,-0.8660254037844386,0.5000000000000001,-2.4492935982947064e-16,1.0,1650.5,7.409439244830844,-0.05685714285714283,2016-11-01
Jowar/Sorghum,2016-11-01,1650.5,1687.5569620253164,1000.0,3450.0,158,130,7,8,0,0,0,2016,11,4,Autumn,1750.0,1800.0,1875.0,2051.0,1500.0,-0.05685714285714283,-0.11973333333333336,0.10033333333333339,-99.5,1808.3333333333333,1888.5833333333333,1876.25,1800.0,1887.5,1900.0,62.91528696058937,107.9112675612084,144.00749664829644,1750.0,2051.0,-125.0,-301.0,250.0,1500.0,0.10033333333333339,1872.159090909091,1900.0,141.94519284062693,,,-138.58333333333326,-137.5,0.057138737622313945,5.0689042022202315,4.875197323201151,2.0794415416798357,2.1972245773362196,0.0,0.0,23,529,-0.5000000000000004,0.8660254037844384,-2.4492935982947064e-16,1.0,1800.0,7.496097345175956,0.09057861254165411,2016-12-01
Jowar/Sorghum,2016-12-01,1800.0,1862.444866920152,1000.0,3550.0,263,153,7,8,0,0,0,2016,12,4,Winter,1650.5,1750.0,1800.0,1955.5,1875.0,0.09057861254165411,0.0,-0.040000000000000036,149.5,1733.5,1821.8333333333333,1888.7916666666667,1750.0,1837.5,1900.0,76.10354788050272,111.17133923213602,111.04103629930816,1650.5,1955.5,-149.5,-305.0,-224.5,1875.0,-0.040000000000000036,1862.5217391304348,1900.0,146.18073171287202,,,-171.33333333333326,-187.0,0.0610216846942472,5.575949103146316,5.0369526024136295,2.0794415416798357,2.1972245773362196,0.0,0.0,24,576,-2.4492935982947064e-16,1.0,-2.4492935982947064e-16,1.0,1630.0,7.396948602621014,-0.09444444444444444,2017-01-01
Jowar/Sorghum,2017-01-01,1630.0,1777.2857142857142,1050.0,3200.0,35,22,5,4,0,0,0,2017,1,1,Winter,1800.0,1650.5,1750.0,1900.0,1951.0,-0.09444444444444444,-0.06857142857142862,-0.16453100973859558,-170.0,1733.5,1795.9166666666667,1882.5416666666667,1750.0,1800.0,1900.0,76.10354788050272,89.861235617293,113.96021202262853,1650.5,1900.0,50.0,-100.0,-151.0,1951.0,-0.16453100973859558,1859.9166666666667,1887.5,143.5360632359525,1975.5,1975.5,4.0833333333332575,0.0,0.05003641721532718,3.58351893845611,3.1354942159291497,1.791759469228055,1.6094379124341003,0.0,0.0,25,625,0.49999999999999994,0.8660254037844387,1.0,6.123233995736766e-17,2000.0,7.601402334583733,0.22699386503067487,2017-02-01
Jowar/Sorghum,2017-02-01,2000.0,1993.4578544061303,1100.0,4000.0,261,157,9,9,0,0,0,2017,2,1,Winter,1630.0,1800.0,1650.5,1875.0,1900.0,0.22699386503067487,0.21175401393517124,0.05263157894736836,370.0,1693.5,1750.9166666666667,1855.7916666666667,1650.5,1775.0,1887.5,92.7995150849398,94.78418468640555,132.58281431435657,1630.0,1875.0,-20.5,-245.0,-270.0,1900.0,0.05263157894736836,1850.72,1875.0,147.84663224661784,1800.0,1800.0,-120.91666666666674,-145.0,0.05413403532610854,5.568344503761097,5.062595033026967,2.302585092994046,2.302585092994046,0.0,0.0,26,676,0.8660254037844386,0.5000000000000001,1.0,6.123233995736766e-17,1901.0,7.550661243105336,-0.04949999999999999,2017-03-01
Jowar/Sorghum,2017-03-01,1901.0,1898.4301886792452,1100.0,4300.0,265,163,9,10,0,0,0,2017,3,1,Spring,2000.0,1630.0,1800.0,1800.0,1967.5,-0.04949999999999999,0.056111111111111,-0.033799237611181754,-99.0,1810.0,1771.75,1864.125,1800.0,1775.0,1887.5,185.20259177452127,133.38806168469486,138.61934880685442,1630.0,2000.0,200.0,200.0,32.5,1967.5,-0.033799237611181754,1856.4615384615386,1887.5,147.78828932475824,1808.75,1808.75,228.25,225.0,0.0752860514658924,5.583496308781699,5.099866427824199,2.302585092994046,2.3978952727983707,0.0,0.0,27,729,1.0,6.123233995736766e-17,1.0,6.123233995736766e-17,1838.0,7.516977224604321,-0.03314045239347707,2017-04-01
Jowar/Sorghum,2017-04-01,1838.0,1862.5853658536585,1150.0,3350.0,164,110,7,9,0,0,0,2017,4,2,Spring,1901.0,2000.0,1630.0,1750.0,1990.0,-0.03314045239347707,0.1276073619631901,-0.07638190954773871,-63.0,1843.6666666666667,1788.5833333333333,1858.5833333333333,1901.0,1775.0,1887.5,191.54720915046843,143.64484559728078,135.40290606075254,1630.0,2000.0,271.0,151.0,-89.0,1990.0,-0.07638190954773871,1858.111111111111,1900.0,145.1716049087936,1958.75,1958.75,112.41666666666674,126.0,0.08031207879454734,5.10594547390058,4.709530201312334,2.0794415416798357,2.302585092994046,0.0,0.0,28,784,0.8660254037844387,-0.4999999999999998,1.2246467991473532e-16,-1.0,1775.0,7.4821189235521155,-0.034276387377584316,2017-05-01
Jowar/Sorghum,2017-05-01,1775.0,1842.781512605042,1175.0,4469.0,119,97,8,8,0,0,0,2017,5,2,Summer,1838.0,1901.0,2000.0,1650.5,2051.0,-0.034276387377584316,-0.11250000000000004,-0.13456850316918578,-63.0,1913.0,1803.25,1845.9166666666667,1901.0,1819.0,1856.5,81.66394553289693,143.40981486634715,128.9472819223093,1630.0,2000.0,-162.0,187.5,-213.0,2051.0,-0.13456850316918578,1857.392857142857,1887.5,142.50856745803668,1963.0,1963.0,34.75,19.0,0.07952852619789111,4.787491742782046,4.584967478670572,2.1972245773362196,2.1972245773362196,0.0,0.0,29,841,0.49999999999999994,-0.8660254037844387,1.2246467991473532e-16,-1.0,1790.0,7.490529402060711,0.008450704225352101,2017-06-01
Jowar/Sorghum,2017-06-01,1790.0,1858.0526315789473,1150.0,4750.0,171,106,7,9,0,0,0,2017,6,2,Summer,1775.0,1838.0,1901.0,1800.0,1955.5,0.008450704225352101,-0.058390320883745406,-0.08463308616722065,15.0,1838.0,1824.0,1822.9166666666667,1838.0,1819.0,1819.0,62.99999999999965,124.67076642100172,112.62303036988902,1630.0,2000.0,-126.0,-25.0,-180.5,1955.5,-0.08463308616722065,1854.551724137931,1875.0,140.77453762435076,2012.75,2012.75,-49.0,-44.0,0.06835020088870708,5.147494476813453,4.672828834461906,2.0794415416798357,2.302585092994046,0.0,0.0,30,900,1.2246467991473532e-16,-1.0,1.2246467991473532e-16,-1.0,1700.0,7.438971592395862,-0.05027932960893855,2017-07-01
Jowar/Sorghum,2017-07-01,1700.0,1785.4275862068966,1125.0,3050.0,145,86,8,9,0,0,0,2017,7,3,Monsoon,1790.0,1775.0,1838.0,1630.0,1900.0,-0.05027932960893855,-0.07508161044613715,-0.10526315789473684,-90.0,1801.0,1822.3333333333333,1809.125,1790.0,1814.0,1800.0,32.908965343808006,125.12180731857511,104.77077251183766,1630.0,2000.0,-48.0,160.0,-110.0,1900.0,-0.10526315789473684,1852.4,1875.0,138.82725559684496,1925.0,1925.0,-32.33333333333326,-24.0,0.06866021985654387,4.983606621708336,4.465908118654584,2.1972245773362196,2.302585092994046,0.0,0.0,31,961,-0.4999999999999997,-0.8660254037844388,-1.0,-1.8369701987210297e-16,1751.0,7.468513271496337,0.030000000000000027,2017-08-01
Jowar/Sorghum,2017-08-01,1751.0,1918.2055214723925,950.0,4500.0,163,111,8,8,0,0,0,2017,8,3,Monsoon,1700.0,1790.0,1775.0,2000.0,1875.0,0.030000000000000027,-0.013521126760563384,-0.06613333333333338,51.0,1755.0,1834.0,1792.4583333333333,1775.0,1814.0,1795.0,48.21825380496432,105.29387446570655,104.90806761882094,1700.0,2000.0,-75.0,-300.0,-175.0,1875.0,-0.06613333333333338,1847.483870967742,1875.0,139.21131921596555,1937.5,1937.5,-134.0,-114.0,0.05741214529209736,5.099866427824199,4.718498871295094,2.1972245773362196,2.1972245773362196,0.0,0.0,32,1024,-0.8660254037844385,-0.5000000000000004,-1.0,-1.8369701987210297e-16,1750.0,7.467942332285852,-0.0005711022272987254,2017-09-01
Jowar/Sorghum,2017-09-01,1750.0,1859.4549763033176,1100.0,3903.0,211,121,8,8,0,0,0,2017,9,3,Monsoon,1751.0,1700.0,1790.0,1901.0,1800.0,-0.0005711022272987254,-0.022346368715083775,-0.02777777777777779,-1.0,1747.0,1792.5,1782.125,1751.0,1782.5,1782.5,45.133136385586546,69.90493544807812,102.10825917088704,1700.0,1901.0,-39.0,-150.0,-49.0,1800.0,-0.02777777777777779,1844.46875,1875.0,138.00560633188874,1750.0,1750.0,-41.5,-31.5,0.03899856928763075,5.356586274672012,4.804021044733257,2.1972245773362196,2.1972245773362196,0.0,0.0,33,1089,-1.0,-1.8369701987210297e-16,-1.0,-1.8369701987210297e-16,1430.5,7.266478124538169,-0.1825714285714286,2017-10-01
Jowar/Sorghum,2017-10-01,1430.5,1534.0,1050.0,2600.0,26,20,6,4,0,0,0,2017,10,4,Autumn,1750.0,1751.0,1700.0,1838.0,1750.0,-0.1825714285714286,-0.15852941176470592,-0.1825714285714286,-319.5,1733.6666666666667,1767.3333333333333,1777.9583333333333,1750.0,1763.0,1763.0,29.160475533387462,46.18946488829065,102.33244805164375,1700.0,1838.0,50.0,-88.0,0.0,1750.0,-0.1825714285714286,1841.6060606060605,1875.0,136.82400634435905,1775.0,1775.0,-17.333333333333258,-13.0,0.026135117816837413,3.295836866004329,3.044522437723423,1.9459101490553132,1.6094379124341003,0.0,0.0,34,1156,-0.8660254037844386,0.5000000000000001,-2.4492935982947064e-16,1.0,1590.0,7.372118028337787,0.1114994757077945,2017-11-01
Jowar/Sorghum,2017-11-01,1590.0,1588.4532520325204,600.0,3650.0,246,146,9,10,0,0,0,2017,11,4,Autumn,1430.5,1750.0,1751.0,1775.0,1650.5,0.1114994757077945,-0.09194745859508857,-0.03665555892153893,159.5,1643.8333333333333,1699.4166666666667,1751.3333333333333,1750.0,1750.5,1763.0,184.75276272178795,135.2436381744687,143.53655431367423,1430.5,1790.0,-320.5,-344.5,-220.0,1650.5,-0.03665555892153893,1829.514705882353,1856.5,152.066895431828,1575.25,1575.25,-268.91666666666674,-320.0,0.07958238896158606,5.5093883366279774,4.990432586778736,2.302585092994046,2.3978952727983707,0.0,0.0,35,1225,-0.5000000000000004,0.8660254037844384,-2.4492935982947064e-16,1.0,1650.0,7.409136443920128,0.037735849056603765,2017-12-01
Jowar/Sorghum,2017-12-01,1650.0,1679.433962264151,900.0,3200.0,212,141,8,9,0,0,0,2017,12,4,Winter,1590.0,1430.5,1750.0,1790.0,1800.0,0.037735849056603765,-0.05714285714285716,-0.08333333333333337,60.0,1590.1666666666667,1668.5833333333333,1746.2916666666667,1590.0,1725.0,1763.0,159.75006520603762,135.653387966046,148.38102952952696,1430.5,1790.0,-160.0,-200.0,-210.0,1800.0,-0.08333333333333337,1822.6714285714286,1838.0,155.18788152245835,1837.5,1837.5,-78.58333333333326,-135.0,0.08129853945924947,5.3612921657094255,4.955827057601261,2.1972245773362196,2.302585092994046,0.0,0.0,36,1296,-2.4492935982947064e-16,1.0,-2.4492935982947064e-16,1.0,1600.0,7.3783837129967145,-0.030303030303030276,2018-01-01
Jowar/Sorghum,2018-01-01,1600.0,1699.9380341880342,873.0,3735.0,234,137,8,10,0,0,0,2018,1,1,Winter,1650.0,1590.0,1430.5,1700.0,1630.0,-0.030303030303030276,0.11849003844809514,-0.018404907975460127,-50.0,1556.8333333333333,1645.25,1733.7916666666667,1590.0,1675.0,1750.5,113.4463896884043,121.93922666640096,149.7569938165481,1430.5,1751.0,219.5,-50.0,20.0,1630.0,-0.018404907975460127,1817.875,1819.0,155.6386554536776,1860.3333333333333,1951.0,4.75,-25.0,0.07411592564437074,5.459585514144159,4.927253685157205,2.1972245773362196,2.3978952727983707,0.0,0.0,37,1369,0.49999999999999994,0.8660254037844387,1.0,6.123233995736766e-17,1600.0,7.3783837129967145,0.0,2018-02-01
Jowar/Sorghum,2018-02-01,1600.0,1795.3963133640552,925.0,4305.0,217,139,9,10,0,0,0,2018,2,1,Winter,1600.0,1650.0,1590.0,1751.0,2000.0,0.0,0.0062893081761006275,-0.19999999999999996,0.0,1613.3333333333333,1628.5833333333333,1731.2916666666667,1600.0,1625.0,1750.5,32.14550253664252,119.77412770154733,151.88249919133534,1430.5,1751.0,10.0,-151.0,-400.0,2000.0,-0.19999999999999996,1811.9864864864865,1800.0,157.5864174952238,1866.6666666666667,1900.0,-28.583333333333258,-25.0,0.0735449794002235,5.384495062789089,4.941642422609304,2.302585092994046,2.3978952727983707,0.0,0.0,38,1444,0.8660254037844386,0.5000000000000001,1.0,6.123233995736766e-17,1650.0,7.409136443920128,0.03125,2018-03-01
Jowar/Sorghum,2018-03-01,1650.0,1836.7861635220127,914.0,7100.0,159,107,8,10,0,0,0,2018,3,1,Spring,1600.0,1600.0,1650.0,1750.0,1901.0,0.03125,0.0,-0.13203577064702787,50.0,1616.6666666666667,1603.4166666666667,1697.9583333333333,1600.0,1600.0,1725.0,28.86751345948059,103.69205209015081,129.84299230807594,1430.5,1750.0,-50.0,-150.0,-301.0,1901.0,-0.13203577064702787,1806.407894736842,1800.0,159.20078497290336,1839.5,1901.0,-3.4166666666667425,0.0,0.06466943636410839,5.075173815233827,4.68213122712422,2.1972245773362196,2.3978952727983707,0.0,0.0,39,1521,1.0,6.123233995736766e-17,1.0,6.123233995736766e-17,1850.0,7.523481312573497,0.1212121212121211,2018-04-01
Jowar/Sorghum,2018-04-01,1850.0,1772.12,950.0,2650.0,25,18,5,3,0,0,0,2018,4,2,Spring,1650.0,1600.0,1600.0,1430.5,1838.0,0.1212121212121211,0.15625,0.006528835690968515,200.0,1616.6666666666667,1586.75,1677.0416666666667,1600.0,1600.0,1675.0,28.867513459481255,80.9652703324078,113.32785470269462,1430.5,1650.0,50.0,219.5,-188.0,1838.0,0.006528835690968515,1802.3974358974358,1800.0,159.07604022039183,1918.5,1927.5,63.25,50.0,0.05102585179291495,3.258096538021482,2.9444389791664403,1.791759469228055,1.3862943611198906,0.0,0.0,40,1600,0.8660254037844387,-0.4999999999999998,1.2246467991473532e-16,-1.0,1700.0,7.438971592395862,-0.08108108108108103,2018-05-01
Jowar/Sorghum,2018-05-01,1700.0,1771.9911504424779,800.0,4253.0,113,89,8,9,0,0,0,2018,5,2,Summer,1850.0,1650.0,1600.0,1590.0,1775.0,-0.08108108108108103,0.0625,-0.04225352112676062,-150.0,1700.0,1656.6666666666667,1678.0416666666667,1650.0,1625.0,1675.0,132.2875655532295,98.31920802501685,114.91903440986998,1590.0,1850.0,250.0,260.0,75.0,1775.0,-0.04225352112676062,1803.5875,1800.0,157.20364415998594,1900.3333333333333,1875.0,193.33333333333326,225.0,0.05934761047787737,4.736198448394496,4.499809670330265,2.1972245773362196,2.302585092994046,0.0,0.0,41,1681,0.49999999999999994,-0.8660254037844387,1.2246467991473532e-16,-1.0,1647.0,7.4073177104694174,-0.03117647058823525,2018-06-01
Jowar/Sorghum,2018-06-01,1647.0,1871.5218579234972,900.0,3602.0,183,120,8,9,0,0,0,2018,6,2,Summer,1700.0,1850.0,1650.0,1650.0,1790.0,-0.03117647058823525,-0.0018181818181818299,-0.07988826815642458,-53.0,1733.3333333333333,1675.0,1671.7916666666667,1700.0,1650.0,1675.0,104.08329997330661,93.54143466934784,111.14393991031535,1600.0,1850.0,50.0,50.0,-90.0,1790.0,-0.07988826815642458,1801.060975609756,1800.0,156.06690052353954,1938.5,1955.5,25.0,50.0,0.05584563263841662,5.214935757608986,4.795790545596741,2.1972245773362196,2.302585092994046,0.0,0.0,42,1764,1.2246467991473532e-16,-1.0,1.2246467991473532e-16,-1.0,1650.0,7.409136443920128,0.0018214936247722413,2018-07-01
Jowar/Sorghum,2018-07-01,1650.0,1729.8947368421052,900.0,3100.0,19,13,3,5,0,0,0,2018,7,3,Monsoon,1647.0,1700.0,1850.0,1600.0,1700.0,0.0018214936247722413,-0.10810810810810811,-0.02941176470588236,3.0,1732.3333333333333,1674.5,1659.875,1700.0,1648.5,1650.0,105.29165842237137,93.70965798678314,104.80287231490585,1600.0,1850.0,-203.0,47.0,-53.0,1700.0,-0.02941176470588236,1797.392857142857,1800.0,155.97410415593794,1850.0,1900.0,-27.5,-1.5,0.05596276977413147,2.995732273553991,2.6390573296152584,1.3862943611198906,1.791759469228055,0.0,0.0,43,1849,-0.4999999999999997,-0.8660254037844388,-1.0,-1.8369701987210297e-16,1800.0,7.496097345175956,0.09090909090909083,2018-08-01
Jowar/Sorghum,2018-08-01,1800.0,1984.560975609756,950.0,4000.0,164,106,8,9,0,0,0,2018,8,3,Monsoon,1650.0,1647.0,1700.0,1600.0,1751.0,0.09090909090909083,0.05882352941176472,0.027984009137635546,150.0,1665.6666666666667,1682.8333333333333,1655.7083333333333,1650.0,1650.0,1650.0,29.771350881901938,87.79616544397904,104.05384496266858,1600.0,1850.0,-50.0,50.0,-101.0,1751.0,0.027984009137635546,1793.9651162790697,1800.0,155.7366670647556,1875.3333333333333,1875.0,-32.83333333333326,0.0,0.05217163441258534,5.10594547390058,4.672828834461906,2.1972245773362196,2.302585092994046,0.0,0.0,44,1936,-0.8660254037844385,-0.5000000000000004,-1.0,-1.8369701987210297e-16,1716.5,7.448625024096504,-0.046388888888888924,2018-09-01
Jowar/Sorghum,2018-09-01,1716.5,2035.8163265306123,1000.0,9000.0,98,74,8,9,0,0,0,2018,9,3,Monsoon,1800.0,1650.0,1647.0,1650.0,1750.0,-0.046388888888888924,0.042197935640558626,-0.019142857142857128,-83.5,1699.0,1716.1666666666667,1659.7916666666667,1650.0,1675.0,1650.0,87.48142660016462,88.02367105879264,108.97820014140683,1647.0,1850.0,153.0,150.0,50.0,1750.0,-0.019142857142857128,1794.1022727272727,1800.0,153.91781178737,1750.0,1750.0,83.83333333333326,125.0,0.05129086397521179,4.59511985013459,4.31748811353631,2.1972245773362196,2.302585092994046,0.0,0.0,45,2025,-1.0,-1.8369701987210297e-16,-1.0,-1.8369701987210297e-16,1881.0,7.540090320145325,0.09583454704340233,2018-10-01
Jowar/Sorghum,2018-10-01,1881.0,1988.14,1000.0,3500.0,150,105,9,8,0,0,0,2018,10,4,Autumn,1716.5,1800.0,1650.0,1850.0,1430.5,0.09583454704340233,0.1399999999999999,0.31492485145054183,164.5,1722.1666666666667,1727.25,1657.0,1716.5,1708.25,1650.0,75.16038406855918,82.00716432117295,106.86588876633225,1647.0,1850.0,66.5,-133.5,286.0,1430.5,0.31492485145054183,1792.3777777777777,1800.0,152.59781347308902,1660.1666666666667,1750.0,-10.75,8.25,0.04747845669195134,5.017279836814924,4.663439094112067,2.302585092994046,2.1972245773362196,0.0,0.0,46,2116,-0.8660254037844386,0.5000000000000001,-2.4492935982947064e-16,1.0,2200.0,7.696667081526462,0.16959064327485374,2018-11-01
Jowar/Sorghum,2018-11-01,2200.0,2331.6548672566373,1100.0,4100.0,113,85,7,6,0,0,0,2018,11,4,Autumn,1881.0,1716.5,1800.0,1700.0,1590.0,0.16959064327485374,0.22222222222222232,0.3836477987421383,319.0,1799.1666666666667,1732.4166666666667,1694.5416666666667,1800.0,1708.25,1650.0,82.25316609914367,91.69210253160588,98.89605616121568,1647.0,1881.0,81.0,181.0,291.0,1590.0,0.3836477987421383,1794.304347826087,1800.0,151.45745564205552,1580.1666666666667,1590.0,148.58333333333326,172.75,0.05292728031070617,4.736198448394496,4.454347296253507,2.0794415416798357,1.9459101490553132,0.0,0.0,47,2209,-0.5000000000000004,0.8660254037844384,-2.4492935982947064e-16,1.0,2300.5,7.7413163632572966,0.04568181818181816,2018-12-01
Jowar/Sorghum,2018-12-01,2300.5,2445.9504950495048,1000.0,4600.0,202,123,8,10,0,0,0,2018,12,4,Winter,2200.0,1881.0,1716.5,1647.0,1650.0,0.04568181818181816,0.34022720652490523,0.3942424242424243,100.5,1932.5,1815.75,1745.375,1881.0,1758.25,1675.0,245.82971748753238,208.7840391409263,170.86293350359648,1647.0,2200.0,483.5,553.0,550.0,1650.0,0.3942424242424243,1802.936170212766,1800.0,161.06697962072894,1775.0,1800.0,384.25,441.75,0.11498501398371268,5.313205979041787,4.820281565605037,2.1972245773362196,2.3978952727983707,0.0,0.0,48,2304,-2.4492935982947064e-16,1.0,-2.4492935982947064e-16,1.0,2175.0,7.685243607975833,-0.05455335796565963,2019-01-01
Jowar/Sorghum,2019-01-01,2175.0,2374.158653846154,1115.0,4680.0,208,128,8,9,0,0,0,2019,1,1,Winter,2300.5,2200.0,1881.0,1650.0,1600.0,-0.05455335796565963,0.15629984051036683,0.359375,-125.5,2127.1666666666665,1924.6666666666667,1799.5833333333333,2200.0,1840.5,1708.25,219.02872718740193,265.81302952764844,230.60009001548843,1650.0,2300.5,419.5,650.5,700.5,1600.0,0.359375,1813.3020833333333,1800.0,174.7807361817893,1795.25,1790.5,375.83333333333326,460.0,0.13810860557376953,5.342334251964811,4.859812404361672,2.1972245773362196,2.302585092994046,0.0,0.0,49,2401,0.49999999999999994,0.8660254037844387,1.0,6.123233995736766e-17,2300.0,7.741099090035366,0.05747126436781613,2019-02-01
Jowar/Sorghum,2019-02-01,2300.0,2401.099526066351,1000.0,4502.0,211,130,9,8,0,0,0,2019,2,1,Winter,2175.0,2300.5,2200.0,1800.0,1600.0,0.05747126436781613,0.045454545454545414,0.4375,125.0,2225.1666666666665,2012.1666666666667,1847.5,2200.0,2028.0,1758.25,66.42727853324539,242.7222006052732,244.6690714934243,1716.5,2300.5,-25.0,375.0,575.0,1600.0,0.4375,1820.6836734693877,1800.0,180.5042616613003,1800.0,1800.0,162.83333333333326,147.0,0.12062728432300499,5.356586274672012,4.875197323201151,2.302585092994046,2.1972245773362196,0.0,0.0,50,2500,0.8660254037844386,0.5000000000000001,1.0,6.123233995736766e-17,2400.0,7.783640596221253,0.04347826086956519,2019-03-01
Jowar/Sorghum,2019-03-01,2400.0,2456.230769230769,588.0,4665.0,195,117,11,8,0,0,0,2019,3,1,Spring,2300.0,2175.0,2300.5,1716.5,1650.0,0.04347826086956519,0.04325146707237559,0.4545454545454546,100.0,2258.5,2095.5,1905.8333333333333,2300.0,2187.5,1825.0,72.31355336311468,241.13771998590312,263.0518729809535,1716.5,2300.5,-0.5,583.5,650.0,1650.0,0.4545454545454546,1830.27,1800.0,191.0804459821431,1792.125,1775.5,204.5,112.5,0.11507407300687336,5.278114659230517,4.770684624465665,2.4849066497880004,2.1972245773362196,0.0,0.0,51,2601,1.0,6.123233995736766e-17,1.0,6.123233995736766e-17,2474.0,7.813995675002791,0.030833333333333268,2019-04-01
Jowar/Sorghum,2019-04-01,2474.0,2499.0564102564103,1176.0,4600.0,195,121,9,9,0,0,0,2019,4,2,Spring,2400.0,2300.0,2175.0,1881.0,1850.0,0.030833333333333268,0.13747126436781598,0.3372972972972974,74.0,2291.6666666666665,2209.4166666666665,1968.3333333333333,2300.0,2250.0,1865.5,112.73124382057256,179.97455838719665,284.92968297884306,1881.0,2400.0,225.0,519.0,550.0,1850.0,0.3372972972972974,1841.4411764705883,1800.0,205.2950473601062,1901.375,1888.75,190.58333333333348,150.0,0.08145795272682683,5.278114659230517,4.804021044733257,2.302585092994046,2.302585092994046,0.0,0.0,52,2704,0.8660254037844387,-0.4999999999999998,1.2246467991473532e-16,-1.0,2450.0,7.804251383528112,-0.009700889248181133,2019-05-01
Jowar/Sorghum,2019-05-01,2450.0,2468.048,1000.0,4487.0,125,102,8,8,0,0,0,2019,5,2,Summer,2474.0,2400.0,2300.0,2200.0,1700.0,-0.009700889248181133,0.0652173913043479,0.4411764705882353,-24.0,2391.3333333333335,2308.25,2020.3333333333333,2400.0,2300.25,2028.0,87.32315462312035,114.44900611189122,316.5556344419879,2175.0,2474.0,174.0,274.0,774.0,1700.0,0.4411764705882353,1853.6057692307693,1819.0,221.39214911905424,1850.25,1825.0,165.75,173.75,0.0495825868566625,4.836281906951478,4.634728988229636,2.1972245773362196,2.1972245773362196,0.0,0.0,53,2809,0.49999999999999994,-0.8660254037844387,1.2246467991473532e-16,-1.0,2501.0,7.824845691026856,0.020816326530612272,2019-06-01
Jowar/Sorghum,2019-06-01,2501.0,2535.960606060606,596.0,5105.0,165,107,8,9,0,0,0,2019,6,2,Summer,2450.0,2474.0,2400.0,2300.5,1647.0,0.020816326530612272,0.04208333333333325,0.5185185185185186,51.0,2441.3333333333335,2349.9166666666665,2082.8333333333335,2450.0,2350.25,2187.5,37.7535870260479,112.65097277283644,321.559716872545,2175.0,2474.0,50.0,149.5,803.0,1647.0,0.5185185185185186,1864.8584905660377,1838.0,234.05759024548627,1865.625,1872.75,100.08333333333348,99.75,0.04793828409780621,5.111987788356544,4.68213122712422,2.1972245773362196,2.302585092994046,0.0,0.0,54,2916,1.2246467991473532e-16,-1.0,1.2246467991473532e-16,-1.0,2727.5,7.9115072866262866,0.09056377449020392,2019-07-01
Jowar/Sorghum,2019-07-01,2727.5,2769.9367816091954,1301.0,5355.0,174,110,8,9,0,0,0,2019,7,3,Monsoon,2501.0,2450.0,2474.0,2175.0,1650.0,0.09056377449020392,0.10246564268391278,0.6530303030303031,226.5,2475.0,2383.3333333333335,2154.0,2474.0,2425.0,2250.0,25.51470164434682,124.20574329179117,310.65085634109283,2175.0,2501.0,27.0,326.0,851.0,1650.0,0.6530303030303031,1876.638888888889,1844.0,247.4738678155177,1800.0,1800.0,117.66666666666652,76.0,0.05211429788466762,5.1647859739235145,4.709530201312334,2.1972245773362196,2.302585092994046,0.0,0.0,55,3025,-0.4999999999999997,-0.8660254037844388,-1.0,-1.8369701987210297e-16,2800.0,7.937731775260109,0.02658111824014675,2019-08-01
Jowar/Sorghum,2019-08-01,2800.0,2898.9752066115702,1650.0,5852.0,121,85,10,9,0,0,0,2019,8,3,Monsoon,2727.5,2501.0,2450.0,2300.0,1800.0,0.02658111824014675,0.1428571428571428,0.5555555555555556,72.5,2559.5,2475.4166666666665,2243.7916666666665,2501.0,2462.0,2300.25,147.71001997156466,142.3426909492241,307.4350233148555,2300.0,2727.5,277.5,427.5,927.5,1800.0,0.5555555555555556,1892.1090909090908,1850.0,270.6883319686555,1856.5,1837.5,252.08333333333348,265.5,0.057502517804769886,4.804021044733257,4.454347296253507,2.3978952727983707,2.302585092994046,0.0,0.0,56,3136,-0.8660254037844385,-0.5000000000000004,-1.0,-1.8369701987210297e-16,2300.0,7.741099090035366,-0.1785714285714286,2019-09-01
Jowar/Sorghum,2019-09-01,2300.0,2360.3571428571427,1201.0,4000.0,28,20,6,6,0,0,0,2019,9,3,Monsoon,2800.0,2727.5,2501.0,2400.0,1716.5,-0.1785714285714286,-0.0803678528588565,0.33993591610835994,-500.0,2676.1666666666665,2558.75,2327.125,2727.5,2487.5,2350.25,155.96981545585473,163.8437517880974,311.70536240903056,2400.0,2800.0,299.0,400.0,1083.5,1716.5,0.33993591610835994,1908.3214285714287,1862.5,294.3789831395674,1741.625,1733.25,241.25,312.5,0.0640327315244152,3.367295829986474,3.044522437723423,1.9459101490553132,1.9459101490553132,0.0,0.0,57,3249,-1.0,-1.8369701987210297e-16,-1.0,-1.8369701987210297e-16,2590.0,7.85979918056211,0.12608695652173907,2019-10-01
Jowar/Sorghum,2019-10-01,2590.0,2574.641666666667,1109.0,4600.0,120,90,8,7,0,0,0,2019,10,4,Autumn,2300.0,2800.0,2727.5,2474.0,1881.0,0.12608695652173907,-0.05041246562786439,0.37692716640085067,290.0,2609.1666666666665,2542.0833333333335,2375.75,2727.5,2487.5,2350.25,270.1889770759225,186.7121893896227,246.47750220031986,2300.0,2800.0,-427.5,-174.0,419.0,1881.0,0.37692716640085067,1915.1929824561403,1875.0,296.31561591584904,1715.375,1775.0,-242.08333333333348,-187.5,0.07344849279381978,4.795790545596741,4.51085950651685,2.1972245773362196,2.0794415416798357,0.0,0.0,58,3364,-0.8660254037844386,0.5000000000000001,-2.4492935982947064e-16,1.0,2022.5,7.61258396431592,-0.21911196911196906,2019-11-01
Jowar/Sorghum,2019-11-01,2022.5,2246.3473684210526,800.0,4600.0,190,124,8,7,0,0,0,2019,11,4,Autumn,2590.0,2300.0,2800.0,2450.0,2200.0,-0.21911196911196906,-0.27767857142857144,-0.08068181818181819,-567.5,2563.3333333333335,2561.4166666666665,2434.8333333333335,2590.0,2545.5,2425.0,251.064400768674,184.24180216950313,197.13819948698227,2300.0,2800.0,-210.0,140.0,390.0,2200.0,-0.08068181818181819,1926.8275862068965,1875.0,306.7794875191176,1735.125,1620.25,28.583333333333485,44.5,0.07192964915359462,5.25227342804663,4.8283137373023015,2.1972245773362196,2.0794415416798357,0.0,0.0,59,3481,-0.5000000000000004,0.8660254037844384,-2.4492935982947064e-16,1.0,2200.0,7.696667081526462,0.08776266996291726,2019-12-01
Jowar/Sorghum,2019-12-01,2200.0,2323.921568627451,1230.0,5500.0,51,32,7,6,0,0,0,2019,12,4,Winter,2022.5,2590.0,2300.0,2501.0,2300.5,0.08776266996291726,-0.04347826086956519,-0.043686155183655706,177.5,2304.1666666666665,2490.1666666666665,2420.0416666666665,2300.0,2545.5,2425.0,283.77294327214025,288.88867521359566,221.51230812646665,2022.5,2800.0,-277.5,-478.5,-278.0,2300.5,-0.043686155183655706,1928.449152542373,1875.0,304.3782908186509,1906.375,1837.5,-467.6666666666665,-523.0,0.11601178309896085,3.9512437185814275,3.4965075614664802,2.0794415416798357,1.9459101490553132,0.0,0.0,60,3600,-2.4492935982947064e-16,1.0,-2.4492935982947064e-16,1.0,2362.5,7.767898850233291,0.07386363636363646,2020-01-01
Jowar/Sorghum,2020-01-01,2362.5,2572.244845360825,285.5,5450.0,194,124,7,7,0,0,0,2020,1,1,Winter,2200.0,2022.5,2590.0,2727.5,2175.0,0.07386363636363646,-0.08783783783783783,0.0862068965517242,162.5,2270.8333333333335,2440.0,2411.6666666666665,2200.0,2445.0,2425.0,290.30515554039573,311.85333091054156,228.24053633007873,2022.5,2800.0,-390.0,-527.5,25.0,2175.0,0.0862068965517242,1932.975,1875.0,303.81716213616795,1871.2,1951.0,-240.0,-245.0,0.12780874217645147,5.272999558563747,4.8283137373023015,2.0794415416798357,2.0794415416798357,0.0,0.0,61,3721,0.49999999999999994,0.8660254037844387,1.0,6.123233995736766e-17,2487.5,7.819435398298609,0.05291005291005302,2020-02-01
Jowar/Sorghum,2020-02-01,2487.5,2590.85,1230.0,5460.0,160,100,7,7,0,0,0,2020,2,1,Winter,2362.5,2200.0,2022.5,2800.0,2300.0,0.05291005291005302,0.22991347342398027,0.08152173913043481,125.0,2195.0,2379.1666666666665,2427.2916666666665,2200.0,2331.25,2425.0,170.05513811702386,278.355288555232,216.6915967592194,2022.5,2800.0,340.0,-437.5,62.5,2300.0,0.08152173913043481,1940.016393442623,1875.0,306.2530131445392,1900.0,1900.0,-16.666666666666515,31.25,0.11699696891988735,5.081404364984463,4.61512051684126,2.0794415416798357,2.0794415416798357,0.0,0.0,62,3844,0.8660254037844386,0.5000000000000001,1.0,6.123233995736766e-17,2300.0,7.741099090035366,-0.07537688442211055,2020-03-01
Jowar/Sorghum,2020-03-01,2300.0,2306.551724137931,1200.0,3950.0,29,19,6,6,0,0,0,2020,3,1,Spring,2487.5,2362.5,2200.0,2300.0,2400.0,-0.07537688442211055,0.045454545454545414,-0.04166666666666663,-187.5,2350.0,2327.0833333333335,2442.9166666666665,2362.5,2331.25,2462.0,144.15703243338515,202.86335713150987,213.41379282908704,2022.5,2590.0,287.5,187.5,87.5,2400.0,-0.04166666666666663,1948.8467741935483,1878.0,311.5892181880864,1913.7,1901.0,160.41666666666652,156.25,0.08717494308247514,3.4011973816621555,2.995732273553991,1.9459101490553132,1.9459101490553132,0.0,0.0,63,3969,1.0,6.123233995736766e-17,1.0,6.123233995736766e-17,2550.0,7.844240718141811,0.10869565217391308,2020-04-01
Jowar/Sorghum,2020-04-01,2550.0,2714.037037037037,1150.0,4800.0,27,24,3,5,0,0,0,2020,4,2,Spring,2300.0,2487.5,2362.5,2590.0,2474.0,0.10869565217391308,0.0793650793650793,0.03071948261924007,250.0,2383.3333333333335,2327.0833333333335,2434.5833333333335,2362.5,2331.25,2462.0,95.47032697824702,202.86335713150987,217.16142229533506,2022.5,2590.0,-62.5,-290.0,-174.0,2474.0,0.03071948261924007,1954.420634920635,1881.0,312.2165709054813,2015.9,1927.5,-27.083333333333485,-31.25,0.08717494308247514,3.332204510175204,3.2188758248682006,1.3862943611198906,1.791759469228055,0.0,0.0,64,4096,0.8660254037844387,-0.4999999999999998,1.2246467991473532e-16,-1.0,2512.5,7.82943148313263,-0.014705882352941124,2020-05-01
Jowar/Sorghum,2020-05-01,2512.5,2408.09375,830.0,4755.0,96,83,5,7,0,0,0,2020,5,2,Summer,2550.0,2300.0,2487.5,2022.5,2450.0,-0.014705882352941124,0.01005025125628145,0.025510204081632626,-37.5,2445.8333333333335,2320.4166666666665,2440.9166666666665,2487.5,2331.25,2468.75,130.1041249666335,192.90811716116696,219.51100959481016,2022.5,2550.0,62.5,527.5,100.0,2450.0,0.025510204081632626,1963.7265625,1890.5,318.550336528282,1970.2,1875.0,229.58333333333348,218.75,0.08313511962413372,4.574710978503383,4.430816798843313,1.791759469228055,2.0794415416798357,0.0,0.0,65,4225,0.49999999999999994,-0.8660254037844387,1.2246467991473532e-16,-1.0,2439.5,7.7999582153272025,-0.0290547263681592,2020-06-01
Jowar/Sorghum,2020-06-01,2439.5,2441.7608695652175,850.0,6125.0,184,114,7,8,0,0,0,2020,6,2,Summer,2512.5,2550.0,2300.0,2200.0,2501.0,-0.0290547263681592,0.06065217391304345,-0.024590163934426257,-73.0,2454.1666666666665,2402.0833333333335,2446.125,2512.5,2425.0,2494.25,134.8224140613622,137.25356704532808,220.48542778069452,2200.0,2550.0,212.5,312.5,11.5,2501.0,-0.024590163934426257,1972.1692307692308,1900.0,323.29845775762914,1992.7,1955.5,110.41666666666652,87.5,0.05713938610733519,5.220355825078324,4.74493212836325,2.0794415416798357,2.1972245773362196,0.0,0.0,66,4356,1.2246467991473532e-16,-1.0,1.2246467991473532e-16,-1.0,2500.0,7.824445930877619,0.0248001639680262,2020-07-01
Jowar/Sorghum,2020-07-01,2500.0,2520.3992805755397,950.0,5237.0,139,103,7,9,0,0,0,2020,7,3,Monsoon,2439.5,2512.5,2550.0,2362.5,2727.5,0.0248001639680262,-0.019607843137254943,-0.08340971585701196,60.5,2500.6666666666665,2442.0,2441.0,2512.5,2463.5,2463.5,56.19237789356672,95.07365565707275,219.8076638584483,2300.0,2550.0,-110.5,77.0,-288.0,2727.5,-0.08340971585701196,1979.25,1900.0,325.9185864598703,1985.5,1900.0,-2.5,-24.0,0.038932700924272215,4.941642422609304,4.6443908991413725,2.0794415416798357,2.302585092994046,0.0,0.0,67,4489,-0.4999999999999997,-0.8660254037844388,-1.0,-1.8369701987210297e-16,2258.0,7.7226775164680035,-0.0968,2020-08-01
Jowar/Sorghum,2020-08-01,2258.0,2473.9285714285716,900.0,5130.0,56,46,5,7,0,0,0,2020,8,3,Monsoon,2500.0,2439.5,2512.5,2487.5,2800.0,-0.0968,-0.10129353233830851,-0.19357142857142862,-242.0,2484.0,2464.9166666666665,2422.0416666666665,2500.0,2493.75,2463.5,39.041644432580796,88.41686302208566,201.93500960967648,2300.0,2550.0,-12.5,12.5,-300.0,2800.0,-0.19357142857142862,1987.0223880597016,1900.0,329.637615912556,2045.2,1875.0,35.083333333333485,6.25,0.03587012259593049,4.04305126783455,3.8501476017100584,1.791759469228055,2.0794415416798357,0.0,0.0,68,4624,-0.8660254037844385,-0.5000000000000004,-1.0,-1.8369701987210297e-16,1850.0,7.523481312573497,-0.18069087688219665,2020-09-01
Jowar/Sorghum,2020-09-01,1850.0,1987.009900990099,800.0,4550.0,101,79,6,7,0,0,0,2020,9,3,Monsoon,2258.0,2500.0,2439.5,2300.0,2300.0,-0.18069087688219665,-0.24164787866366055,-0.19565217391304346,-408.0,2399.1666666666665,2426.6666666666665,2376.875,2439.5,2469.75,2401.0,125.94079296770124,120.51044214783353,167.36787529815194,2258.0,2550.0,-181.5,-42.0,-42.0,2300.0,-0.19565217391304346,1991.0073529411766,1900.5,328.8145202862815,1853.3,1750.0,-168.66666666666652,-211.75,0.04966089648949184,4.624972813284271,4.382026634673881,1.9459101490553132,2.0794415416798357,0.0,0.0,69,4761,-1.0,-1.8369701987210297e-16,-1.0,-1.8369701987210297e-16,1741.0,7.462789157412448,-0.05891891891891887,2020-10-01
Jowar/Sorghum,2020-10-01,1741.0,1915.407643312102,800.0,4750.0,157,98,7,8,0,0,0,2020,10,4,Autumn,1850.0,2258.0,2500.0,2550.0,2590.0,-0.05891891891891887,-0.3036,-0.32779922779922777,-109.0,2202.6666666666665,2351.6666666666665,2339.375,2258.0,2469.75,2401.0,328.51382517838323,266.5947611388237,226.22285120891414,1850.0,2550.0,-650.0,-700.0,-740.0,2590.0,-0.32779922779922777,1988.963768115942,1900.0,326.8289523728305,1890.3,1800.0,-501.6666666666665,-619.75,0.11336417908100228,5.062595033026967,4.59511985013459,2.0794415416798357,2.1972245773362196,0.0,0.0,70,4900,-0.8660254037844386,0.5000000000000001,-2.4492935982947064e-16,1.0,1900.0,7.550135342488429,0.09132682366456057,2020-11-01
Jowar/Sorghum,2020-11-01,1900.0,1994.7619047619048,1050.0,3000.0,21,16,7,5,0,0,0,2020,11,4,Autumn,1741.0,1850.0,2258.0,2512.5,2022.5,0.09132682366456057,-0.15854738706820193,-0.060568603213844274,159.0,1949.6666666666667,2216.8333333333335,2268.625,1850.0,2348.75,2331.25,272.529509105589,340.54701094954083,269.36247334299225,1741.0,2512.5,-517.0,-771.5,-281.5,2022.5,-0.060568603213844274,1985.4214285714286,1900.0,325.8027948443113,1792.6,1650.5,-475.8333333333335,-607.75,0.15361868022684347,3.091042453358316,2.833213344056216,2.0794415416798357,1.791759469228055,0.0,0.0,71,5041,-0.5000000000000004,0.8660254037844384,-2.4492935982947064e-16,1.0,1830.0,7.5126175446745105,-0.0368421052631579,2020-12-01
Jowar/Sorghum,2020-12-01,1830.0,1972.4,1000.0,4850.0,115,101,8,8,0,0,0,2020,12,4,Winter,1900.0,1741.0,1850.0,2439.5,2200.0,-0.0368421052631579,-0.010810810810810811,-0.1681818181818182,-70.0,1830.3333333333333,2114.75,2258.4166666666665,1850.0,2079.0,2331.25,81.30395644329577,325.66850477133977,281.58220447817286,1741.0,2500.0,50.0,-539.5,-300.0,2200.0,-0.1681818181818182,1984.218309859155,1900.0,323.62608199228015,1965.1,1875.0,-214.75,-179.0,0.1539985836488189,4.7535901911063645,4.624972813284271,2.1972245773362196,2.1972245773362196,0.0,0.0,72,5184,-2.4492935982947064e-16,1.0,-2.4492935982947064e-16,1.0,1969.5,7.586042596635059,0.07622950819672125,2021-01-01
Jowar/Sorghum,2021-01-01,1969.5,2088.945205479452,751.0,5000.0,146,108,8,7,0,0,0,2021,1,1,Winter,1830.0,1900.0,1741.0,2500.0,2362.5,0.07622950819672125,0.13124641010913263,-0.16634920634920636,139.5,1823.6666666666667,2013.1666666666667,2227.5833333333335,1830.0,1875.0,2331.25,79.68897874444957,297.99491047107995,307.6145635319781,1741.0,2500.0,89.0,-670.0,-532.5,2362.5,-0.16634920634920636,1982.076388888889,1900.0,321.8525125848775,1953.0833333333333,1975.5,-183.16666666666674,-45.0,0.1480229706785727,4.990432586778736,4.6913478822291435,2.1972245773362196,2.0794415416798357,0.0,0.0,73,5329,0.49999999999999994,0.8660254037844387,1.0,6.123233995736766e-17,1750.0,7.467942332285852,-0.1114496064991114,2021-02-01
Jowar/Sorghum,2021-02-01,1750.0,1999.3522727272727,800.0,4975.0,176,118,7,7,0,0,0,2021,2,1,Winter,1969.5,1830.0,1900.0,2258.0,2487.5,-0.1114496064991114,-0.07894736842105265,-0.29648241206030146,-219.5,1899.8333333333333,1924.75,2194.8333333333335,1900.0,1875.0,2279.0,69.75014934273142,179.9999305555433,312.82113196851054,1741.0,2258.0,69.5,-288.5,-518.0,2487.5,-0.29648241206030146,1981.9041095890411,1900.0,319.6130001173103,1997.9166666666667,1950.0,44.75,94.5,0.09351860270452958,5.176149732573829,4.77912349311153,2.0794415416798357,2.0794415416798357,0.0,0.0,74,5476,0.8660254037844386,0.5000000000000001,1.0,6.123233995736766e-17,2000.0,7.601402334583733,0.1428571428571428,2021-03-01
Jowar/Sorghum,2021-03-01,2000.0,2118.185792349727,850.0,4900.0,183,124,8,9,0,0,0,2021,3,1,Spring,1750.0,1969.5,1830.0,1850.0,2300.0,0.1428571428571428,0.09289617486338808,-0.13043478260869568,250.0,1849.8333333333333,1840.0833333333333,2133.375,1830.0,1840.0,2113.75,111.08592770163703,87.7168265879881,322.3951644262895,1741.0,1969.5,-80.0,-100.0,-550.0,2300.0,-0.13043478260869568,1978.7702702702702,1900.0,318.55905442920636,1978.0833333333333,1934.25,-90.08333333333326,-90.0,0.047670029394314445,5.214935757608986,4.8283137373023015,2.1972245773362196,2.302585092994046,0.0,0.0,75,5625,1.0,6.123233995736766e-17,1.0,6.123233995736766e-17,2114.0,7.656810091480378,0.05699999999999994,2021-04-01
Jowar/Sorghum,2021-04-01,2114.0,2297.126050420168,900.0,5001.0,119,82,8,7,0,0,0,2021,4,2,Spring,2000.0,1750.0,1969.5,1741.0,2550.0,0.05699999999999994,0.07336887534907333,-0.17098039215686278,114.0,1906.5,1865.0833333333333,2108.375,1969.5,1865.0,1984.75,136.3882326302383,109.72347819253243,319.92187434093637,1741.0,2000.0,30.5,259.0,-550.0,2550.0,-0.17098039215686278,1979.0533333333333,1900.0,316.40880345037954,2104.9166666666665,1958.75,134.91666666666674,135.0,0.058830335476984456,4.787491742782046,4.418840607796598,2.1972245773362196,2.0794415416798357,0.0,0.0,76,5776,0.8660254037844387,-0.4999999999999998,1.2246467991473532e-16,-1.0,1750.0,7.467942332285852,-0.17218543046357615,2021-05-01
Jowar/Sorghum,2021-05-01,1750.0,1795.1315789473683,1000.0,3600.0,38,33,5,3,0,0,0,2021,5,2,Summer,2114.0,2000.0,1750.0,1900.0,2512.5,-0.17218543046357615,0.0,-0.30348258706467657,-364.0,1954.6666666666667,1927.25,2072.0416666666665,2000.0,1934.75,1984.75,186.18628664145308,129.283312921662,288.4138013919116,1750.0,2114.0,364.0,214.0,-398.5,2512.5,-0.30348258706467657,1980.828947368421,1900.0,314.6732967447516,2060.5833333333335,1963.0,186.75,179.25,0.06708175531024102,3.6635616461296463,3.5263605246161616,1.791759469228055,1.3862943611198906,0.0,0.0,77,5929,0.49999999999999994,-0.8660254037844387,1.2246467991473532e-16,-1.0,1818.0,7.506042178518122,0.03885714285714292,2021-06-01
Jowar/Sorghum,2021-06-01,1818.0,2010.8689024390244,900.0,4800.0,164,113,7,7,0,0,0,2021,6,2,Summer,1750.0,2114.0,2000.0,1830.0,2439.5,0.03885714285714292,-0.09099999999999997,-0.2547653207624513,68.0,1954.6666666666667,1902.25,2008.5,2000.0,1899.75,1934.75,186.18628664145308,148.65791267201493,265.64920477953564,1750.0,2114.0,-250.0,-80.0,-689.5,2439.5,-0.2547653207624513,1977.8311688311687,1900.0,313.7010877200998,2067.1666666666665,2012.75,-152.25,-149.75,0.07814846243764749,5.10594547390058,4.736198448394496,2.0794415416798357,2.0794415416798357,0.0,0.0,78,6084,1.2246467991473532e-16,-1.0,1.2246467991473532e-16,-1.0,1800.0,7.496097345175956,-0.00990099009900991,2021-07-01
Jowar/Sorghum,2021-07-01,1800.0,2043.6013986013986,1075.0,4650.0,143,103,7,8,0,0,0,2021,7,3,Monsoon,1818.0,1750.0,2114.0,1969.5,2500.0,-0.00990099009900991,-0.14853358561967833,-0.28,-18.0,1894.0,1900.25,1956.7083333333333,1818.0,1893.75,1875.0,193.5355264544471,149.8998832554596,232.49735661579678,1750.0,2114.0,-296.0,-151.5,-682.0,2500.0,-0.28,1975.7820512820513,1900.0,312.1824057804259,2071.25,1925.0,-82.25,-75.75,0.07888429588499386,4.969813299576001,4.6443908991413725,2.0794415416798357,2.1972245773362196,0.0,0.0,79,6241,-0.4999999999999997,-0.8660254037844388,-1.0,-1.8369701987210297e-16,1530.0,7.333676395657684,-0.15000000000000002,2021-08-01
Jowar/Sorghum,2021-08-01,1530.0,1690.3333333333333,1200.0,2450.0,15,12,5,4,0,0,0,2021,8,3,Monsoon,1800.0,1818.0,1750.0,1750.0,2258.0,-0.15000000000000002,-0.12571428571428567,-0.3224092116917626,-270.0,1789.3333333333333,1872.0,1898.375,1800.0,1809.0,1840.0,35.232560697930175,150.2105189392556,160.44357900973836,1750.0,2114.0,50.0,50.0,-458.0,2258.0,-0.3224092116917626,1973.5569620253164,1900.0,310.8046421144368,2080.6666666666665,1937.5,-72.0,-9.0,0.08024066182652542,2.772588722239781,2.5649493574615367,1.791759469228055,1.6094379124341003,0.0,0.0,80,6400,-0.8660254037844385,-0.5000000000000004,-1.0,-1.8369701987210297e-16,1520.0,7.327123292259293,-0.006535947712418277,2021-09-01
Jowar/Sorghum,2021-09-01,1520.0,1755.3652694610778,550.0,4200.0,167,114,8,7,0,0,0,2021,9,3,Monsoon,1530.0,1800.0,1818.0,2000.0,1850.0,-0.006535947712418277,-0.16391639163916394,-0.17837837837837833,-10.0,1716.0,1835.3333333333333,1837.7083333333333,1800.0,1809.0,1824.0,161.33195591698504,203.38600410713414,149.3526118001113,1530.0,2114.0,-288.0,-470.0,-320.0,1850.0,-0.17837837837837833,1968.0125,1890.5,312.7875181130823,1852.75,1775.0,-305.33333333333326,-279.0,0.1108169292265533,5.123963979403259,4.74493212836325,2.1972245773362196,2.0794415416798357,0.0,0.0,81,6561,-1.0,-1.8369701987210297e-16,-1.0,-1.8369701987210297e-16,1475.0,7.297091005160418,-0.02960526315789469,2021-10-01
Jowar/Sorghum,2021-10-01,1475.0,1667.6521739130435,1000.0,4050.0,161,104,7,7,0,0,0,2021,10,4,Autumn,1520.0,1530.0,1800.0,2114.0,1741.0,-0.02960526315789469,-0.18055555555555558,-0.1527857553130385,-45.0,1616.6666666666667,1755.3333333333333,1810.2083333333333,1530.0,1775.0,1809.0,158.85003409925145,219.43077875874044,175.05342799132708,1520.0,2114.0,-280.0,-594.0,-221.0,1741.0,-0.1527857553130385,1962.4814814814815,1881.0,314.78730363179795,1865.4166666666667,1775.0,-235.33333333333326,-255.0,0.12500803955112444,5.087596335232384,4.653960350157523,2.0794415416798357,2.0794415416798357,0.0,0.0,82,6724,-0.8660254037844386,0.5000000000000001,-2.4492935982947064e-16,1.0,1425.0,7.262628600974241,-0.03389830508474578,2021-11-01
Jowar/Sorghum,2021-11-01,1425.0,1601.7310344827586,900.0,4300.0,145,100,7,8,0,0,0,2021,11,4,Autumn,1475.0,1520.0,1530.0,1750.0,1900.0,-0.03389830508474578,-0.06862745098039214,-0.25,-50.0,1508.3333333333333,1648.8333333333333,1788.0416666666667,1520.0,1640.0,1809.0,29.297326385411917,156.61470769588487,199.71780754733598,1475.0,1818.0,-55.0,-275.0,-425.0,1900.0,-0.25,1956.5365853658536,1878.0,317.43617790045323,1810.5,1775.25,-173.83333333333326,-165.0,0.09498516589258155,4.983606621708336,4.61512051684126,2.0794415416798357,2.1972245773362196,0.0,0.0,83,6889,-0.5000000000000004,0.8660254037844384,-2.4492935982947064e-16,1.0,1620.0,7.390798521735676,0.13684210526315788,2021-12-01
Jowar/Sorghum,2021-12-01,1620.0,1795.7354497354497,160.5,4500.0,189,131,8,8,0,0,0,2021,12,4,Winter,1425.0,1475.0,1520.0,1818.0,1830.0,0.13684210526315788,0.06578947368421062,-0.11475409836065575,195.0,1473.3333333333333,1594.6666666666667,1748.4583333333333,1475.0,1525.0,1775.0,47.521924764611015,170.23708957412177,221.40496199717225,1425.0,1818.0,-95.0,-393.0,-405.0,1830.0,-0.11475409836065575,1950.132530120482,1875.0,320.84399069939064,1942.5833333333333,1852.5,-169.66666666666674,-100.0,0.10675402774296933,5.247024072160486,4.882801922586371,2.1972245773362196,2.1972245773362196,0.0,0.0,84,7056,-2.4492935982947064e-16,1.0,-2.4492935982947064e-16,1.0,1725.0,7.453561871643373,0.06481481481481488,2022-01-01
Jowar/Sorghum,2022-01-01,1725.0,1928.6540880503144,1075.0,6905.0,159,111,7,7,0,0,0,2022,1,1,Winter,1620.0,1425.0,1475.0,1800.0,1969.5,0.06481481481481488,0.1694915254237288,-0.12414318354912413,105.0,1506.6666666666667,1561.6666666666667,1730.9583333333333,1475.0,1525.0,1750.0,101.28343069492334,133.51654079801355,222.66959403129158,1425.0,1800.0,145.0,-180.0,-349.5,1969.5,-0.12414318354912413,1946.202380952381,1875.0,320.9331473290095,1955.4285714285713,1969.5,58.33333333333326,95.0,0.08549618407556897,5.075173815233827,4.718498871295094,2.0794415416798357,2.0794415416798357,0.0,0.0,85,7225,0.49999999999999994,0.8660254037844387,1.0,6.123233995736766e-17,1872.5,7.535563618233742,0.08550724637681162,2022-02-01
Jowar/Sorghum,2022-02-01,1872.5,2050.411931818182,785.0,4250.0,176,126,9,9,0,0,0,2022,2,1,Winter,1725.0,1620.0,1425.0,1530.0,1750.0,0.08550724637681162,0.31403508771929833,0.07000000000000006,147.5,1590.0,1549.1666666666667,1710.5833333333333,1620.0,1525.0,1737.5,152.2333734763833,107.76904317413066,209.66443246870426,1425.0,1725.0,300.0,195.0,-25.0,1750.0,0.07000000000000006,1943.6,1875.0,319.9180680081937,1962.5,1900.0,175.83333333333326,200.0,0.06956581592735707,5.176149732573829,4.844187086458591,2.302585092994046,2.302585092994046,0.0,0.0,86,7396,0.8660254037844386,0.5000000000000001,1.0,6.123233995736766e-17,2065.0,7.633369649679584,0.10280373831775691,2022-03-01
Jowar/Sorghum,2022-03-01,2065.0,2196.6296296296296,1200.0,4400.0,108,93,9,9,0,0,0,2022,3,1,Spring,1872.5,1725.0,1620.0,1520.0,2000.0,0.10280373831775691,0.27469135802469147,0.03249999999999997,192.5,1739.1666666666667,1606.25,1720.7916666666667,1725.0,1570.0,1737.5,126.8447213459564,168.93600859497323,214.68025466359,1425.0,1872.5,252.5,352.5,-127.5,2000.0,0.03249999999999997,1942.7732558139535,1875.0,318.1230307414075,1981.2142857142858,1967.5,266.25,302.5,0.10517416877508061,4.6913478822291435,4.543294782270004,2.302585092994046,2.302585092994046,0.0,0.0,87,7569,1.0,6.123233995736766e-17,1.0,6.123233995736766e-17,2200.0,7.696667081526462,0.06537530266343827,2022-04-01
Jowar/Sorghum,2022-04-01,2200.0,2300.2763157894738,1400.0,4900.0,114,91,10,7,0,0,0,2022,4,2,Spring,2065.0,1872.5,1725.0,1475.0,2114.0,0.06537530266343827,0.2753623188405796,0.04068117313150421,135.0,1887.5,1697.0833333333333,1726.2083333333333,1872.5,1672.5,1737.5,170.4956011162751,243.39482670481593,223.023384254302,1425.0,2065.0,340.0,590.0,-49.0,2114.0,0.04068117313150421,1944.1781609195402,1875.0,316.5394275104943,2106.214285714286,1990.0,367.91666666666674,392.5,0.14341949032446802,4.74493212836325,4.5217885770490405,2.3978952727983707,2.0794415416798357,0.0,0.0,88,7744,0.8660254037844387,-0.4999999999999998,1.2246467991473532e-16,-1.0,1800.0,7.496097345175956,-0.18181818181818177,2022-05-01
Jowar/Sorghum,2022-05-01,1800.0,1829.2105263157894,834.0,2470.0,19,15,5,5,0,0,0,2022,5,2,Summer,2200.0,2065.0,1872.5,1425.0,1750.0,-0.18181818181818177,-0.03871829105473967,0.02857142857142847,-400.0,2045.8333333333333,1817.9166666666667,1733.375,2065.0,1798.75,1737.5,164.58913491884368,287.12548069906154,237.52771369405903,1425.0,2200.0,327.5,775.0,450.0,1750.0,0.02857142857142847,1947.0852272727273,1875.0,315.8942990464733,2016.2142857142858,1875.0,382.08333333333326,401.25,0.1579420475997588,2.995732273553991,2.772588722239781,1.791759469228055,1.791759469228055,0.0,0.0,89,7921,0.49999999999999994,-0.8660254037844387,1.2246467991473532e-16,-1.0,2089.0,7.644919344958857,0.16055555555555556,2022-06-01
Jowar/Sorghum,2022-06-01,2089.0,2312.675287356322,1200.0,6001.0,174,116,9,9,0,0,0,2022,6,2,Summer,1800.0,2200.0,2065.0,1620.0,1818.0,0.16055555555555556,0.011622276029055634,0.14906490649064907,289.0,2021.6666666666667,1880.4166666666667,1737.5416666666667,2065.0,1836.25,1762.5,203.4903765128301,216.65881396026114,238.2832022398905,1620.0,2200.0,-265.0,180.0,-18.0,1818.0,0.14906490649064907,1945.4325842696628,1875.0,314.48103164914306,2031.5714285714287,1955.5,-80.41666666666674,-36.25,0.11521851396069725,5.1647859739235145,4.762173934797756,2.302585092994046,2.302585092994046,0.0,0.0,90,8100,1.2246467991473532e-16,-1.0,1.2246467991473532e-16,-1.0,2261.0,7.724004656676065,0.08233604595500243,2022-07-01
Jowar/Sorghum,2022-07-01,2261.0,2500.093984962406,1451.0,4630.0,133,100,9,7,0,0,0,2022,7,3,Monsoon,2089.0,1800.0,2200.0,1725.0,1800.0,0.08233604595500243,0.027727272727272823,0.2561111111111112,172.0,2029.6666666666667,1958.5833333333333,1760.125,2089.0,1968.75,1762.5,206.49535910846362,186.40558378618087,258.57952223287407,1725.0,2200.0,-111.0,364.0,289.0,1800.0,0.2561111111111112,1947.0277777777778,1875.0,313.07526252682794,2032.5,1900.0,130.41666666666674,120.25,0.09517368018696211,4.897839799950911,4.61512051684126,2.302585092994046,2.0794415416798357,0.0,0.0,91,8281,-0.4999999999999997,-0.8660254037844388,-1.0,-1.8369701987210297e-16,2412.5,7.788833255100547,0.06700574966828832,2022-08-01
Jowar/Sorghum,2022-08-01,2412.5,2496.4276315789475,1220.0,4300.0,152,107,9,9,0,0,0,2022,8,3,Monsoon,2261.0,2089.0,1800.0,1872.5,1530.0,0.06700574966828832,0.3402777777777777,0.576797385620915,151.5,2050.0,2047.9166666666667,1798.5416666666667,2089.0,2077.0,1762.5,232.96137018827827,180.41463817181437,296.50582228940243,1800.0,2261.0,461.0,388.5,731.0,1530.0,0.576797385620915,1950.478021978022,1875.0,313.06601994616545,2002.0,1875.0,213.08333333333326,184.0,0.08809666970749837,5.030437921392435,4.68213122712422,2.302585092994046,2.302585092994046,0.0,0.0,92,8464,-0.8660254037844385,-0.5000000000000004,-1.0,-1.8369701987210297e-16,2400.0,7.783640596221253,-0.005181347150259086,2022-09-01
Jowar/Sorghum,2022-09-01,2400.0,2533.9074074074074,1411.0,4450.0,108,77,10,7,0,0,0,2022,9,3,Monsoon,2412.5,2261.0,2089.0,2065.0,1520.0,-0.005181347150259086,0.1488750598372428,0.5789473684210527,-12.5,2254.1666666666665,2137.9166666666665,1872.0833333333333,2261.0,2144.5,1836.25,161.85821985099608,207.9890421793092,331.25140365625913,1800.0,2412.5,323.5,347.5,892.5,1520.0,0.5789473684210527,1955.5,1878.0,315.0453307693362,1805.2142857142858,1750.0,274.5833333333335,268.0,0.09728585095114833,4.6913478822291435,4.356708826689592,2.3978952727983707,2.0794415416798357,0.0,0.0,93,8649,-1.0,-1.8369701987210297e-16,-1.0,-1.8369701987210297e-16,2447.0,7.803026643632217,0.019583333333333286,2022-10-01
Jowar/Sorghum,2022-10-01,2447.0,2507.578431372549,1450.0,4500.0,102,74,8,8,0,0,0,2022,10,4,Autumn,2400.0,2412.5,2261.0,2200.0,1475.0,0.019583333333333286,0.08226448474126502,0.6589830508474577,47.0,2357.8333333333335,2193.75,1945.4166666666667,2400.0,2230.5,1968.75,84.09270677849176,228.45738114580504,343.4057256718966,1800.0,2412.5,139.0,200.0,925.0,1475.0,0.6589830508474577,1960.279569892473,1881.0,316.7005465870065,1809.642857142857,1750.0,206.25,169.5,0.10414011676162054,4.634728988229636,4.31748811353631,2.1972245773362196,2.1972245773362196,0.0,0.0,94,8836,-0.8660254037844386,0.5000000000000001,-2.4492935982947064e-16,1.0,2800.0,7.937731775260109,0.14425827543931335,2022-11-01
Jowar/Sorghum,2022-11-01,2800.0,2766.391666666667,1410.0,6025.0,120,90,8,7,0,0,0,2022,11,4,Autumn,2447.0,2400.0,2412.5,1800.0,1425.0,0.14425827543931335,0.160621761658031,0.9649122807017543,353.0,2419.8333333333335,2234.9166666666665,2026.4166666666667,2412.5,2330.5,2077.0,24.34303459582187,250.95505905772498,336.93328401745555,1800.0,2447.0,34.5,647.0,1022.0,1425.0,0.9649122807017543,1965.4574468085107,1890.5,318.9685380680704,1755.4285714285713,1650.5,212.08333333333348,116.5,0.11228832949374325,4.795790545596741,4.51085950651685,2.1972245773362196,2.0794415416798357,0.0,0.0,95,9025,-0.5000000000000004,0.8660254037844384,-2.4492935982947064e-16,1.0,3000.0,8.006700845440367,0.0714285714285714,2022-12-01
Jowar/Sorghum,2022-12-01,3000.0,3113.317073170732,1739.0,6041.0,123,86,7,7,0,0,0,2022,12,4,Winter,2800.0,2447.0,2400.0,2089.0,1620.0,0.0714285714285714,0.25,0.8518518518518519,200.0,2549.0,2401.5833333333335,2141.0,2447.0,2406.25,2144.5,218.63897182341498,235.96279720893702,347.45065051810457,2089.0,2800.0,400.0,711.0,1180.0,1620.0,0.8518518518518519,1974.2421052631578,1900.0,328.61793814719925,1896.5,1830.0,398.4166666666665,393.75,0.0982530124746606,4.820281565605037,4.465908118654584,2.0794415416798357,2.0794415416798357,0.0,0.0,96,9216,-2.4492935982947064e-16,1.0,-2.4492935982947064e-16,1.0,2860.0,7.95892649305011,-0.046666666666666634,2023-01-01
Jowar/Sorghum,2023-01-01,2860.0,3042.9545454545455,1500.0,5500.0,22,14,7,5,0,0,0,2023,1,1,Winter,3000.0,2800.0,2447.0,2261.0,1725.0,-0.046666666666666634,0.16877809562729884,0.6579710144927535,-140.0,2749.0,2553.4166666666665,2256.0,2800.0,2429.75,2230.5,280.00535709161005,283.00749401149375,385.61420899886156,2261.0,3000.0,553.0,739.0,1275.0,1725.0,0.6579710144927535,1984.9270833333333,1900.0,343.2392979829445,1926.625,1960.25,446.5833333333335,570.25,0.11083482680519322,3.1354942159291497,2.70805020110221,2.0794415416798357,1.791759469228055,0.0,0.0,97,9409,0.49999999999999994,0.8660254037844387,1.0,6.123233995736766e-17,3246.5,8.085640748544755,0.13513986013986012,2023-02-01
Jowar/Sorghum,2023-02-01,3246.5,3446.907894736842,1250.0,6891.0,152,98,9,8,0,0,0,2023,2,1,Winter,2860.0,3000.0,2800.0,2412.5,1872.5,0.13513986013986012,0.15946428571428561,0.7337783711615486,386.5,2886.6666666666665,2653.25,2350.5833333333335,2860.0,2623.5,2330.5,102.63202878893789,264.2543755550678,382.7157046765393,2400.0,3000.0,60.0,447.5,987.5,1872.5,0.7337783711615486,1993.9484536082475,1900.0,352.81773124654427,1951.25,1886.25,206.75,236.5,0.09959648565158495,5.030437921392435,4.59511985013459,2.302585092994046,2.1972245773362196,0.0,0.0,98,9604,0.8660254037844386,0.5000000000000001,1.0,6.123233995736766e-17,3488.5,8.157513738457206,0.0745418142615124,2023-03-01
Jowar/Sorghum,2023-03-01,3488.5,3648.235294117647,1600.0,9000.0,136,95,8,7,0,0,0,2023,3,1,Spring,3246.5,2860.0,3000.0,2400.0,2065.0,0.0745418142615124,0.16283333333333339,0.6893462469733656,242.0,3035.5,2792.25,2465.0833333333335,3000.0,2830.0,2406.25,195.6802238347045,324.71860895242594,429.37210146346365,2400.0,3246.5,246.5,846.5,1181.5,2065.0,0.6893462469733656,2006.7295918367347,1900.0,373.1033145686322,1991.6875,1983.75,454.25,416.5,0.11629281366368553,4.919980925828125,4.564348191467836,2.1972245773362196,2.0794415416798357,0.0,0.0,99,9801,1.0,6.123233995736766e-17,1.0,6.123233995736766e-17,3300.0,8.101980731853192,-0.05403468539486889,2023-04-01
Jowar/Sorghum,2023-04-01,3300.0,3445.1565217391303,1300.0,8000.0,115,77,8,6,0,0,0,2023,4,2,Spring,3488.5,3246.5,2860.0,2447.0,2200.0,-0.05403468539486889,0.15384615384615374,0.5,-188.5,3198.3333333333335,2973.6666666666665,2583.7083333333335,3246.5,2930.0,2429.75,317.00644052342744,363.4949334814238,499.6741419225734,2447.0,3488.5,628.5,1041.5,1288.5,2200.0,0.5,2021.6969696969697,1900.0,399.95478582585963,2117.9375,2052.0,514.8333333333335,558.5,0.1222379554359681,4.7535901911063645,4.356708826689592,2.1972245773362196,1.9459101490553132,0.0,0.0,100,10000,0.8660254037844387,-0.4999999999999998,1.2246467991473532e-16,-1.0,3200.0,8.071218539969863,-0.030303030303030276,2023-05-01
Jowar/Sorghum,2023-05-01,3200.0,3264.9736842105262,1665.0,5250.0,114,91,8,7,0,0,0,2023,5,2,Summer,3300.0,3488.5,3246.5,2800.0,1800.0,-0.030303030303030276,-0.014323117203141833,0.7777777777777777,-100.0,3345.0,3115.8333333333335,2675.375,3300.0,3123.25,2623.5,127.1210053453007,271.4738784241761,523.22644693548,2800.0,3488.5,53.5,500.0,1500.0,1800.0,0.7777777777777777,2034.48,1900.5,417.95767824994056,1989.1875,1837.5,184.16666666666652,176.75,0.08712721425755852,4.74493212836325,4.5217885770490405,2.1972245773362196,2.0794415416798357,0.0,0.0,101,10201,0.49999999999999994,-0.8660254037844387,1.2246467991473532e-16,-1.0,3251.0,8.087025470667701,0.015937499999999938,2023-06-01
Jowar/Sorghum,2023-06-01,3251.0,3247.672093023256,1375.0,6000.0,215,134,9,9,0,0,0,2023,6,2,Summer,3200.0,3300.0,3488.5,3000.0,2089.0,0.015937499999999938,-0.06808083703597534,0.556247008137865,51.0,3329.5,3182.5,2792.0416666666665,3300.0,3223.25,2830.0,146.494880456622,223.2294783401097,462.90011971626507,2860.0,3488.5,-288.5,200.0,1111.0,2089.0,0.556247008137865,2046.019801980198,1901.0,431.7309400586903,2038.75,2012.75,17.5,-23.25,0.0701428054485812,5.375278407684165,4.90527477843843,2.302585092994046,2.302585092994046,0.0,0.0,102,10404,1.2246467991473532e-16,-1.0,1.2246467991473532e-16,-1.0,3600.0,8.188966863648876,0.10735158412796064,2023-07-01
Jowar/Sorghum,2023-07-01,3600.0,3653.367469879518,1500.0,5611.0,166,103,9,8,0,0,0,2023,7,3,Monsoon,3251.0,3200.0,3300.0,2860.0,2261.0,0.10735158412796064,0.09090909090909083,0.5922158337019019,349.0,3250.3333333333335,3224.3333333333335,2888.875,3251.0,3248.75,2930.0,50.00333322222934,204.9599147800957,422.212415572583,2860.0,3488.5,-49.0,391.0,990.0,2261.0,0.5922158337019019,2057.8333333333335,1914.25,445.84886959759376,2061.0625,1925.0,26.666666666666515,2.25,0.06356660233022714,5.117993812416755,4.6443908991413725,2.302585092994046,2.1972245773362196,0.0,0.0,103,10609,-0.4999999999999997,-0.8660254037844388,-1.0,-1.8369701987210297e-16,3600.0,8.188966863648876,0.0,2023-08-01
Jowar/Sorghum,2023-08-01,3600.0,3630.1895424836603,1681.0,6062.0,153,94,9,8,0,0,0,2023,8,3,Monsoon,3600.0,3251.0,3200.0,3246.5,2412.5,0.0,0.125,0.49222797927461137,0.0,3350.3333333333335,3347.6666666666665,3000.4583333333335,3251.0,3275.5,3100.0,217.71617609478008,159.47591249672755,418.1081014160046,3200.0,3600.0,400.0,353.5,1187.5,2412.5,0.49222797927461137,2072.8058252427186,1927.5,468.9589076076468,2053.3125,1937.5,252.33333333333348,324.5,0.047637930647235156,5.0369526024136295,4.553876891600541,2.302585092994046,2.1972245773362196,0.0,0.0,104,10816,-0.8660254037844385,-0.5000000000000004,-1.0,-1.8369701987210297e-16,3669.5,8.208083171550836,0.019305555555555465,2023-09-01
Jowar/Sorghum,2023-09-01,3669.5,3680.364406779661,2112.0,5900.0,118,82,7,8,0,0,0,2023,9,3,Monsoon,3600.0,3600.0,3251.0,3488.5,2400.0,0.019305555555555465,0.12872962165487545,0.5289583333333334,69.5,3483.6666666666665,3406.5833333333335,3099.4166666666665,3600.0,3394.25,3223.25,201.49524394717926,178.7586128461054,406.67168091791814,3200.0,3600.0,349.0,111.5,1200.0,2400.0,0.5289583333333334,2087.4903846153848,1938.75,490.115762929224,1879.5625,1775.0,193.41666666666652,205.75,0.05247445764703795,4.77912349311153,4.418840607796598,2.0794415416798357,2.1972245773362196,0.0,0.0,105,11025,-1.0,-1.8369701987210297e-16,-1.0,-1.8369701987210297e-16,3950.0,8.281723990411392,0.07644093200708535,2023-10-01
Jowar/Sorghum,2023-10-01,3950.0,3593.0714285714284,2400.0,4500.0,14,9,4,5,0,0,0,2023,10,4,Autumn,3669.5,3600.0,3600.0,3300.0,2447.0,0.07644093200708535,0.09722222222222232,0.6142214957090315,280.5,3623.1666666666665,3436.75,3205.2083333333335,3600.0,3450.0,3248.75,40.12584370867906,208.19600140251754,371.81486463104847,3200.0,3669.5,69.5,369.5,1222.5,2447.0,0.6142214957090315,2102.557142857143,1950.0,511.60480125272005,1889.3125,1775.0,232.75,219.5,0.06057932680658108,2.70805020110221,2.302585092994046,1.6094379124341003,1.791759469228055,0.0,0.0,106,11236,-0.8660254037844386,0.5000000000000001,-2.4492935982947064e-16,1.0,3350.0,8.11701408773731,-0.15189873417721522,2023-11-01
Jowar/Sorghum,2023-11-01,3350.0,3629.054054054054,1500.0,6390.0,148,100,9,8,0,0,0,2023,11,4,Autumn,3950.0,3669.5,3600.0,3200.0,2800.0,-0.15189873417721522,-0.06944444444444442,0.1964285714285714,-600.0,3739.8333333333335,3545.0833333333335,3330.4583333333335,3669.5,3600.0,3275.5,185.29728366420625,279.65557685600277,345.39742973811434,3200.0,3950.0,350.0,750.0,1150.0,2800.0,0.1964285714285714,2119.985849056604,1950.5,539.8566981706798,1886.0,1775.25,404.9166666666665,350.0,0.07888547336151085,5.003946305945459,4.61512051684126,2.302585092994046,2.1972245773362196,0.0,0.0,107,11449,-0.5000000000000004,0.8660254037844384,-2.4492935982947064e-16,1.0,4200.0,8.343077871169383,0.25373134328358216,2023-12-01
Jowar/Sorghum,2023-12-01,4200.0,4089.4313725490197,1700.0,7000.0,153,104,8,8,0,0,0,2023,12,4,Winter,3350.0,3950.0,3669.5,3251.0,3000.0,0.25373134328358216,0.1445701049189263,0.3999999999999999,850.0,3656.5,3570.0833333333335,3376.2916666666665,3669.5,3600.0,3325.0,300.21117567472396,247.49190222442363,302.4266596543625,3251.0,3950.0,-319.5,99.0,350.0,3000.0,0.3999999999999999,2131.4813084112147,1951.0,550.3047780129956,2034.4375,1852.5,-220.08333333333348,-250.0,0.06932384460430624,5.0369526024136295,4.653960350157523,2.1972245773362196,2.1972245773362196,0.0,0.0,108,11664,-2.4492935982947064e-16,1.0,-2.4492935982947064e-16,1.0,3566.5,8.17962034935099,-0.15083333333333337,2024-01-01
Jowar/Sorghum,2024-01-01,3566.5,3629.5072463768115,1995.0,6150.0,138,81,7,8,0,0,0,2024,1,1,Winter,4200.0,3350.0,3950.0,3600.0,2860.0,-0.15083333333333337,-0.09708860759493676,0.247027972027972,-633.5,3833.3333333333335,3728.25,3476.2916666666665,3950.0,3634.75,3419.25,436.84474740270514,300.38038384687667,359.6691319389189,3350.0,4200.0,250.0,600.0,1340.0,2860.0,0.247027972027972,2150.634259259259,1953.25,582.7721241003366,2030.3333333333333,1969.5,471.75,565.25,0.08056873435174054,4.9344739331306915,4.406719247264253,2.0794415416798357,2.1972245773362196,0.0,0.0,109,11881,0.49999999999999994,0.8660254037844387,1.0,6.123233995736766e-17,3300.0,8.101980731853192,-0.0747231179027057,2024-02-01
Jowar/Sorghum,2024-02-01,3300.0,3343.4,1800.0,5700.0,130,89,6,8,0,0,0,2024,2,1,Winter,3566.5,4200.0,3350.0,3600.0,3246.5,-0.0747231179027057,-0.014925373134328401,0.016479285384259912,-266.5,3705.5,3722.6666666666665,3535.1666666666665,3566.5,3634.75,3527.5,441.71908493973854,303.53577493709645,302.9712957700852,3350.0,4200.0,216.5,-33.5,320.0,3246.5,0.016479285384259912,2163.623853211009,1955.5,595.709836292289,2095.1666666666665,1900.0,-156.16666666666652,-68.25,0.08153718882622576,4.875197323201151,4.499809670330265,1.9459101490553132,2.1972245773362196,0.0,0.0,110,12100,0.8660254037844386,0.5000000000000001,1.0,6.123233995736766e-17,2875.0,7.964155718840937,-0.12878787878787878,2024-03-01
Jowar/Sorghum,2024-03-01,2875.0,3040.2155172413795,1600.0,5440.0,116,102,8,10,0,0,0,2024,3,1,Spring,3300.0,3566.5,4200.0,3669.5,3488.5,-0.12878787878787878,-0.31547619047619047,-0.17586355166977208,-425.0,3688.8333333333335,3672.6666666666665,3539.625,3566.5,3618.0,3527.5,462.30302111638133,349.07587522867243,298.7008327741963,3300.0,4200.0,-900.0,-369.5,-188.5,3488.5,-0.17586355166977208,2173.9545454545455,1961.5,602.7885792791901,2158.0,2000.0,-372.6666666666665,-318.0,0.09504698000417657,4.762173934797756,4.634728988229636,2.1972245773362196,2.3978952727983707,0.0,0.0,111,12321,1.0,6.123233995736766e-17,1.0,6.123233995736766e-17,2865.0,7.960672608388117,-0.003478260869565264,2024-04-01
Jowar/Sorghum,2024-04-01,2865.0,2964.377358490566,1810.0,4515.0,106,83,8,8,0,0,0,2024,4,2,Spring,2875.0,3300.0,3566.5,3950.0,3300.0,-0.003478260869565264,-0.19669143417916723,-0.13181818181818183,-10.0,3247.1666666666665,3540.25,3488.5,3300.0,3458.25,3458.25,348.76436649023265,477.5619069816991,355.37323529443637,2875.0,4200.0,-691.5,-1075.0,-425.0,3300.0,-0.13181818181818183,2180.2702702702704,1967.5,603.7205170056444,2249.277777777778,2114.0,-665.25,-583.25,0.13489496701693357,4.672828834461906,4.430816798843313,2.1972245773362196,2.1972245773362196,0.0,0.0,112,12544,0.8660254037844387,-0.4999999999999998,1.2246467991473532e-16,-1.0,2700.0,7.901377353792616,-0.05759162303664922,2024-05-01
Jowar/Sorghum,2024-05-01,2700.0,2738.939655172414,1744.0,5050.0,116,87,9,7,0,0,0,2024,5,2,Summer,2865.0,2875.0,3300.0,3350.0,3200.0,-0.05759162303664922,-0.18181818181818177,-0.15625,-165.0,3013.3333333333335,3359.4166666666665,3452.25,2875.0,3325.0,3458.25,248.31096096091548,496.42526292148324,396.1912703824647,2865.0,4200.0,-435.0,-485.0,-335.0,3200.0,-0.15625,2186.3839285714284,1968.5,604.4675975568409,2123.722222222222,1875.0,-494.4166666666665,-460.0,0.14777126869887627,4.762173934797756,4.477336814478207,2.302585092994046,2.0794415416798357,0.0,0.0,113,12769,0.49999999999999994,-0.8660254037844387,1.2246467991473532e-16,-1.0,2737.5,7.915165604223776,0.01388888888888884,2024-06-01
Jowar/Sorghum,2024-06-01,2737.5,2928.6930693069307,1750.0,5200.0,202,129,6,9,0,0,0,2024,6,2,Summer,2700.0,2865.0,2875.0,4200.0,3251.0,0.01388888888888884,-0.047826086956521685,-0.15795139956936333,37.5,2813.3333333333335,3251.0833333333335,3410.5833333333335,2865.0,3087.5,3458.25,98.27681991870382,565.0690592013191,448.03200135974987,2700.0,4200.0,-175.0,-1500.0,-551.0,3251.0,-0.15795139956936333,2190.929203539823,1969.5,603.6996535768628,2173.4444444444443,2070.0,-551.0833333333335,-387.5,0.1738094663423943,5.313205979041787,4.867534450455582,1.9459101490553132,2.302585092994046,0.0,0.0,114,12996,1.2246467991473532e-16,-1.0,1.2246467991473532e-16,-1.0,2540.0,7.840312983320164,-0.07214611872146115,2024-07-01
Jowar/Sorghum,2024-07-01,2540.0,2921.1428571428573,1600.0,5200.0,231,144,7,9,0,0,0,2024,7,3,Monsoon,2737.5,2700.0,2865.0,3566.5,3600.0,-0.07214611872146115,-0.11343804537521818,-0.2944444444444444,-197.5,2767.5,3007.3333333333335,3367.7916666666665,2737.5,2870.0,3458.25,86.49421946003105,347.3775563657847,487.447920683622,2700.0,3566.5,-127.5,-829.0,-862.5,3600.0,-0.2944444444444444,2195.7236842105262,1979.75,603.198594706033,2232.0555555555557,1950.0,-269.8333333333335,-132.5,0.11551016061819486,5.44673737166631,4.976733742420574,2.0794415416798357,2.302585092994046,0.0,0.0,115,13225,-0.4999999999999997,-0.8660254037844388,-1.0,-1.8369701987210297e-16,2425.0,7.793999089503996,-0.04527559055118113,2024-08-01
Jowar/Sorghum,2024-08-01,2425.0,2782.507281553398,1600.0,5300.0,206,129,7,9,0,0,0,2024,8,3,Monsoon,2540.0,2737.5,2700.0,3300.0,3600.0,-0.04527559055118113,-0.10185185185185186,-0.32638888888888884,-115.0,2659.1666666666665,2836.25,3279.4583333333335,2700.0,2801.25,3325.0,104.89081624877048,258.25254112979655,535.2438041904281,2540.0,3300.0,-160.0,-760.0,-1060.0,3600.0,-0.32638888888888884,2198.717391304348,1990.0,601.4046501347169,2225.1666666666665,2000.0,-296.25,-261.25,0.09105422340407106,5.332718793265369,4.867534450455582,2.0794415416798357,2.302585092994046,0.0,0.0,116,13456,-0.8660254037844385,-0.5000000000000004,-1.0,-1.8369701987210297e-16,2305.5,7.743486502997875,-0.04927835051546392,2024-09-01
Jowar/Sorghum,2024-09-01,2305.5,2548.285714285714,1950.0,3750.0,14,11,3,3,0,0,0,2024,9,3,Monsoon,2425.0,2540.0,2737.5,2875.0,3669.5,-0.04927835051546392,-0.1578082191780822,-0.37171276740700365,-119.5,2567.5,2690.4166666666665,3181.5416666666665,2540.0,2718.75,3087.5,158.05457918073742,178.84641921677914,577.112343653269,2425.0,2875.0,-312.5,-450.0,-1244.5,3669.5,-0.37171276740700365,2200.668103448276,1995.0,599.1526151808993,2078.4444444444443,1800.0,-265.4166666666665,-293.75,0.06647536102218832,2.70805020110221,2.4849066497880004,1.3862943611198906,1.3862943611198906,0.0,0.0,117,13689,-1.0,-1.8369701987210297e-16,-1.0,-1.8369701987210297e-16,2387.5,7.778420832830016,0.035567122099327664,2024-10-01
Jowar/Sorghum,2024-10-01,2387.5,2742.7042253521126,1762.0,5400.0,142,111,7,9,0,0,0,2024,10,4,Autumn,2305.5,2425.0,2540.0,2865.0,3950.0,0.035567122099327664,-0.06003937007874016,-0.39556962025316456,82.0,2423.5,2595.5,3067.875,2425.0,2620.0,2870.0,117.25719594122995,209.7450833750275,605.8764922520396,2305.5,2865.0,-234.5,-559.5,-1644.5,3950.0,-0.39556962025316456,2201.5641025641025,2000.0,596.6431908172094,2118.277777777778,1800.0,-290.0,-314.5,0.08081105119438547,4.962844630259907,4.718498871295094,2.0794415416798357,2.302585092994046,0.0,0.0,118,13924,-0.8660254037844386,0.5000000000000001,-2.4492935982947064e-16,1.0,2300.5,7.7413163632572966,-0.036439790575916176,2024-11-01
Jowar/Sorghum,2024-11-01,2300.5,2534.6153846153848,1700.0,4700.0,130,120,7,9,0,0,0,2024,11,4,Autumn,2387.5,2305.5,2425.0,2700.0,3350.0,-0.036439790575916176,-0.051340206185567006,-0.3132835820895522,-87.0,2372.6666666666665,2515.9166666666665,2937.6666666666665,2387.5,2482.5,2801.25,61.115328137328426,174.69843063595016,565.626335591927,2305.5,2737.5,-37.5,-312.5,-962.5,3350.0,-0.3132835820895522,2203.1398305084745,2000.0,594.3344941731664,2048.6666666666665,1900.0,-128.41666666666652,-95.0,0.06943728818626087,4.875197323201151,4.795790545596741,2.0794415416798357,2.302585092994046,0.0,0.0,119,14161,-0.5000000000000004,0.8660254037844384,-2.4492935982947064e-16,1.0,2500.0,7.824445930877619,0.0867202782003913,2024-12-01
Jowar/Sorghum,2024-12-01,2500.0,2700.0,1800.0,4500.0,19,16,5,3,0,0,0,2024,12,4,Winter,2300.5,2387.5,2305.5,2737.5,4200.0,0.0867202782003913,0.08436347863803939,-0.40476190476190477,199.5,2331.1666666666665,2449.3333333333335,2850.2083333333335,2305.5,2406.25,2718.75,48.85011088353145,166.44238242305914,577.0961578270885,2300.5,2737.5,-5.0,-437.0,-1899.5,4200.0,-0.40476190476190477,2203.9579831932774,2000.0,591.8780636984474,2275.0555555555557,1875.0,-148.83333333333348,-105.75,0.06795415722226149,2.995732273553991,2.833213344056216,1.791759469228055,1.3862943611198906,0.0,0.0,120,14400,-2.4492935982947064e-16,1.0,-2.4492935982947064e-16,1.0,2300.0,7.741099090035366,-0.07999999999999996,2025-01-01
Jowar/Sorghum,2025-01-01,2300.0,2740.422360248447,1725.0,6000.0,161,114,7,7,0,0,0,2025,1,1,Winter,2500.0,2300.5,2387.5,2540.0,3566.5,-0.07999999999999996,-0.03664921465968585,-0.35511005187158273,-200.0,2396.0,2409.75,2708.5416666666665,2387.5,2406.25,2620.0,100.0212477426671,98.63201812797493,395.8092664134939,2300.5,2540.0,112.5,-40.0,-1066.5,3566.5,-0.35511005187158273,2206.425,2000.0,590.0051867383465,2183.95,1984.75,90.25,93.75,0.040930394492364325,5.087596335232384,4.74493212836325,2.0794415416798357,2.0794415416798357,0.0,0.0,121,14641,0.49999999999999994,0.8660254037844387,1.0,6.123233995736766e-17,2440.0,7.80016307039296,0.0608695652173914,2025-02-01
Jowar/Sorghum,2025-02-01,2440.0,2953.1633986928105,1750.0,5800.0,153,104,8,9,0,0,0,2025,2,1,Winter,2300.0,2500.0,2300.5,2425.0,3300.0,0.0608695652173914,0.060638991523581875,-0.2606060606060606,140.0,2366.8333333333335,2369.75,2603.0,2300.5,2346.5,2520.0,115.32598724196264,82.60917019312788,304.58018797862,2300.0,2500.0,-0.5,-125.0,-1000.0,3300.0,-0.2606060606060606,2207.198347107438,2000.0,587.6032692193306,2215.65,1950.0,-69.75,-46.5,0.03485986715608308,5.0369526024136295,4.653960350157523,2.1972245773362196,2.302585092994046,0.0,0.0,122,14884,0.8660254037844386,0.5000000000000001,1.0,6.123233995736766e-17,2400.0,7.783640596221253,-0.016393442622950838,2025-03-01
Jowar/Sorghum,2025-03-01,2400.0,2782.456790123457,1686.0,5207.0,162,101,9,7,0,0,0,2025,3,1,Spring,2440.0,2300.0,2500.0,2305.5,2875.0,-0.016393442622950838,-0.040000000000000036,-0.16521739130434787,-40.0,2413.3333333333335,2372.25,2531.3333333333335,2440.0,2346.5,2470.0,102.6320287889376,84.81317704223305,213.1125751732415,2300.0,2500.0,-60.0,134.5,-435.0,2875.0,-0.16521739130434787,2209.1065573770493,2000.0,585.5495731372994,2229.7,2032.5,67.75,93.5,0.035752208680464984,5.093750200806762,4.624972813284271,2.302585092994046,2.0794415416798357,0.0,0.0,123,15129,1.0,6.123233995736766e-17,1.0,6.123233995736766e-17,2700.0,7.901377353792616,0.125,2025-04-01
Jowar/Sorghum,2025-04-01,2700.0,2872.8364779874214,1711.0,5955.0,159,105,9,7,0,0,0,2025,4,2,Spring,2400.0,2440.0,2300.0,2387.5,2865.0,0.125,0.17391304347826098,-0.05759162303664922,300.0,2380.0,2388.0,2491.75,2400.0,2393.75,2432.5,72.11102550927974,78.476111014736,185.84603842966615,2300.0,2500.0,100.0,12.5,-465.0,2865.0,-0.05759162303664922,2210.6585365853657,2000.0,583.3988081340816,2310.85,2157.0,12.0,6.25,0.03286269305474707,5.075173815233827,4.663439094112067,2.302585092994046,2.0794415416798357,0.0,0.0,124,15376,0.8660254037844387,-0.4999999999999998,1.2246467991473532e-16,-1.0,2525.0,7.8343923029104365,-0.06481481481481477,2025-05-01
Jowar/Sorghum,2025-05-01,2525.0,2777.4690265486724,1700.0,5300.0,113,98,9,7,0,0,0,2025,5,2,Summer,2700.0,2400.0,2440.0,2300.5,2700.0,-0.06481481481481477,0.0348360655737705,-0.06481481481481477,-175.0,2513.3333333333335,2440.0833333333335,2478.0,2440.0,2420.0,2432.5,162.89055630494147,149.57286407187587,160.03124694884121,2300.0,2700.0,260.0,399.5,0.0,2700.0,-0.06481481481481477,2214.6048387096776,2011.25,582.6818613283855,2181.35,1963.0,259.9166666666665,280.0,0.061298260607988465,4.736198448394496,4.59511985013459,2.302585092994046,2.0794415416798357,0.0,0.0,125,15625,0.49999999999999994,-0.8660254037844387,1.2246467991473532e-16,-1.0,3200.0,8.071218539969863,0.26732673267326734,2025-06-01
Jowar/Sorghum,2025-06-01,3200.0,2963.5,1991.0,4200.0,16,14,5,3,0,0,0,2025,6,2,Summer,2525.0,2700.0,2400.0,2500.0,2737.5,0.26732673267326734,0.33333333333333326,0.16894977168949765,675.0,2541.6666666666665,2477.5,2463.4166666666665,2525.0,2470.0,2432.5,150.69284433354258,135.0462883606848,145.2530446142112,2300.0,2700.0,125.0,25.0,-212.5,2737.5,0.16894977168949765,2217.088,2022.5,580.9912763211598,2229.85,2079.5,47.5,55.0,0.05450909721924714,2.833213344056216,2.70805020110221,1.791759469228055,1.3862943611198906,0.0,0.0,126,15876,1.2246467991473532e-16,-1.0,1.2246467991473532e-16,-1.0,2500.0,7.824445930877619,-0.21875,2025-07-01
Jowar/Sorghum,2025-07-01,2500.0,2841.144578313253,1700.0,6617.0,166,108,8,7,0,0,0,2025,7,3,Monsoon,3200.0,2525.0,2700.0,2300.0,2540.0,-0.21875,-0.07407407407407407,-0.015748031496062964,-700.0,2808.3333333333335,2594.1666666666665,2501.9583333333335,2700.0,2482.5,2432.5,350.29749261639495,325.88980755258984,248.9415282143538,2300.0,3200.0,500.0,900.0,660.0,2540.0,-0.015748031496062964,2224.8888888888887,2036.75,585.2504109828163,2262.85,2105.5,605.8333333333335,717.5,0.1256240825772913,5.117993812416755,4.6913478822291435,2.1972245773362196,2.0794415416798357,0.0,0.0,127,16129,-0.4999999999999997,-0.8660254037844388,-1.0,-1.8369701987210297e-16,2512.0,7.829232537543592,0.0047999999999999154,2025-08-01
Jowar/Sorghum,2025-08-01,2512.0,2837.132716049383,1700.0,6047.0,162,107,6,6,0,0,0,2025,8,3,Monsoon,2500.0,3200.0,2525.0,2440.0,2425.0,0.0047999999999999154,-0.005148514851485153,0.035876288659793865,12.0,2741.6666666666665,2627.5,2498.625,2525.0,2512.5,2432.5,397.12508524812836,298.8937938465726,248.65347601906672,2400.0,3200.0,-25.0,60.0,75.0,2425.0,0.035876288659793865,2227.0551181102364,2051.0,583.4343151653713,2245.15,2129.0,-127.5,-12.5,0.11375596340497529,5.093750200806762,4.68213122712422,1.9459101490553132,1.9459101490553132,0.0,0.0,128,16384,-0.8660254037844385,-0.5000000000000004,-1.0,-1.8369701987210297e-16,2500.0,7.824445930877619,-0.004777070063694322,2025-09-01
Jowar/Sorghum,2025-09-01,2500.0,2750.26618705036,1767.0,5100.0,139,97,9,7,0,0,0,2025,9,3,Monsoon,2512.0,2500.0,3200.0,2400.0,2305.5,-0.004777070063694322,-0.21875,0.08436347863803939,-12.0,2737.3333333333335,2639.5,2505.875,2512.0,2518.5,2470.0,400.7260078074959,291.20697107040115,247.5776393376448,2400.0,3200.0,-688.0,112.0,206.5,2305.5,0.08436347863803939,2229.28125,2058.0,581.6782999949709,2101.15,1825.0,-127.5,-6.5,0.11032656604296312,4.941642422609304,4.584967478670572,2.302585092994046,2.0794415416798357,0.0,0.0,129,16641,-1.0,-1.8369701987210297e-16,-1.0,-1.8369701987210297e-16,2400.0,7.783640596221253,-0.040000000000000036,2025-10-01
Jowar/Sorghum,2025-10-01,2400.0,2647.3609022556393,1700.0,5000.0,133,93,7,5,0,0,0,2025,10,4,Autumn,2500.0,2512.0,2500.0,2700.0,2387.5,-0.040000000000000036,-0.040000000000000036,0.005235602094240788,-100.0,2504.0,2656.1666666666665,2522.0833333333335,2500.0,2518.5,2500.0,6.928203230273409,277.28715561068486,239.50202441100694,2500.0,3200.0,0.0,-200.0,112.5,2387.5,0.005235602094240788,2231.3798449612405,2065.0,579.8917287654659,2145.2,1840.5,-156.16666666666652,-18.5,0.1043937336803733,4.897839799950911,4.543294782270004,2.0794415416798357,1.791759469228055,0.0,0.0,130,16900,-0.8660254037844386,0.5000000000000001,-2.4492935982947064e-16,1.0,2790.5,7.934334364750415,0.16270833333333323,2025-11-01
Jowar/Sorghum,2025-11-01,2790.5,2973.946808510638,1712.0,5050.0,94,67,6,6,0,0,0,2025,11,4,Autumn,2400.0,2500.0,2512.0,2525.0,2300.5,0.16270833333333323,0.11086783439490455,0.21299717452727673,390.5,2470.6666666666665,2606.1666666666665,2523.125,2500.0,2506.0,2500.0,61.49254697386746,294.3266326153038,238.88986859677132,2400.0,3200.0,-112.0,-125.0,99.5,2300.5,0.21299717452727673,2232.6769230769232,2067.5,577.8289990788846,2073.85,1961.25,-206.16666666666652,-106.0,0.11293469307999124,4.553876891600541,4.219507705176107,1.9459101490553132,1.9459101490553132,0.0,0.0,131,17161,-0.5000000000000004,0.8660254037844384,-2.4492935982947064e-16,1.0,3100.0,8.03947991910045,0.11091202293495783,2025-12-01
Maize,2015-01-01,1250.0,1238.260975609756,850.0,3500.0,410,261,15,14,0,0,0,2015,1,1,Winter,,,,,,,,,,,,,,,,,,,,,,,,,,,,,,,,,,6.018593214496234,5.568344503761097,2.772588722239781,2.70805020110221,0.0,0.0,1,1,0.49999999999999994,0.8660254037844387,1.0,6.123233995736766e-17,1300.0,7.170888478512505,0.040000000000000036,2015-02-01
Maize,2015-02-01,1300.0,1246.08,700.0,1600.0,125,81,14,13,0,0,0,2015,2,1,Winter,1250.0,,,,,0.040000000000000036,,,50.0,,,,,,,,,,,,,,,,,,,,,,,,,4.836281906951478,4.406719247264253,2.70805020110221,2.6390573296152584,0.0,0.0,2,4,0.8660254037844386,0.5000000000000001,1.0,6.123233995736766e-17,1300.0,7.170888478512505,0.0,2015-03-01
Maize,2015-03-01,1300.0,1261.834862385321,853.0,3250.0,109,73,10,12,0,0,0,2015,3,1,Spring,1300.0,1250.0,,,,0.0,,,0.0,1275.0,,,1275.0,,,35.35533905932738,,,,,,,,,,,,,,,,,,4.700480365792417,4.30406509320417,2.3978952727983707,2.5649493574615367,0.0,0.0,3,9,1.0,6.123233995736766e-17,1.0,6.123233995736766e-17,1300.0,7.170888478512505,0.0,2015-04-01
Maize,2015-04-01,1300.0,1303.498480243161,825.0,4200.0,329,242,16,14,0,0,0,2015,4,2,Spring,1300.0,1300.0,1250.0,,,0.0,0.040000000000000036,,0.0,1283.3333333333333,1283.3333333333333,,1300.0,1300.0,,28.867513459481305,28.867513459481305,,1250.0,1300.0,50.0,,,,,1283.3333333333333,1300.0,28.867513459481305,,,16.666666666666742,0.0,0.022494166332063355,5.799092654460526,5.493061443340548,2.833213344056216,2.70805020110221,0.0,0.0,4,16,0.8660254037844387,-0.4999999999999998,1.2246467991473532e-16,-1.0,1310.0,7.1785454837637,0.007692307692307665,2015-05-01
Maize,2015-05-01,1310.0,1280.2627986348123,870.0,1655.0,293,204,14,12,0,0,0,2015,5,2,Summer,1300.0,1300.0,1300.0,,,0.007692307692307665,0.007692307692307665,,10.0,1300.0,1287.5,,1300.0,1300.0,,0.0,25.000000000000018,,1250.0,1300.0,0.0,,,,,1287.5,1300.0,25.000000000000018,,,12.5,0.0,0.019417475728155352,5.683579767338681,5.3230099791384085,2.70805020110221,2.5649493574615367,0.0,0.0,5,25,0.49999999999999994,-0.8660254037844387,1.2246467991473532e-16,-1.0,1272.0,7.149131598557407,-0.02900763358778624,2015-06-01
Maize,2015-06-01,1272.0,1256.9624060150377,850.0,1800.0,399,257,17,14,0,0,0,2015,6,2,Summer,1310.0,1300.0,1300.0,,,-0.02900763358778624,-0.021538461538461506,,-38.0,1303.3333333333333,1292.0,,1300.0,1300.0,,5.77350269189629,23.87467277262666,,1250.0,1310.0,10.0,,,,,1292.0,1300.0,23.87467277262666,,,18.0,10.0,0.01847884889522187,5.991464547107982,5.552959584921617,2.8903717578961645,2.70805020110221,0.0,0.0,6,36,1.2246467991473532e-16,-1.0,1.2246467991473532e-16,-1.0,1275.0,7.151485463904735,0.002358490566037652,2015-07-01
Maize,2015-07-01,1275.0,1252.6802030456852,750.0,5400.0,394,257,18,15,0,0,0,2015,7,3,Monsoon,1272.0,1310.0,1300.0,1250.0,,0.002358490566037652,-0.019230769230769273,,3.0,1294.0,1288.6666666666667,1288.6666666666667,1300.0,1300.0,1300.0,19.697715603592226,22.86190426597635,22.86190426597635,1250.0,1310.0,-28.0,22.0,,,,1288.6666666666667,1300.0,22.86190426597635,,,-16.666666666666742,-28.0,0.017740743093101148,5.978885764901122,5.552959584921617,2.9444389791664403,2.772588722239781,0.0,0.0,7,49,-0.4999999999999997,-0.8660254037844388,-1.0,-1.8369701987210297e-16,1300.0,7.170888478512505,0.019607843137254832,2015-08-01
Maize,2015-08-01,1300.0,1277.3101045296166,550.0,1600.0,287,184,19,13,0,0,0,2015,8,3,Monsoon,1275.0,1272.0,1310.0,1300.0,,0.019607843137254832,-0.007633587786259555,,25.0,1285.6666666666667,1292.8333333333333,1286.7142857142858,1275.0,1300.0,1300.0,21.126602503321127,15.497311594811118,21.499723143289458,1272.0,1310.0,-35.0,-25.0,,,,1286.7142857142858,1300.0,21.499723143289458,,,-17.833333333333258,-25.0,0.011987091603566676,5.662960480135946,5.220355825078324,2.995732273553991,2.6390573296152584,0.0,0.0,8,64,-0.8660254037844385,-0.5000000000000004,-1.0,-1.8369701987210297e-16,1393.0,7.2399325913204695,0.07153846153846155,2015-09-01
Maize,2015-09-01,1393.0,1378.6697247706422,600.0,2400.0,327,207,17,13,0,0,0,2015,9,3,Monsoon,1300.0,1275.0,1272.0,1300.0,,0.07153846153846155,0.09512578616352196,,93.0,1282.3333333333333,1292.8333333333333,1288.375,1275.0,1300.0,1300.0,15.373136743467057,15.497311594811118,20.451597911724598,1272.0,1310.0,28.0,0.0,,,,1288.375,1300.0,20.451597911724598,,,7.1666666666667425,0.0,0.011987091603566676,5.793013608384144,5.337538079701318,2.8903717578961645,2.6390573296152584,0.0,0.0,9,81,-1.0,-1.8369701987210297e-16,-1.0,-1.8369701987210297e-16,1359.0,7.215239978730097,-0.024407753050969094,2015-10-01
Maize,2015-10-01,1359.0,1369.7850678733032,800.0,4100.0,442,287,18,15,0,0,0,2015,10,4,Autumn,1393.0,1300.0,1275.0,1300.0,,-0.024407753050969094,0.0658823529411765,,-34.0,1322.6666666666667,1308.3333333333333,1300.0,1300.0,1300.0,1300.0,62.17984668148783,44.139173833077834,39.77750620639761,1272.0,1393.0,118.0,93.0,,,,1300.0,1300.0,39.77750620639761,,,84.66666666666674,93.0,0.033736948152670955,6.093569770045136,5.662960480135946,2.9444389791664403,2.772588722239781,0.0,0.0,10,100,-0.8660254037844386,0.5000000000000001,-2.4492935982947064e-16,1.0,1325.0,7.189922170745808,-0.025018395879323085,2015-11-01
Maize,2015-11-01,1325.0,1329.683908045977,1000.0,1550.0,174,109,14,11,0,0,0,2015,11,4,Autumn,1359.0,1393.0,1300.0,1310.0,,-0.025018395879323085,0.019230769230769162,,-34.0,1350.6666666666667,1318.1666666666667,1305.9,1359.0,1305.0,1300.0,47.05670338361295,48.28836989034375,41.887282609933585,1272.0,1393.0,59.0,49.0,,,,1305.9,1300.0,41.887282609933585,,,40.83333333333326,54.0,0.03663297753724396,5.1647859739235145,4.700480365792417,2.70805020110221,2.4849066497880004,0.0,0.0,11,121,-0.5000000000000004,0.8660254037844384,-2.4492935982947064e-16,1.0,1424.5,7.2622779083527265,0.07509433962264156,2015-12-01
Maize,2015-12-01,1424.5,1426.251811594203,800.0,1850.0,552,350,17,14,0,0,0,2015,12,4,Winter,1325.0,1359.0,1393.0,1272.0,,0.07509433962264156,0.022613065326633208,,99.5,1359.0,1320.6666666666667,1307.6363636363637,1359.0,1312.5,1300.0,33.999999999999915,48.16914641828994,40.15288962770357,1272.0,1393.0,-68.0,53.0,,,,1307.6363636363637,1300.0,40.15288962770357,,,4.3333333333332575,12.5,0.03647335670239016,6.315358001522335,5.860786223465865,2.8903717578961645,2.70805020110221,0.0,0.0,12,144,-2.4492935982947064e-16,1.0,-2.4492935982947064e-16,1.0,1440.0,7.273092595999522,0.0108810108810109,2016-01-01
Maize,2016-01-01,1440.0,1441.2648305084747,950.0,3700.0,472,306,17,14,0,0,0,2016,1,1,Winter,1424.5,1325.0,1359.0,1275.0,1250.0,0.0108810108810109,0.0596026490066226,0.1519999999999999,15.5,1369.5,1346.0833333333333,1317.375,1359.0,1342.0,1300.0,50.57420291017936,56.81233727516093,51.02723203438442,1275.0,1424.5,65.5,149.5,174.5,1250.0,0.1519999999999999,1317.375,1300.0,51.02723203438442,,,78.41666666666674,82.5,0.042205661319998214,6.159095388491933,5.726847747587197,2.8903717578961645,2.70805020110221,0.0,0.0,13,169,0.49999999999999994,0.8660254037844387,1.0,6.123233995736766e-17,1429.5,7.265779312490165,-0.007291666666666696,2016-02-01
Maize,2016-02-01,1429.5,1437.5684210526315,900.0,2050.0,380,272,15,13,0,0,0,2016,2,1,Winter,1440.0,1424.5,1325.0,1300.0,1300.0,-0.007291666666666696,0.07886792452830194,0.09961538461538466,-10.5,1396.5,1373.5833333333333,1333.2083333333333,1424.5,1376.0,1305.0,62.403926158535846,55.44043349998835,57.311532368487946,1300.0,1440.0,115.0,140.0,140.0,1300.0,0.09961538461538466,1326.8076923076924,1300.0,59.527143130094586,,,66.41666666666674,64.0,0.04036190026086636,5.942799375126701,5.60947179518496,2.772588722239781,2.6390573296152584,0.0,0.0,14,196,0.8660254037844386,0.5000000000000001,1.0,6.123233995736766e-17,1400.0,7.244941546337007,-0.020636586218957698,2016-03-01
Maize,2016-03-01,1400.0,1441.4729344729344,950.0,4009.0,351,243,18,14,0,0,0,2016,3,1,Spring,1429.5,1440.0,1424.5,1393.0,1300.0,-0.020636586218957698,-0.017199017199017175,0.07692307692307687,-29.5,1431.3333333333333,1395.1666666666667,1344.0,1429.5,1408.75,1317.5,7.910962857536832,45.35489683227846,62.45179959558629,1325.0,1440.0,5.0,36.5,129.5,1300.0,0.07692307692307687,1334.142857142857,1305.0,63.436348647051936,,,34.33333333333326,20.75,0.032508586906423456,5.863631175598097,5.497168225293202,2.9444389791664403,2.70805020110221,0.0,0.0,15,225,1.0,6.123233995736766e-17,1.0,6.123233995736766e-17,1400.0,7.244941546337007,0.0,2016-04-01
Maize,2016-04-01,1400.0,1418.7610619469026,800.0,1850.0,226,180,15,13,0,0,0,2016,4,2,Spring,1400.0,1429.5,1440.0,1359.0,1300.0,0.0,-0.02777777777777779,0.07692307692307687,0.0,1423.1666666666667,1396.3333333333333,1352.3333333333333,1429.5,1412.25,1342.0,20.738450601077435,45.378041679502026,62.71810429262515,1325.0,1440.0,-40.0,41.0,100.0,1300.0,0.07692307692307687,1338.5333333333333,1310.0,63.44977391231436,,,3.6666666666667425,-12.25,0.03249800072535357,5.424950017481403,5.198497031265826,2.772588722239781,2.6390573296152584,0.0,0.0,16,256,0.8660254037844387,-0.4999999999999998,1.2246467991473532e-16,-1.0,1375.0,7.226936018493289,-0.017857142857142905,2016-05-01
Maize,2016-05-01,1375.0,1391.2924528301887,1100.0,1720.0,106,74,12,9,0,0,0,2016,5,2,Summer,1400.0,1400.0,1429.5,1325.0,1310.0,-0.017857142857142905,-0.038125218607904854,0.04961832061068705,-25.0,1409.8333333333333,1403.1666666666667,1360.6666666666667,1400.0,1412.25,1376.0,17.031832941093846,41.55799161011779,61.768752520014424,1325.0,1440.0,-29.5,75.0,90.0,1310.0,0.04961832061068705,1342.375,1317.5,63.195068372988295,,,-3.1666666666667425,-12.25,0.0296172882362165,4.672828834461906,4.31748811353631,2.5649493574615367,2.302585092994046,0.0,0.0,17,289,0.49999999999999994,-0.8660254037844387,1.2246467991473532e-16,-1.0,1461.0,7.2875606403097235,0.06254545454545446,2016-06-01
Maize,2016-06-01,1461.0,1489.496143958869,800.0,3800.0,389,253,16,12,0,0,0,2016,6,2,Summer,1375.0,1400.0,1400.0,1424.5,1272.0,0.06254545454545446,0.043571428571428594,0.1485849056603774,86.0,1391.6666666666667,1411.5,1366.0833333333333,1400.0,1412.25,1384.0,14.433756729740677,24.09149227424388,59.73838165220285,1375.0,1440.0,-25.0,-49.5,103.0,1272.0,0.1485849056603774,1344.2941176470588,1325.0,61.6978673718573,,,-36.5,-37.25,0.01706800727895422,5.966146739123692,5.537334267018537,2.833213344056216,2.5649493574615367,0.0,0.0,18,324,1.2246467991473532e-16,-1.0,1.2246467991473532e-16,-1.0,1600.0,7.3783837129967145,0.09514031485284047,2016-07-01
Maize,2016-07-01,1600.0,1583.2944785276075,1000.0,2588.0,326,226,18,14,0,0,0,2016,7,3,Monsoon,1461.0,1375.0,1400.0,1440.0,1275.0,0.09514031485284047,0.1428571428571428,0.2549019607843137,139.0,1412.0,1417.5833333333333,1381.8333333333333,1400.0,1414.75,1396.5,44.23799272118934,31.4998677245892,57.553269132854666,1375.0,1461.0,61.0,21.0,186.0,1275.0,0.2549019607843137,1350.7777777777778,1342.0,65.87403804905911,,,43.41666666666674,46.25,0.022220822567460493,5.7899601708972535,5.424950017481403,2.9444389791664403,2.70805020110221,0.0,0.0,19,361,-0.4999999999999997,-0.8660254037844388,-1.0,-1.8369701987210297e-16,1611.0,7.385230923066573,0.0068749999999999645,2016-08-01
Maize,2016-08-01,1611.0,1616.0790378006873,1000.0,3600.0,291,198,17,14,0,0,0,2016,8,3,Monsoon,1600.0,1461.0,1375.0,1429.5,1300.0,0.0068749999999999645,0.1716363636363636,0.23923076923076914,11.0,1478.6666666666667,1444.25,1408.9166666666667,1461.0,1414.75,1400.0,113.53560381366424,81.8142713711975,76.16812544190228,1375.0,1600.0,225.0,170.5,300.0,1300.0,0.23923076923076914,1363.8947368421052,1359.0,85.83326520181251,,,155.75,185.25,0.056648275140174835,5.676753802268282,5.293304824724492,2.8903717578961645,2.70805020110221,0.0,0.0,20,400,-0.8660254037844385,-0.5000000000000004,-1.0,-1.8369701987210297e-16,1595.0,7.3752557780097545,-0.009931719428926122,2016-09-01
Maize,2016-09-01,1595.0,1581.3333333333333,750.0,3100.0,279,189,18,15,0,0,0,2016,9,3,Monsoon,1611.0,1600.0,1461.0,1400.0,1393.0,-0.009931719428926122,0.09171800136892538,0.14501076812634595,-16.0,1557.3333333333333,1474.5,1434.8333333333333,1600.0,1430.5,1412.25,83.60821331264845,105.4186890451591,87.76630470986159,1375.0,1611.0,150.0,211.0,218.0,1393.0,0.14501076812634595,1376.25,1367.0,100.16309069134252,,,136.5,180.5,0.07149453309268165,5.634789603169249,5.247024072160486,2.9444389791664403,2.772588722239781,0.0,0.0,21,441,-1.0,-1.8369701987210297e-16,-1.0,-1.8369701987210297e-16,1450.0,7.280008252884188,-0.09090909090909094,2016-10-01
Maize,2016-10-01,1450.0,1482.9642857142858,800.0,3350.0,252,190,13,12,0,0,0,2016,10,4,Autumn,1595.0,1611.0,1600.0,1400.0,1359.0,-0.09090909090909094,-0.09375,0.06696100073583522,-145.0,1602.0,1507.0,1451.6666666666667,1600.0,1528.0,1427.0,8.185352771872283,107.88697789816871,97.81019033481823,1375.0,1611.0,-5.0,195.0,236.0,1359.0,0.06696100073583522,1386.6666666666667,1375.0,108.6722519014552,,,88.0,67.0,0.07159056263979344,5.53338948872752,5.25227342804663,2.6390573296152584,2.5649493574615367,0.0,0.0,22,484,-0.8660254037844386,0.5000000000000001,-2.4492935982947064e-16,1.0,1364.0,7.21890970761906,-0.05931034482758624,2016-11-01
Maize,2016-11-01,1364.0,1347.6528735632185,800.0,3512.0,435,353,16,13,0,0,0,2016,11,4,Autumn,1450.0,1595.0,1611.0,1375.0,1325.0,-0.05931034482758624,-0.15332091868404718,0.029433962264150848,-86.0,1552.0,1515.3333333333333,1459.25,1595.0,1528.0,1434.75,88.69611039949834,99.58045323589673,93.4007737947314,1375.0,1611.0,-161.0,75.0,125.0,1325.0,0.029433962264150848,1389.5454545454545,1384.0,106.9093863190547,,,-65.33333333333326,-78.0,0.06571521331009463,6.077642243349034,5.869296913133774,2.833213344056216,2.6390573296152584,0.0,0.0,23,529,-0.5000000000000004,0.8660254037844384,-2.4492935982947064e-16,1.0,1365.0,7.2196420401307355,0.0007331378299120228,2016-12-01
Maize,2016-12-01,1365.0,1371.038990825688,1000.0,4714.0,654,392,16,14,0,0,0,2016,12,4,Winter,1364.0,1450.0,1595.0,1461.0,1424.5,0.0007331378299120228,-0.14420062695924762,-0.041769041769041726,1.0,1469.6666666666667,1513.5,1462.5,1450.0,1528.0,1434.75,116.74901855404754,102.73217606962261,88.87350561331559,1364.0,1611.0,-231.0,-97.0,-60.5,1424.5,-0.041769041769041726,1388.4347826086957,1375.0,104.58709988545715,,,-149.5,-164.0,0.06787722237834332,6.484635235635252,5.973809611869261,2.833213344056216,2.70805020110221,0.0,0.0,24,576,-2.4492935982947064e-16,1.0,-2.4492935982947064e-16,1.0,1365.5,7.220008005368123,0.000366300366300365,2017-01-01
Maize,2017-01-01,1365.5,1367.73417721519,1100.0,2100.0,158,103,15,9,0,0,0,2017,1,1,Winter,1365.0,1364.0,1450.0,1600.0,1440.0,0.000366300366300365,-0.05827586206896551,-0.051736111111111094,0.5,1393.0,1497.5,1457.5416666666667,1365.0,1522.5,1434.75,49.365980188790026,118.76826175371913,92.76104647115773,1364.0,1611.0,-85.0,-235.0,-75.0,1440.0,-0.051736111111111094,1387.4583333333333,1370.0,102.39999540024898,,,-132.5,-157.5,0.07931102621283415,5.0689042022202315,4.6443908991413725,2.772588722239781,2.302585092994046,0.0,0.0,25,625,0.49999999999999994,0.8660254037844387,1.0,6.123233995736766e-17,1395.0,7.241366283322318,0.02160380812889051,2017-02-01
Maize,2017-02-01,1395.0,1422.1933701657458,1000.0,3946.0,543,333,17,13,0,0,0,2017,2,1,Winter,1365.5,1365.0,1364.0,1611.0,1429.5,0.02160380812889051,0.022727272727272707,-0.02413431269674715,29.5,1364.8333333333333,1458.4166666666667,1451.3333333333333,1365.0,1407.75,1414.75,0.7637626158319522,116.86077899221198,96.46109280037452,1364.0,1611.0,1.5,-245.5,-64.0,1429.5,-0.02413431269674715,1386.58,1365.5,100.34011743398881,,,-92.91666666666674,-42.25,0.0801285268216984,6.298949246855942,5.811140992976701,2.8903717578961645,2.6390573296152584,0.0,0.0,26,676,0.8660254037844386,0.5000000000000001,1.0,6.123233995736766e-17,1385.0,7.234177179749849,-0.007168458781361964,2017-03-01
Maize,2017-03-01,1385.0,1409.1429924242425,550.0,3800.0,528,329,18,13,0,0,0,2017,3,1,Spring,1395.0,1365.5,1365.0,1595.0,1400.0,-0.007168458781361964,0.0146520146520146,-0.010714285714285676,-10.0,1375.1666666666667,1422.4166666666667,1448.4583333333333,1365.5,1380.25,1400.0,17.177989793143475,90.82533603938175,97.67745118345898,1364.0,1595.0,30.0,-200.0,-5.0,1400.0,-0.010714285714285676,1386.9038461538462,1370.25,98.32670229706366,,,-27.416666666666742,14.75,0.06385283452297036,6.270988431858299,5.799092654460526,2.9444389791664403,2.6390573296152584,0.0,0.0,27,729,1.0,6.123233995736766e-17,1.0,6.123233995736766e-17,1380.0,7.2305631534092925,-0.0036101083032491488,2017-04-01
Maize,2017-04-01,1380.0,1394.3211920529802,1103.0,2300.0,302,221,14,12,0,0,0,2017,4,2,Spring,1385.0,1395.0,1365.5,1450.0,1400.0,-0.0036101083032491488,0.010618820944708895,-0.014285714285714235,-5.0,1381.8333333333333,1387.4166666666667,1447.2083333333333,1385.0,1375.25,1397.5,15.002777520624008,33.20002510039148,98.44690731864614,1364.0,1450.0,19.5,-65.0,-15.0,1400.0,-0.014285714285714235,1386.8333333333333,1375.0,96.41796034413441,,,-2.4166666666667425,9.75,0.023929383218493465,5.713732805509369,5.402677381872279,2.70805020110221,2.5649493574615367,0.0,0.0,28,784,0.8660254037844387,-0.4999999999999998,1.2246467991473532e-16,-1.0,1380.0,7.2305631534092925,0.0,2017-05-01
Maize,2017-05-01,1380.0,1416.023622047244,573.0,2524.0,381,281,16,13,0,0,0,2017,5,2,Summer,1380.0,1385.0,1395.0,1364.0,1375.0,0.0,-0.010752688172043001,0.0036363636363636598,0.0,1386.6666666666667,1375.75,1445.5416666666667,1385.0,1372.75,1390.0,7.637626158260324,12.906393764330899,99.4826294415568,1364.0,1395.0,-15.0,16.0,5.0,1375.0,0.0036363636363636598,1386.5892857142858,1377.5,94.62440895372224,,,4.25,7.25,0.00938135109164521,5.945420608606575,5.641907070938114,2.833213344056216,2.6390573296152584,0.0,0.0,29,841,0.49999999999999994,-0.8660254037844387,1.2246467991473532e-16,-1.0,1369.5,7.2229309157428405,-0.007608695652173925,2017-06-01
Maize,2017-06-01,1369.5,1387.8397435897436,125.5,2900.0,390,258,16,16,0,0,0,2017,6,2,Summer,1380.0,1380.0,1385.0,1365.0,1461.0,-0.007608695652173925,-0.01119133574007225,-0.06262833675564683,-10.5,1381.6666666666667,1378.4166666666667,1445.9583333333333,1380.0,1380.0,1390.0,2.8867513459497895,11.5776364887928,99.17029850746971,1365.0,1395.0,-5.0,15.0,-81.0,1461.0,-0.06262833675564683,1386.3620689655172,1380.0,92.92738107097045,,,1.5833333333332575,0.0,0.008399228454477577,5.968707559985366,5.556828061699537,2.833213344056216,2.833213344056216,0.0,0.0,30,900,1.2246467991473532e-16,-1.0,1.2246467991473532e-16,-1.0,1350.0,7.208600337960199,-0.014238773274917849,2017-07-01
Maize,2017-07-01,1350.0,1324.4919093851133,350.0,2300.0,309,224,16,12,0,0,0,2017,7,3,Monsoon,1369.5,1380.0,1380.0,1365.5,1600.0,-0.014238773274917849,-0.021739130434782594,-0.15625,-19.5,1376.5,1379.1666666666667,1438.3333333333333,1380.0,1380.0,1382.5,6.062177826491877,10.64268136639572,101.40116848289775,1365.5,1395.0,-10.5,4.0,-230.5,1600.0,-0.15625,1385.8,1377.5,91.36301220953696,,,-9.666666666666742,-10.5,0.0077167478185346606,5.736572297479192,5.41610040220442,2.833213344056216,2.5649493574615367,0.0,0.0,31,961,-0.4999999999999997,-0.8660254037844388,-1.0,-1.8369701987210297e-16,1391.0,7.238496840894365,0.03037037037037038,2017-08-01
Maize,2017-08-01,1391.0,1375.0299727520437,126.0,4300.0,367,248,16,14,0,0,0,2017,8,3,Monsoon,1350.0,1369.5,1380.0,1395.0,1611.0,0.03037037037037038,0.007971014492753614,-0.1365611421477343,41.0,1366.5,1376.5833333333333,1417.5,1369.5,1380.0,1380.0,15.223337347638651,15.428598985864735,90.23328351858588,1350.0,1395.0,-30.0,-45.0,-261.0,1611.0,-0.1365611421477343,1384.6451612903227,1375.0,90.05722195252555,,,-26.583333333333258,-30.0,0.011207893203606564,5.908082938168931,5.517452896464707,2.833213344056216,2.70805020110221,0.0,0.0,32,1024,-0.8660254037844385,-0.5000000000000004,-1.0,-1.8369701987210297e-16,1350.0,7.208600337960199,-0.029475197699496802,2017-09-01
Maize,2017-09-01,1350.0,1361.5990783410139,880.0,4600.0,434,279,19,13,0,0,0,2017,9,3,Monsoon,1391.0,1350.0,1369.5,1385.0,1595.0,-0.029475197699496802,-0.014238773274917849,-0.15360501567398122,-41.0,1370.1666666666667,1375.9166666666667,1399.1666666666667,1369.5,1380.0,1380.0,20.50812846978831,14.53415517553829,66.59863953474455,1350.0,1391.0,21.5,6.0,-204.0,1595.0,-0.15360501567398122,1384.84375,1377.5,88.59990146903425,,,15.083333333333258,11.0,0.010563252504782234,6.075346031088684,5.634789603169249,2.995732273553991,2.6390573296152584,0.0,0.0,33,1089,-1.0,-1.8369701987210297e-16,-1.0,-1.8369701987210297e-16,1206.0,7.095893221097532,-0.10666666666666669,2017-10-01
Maize,2017-10-01,1206.0,1249.0719178082193,867.0,1625.0,146,96,15,11,0,0,0,2017,10,4,Autumn,1350.0,1391.0,1350.0,1380.0,1450.0,-0.10666666666666669,-0.10666666666666669,-0.1682758620689655,-144.0,1363.6666666666667,1370.0833333333333,1378.75,1350.0,1374.75,1374.75,23.67136103677485,16.97768142788129,26.720353154988942,1350.0,1391.0,0.0,-30.0,-100.0,1450.0,-0.1682758620689655,1383.7878787878788,1375.0,87.41522949969784,,,-20.083333333333258,-24.75,0.012391714441613983,4.990432586778736,4.574710978503383,2.772588722239781,2.4849066497880004,0.0,0.0,34,1156,-0.8660254037844386,0.5000000000000001,-2.4492935982947064e-16,1.0,1149.0,7.047517221357296,-0.04726368159203975,2017-11-01
Maize,2017-11-01,1149.0,1188.8148148148148,30.0,3001.0,675,420,16,14,0,0,0,2017,11,4,Autumn,1206.0,1350.0,1391.0,1380.0,1364.0,-0.04726368159203975,-0.1739755571531273,-0.15762463343108502,-57.0,1315.6666666666667,1341.0833333333333,1358.4166666666667,1350.0,1359.75,1367.5,97.16137778630637,68.14720586103746,50.14380834312019,1206.0,1391.0,-185.0,-174.0,-158.0,1364.0,-0.15762463343108502,1378.5588235294117,1372.25,91.32100929122447,,,-135.08333333333326,-153.75,0.05081504196436026,6.516193076042964,6.042632833682381,2.833213344056216,2.70805020110221,0.0,0.0,35,1225,-0.5000000000000004,0.8660254037844384,-2.4492935982947064e-16,1.0,1160.0,7.057036981697891,0.009573542210618013,2017-12-01
Maize,2017-12-01,1160.0,1199.2605304212168,870.0,2852.0,641,410,18,16,0,0,0,2017,12,4,Winter,1149.0,1206.0,1350.0,1369.5,1365.0,0.009573542210618013,-0.14074074074074072,-0.1501831501831502,11.0,1235.0,1302.5833333333333,1340.5,1206.0,1350.0,1367.5,103.59054010864128,99.70778137470823,78.41063239591509,1149.0,1391.0,-201.0,-220.5,-216.0,1365.0,-0.1501831501831502,1372.0,1369.5,97.97898934435464,,,-153.58333333333326,-201.0,0.07654618236174901,6.464588303689961,6.018593214496234,2.9444389791664403,2.833213344056216,0.0,0.0,36,1296,-2.4492935982947064e-16,1.0,-2.4492935982947064e-16,1.0,1160.5,7.057467552210464,0.0004310344827587187,2018-01-01
Maize,2018-01-01,1160.5,1210.7918088737201,850.0,2425.0,586,367,16,13,0,0,0,2018,1,1,Winter,1160.0,1149.0,1206.0,1350.0,1365.5,0.0004310344827587187,-0.03772802653399665,-0.15012815818381542,0.5,1171.6666666666667,1267.6666666666667,1323.4166666666667,1160.0,1278.0,1367.5,30.23794525647125,107.93084205483899,93.47260982704424,1149.0,1391.0,-46.0,-190.0,-205.5,1365.5,-0.15012815818381542,1366.111111111111,1367.5,102.8301728309567,,,-107.66666666666674,-118.0,0.0851413426675038,6.375024819828097,5.908082938168931,2.833213344056216,2.6390573296152584,0.0,0.0,37,1369,0.49999999999999994,0.8660254037844387,1.0,6.123233995736766e-17,1160.0,7.057036981697891,-0.0004308487720809939,2018-02-01
Maize,2018-02-01,1160.0,1231.4461805555557,120.0,12092.0,576,365,16,15,1,0,0,2018,2,1,Winter,1160.5,1160.0,1149.0,1391.0,1395.0,-0.0004308487720809939,0.009573542210618013,-0.1684587813620072,-0.5,1156.5,1236.0833333333333,1306.3333333333333,1160.0,1183.25,1359.75,6.500000000001592,106.73912903273379,103.29884566224145,1149.0,1391.0,11.5,-230.5,-234.5,1395.0,-0.1684587813620072,1360.554054054054,1365.5,106.87803171682962,,,-75.58333333333326,-22.75,0.08635269658146062,6.3578422665081,5.902633333401366,2.833213344056216,2.772588722239781,0.001736111111111111,0.0,38,1444,0.8660254037844386,0.5000000000000001,1.0,6.123233995736766e-17,1160.0,7.057036981697891,0.0,2018-03-01
Maize,2018-03-01,1160.0,1214.390519187359,850.0,2894.0,443,300,16,15,0,0,0,2018,3,1,Spring,1160.0,1160.5,1160.0,1350.0,1385.0,0.0,0.0,-0.16245487364620936,0.0,1160.1666666666667,1197.5833333333333,1286.75,1160.0,1160.25,1350.0,0.2886751346306672,77.28157391426875,107.16459303333387,1149.0,1350.0,0.0,-190.0,-225.0,1385.0,-0.16245487364620936,1355.2763157894738,1365.25,110.3297696569072,,,-37.58333333333326,-0.25,0.0645312704036758,6.095824562432225,5.707110264748875,2.833213344056216,2.772588722239781,0.0,0.0,39,1521,1.0,6.123233995736766e-17,1.0,6.123233995736766e-17,1195.0,7.086737934510577,0.030172413793103425,2018-04-01
Maize,2018-04-01,1195.0,1232.867256637168,750.0,2932.0,113,77,8,10,0,0,0,2018,4,2,Spring,1160.0,1160.0,1160.5,1206.0,1380.0,0.030172413793103425,0.029728565273589025,-0.1340579710144928,35.0,1160.1666666666667,1165.9166666666667,1268.0,1160.0,1160.0,1278.0,0.2886751346306672,20.13558210399141,108.09108112227342,1149.0,1206.0,-0.5,-46.0,-220.0,1380.0,-0.1340579710144928,1350.2692307692307,1365.0,113.26998755615551,,,-5.9166666666667425,0.0,0.017270172628682502,4.736198448394496,4.356708826689592,2.1972245773362196,2.3978952727983707,0.0,0.0,40,1600,0.8660254037844387,-0.4999999999999998,1.2246467991473532e-16,-1.0,1200.0,7.0909098220799835,0.004184100418409997,2018-05-01
Maize,2018-05-01,1200.0,1242.377094972067,750.0,2300.0,358,261,13,14,0,0,0,2018,5,2,Summer,1195.0,1160.0,1160.0,1149.0,1380.0,0.004184100418409997,0.034482758620689724,-0.13043478260869568,5.0,1171.6666666666667,1164.0833333333333,1252.5833333333333,1160.0,1160.0,1200.5,20.20725942163738,15.787389482323478,103.77134683641003,1149.0,1195.0,35.0,46.0,-185.0,1380.0,-0.13043478260869568,1346.3875,1364.5,114.47194749291407,,,30.916666666666742,35.0,0.013562078444260989,5.883322388488279,5.568344503761097,2.6390573296152584,2.70805020110221,0.0,0.0,41,1681,0.49999999999999994,-0.8660254037844387,1.2246467991473532e-16,-1.0,1270.0,7.147559271189454,0.05833333333333335,2018-06-01
Maize,2018-06-01,1270.0,1278.8050847457628,800.0,2500.0,413,278,17,14,0,0,0,2018,6,2,Summer,1200.0,1195.0,1160.0,1160.0,1369.5,0.05833333333333335,0.09482758620689657,-0.07265425337714493,70.0,1185.0,1172.5833333333333,1237.5833333333333,1195.0,1160.25,1197.5,21.794494717703795,19.365992529859643,96.4286908769507,1160.0,1200.0,40.0,40.0,-169.5,1369.5,-0.07265425337714493,1342.8170731707316,1364.0,115.32084352457483,,,27.416666666666742,39.75,0.01651566415736733,6.025865973825314,5.631211781821365,2.8903717578961645,2.70805020110221,0.0,0.0,42,1764,1.2246467991473532e-16,-1.0,1.2246467991473532e-16,-1.0,1177.5,7.071997722376186,-0.07283464566929132,2018-07-01
Maize,2018-07-01,1177.5,1222.642857142857,950.0,1700.0,112,78,12,10,0,0,0,2018,7,3,Monsoon,1270.0,1200.0,1195.0,1160.5,1350.0,-0.07283464566929132,-0.014644351464435101,-0.12777777777777777,-92.5,1221.6666666666667,1190.9166666666667,1229.2916666666667,1200.0,1177.75,1197.5,41.9324854180306,42.87238816145637,87.9603367054346,1160.0,1270.0,75.0,109.5,-80.0,1350.0,-0.12777777777777777,1341.0833333333333,1361.5,114.45863650919783,,,79.08333333333326,92.25,0.035999486245712434,4.727387818712341,4.3694478524670215,2.5649493574615367,2.3978952727983707,0.0,0.0,43,1849,-0.4999999999999997,-0.8660254037844388,-1.0,-1.8369701987210297e-16,1300.0,7.170888478512505,0.10403397027600847,2018-08-01
Maize,2018-08-01,1300.0,1347.0842391304348,700.0,6300.0,368,243,17,15,0,0,0,2018,8,3,Monsoon,1177.5,1270.0,1200.0,1160.0,1391.0,0.10403397027600847,0.08333333333333326,-0.06542056074766356,122.5,1215.8333333333333,1193.75,1214.9166666666667,1200.0,1186.25,1186.25,48.23985212802114,40.98017813528778,80.1926184920168,1160.0,1270.0,-22.5,17.5,-213.5,1391.0,-0.06542056074766356,1337.2790697674418,1359.0,115.80660717670942,,,-16.25,-8.75,0.03432894503479605,5.910796644040527,5.497168225293202,2.8903717578961645,2.772588722239781,0.0,0.0,44,1936,-0.8660254037844385,-0.5000000000000004,-1.0,-1.8369701987210297e-16,1313.5,7.181211644169936,0.010384615384615437,2018-09-01
Maize,2018-09-01,1313.5,1324.2245762711864,600.0,3950.0,236,159,13,13,0,0,0,2018,9,3,Monsoon,1300.0,1177.5,1270.0,1160.0,1350.0,0.010384615384615437,0.03425196850393708,-0.02703703703703708,13.5,1249.1666666666667,1217.0833333333333,1207.3333333333333,1270.0,1197.5,1186.25,63.852042514968495,55.28147670482942,64.86571209861727,1160.0,1300.0,30.0,140.0,-50.0,1350.0,-0.02703703703703708,1336.4318181818182,1354.5,114.58999666703973,,,82.91666666666674,102.5,0.04542127493721007,5.4680601411351315,5.075173815233827,2.6390573296152584,2.6390573296152584,0.0,0.0,45,2025,-1.0,-1.8369701987210297e-16,-1.0,-1.8369701987210297e-16,1357.0,7.213768308118642,0.033117624666920475,2018-10-01
Maize,2018-10-01,1357.0,1373.3777239709443,850.0,3308.0,413,286,17,14,0,0,0,2018,10,4,Autumn,1313.5,1300.0,1177.5,1195.0,1206.0,0.033117624666920475,0.15244161358811037,0.12520729684908782,43.5,1263.6666666666667,1242.6666666666667,1204.2916666666667,1300.0,1235.0,1186.25,74.92718687721661,58.975983812621735,58.06714699902311,1177.5,1313.5,136.0,118.5,107.5,1206.0,0.12520729684908782,1335.9222222222222,1350.0,113.33192178265332,,,70.83333333333326,78.5,0.04745921444148744,6.025865973825314,5.659482215759621,2.8903717578961645,2.70805020110221,0.0,0.0,46,2116,-0.8660254037844386,0.5000000000000001,-2.4492935982947064e-16,1.0,1357.5,7.214136428866403,0.0003684598378776993,2018-11-01
Maize,2018-11-01,1357.5,1377.7116788321168,1010.0,2950.0,274,232,11,14,0,0,0,2018,11,4,Autumn,1357.0,1313.5,1300.0,1200.0,1149.0,0.0003684598378776993,0.044230769230769296,0.18146214099216706,0.5,1323.5,1269.6666666666667,1216.875,1313.5,1285.0,1186.25,29.786742017213022,69.01714762772107,72.9299554990335,1177.5,1357.0,57.0,157.0,208.0,1149.0,0.18146214099216706,1336.3804347826087,1353.5,112.10868658893303,1345.0,1345.0,87.33333333333326,72.0,0.05435847804756188,5.616771097666572,5.4510384535657,2.4849066497880004,2.70805020110221,0.0,0.0,47,2209,-0.5000000000000004,0.8660254037844384,-2.4492935982947064e-16,1.0,1496.0,7.311218384419629,0.10202578268876605,2018-12-01
Maize,2018-12-01,1496.0,1498.1991434689508,1000.0,3250.0,467,325,14,15,0,0,0,2018,12,4,Winter,1357.5,1357.0,1313.5,1270.0,1160.0,0.10202578268876605,0.13894175866006853,0.289655172413793,138.5,1342.6666666666667,1295.9166666666667,1234.25,1357.0,1306.75,1197.5,25.260311425897665,67.14716424888448,79.80217016871447,1177.5,1357.5,44.0,87.5,197.5,1160.0,0.289655172413793,1336.8297872340424,1357.0,110.92620326907812,1364.75,1364.75,61.58333333333326,50.75,0.05181441521359486,6.148468295917647,5.786897381366708,2.70805020110221,2.772588722239781,0.0,0.0,48,2304,-2.4492935982947064e-16,1.0,-2.4492935982947064e-16,1.0,1625.0,7.3938782901077555,0.08622994652406413,2019-01-01
Maize,2019-01-01,1625.0,1623.051948051948,160.0,3500.0,539,336,16,13,0,0,0,2019,1,1,Winter,1496.0,1357.5,1357.0,1177.5,1160.5,0.08622994652406413,0.19749447310243173,0.4002585092632487,129.0,1403.5,1333.5833333333333,1262.25,1357.5,1335.25,1235.0,80.10773995064397,103.33702950378782,106.02068837560178,1177.5,1496.0,139.0,318.5,335.5,1160.5,0.4002585092632487,1340.1458333333333,1357.25,112.11885592802797,1350.0,1350.0,162.41666666666674,160.75,0.07748824308226294,6.29156913955832,5.820082930352362,2.833213344056216,2.6390573296152584,0.0,0.0,49,2401,0.49999999999999994,0.8660254037844387,1.0,6.123233995736766e-17,1850.0,7.523481312573497,0.1384615384615384,2019-02-01
Maize,2019-02-01,1850.0,1824.8715176715175,195.0,3500.0,481,311,16,14,0,0,0,2019,2,1,Winter,1625.0,1496.0,1357.5,1300.0,1160.0,0.1384615384615384,0.3627992633517496,0.5948275862068966,225.0,1492.8333333333333,1408.1666666666667,1300.9583333333333,1496.0,1357.25,1285.0,133.77811231039755,126.94749570852834,143.6215763629191,1300.0,1625.0,267.5,325.0,465.0,1160.0,0.5948275862068966,1345.9591836734694,1357.5,118.17235985057177,1350.0,1350.0,216.83333333333326,267.75,0.09015090238503609,6.1779441140506,5.7430031878094825,2.833213344056216,2.70805020110221,0.0,0.0,50,2500,0.8660254037844386,0.5000000000000001,1.0,6.123233995736766e-17,1850.0,7.523481312573497,0.0,2019-03-01
Maize,2019-03-01,1850.0,1829.4014084507041,191.0,2700.0,426,274,15,14,0,0,0,2019,3,1,Spring,1850.0,1625.0,1496.0,1313.5,1160.0,0.0,0.2366310160427807,0.5948275862068966,0.0,1657.0,1499.8333333333333,1358.4583333333333,1625.0,1426.75,1306.75,179.15635629248553,206.72606673244414,206.44198594425063,1313.5,1850.0,354.0,536.5,690.0,1160.0,0.5948275862068966,1356.04,1358.25,136.9702723593848,1342.5,1342.5,350.16666666666674,423.25,0.1378326925652478,6.056784013228625,5.616771097666572,2.772588722239781,2.70805020110221,0.0,0.0,51,2601,1.0,6.123233995736766e-17,1.0,6.123233995736766e-17,1950.0,7.576097340623111,0.054054054054053946,2019-04-01
Maize,2019-04-01,1950.0,1923.8598382749326,205.0,6750.0,371,257,14,12,0,0,0,2019,4,2,Spring,1850.0,1850.0,1625.0,1357.0,1195.0,0.054054054054053946,0.19999999999999996,0.6317991631799162,100.0,1775.0,1589.25,1415.9583333333333,1850.0,1560.5,1335.25,129.90381056766586,225.21228874109065,239.57419218397916,1357.0,1850.0,225.0,493.0,655.0,1195.0,0.6317991631799162,1365.7254901960785,1359.0,152.2165665663724,1366.5,1366.5,260.75,289.5,0.1417097931358129,5.918893854273146,5.552959584921617,2.70805020110221,2.5649493574615367,0.0,0.0,52,2704,0.8660254037844387,-0.4999999999999998,1.2246467991473532e-16,-1.0,1900.0,7.550135342488429,-0.02564102564102566,2019-05-01
Maize,2019-05-01,1900.0,1894.9780564263324,170.0,3300.0,319,233,14,13,0,0,0,2019,5,2,Summer,1950.0,1850.0,1850.0,1357.5,1200.0,-0.02564102564102566,0.027027027027026973,0.5833333333333333,-50.0,1883.3333333333333,1688.0833333333333,1478.875,1850.0,1737.5,1357.25,57.73502691896261,232.89276860106062,273.0683501682985,1357.5,1950.0,100.0,592.5,750.0,1200.0,0.5833333333333333,1376.9615384615386,1361.5,171.11548233758955,1437.5,1437.5,261.91666666666674,212.5,0.13796283868355272,5.768320995793772,5.455321115357702,2.70805020110221,2.6390573296152584,0.0,0.0,53,2809,0.49999999999999994,-0.8660254037844387,1.2246467991473532e-16,-1.0,1900.0,7.550135342488429,0.0,2019-06-01
Maize,2019-06-01,1900.0,1908.79797979798,185.0,2700.0,297,204,15,15,0,0,0,2019,6,2,Summer,1900.0,1950.0,1850.0,1496.0,1270.0,0.0,0.027027027027026973,0.49606299212598426,0.0,1900.0,1778.5,1537.2083333333333,1900.0,1850.0,1426.75,50.00000000000006,177.6330487268645,282.6773343916841,1496.0,1950.0,50.0,404.0,630.0,1270.0,0.49606299212598426,1386.8301886792453,1364.0,184.06277522889766,1455.5,1455.5,121.5,50.0,0.09987801446548468,5.697093486505405,5.3230099791384085,2.772588722239781,2.772588722239781,0.0,0.0,54,2916,1.2246467991473532e-16,-1.0,1.2246467991473532e-16,-1.0,1905.0,7.552762084214147,0.002631578947368318,2019-07-01
Maize,2019-07-01,1905.0,1935.0603825136611,191.1,4455.0,366,226,18,12,0,0,0,2019,7,3,Monsoon,1900.0,1900.0,1950.0,1625.0,1177.5,0.002631578947368318,-0.023076923076923106,0.6178343949044587,5.0,1916.6666666666667,1845.8333333333333,1589.7083333333333,1900.0,1875.0,1560.5,28.867513459481398,114.47343214330279,287.0086677764071,1625.0,1950.0,-50.0,275.0,722.5,1177.5,0.6178343949044587,1396.3333333333333,1364.5,195.23474018110838,1494.0,1494.0,54.16666666666674,25.0,0.062017209287568105,5.905361848054571,5.424950017481403,2.9444389791664403,2.5649493574615367,0.0,0.0,55,3025,-0.4999999999999997,-0.8660254037844388,-1.0,-1.8369701987210297e-16,1980.0,7.591357046698551,0.03937007874015741,2019-08-01
Maize,2019-08-01,1980.0,2024.2676056338028,400.0,6000.0,284,185,16,14,0,0,0,2019,8,3,Monsoon,1905.0,1900.0,1900.0,1850.0,1300.0,0.03937007874015741,0.042105263157894646,0.523076923076923,75.0,1901.6666666666667,1892.5,1650.3333333333333,1900.0,1900.0,1737.5,2.886751345948096,37.91437722026725,268.24381153018714,1850.0,1950.0,5.0,55.0,605.0,1300.0,0.523076923076923,1405.581818181818,1365.0,205.21972785367564,1404.5,1404.5,12.5,5.0,0.02003401702524029,5.652489180268651,5.225746673713202,2.833213344056216,2.70805020110221,0.0,0.0,56,3136,-0.8660254037844385,-0.5000000000000004,-1.0,-1.8369701987210297e-16,1850.0,7.523481312573497,-0.06565656565656564,2019-09-01
Maize,2019-09-01,1850.0,1814.2616822429907,250.0,3500.0,107,67,11,9,0,0,0,2019,9,3,Monsoon,1980.0,1905.0,1900.0,1850.0,1313.5,-0.06565656565656564,-0.02631578947368418,0.408450704225352,-130.0,1928.3333333333333,1914.1666666666667,1707.0,1905.0,1902.5,1850.0,44.81443219916254,45.212461409078436,259.17973756379286,1850.0,1980.0,80.0,130.0,666.5,1313.5,0.408450704225352,1415.8392857142858,1365.25,217.35105887068454,1344.5,1344.5,65.83333333333326,77.5,0.02361991889024559,4.68213122712422,4.219507705176107,2.4849066497880004,2.302585092994046,0.0,0.0,57,3249,-1.0,-1.8369701987210297e-16,-1.0,-1.8369701987210297e-16,1925.0,7.563200592358071,0.04054054054054057,2019-10-01
Maize,2019-10-01,1925.0,1923.976833976834,230.0,3450.0,259,191,15,11,0,0,0,2019,10,4,Autumn,1850.0,1980.0,1905.0,1950.0,1357.0,0.04054054054054057,0.01049868766404205,0.41857037582903467,75.0,1911.6666666666667,1914.1666666666667,1751.7083333333333,1905.0,1902.5,1850.0,65.25590650150637,45.212461409078436,229.73032197194502,1850.0,1980.0,-55.0,-100.0,493.0,1357.0,0.41857037582903467,1423.4561403508771,1365.5,222.94578698606773,1394.75,1394.75,-64.16666666666674,-52.5,0.02361991889024559,5.560681631015528,5.2574953720277815,2.772588722239781,2.4849066497880004,0.0,0.0,58,3364,-0.8660254037844386,0.5000000000000001,-2.4492935982947064e-16,1.0,1750.0,7.467942332285852,-0.09090909090909094,2019-11-01
Maize,2019-11-01,1750.0,1729.0495238095239,184.0,3750.0,525,348,15,15,0,0,0,2019,11,4,Autumn,1925.0,1850.0,1980.0,1900.0,1357.5,-0.09090909090909094,-0.11616161616161613,0.28913443830570906,-175.0,1918.3333333333333,1910.0,1799.0416666666667,1925.0,1902.5,1875.0,65.25590650150637,42.308391602621064,197.22765553050826,1850.0,1980.0,-55.0,25.0,567.5,1357.5,0.28913443830570906,1432.103448275862,1367.5,230.58580544368144,1351.8333333333333,1365.5,15.0,22.5,0.022150990367864432,6.26530121273771,5.855071922202427,2.772588722239781,2.772588722239781,0.0,0.0,59,3481,-0.5000000000000004,0.8660254037844384,-2.4492935982947064e-16,1.0,1785.0,7.487733761436444,0.020000000000000018,2019-12-01
Maize,2019-12-01,1785.0,1780.0828402366865,1300.0,3348.0,169,114,12,8,0,0,0,2019,12,4,Winter,1750.0,1925.0,1850.0,1900.0,1496.0,0.020000000000000018,-0.03513513513513511,0.19318181818181812,35.0,1841.6666666666667,1885.0,1831.75,1850.0,1902.5,1875.0,87.79711460710621,78.35815209664347,142.22077907254004,1750.0,1980.0,-100.0,-150.0,254.0,1496.0,0.19318181818181812,1437.4915254237287,1369.5,232.30571213911324,1374.8333333333333,1395.0,-135.0,-152.5,0.04156931145710529,5.135798437050262,4.74493212836325,2.5649493574615367,2.1972245773362196,0.0,0.0,60,3600,-2.4492935982947064e-16,1.0,-2.4492935982947064e-16,1.0,1871.0,7.534762657037537,0.048179271708683524,2020-01-01
Maize,2020-01-01,1871.0,1885.4988764044945,850.0,5140.0,445,295,10,14,0,0,0,2020,1,1,Winter,1785.0,1750.0,1925.0,1905.0,1625.0,0.048179271708683524,-0.028051948051948106,0.15138461538461545,86.0,1820.0,1865.8333333333333,1855.8333333333333,1785.0,1877.5,1875.0,92.60129588726073,87.48809442814127,97.69696499736948,1750.0,1980.0,-140.0,-120.0,160.0,1625.0,0.15138461538461545,1443.2833333333333,1372.25,234.65713117022366,1361.6666666666667,1385.0,-80.83333333333326,-92.5,0.04688955485206321,6.100318952020064,5.69035945432406,2.3978952727983707,2.70805020110221,0.0,0.0,61,3721,0.49999999999999994,0.8660254037844387,1.0,6.123233995736766e-17,1790.0,7.490529402060711,-0.04329235702832712,2020-02-01
Maize,2020-02-01,1790.0,1784.7326007326008,1200.0,2600.0,273,187,10,11,0,0,0,2020,2,1,Winter,1871.0,1785.0,1750.0,1980.0,1850.0,-0.04329235702832712,0.02285714285714291,-0.032432432432432434,-81.0,1802.0,1860.1666666666667,1876.3333333333333,1785.0,1860.5,1885.5,62.26556030423247,85.52290141633034,65.29281365626545,1750.0,1980.0,121.0,-109.0,21.0,1850.0,-0.032432432432432434,1450.295081967213,1375.0,239.05078569642163,1360.0,1380.0,10.833333333333258,10.5,0.045975934817487865,5.6131281063880705,5.236441962829949,2.3978952727983707,2.4849066497880004,0.0,0.0,62,3844,0.8660254037844386,0.5000000000000001,1.0,6.123233995736766e-17,1630.0,7.396948602621014,-0.08938547486033521,2020-03-01
Maize,2020-03-01,1630.0,1671.8219178082193,1300.0,2200.0,73,52,9,9,0,0,0,2020,3,1,Spring,1790.0,1871.0,1785.0,1850.0,1850.0,-0.08938547486033521,-0.08683473389355745,-0.11891891891891893,-160.0,1815.3333333333333,1828.5,1871.3333333333333,1790.0,1820.0,1885.5,48.27352621606737,64.988460514161,69.64498720241482,1750.0,1925.0,5.0,-60.0,-60.0,1850.0,-0.11891891891891893,1455.774193548387,1377.5,240.97666163812838,1355.0,1375.0,-38.5,-30.0,0.03554195270120919,4.30406509320417,3.970291913552122,2.302585092994046,2.302585092994046,0.0,0.0,63,3969,1.0,6.123233995736766e-17,1.0,6.123233995736766e-17,1536.0,7.337587743538596,-0.05766871165644172,2020-04-01
Maize,2020-04-01,1536.0,1589.017543859649,1000.0,2500.0,114,87,7,6,0,0,0,2020,4,2,Spring,1630.0,1790.0,1871.0,1925.0,1950.0,-0.05766871165644172,-0.17904863709246388,-0.2123076923076923,-94.0,1763.6666666666667,1791.8333333333333,1853.0,1790.0,1787.5,1885.5,122.63903674333613,101.97140121949528,98.67669891667016,1630.0,1925.0,-241.0,-295.0,-320.0,1950.0,-0.2123076923076923,1458.5396825396826,1380.0,240.03116903763774,1367.5,1369.5,-161.83333333333326,-157.5,0.05690897658980296,4.74493212836325,4.477336814478207,2.0794415416798357,1.9459101490553132,0.0,0.0,64,4096,0.8660254037844387,-0.4999999999999998,1.2246467991473532e-16,-1.0,1367.5,7.221470528480734,-0.10970052083333337,2020-05-01
Maize,2020-05-01,1367.5,1460.9815789473685,840.0,3130.0,190,158,9,11,0,0,0,2020,5,2,Summer,1536.0,1630.0,1790.0,1750.0,1900.0,-0.10970052083333337,-0.2360335195530726,-0.2802631578947369,-168.5,1652.0,1727.0,1818.5,1630.0,1767.5,1860.5,128.42118205342928,122.05572497839064,129.30056598343486,1536.0,1871.0,-254.0,-214.0,-364.0,1900.0,-0.2802631578947369,1459.75,1380.0,238.3153173343889,1408.3333333333333,1350.0,-191.0,-231.5,0.07067499998748734,5.25227342804663,5.0689042022202315,2.302585092994046,2.4849066497880004,0.0,0.0,65,4225,0.49999999999999994,-0.8660254037844387,1.2246467991473532e-16,-1.0,1250.0,7.1316985104669115,-0.08592321755027421,2020-06-01
Maize,2020-06-01,1250.0,1354.8176795580112,850.0,4150.0,362,236,13,12,0,0,0,2020,6,2,Summer,1367.5,1536.0,1630.0,1785.0,1900.0,-0.08592321755027421,-0.2331288343558282,-0.3421052631578947,-117.5,1511.1666666666667,1663.25,1774.125,1536.0,1707.5,1820.0,133.00031328283916,189.11101237104216,180.1600456412429,1367.5,1871.0,-262.5,-417.5,-532.5,1900.0,-0.3421052631578947,1458.3307692307692,1380.0,236.72284488080476,1434.0,1391.0,-295.75,-340.0,0.11369969179079643,5.8944028342648505,5.4680601411351315,2.6390573296152584,2.5649493574615367,0.0,0.0,66,4356,1.2246467991473532e-16,-1.0,1.2246467991473532e-16,-1.0,1300.0,7.170888478512505,0.040000000000000036,2020-07-01
Maize,2020-07-01,1300.0,1337.2857142857142,500.0,2300.0,287,200,13,12,0,0,0,2020,7,3,Monsoon,1250.0,1367.5,1536.0,1871.0,1905.0,0.040000000000000036,-0.15364583333333337,-0.3175853018372703,50.0,1384.5,1574.0833333333333,1719.9583333333333,1367.5,1583.0,1787.5,143.7558694453901,239.60935221035723,229.76039479238293,1250.0,1871.0,-286.0,-621.0,-655.0,1905.0,-0.3175853018372703,1455.1742424242425,1377.5,236.29047463506313,1446.0,1393.0,-324.08333333333326,-333.0,0.15222151657177654,5.662960480135946,5.303304908059076,2.6390573296152584,2.5649493574615367,0.0,0.0,67,4489,-0.4999999999999997,-0.8660254037844388,-1.0,-1.8369701987210297e-16,1249.0,7.1308988302963465,-0.03923076923076918,2020-08-01
Maize,2020-08-01,1249.0,1328.8028169014085,950.0,2010.0,71,55,7,9,0,0,0,2020,8,3,Monsoon,1300.0,1250.0,1367.5,1790.0,1980.0,-0.03923076923076918,-0.08665447897623402,-0.3691919191919192,-51.0,1305.8333333333333,1478.9166666666667,1669.5416666666667,1300.0,1451.75,1767.5,58.966798567781936,209.61164487372093,250.87315323715217,1250.0,1790.0,-67.5,-490.0,-680.0,1980.0,-0.3691919191919192,1452.858208955224,1375.0,235.25862309849157,1338.3333333333333,1359.0,-178.91666666666674,-151.75,0.14173323595450787,4.276666119016055,4.02535169073515,2.0794415416798357,2.302585092994046,0.0,0.0,68,4624,-0.8660254037844385,-0.5000000000000004,-1.0,-1.8369701987210297e-16,1200.0,7.0909098220799835,-0.039231385108086436,2020-09-01
Maize,2020-09-01,1200.0,1254.795918367347,610.0,3785.0,245,180,11,11,0,0,0,2020,9,3,Monsoon,1249.0,1300.0,1250.0,1630.0,1850.0,-0.039231385108086436,-0.040000000000000036,-0.3513513513513513,-49.0,1266.3333333333333,1388.75,1608.625,1250.0,1333.75,1690.0,29.16047553338877,159.36993129194764,257.30271568718445,1249.0,1630.0,-1.0,-381.0,-601.0,1850.0,-0.3513513513513513,1449.860294117647,1372.25,234.80140617170656,1279.3333333333333,1325.0,-139.75,-84.75,0.11475782631283359,5.5053315359323625,5.198497031265826,2.4849066497880004,2.4849066497880004,0.0,0.0,69,4761,-1.0,-1.8369701987210297e-16,-1.0,-1.8369701987210297e-16,1201.0,7.091742115095153,0.0008333333333332416,2020-10-01
Maize,2020-10-01,1201.0,1250.4381625441697,800.0,2100.0,283,194,12,11,0,0,0,2020,10,4,Autumn,1200.0,1249.0,1300.0,1536.0,1925.0,0.0008333333333332416,-0.07615384615384613,-0.37610389610389605,1.0,1249.6666666666667,1317.0833333333333,1554.4583333333333,1249.0,1275.0,1583.0,50.00333322222998,121.32782725602033,269.97571088840004,1200.0,1536.0,-100.0,-336.0,-725.0,1925.0,-0.37610389610389605,1446.2391304347825,1369.5,235.00154268416756,1316.5,1365.0,-117.08333333333326,-75.0,0.09211856545854122,5.648974238161206,5.272999558563747,2.5649493574615367,2.4849066497880004,0.0,0.0,70,4900,-0.8660254037844386,0.5000000000000001,-2.4492935982947064e-16,1.0,1360.0,7.215975002651466,0.13238967527060774,2020-11-01
Maize,2020-11-01,1360.0,1374.2337662337663,900.0,1900.0,77,51,9,7,0,0,0,2020,11,4,Autumn,1201.0,1200.0,1249.0,1367.5,1750.0,0.13238967527060774,0.08887109687750194,-0.22285714285714286,159.0,1216.6666666666667,1261.25,1494.125,1201.0,1249.5,1451.75,28.005951748393993,63.95134869570781,260.3679324096435,1200.0,1367.5,-48.0,-166.5,-549.0,1750.0,-0.22285714285714286,1442.7357142857143,1368.5,235.12661900957474,1304.0,1307.75,-60.25,-48.5,0.05070473632959985,4.356708826689592,3.9512437185814275,2.302585092994046,2.0794415416798357,0.0,0.0,71,5041,-0.5000000000000004,0.8660254037844384,-2.4492935982947064e-16,1.0,1351.0,7.20934025660291,-0.006617647058823506,2020-12-01
Maize,2020-12-01,1351.0,1437.2283737024222,971.0,3900.0,289,223,11,12,0,0,0,2020,12,4,Winter,1360.0,1201.0,1200.0,1250.0,1785.0,-0.006617647058823506,0.12583333333333324,-0.2431372549019608,-9.0,1253.6666666666667,1260.0,1461.625,1201.0,1249.5,1363.75,92.08872533233028,61.48495750994717,249.6449410480994,1200.0,1360.0,160.0,110.0,-425.0,1785.0,-0.2431372549019608,1441.5704225352113,1367.5,233.64751069834495,1321.125,1347.5,100.0,110.5,0.0487975853253549,5.66988092298052,5.4116460518550396,2.4849066497880004,2.5649493574615367,0.0,0.0,72,5184,-2.4492935982947064e-16,1.0,-2.4492935982947064e-16,1.0,1301.5,7.172040773627522,-0.03663952627683198,2021-01-01
Maize,2021-01-01,1301.5,1422.8313609467455,970.0,4600.0,338,253,11,13,0,0,0,2021,1,1,Winter,1351.0,1360.0,1201.0,1300.0,1871.0,-0.03663952627683198,0.08368026644462945,-0.30438268305718863,-49.5,1304.0,1276.8333333333333,1425.4583333333333,1351.0,1274.5,1355.5,89.3140526457065,71.25002923976021,229.1325002078821,1200.0,1360.0,150.0,51.0,-520.0,1871.0,-0.30438268305718863,1440.3125,1366.5,232.24168502679385,1311.25,1342.5,74.16666666666674,76.5,0.055802137506665093,5.82600010738045,5.537334267018537,2.4849066497880004,2.6390573296152584,0.0,0.0,73,5329,0.49999999999999994,0.8660254037844387,1.0,6.123233995736766e-17,1289.0,7.162397497355718,-0.009604302727622027,2021-02-01
Maize,2021-02-01,1289.0,1349.9212598425197,950.0,6000.0,381,266,12,13,0,0,0,2021,2,1,Winter,1301.5,1351.0,1360.0,1249.0,1790.0,-0.009604302727622027,-0.05220588235294121,-0.27988826815642454,-12.5,1337.5,1277.0833333333333,1378.0,1351.0,1275.25,1326.25,31.50000000000052,71.35013431428622,182.7441082248864,1200.0,1360.0,-58.5,52.5,-488.5,1790.0,-0.27988826815642454,1438.4109589041095,1365.5,231.19481837813984,1318.75,1340.0,24.416666666666742,26.25,0.05586959946306262,5.945420608606575,5.58724865840025,2.5649493574615367,2.6390573296152584,0.0,0.0,74,5476,0.8660254037844386,0.5000000000000001,1.0,6.123233995736766e-17,1357.5,7.214136428866403,0.053141970519782866,2021-03-01
Maize,2021-03-01,1357.5,1420.6735294117648,345.0,6950.0,340,243,11,10,0,0,0,2021,3,1,Spring,1289.0,1301.5,1351.0,1200.0,1630.0,0.053141970519782866,0.0048112509252404845,-0.16717791411042948,68.5,1313.8333333333333,1283.75,1336.25,1301.5,1295.25,1300.75,32.78846341830255,70.05836852225453,129.54807812335312,1200.0,1360.0,-62.0,89.0,-341.0,1630.0,-0.16717791411042948,1436.3918918918919,1365.25,230.26182640742107,1316.25,1342.5,5.25,-6.25,0.05457321793359651,5.831882477283517,5.497168225293202,2.4849066497880004,2.3978952727983707,0.0,0.0,75,5625,1.0,6.123233995736766e-17,1.0,6.123233995736766e-17,1385.0,7.234177179749849,0.0202578268876612,2021-04-01
Maize,2021-04-01,1385.0,1443.995670995671,900.0,4500.0,231,178,11,11,0,0,0,2021,4,2,Spring,1357.5,1289.0,1301.5,1201.0,1536.0,0.0202578268876612,0.0641567422205147,-0.09830729166666663,27.5,1316.0,1310.0,1313.5416666666667,1301.5,1326.25,1300.75,36.47944626772765,61.37018820241673,91.74283681062212,1201.0,1360.0,56.0,156.5,-178.5,1536.0,-0.09830729166666663,1435.34,1365.0,228.88206806362328,1343.125,1320.75,47.5,31.25,0.04684747191024178,5.44673737166631,5.187385805840755,2.4849066497880004,2.4849066497880004,0.0,0.0,76,5776,0.8660254037844387,-0.4999999999999998,1.2246467991473532e-16,-1.0,1470.0,7.293697720601438,0.06137184115523464,2021-05-01
Maize,2021-05-01,1470.0,1491.1186440677966,1150.0,1900.0,59,51,10,9,0,0,0,2021,5,2,Summer,1385.0,1357.5,1289.0,1360.0,1367.5,0.06137184115523464,0.14041892940263767,0.07495429616087756,85.0,1343.8333333333333,1340.6666666666667,1300.9583333333333,1357.5,1354.25,1300.75,49.437671196501206,37.236630710454286,64.87941904141358,1289.0,1385.0,96.0,25.0,17.5,1367.5,0.07495429616087756,1434.6776315789473,1365.25,227.42438602676083,1350.625,1312.5,44.33333333333326,30.75,0.027774712116201604,4.0943445622221,3.9512437185814275,2.3978952727983707,2.302585092994046,0.0,0.0,77,5929,0.49999999999999994,-0.8660254037844387,1.2246467991473532e-16,-1.0,1500.0,7.313886831633462,0.020408163265306145,2021-06-01
Maize,2021-06-01,1500.0,1508.8649789029537,750.0,2200.0,237,171,12,12,0,0,0,2021,6,2,Summer,1470.0,1385.0,1357.5,1351.0,1250.0,0.020408163265306145,0.1049723756906078,0.19999999999999996,30.0,1404.1666666666667,1359.0,1309.5,1385.0,1354.25,1300.75,58.64796103304329,65.22192882765812,79.52958283214102,1289.0,1470.0,112.5,119.0,220.0,1250.0,0.19999999999999996,1435.1363636363637,1365.5,225.95907635366825,1400.5,1345.5,111.0,115.75,0.04799258927715829,5.472270673671475,5.147494476813453,2.5649493574615367,2.5649493574615367,0.0,0.0,78,6084,1.2246467991473532e-16,-1.0,1.2246467991473532e-16,-1.0,1625.0,7.3938782901077555,0.08333333333333326,2021-07-01
Maize,2021-07-01,1625.0,1632.515748031496,500.0,2100.0,254,183,13,10,0,0,0,2021,7,3,Monsoon,1500.0,1470.0,1385.0,1301.5,1300.0,0.08333333333333326,0.1732851985559567,0.25,125.0,1451.6666666666667,1383.8333333333333,1330.3333333333333,1470.0,1371.25,1326.25,59.65176722724448,86.47118980716523,93.96138794335832,1289.0,1500.0,115.0,198.5,200.0,1300.0,0.25,1435.9679487179487,1366.5,224.6071222133981,1412.875,1371.5,116.16666666666674,128.75,0.06248670827929561,5.541263545158426,5.214935757608986,2.6390573296152584,2.3978952727983707,0.0,0.0,79,6241,-0.4999999999999997,-0.8660254037844388,-1.0,-1.8369701987210297e-16,1650.0,7.409136443920128,0.01538461538461533,2021-08-01
Maize,2021-08-01,1650.0,1653.2826086956522,1310.0,2100.0,46,32,7,7,0,0,0,2021,8,3,Monsoon,1625.0,1500.0,1470.0,1289.0,1249.0,0.01538461538461533,0.12244897959183665,0.32105684547638114,25.0,1531.6666666666667,1437.75,1357.4166666666667,1500.0,1427.5,1354.25,82.20908303425693,119.43774529017286,125.85071122227083,1289.0,1625.0,155.0,336.0,376.0,1249.0,0.32105684547638114,1438.360759493671,1367.5,224.17382416428867,1343.0,1358.0,187.25,197.5,0.08307267973581836,3.8501476017100584,3.4965075614664802,2.0794415416798357,2.0794415416798357,0.0,0.0,80,6400,-0.8660254037844385,-0.5000000000000004,-1.0,-1.8369701987210297e-16,1700.0,7.438971592395862,0.030303030303030276,2021-09-01
Maize,2021-09-01,1700.0,1714.358024691358,1001.0,3700.0,243,179,11,10,0,0,0,2021,9,3,Monsoon,1650.0,1625.0,1500.0,1357.5,1200.0,0.030303030303030276,0.1333333333333333,0.41666666666666674,50.0,1591.6666666666667,1497.9166666666667,1390.8333333333333,1625.0,1485.0,1358.75,80.36375634160802,120.44102983064776,146.06137149302748,1357.5,1650.0,150.0,292.5,450.0,1200.0,0.41666666666666674,1441.00625,1368.5,224.00372247344916,1298.875,1341.25,152.08333333333326,165.0,0.0804056944627412,5.497168225293202,5.19295685089021,2.4849066497880004,2.3978952727983707,0.0,0.0,81,6561,-1.0,-1.8369701987210297e-16,-1.0,-1.8369701987210297e-16,1630.0,7.396948602621014,-0.04117647058823526,2021-10-01
Maize,2021-10-01,1630.0,1597.342019543974,701.0,3600.0,307,221,12,13,0,0,0,2021,10,4,Autumn,1700.0,1650.0,1625.0,1385.0,1201.0,-0.04117647058823526,0.003076923076922977,0.35720233139050794,-70.0,1658.3333333333333,1555.0,1432.5,1650.0,1562.5,1372.5,38.18813079129876,121.73742234826734,157.53974967376564,1385.0,1700.0,75.0,315.0,499.0,1201.0,0.35720233139050794,1444.2037037037037,1369.5,224.45170384987307,1361.375,1394.75,145.0,137.5,0.07828773141367674,5.730099782973574,5.402677381872279,2.5649493574615367,2.6390573296152584,0.0,0.0,82,6724,-0.8660254037844386,0.5000000000000001,-2.4492935982947064e-16,1.0,1500.0,7.313886831633462,-0.07975460122699385,2021-11-01
Maize,2021-11-01,1500.0,1547.2153110047848,1060.0,3800.0,418,302,12,12,0,0,0,2021,11,4,Autumn,1630.0,1700.0,1650.0,1470.0,1360.0,-0.07975460122699385,-0.09090909090909094,0.10294117647058831,-130.0,1660.0,1595.8333333333333,1468.25,1650.0,1627.5,1427.5,36.05551275464001,90.35577826938994,148.65571878428622,1470.0,1700.0,-20.0,160.0,270.0,1360.0,0.10294117647058831,1446.469512195122,1372.25,224.0035458763794,1368.2,1365.5,34.16666666666674,2.5,0.05661980883721563,6.037870919922137,5.713732805509369,2.5649493574615367,2.5649493574615367,0.0,0.0,83,6889,-0.5000000000000004,0.8660254037844384,-2.4492935982947064e-16,1.0,1585.0,7.368970402194793,0.05666666666666664,2021-12-01
Maize,2021-12-01,1585.0,1611.2473572938688,900.0,2453.0,473,320,12,13,0,0,0,2021,12,4,Winter,1500.0,1630.0,1700.0,1500.0,1351.0,0.05666666666666664,-0.0676470588235294,0.17320503330866033,85.0,1610.0,1600.8333333333333,1479.9166666666667,1630.0,1627.5,1485.0,101.48891565092224,82.48737277103186,144.83232206642134,1500.0,1700.0,-200.0,0.0,149.0,1351.0,0.17320503330866033,1447.1144578313254,1375.0,222.7110033382594,1426.9,1395.0,-100.83333333333326,-127.5,0.05152777060137337,6.161207321695077,5.771441123130016,2.5649493574615367,2.6390573296152584,0.0,0.0,84,7056,-2.4492935982947064e-16,1.0,-2.4492935982947064e-16,1.0,1628.0,7.395721608602045,0.02712933753943214,2022-01-01
Maize,2022-01-01,1628.0,1645.8475073313782,150.0,2850.0,341,233,11,13,0,0,0,2022,1,1,Winter,1585.0,1500.0,1630.0,1625.0,1301.5,0.02712933753943214,-0.0012269938650306678,0.2508643872454859,43.0,1571.6666666666667,1615.0,1499.4166666666667,1585.0,1627.5,1500.0,66.01767440112792,67.67569726275843,141.6142059728947,1500.0,1700.0,-45.0,-40.0,283.5,1301.5,0.2508643872454859,1448.7559523809523,1377.5,221.87594892446148,1419.0,1385.0,-30.0,-42.5,0.04190445650944795,5.834810737062605,5.455321115357702,2.4849066497880004,2.6390573296152584,0.0,0.0,85,7225,0.49999999999999994,0.8660254037844387,1.0,6.123233995736766e-17,1820.0,7.507141079727608,0.11793611793611802,2022-02-01
Maize,2022-02-01,1820.0,1825.1146341463414,150.0,6200.0,410,266,12,12,0,0,0,2022,2,1,Winter,1628.0,1585.0,1500.0,1650.0,1289.0,0.11793611793611802,0.21333333333333337,0.4119472459270752,192.0,1571.0,1615.5,1526.625,1585.0,1629.0,1542.5,65.13831437794511,67.7753642557569,131.10702168977747,1500.0,1700.0,128.0,-22.0,339.0,1289.0,0.4119472459270752,1450.8647058823528,1380.0,221.4065479017762,1445.0,1380.0,12.5,-1.0,0.041953181216810215,6.018593214496234,5.58724865840025,2.5649493574615367,2.5649493574615367,0.0,0.0,86,7396,0.8660254037844386,0.5000000000000001,1.0,6.123233995736766e-17,1910.0,7.555381944240273,0.0494505494505495,2022-03-01
Maize,2022-03-01,1910.0,1934.7455830388692,210.0,3300.0,283,225,14,10,0,0,0,2022,3,1,Spring,1820.0,1628.0,1585.0,1700.0,1357.5,0.0494505494505495,0.20504731861198744,0.4069981583793738,90.0,1677.6666666666667,1643.8333333333333,1570.875,1628.0,1629.0,1605.0,125.12527056247805,108.42585792451561,133.20731023483725,1500.0,1820.0,235.0,120.0,462.5,1357.5,0.4069981583793738,1455.156976744186,1380.0,223.67067784406385,1433.0,1375.0,176.16666666666674,191.0,0.06595915518068475,5.648974238161206,5.420534999272286,2.70805020110221,2.3978952727983707,0.0,0.0,87,7569,1.0,6.123233995736766e-17,1.0,6.123233995736766e-17,2000.0,7.601402334583733,0.04712041884816753,2022-04-01
Maize,2022-04-01,2000.0,2002.6971608832807,220.0,2800.0,317,236,12,10,0,0,0,2022,4,2,Spring,1910.0,1820.0,1628.0,1630.0,1385.0,0.04712041884816753,0.22850122850122845,0.4440433212996391,90.0,1786.0,1678.8333333333333,1616.9166666666667,1820.0,1629.0,1626.5,144.0416606402467,154.35079094927667,147.471080883575,1500.0,1910.0,282.0,280.0,525.0,1385.0,0.4440433212996391,1460.3850574712644,1380.0,227.65061077905779,1454.5,1369.5,231.16666666666674,281.0,0.0919393175514405,5.762051382780177,5.4680601411351315,2.5649493574615367,2.3978952727983707,0.0,0.0,88,7744,0.8660254037844387,-0.4999999999999998,1.2246467991473532e-16,-1.0,1950.0,7.576097340623111,-0.025000000000000022,2022-05-01
Maize,2022-05-01,1950.0,1948.6875,1401.0,2410.0,80,57,9,7,0,0,0,2022,5,2,Summer,2000.0,1910.0,1820.0,1500.0,1470.0,-0.025000000000000022,0.0714285714285714,0.3265306122448979,-50.0,1910.0,1740.5,1668.1666666666667,1910.0,1724.0,1629.0,89.99999999999999,198.52833550906723,165.32988144001666,1500.0,2000.0,180.0,500.0,530.0,1470.0,0.3265306122448979,1466.5170454545455,1382.5,233.53377821673212,1461.5,1350.0,259.5,276.0,0.11406396754327333,4.394449154672439,4.060443010546419,2.302585092994046,2.0794415416798357,0.0,0.0,89,7921,0.49999999999999994,-0.8660254037844387,1.2246467991473532e-16,-1.0,2000.0,7.601402334583733,0.02564102564102555,2022-06-01
Maize,2022-06-01,2000.0,2000.8933333333334,200.0,4225.0,375,254,14,10,0,0,0,2022,6,2,Summer,1950.0,2000.0,1910.0,1585.0,1500.0,0.02564102564102555,0.04712041884816753,0.33333333333333326,50.0,1953.3333333333333,1815.5,1708.1666666666667,1950.0,1865.0,1640.0,45.0924975282289,172.83952094356465,170.99539245963484,1585.0,2000.0,40.0,365.0,450.0,1500.0,0.33333333333333326,1471.9494382022472,1385.0,237.79138877079723,1516.4,1391.0,134.5,85.0,0.09520215970452474,5.929589143389895,5.541263545158426,2.70805020110221,2.3978952727983707,0.0,0.0,90,8100,1.2246467991473532e-16,-1.0,1.2246467991473532e-16,-1.0,2022.5,7.61258396431592,0.011249999999999982,2022-07-01
Maize,2022-07-01,2022.5,2051.3507462686566,210.0,2588.0,268,195,15,11,0,0,0,2022,7,3,Monsoon,2000.0,1950.0,2000.0,1628.0,1625.0,0.011249999999999982,0.011249999999999982,0.24461538461538468,22.5,1983.3333333333333,1884.6666666666667,1749.8333333333333,2000.0,1930.0,1675.0,28.86751345948128,142.52952910420962,176.4894193755407,1628.0,2000.0,0.0,372.0,375.0,1625.0,0.24461538461538468,1477.8166666666666,1385.0,242.91480739486715,1500.3,1393.0,115.33333333333326,70.0,0.07562585555582399,5.594711379601839,5.278114659230517,2.772588722239781,2.4849066497880004,0.0,0.0,91,8281,-0.4999999999999997,-0.8660254037844388,-1.0,-1.8369701987210297e-16,2100.0,7.650168700845001,0.03831891223732997,2022-08-01
Maize,2022-08-01,2100.0,2138.3260188087775,190.0,7000.0,319,213,14,11,0,0,0,2022,8,3,Monsoon,2022.5,2000.0,1950.0,1820.0,1650.0,0.03831891223732997,0.07692307692307687,0.2727272727272727,77.5,1990.8333333333333,1950.4166666666667,1782.9583333333333,2000.0,1975.0,1760.0,37.1090734636872,75.83562267607392,187.86606185516865,1820.0,2022.5,72.5,202.5,372.5,1650.0,0.2727272727272727,1483.8021978021977,1385.0,248.2180143780517,1459.4,1359.0,72.08333333333326,47.5,0.03888175484353288,5.768320995793772,5.365976015021851,2.70805020110221,2.4849066497880004,0.0,0.0,92,8464,-0.8660254037844385,-0.5000000000000004,-1.0,-1.8369701987210297e-16,2200.0,7.696667081526462,0.04761904761904767,2022-09-01
Maize,2022-09-01,2200.0,2168.7083333333335,220.0,3425.0,288,181,15,10,0,0,0,2022,9,3,Monsoon,2100.0,2022.5,2000.0,1910.0,1700.0,0.04761904761904767,0.10000000000000009,0.2941176470588236,100.0,2040.8333333333333,1997.0833333333333,1820.4583333333333,2022.5,2000.0,1865.0,52.46030245179053,64.89253937601723,203.20001994601523,1910.0,2100.0,100.0,190.0,400.0,1700.0,0.2941176470588236,1490.5,1388.0,255.07312030728897,1389.1,1357.5,102.91666666666674,100.0,0.03249365627006913,5.666426688112432,5.204006687076795,2.772588722239781,2.3978952727983707,0.0,0.0,93,8649,-1.0,-1.8369701987210297e-16,-1.0,-1.8369701987210297e-16,2000.0,7.601402334583733,-0.09090909090909094,2022-10-01
Maize,2022-10-01,2000.0,1989.3271375464683,1300.0,4500.0,269,182,11,10,0,0,0,2022,10,4,Autumn,2200.0,2100.0,2022.5,2000.0,1630.0,-0.09090909090909094,-0.011124845488257096,0.22699386503067487,-200.0,2107.5,2045.4166666666667,1862.125,2100.0,2011.25,1930.0,88.98735865278847,90.14455982846684,226.2141106642925,1950.0,2200.0,177.5,200.0,570.0,1630.0,0.22699386503067487,1498.1290322580646,1391.0,264.1361319721021,1446.1,1424.5,154.58333333333326,188.75,0.04407148983261772,5.598421958998375,5.209486152841421,2.4849066497880004,2.3978952727983707,0.0,0.0,94,8836,-0.8660254037844386,0.5000000000000001,-2.4492935982947064e-16,1.0,1962.0,7.5822291942764615,-0.019000000000000017,2022-11-01
Maize,2022-11-01,1962.0,1940.0960698689955,1400.0,3400.0,458,320,13,14,0,0,0,2022,11,4,Autumn,2000.0,2200.0,2100.0,1950.0,1500.0,-0.019000000000000017,-0.06571428571428573,0.30800000000000005,-38.0,2100.0,2045.4166666666667,1892.9583333333333,2100.0,2011.25,1975.0,100.00000000000004,90.14455982846684,216.71519415765087,1950.0,2200.0,-100.0,50.0,500.0,1500.0,0.30800000000000005,1503.468085106383,1392.0,267.763364560193,1452.0,1402.75,-45.41666666666674,-11.25,0.04407148983261772,6.129050210060545,5.771441123130016,2.6390573296152584,2.70805020110221,0.0,0.0,95,9025,-0.5000000000000004,0.8660254037844384,-2.4492935982947064e-16,1.0,2030.0,7.616283561580385,0.03465851172273182,2022-12-01
Maize,2022-12-01,2030.0,2068.4215328467153,190.0,3400.0,548,340,12,11,0,0,0,2022,12,4,Winter,1962.0,2000.0,2200.0,2000.0,1585.0,0.03465851172273182,-0.07727272727272727,0.28075709779179814,68.0,2054.0,2047.4166666666667,1931.4583333333333,2000.0,2011.25,1981.0,127.8592976673969,87.70428533810671,178.16839051523237,1962.0,2200.0,-238.0,-38.0,377.0,1585.0,0.28075709779179814,1508.2947368421053,1393.0,270.45823501401856,1487.4166666666667,1412.25,-85.41666666666674,-49.25,0.042836559243651776,6.3080984415095305,5.831882477283517,2.5649493574615367,2.4849066497880004,0.0,0.0,96,9216,-2.4492935982947064e-16,1.0,-2.4492935982947064e-16,1.0,2025.0,7.613818684808629,-0.0024630541871921707,2023-01-01
Maize,2023-01-01,2025.0,2063.446808510638,1400.0,2700.0,141,91,11,8,0,0,0,2023,1,1,Winter,2030.0,1962.0,2000.0,2022.5,1628.0,-0.0024630541871921707,0.012499999999999956,0.24385749385749378,-5.0,1997.3333333333333,2052.4166666666665,1968.5416666666667,2000.0,2026.25,2000.0,34.078341117685625,85.28212982019183,142.1774592691926,1962.0,2200.0,30.0,7.5,402.0,1628.0,0.24385749385749378,1513.7291666666667,1394.0,274.2496165776398,1454.1666666666667,1392.5,-22.416666666666515,3.75,0.04155205480702838,4.955827057601261,4.5217885770490405,2.4849066497880004,2.1972245773362196,0.0,0.0,97,9409,0.49999999999999994,0.8660254037844387,1.0,6.123233995736766e-17,2091.5,7.6461148023636305,0.03283950617283948,2023-02-01
Maize,2023-02-01,2091.5,2113.8449781659388,213.0,7502.0,458,289,13,12,0,0,0,2023,2,1,Winter,2025.0,2030.0,1962.0,2100.0,1820.0,0.03283950617283948,0.06600407747196746,0.1491758241758241,66.5,2005.6666666666667,2052.8333333333335,2001.625,2025.0,2027.5,2000.0,37.898988552906545,85.11267042378621,93.63544516319458,1962.0,2200.0,63.0,-75.0,205.0,1820.0,0.1491758241758241,1519.0,1395.0,277.71245620845554,1460.1666666666667,1390.0,-27.833333333333485,-2.5,0.04146107189597444,6.129050210060545,5.66988092298052,2.6390573296152584,2.5649493574615367,0.0,0.0,98,9604,0.8660254037844386,0.5000000000000001,1.0,6.123233995736766e-17,2060.0,7.630946580890459,-0.015060961032751563,2023-03-01
Maize,2023-03-01,2060.0,2095.7152542372883,1400.0,6050.0,295,232,13,11,0,0,0,2023,3,1,Spring,2091.5,2025.0,2030.0,2200.0,1910.0,-0.015060961032751563,0.014778325123152802,0.07853403141361248,-31.5,2048.8333333333335,2051.4166666666665,2024.25,2030.0,2027.5,2011.25,37.03489345648687,84.23681894912727,77.10132058767987,1962.0,2200.0,61.5,-108.5,181.5,1910.0,0.07853403141361248,1524.841836734694,1397.5,282.2650614806482,1422.0833333333333,1371.25,40.083333333333485,64.0,0.041062754494435846,5.69035945432406,5.4510384535657,2.6390573296152584,2.4849066497880004,0.0,0.0,99,9801,1.0,6.123233995736766e-17,1.0,6.123233995736766e-17,2050.0,7.62608275807238,-0.004854368932038833,2023-04-01
Maize,2023-04-01,2050.0,2082.1166077738517,1350.0,3200.0,283,195,11,9,0,0,0,2023,4,2,Spring,2060.0,2091.5,2025.0,2000.0,2000.0,-0.004854368932038833,0.012345679012345734,0.02499999999999991,-10.0,2058.8333333333335,2028.0833333333333,2036.75,2060.0,2027.5,2023.75,33.26534733522757,45.18674215594674,68.5835588567341,1962.0,2091.5,35.0,60.0,60.0,2000.0,0.02499999999999991,1530.2474747474748,1400.0,285.92558591761866,1420.4166666666667,1320.75,31.916666666666742,32.5,0.02228051550607556,5.648974238161206,5.278114659230517,2.4849066497880004,2.302585092994046,0.0,0.0,100,10000,0.8660254037844387,-0.4999999999999998,1.2246467991473532e-16,-1.0,1899.0,7.549609165154532,-0.07365853658536581,2023-05-01
Maize,2023-05-01,1899.0,1908.9283489096574,180.0,3252.0,321,234,11,9,0,0,0,2023,5,2,Summer,2050.0,2060.0,2091.5,1962.0,1950.0,-0.07365853658536581,-0.09203920631125984,-0.026153846153846194,-151.0,2067.1666666666665,2036.4166666666667,2040.9166666666667,2060.0,2040.0,2027.5,21.658331730152394,43.55274579940999,67.66052741220349,1962.0,2091.5,-41.5,88.0,100.0,1950.0,-0.026153846153846194,1535.445,1400.0,289.1869209132265,1434.5833333333333,1325.0,13.583333333333258,10.0,0.021386952146045746,5.7745515455444085,5.459585514144159,2.4849066497880004,2.302585092994046,0.0,0.0,101,10201,0.49999999999999994,-0.8660254037844387,1.2246467991473532e-16,-1.0,1800.0,7.496097345175956,-0.05213270142180093,2023-06-01
Maize,2023-06-01,1800.0,1849.931221719457,168.6,3500.0,442,277,15,11,0,0,0,2023,6,2,Summer,1899.0,2050.0,2060.0,2030.0,2000.0,-0.05213270142180093,-0.12621359223300976,-0.09999999999999998,-99.0,2003.0,2025.9166666666667,2036.6666666666667,2050.0,2040.0,2027.5,90.20532135079388,66.58559654060336,75.08490143992324,1899.0,2091.5,-161.0,-131.0,-101.0,2000.0,-0.09999999999999998,1539.0445544554455,1400.0,290.002449119054,1471.8333333333333,1345.5,-126.91666666666674,-141.0,0.03286689804974046,6.093569770045136,5.627621113690637,2.772588722239781,2.4849066497880004,0.0,0.0,102,10404,1.2246467991473532e-16,-1.0,1.2246467991473532e-16,-1.0,1950.0,7.576097340623111,0.08333333333333326,2023-07-01
Maize,2023-07-01,1950.0,1934.305280528053,177.5,6250.0,303,203,14,9,0,0,0,2023,7,3,Monsoon,1800.0,1899.0,2050.0,2025.0,2022.5,0.08333333333333326,-0.04878048780487809,-0.03584672435105063,150.0,1916.3333333333333,1987.5833333333333,2020.0,1899.0,2037.5,2027.5,125.89810694896615,113.46647816279462,101.51063535861466,1800.0,2091.5,-250.0,-225.0,-222.5,2022.5,-0.03584672435105063,1541.6029411764705,1412.25,289.71772142911055,1450.25,1371.5,-187.58333333333326,-237.5,0.057087658293301556,5.717027701406222,5.318119993844216,2.70805020110221,2.302585092994046,0.0,0.0,103,10609,-0.4999999999999997,-0.8660254037844388,-1.0,-1.8369701987210297e-16,2000.0,7.601402334583733,0.02564102564102555,2023-08-01
Maize,2023-08-01,2000.0,2052.7055851063833,190.0,10400.0,376,242,17,11,2,0,0,2023,8,3,Monsoon,1950.0,1800.0,1899.0,2091.5,2100.0,0.02564102564102555,0.05318588730911,-0.04761904761904767,50.0,1883.0,1975.0833333333333,2013.9583333333333,1899.0,2000.0,2027.5,76.26925986267322,112.64830964851592,103.4865951647285,1800.0,2091.5,51.0,-141.5,-150.0,2100.0,-0.04761904761904767,1545.5679611650485,1424.5,291.08891277394963,1416.3333333333333,1358.0,-25.083333333333258,-50.0,0.05703471228143079,5.932245187448011,5.493061443340548,2.8903717578961645,2.4849066497880004,0.005319148936170213,0.0,104,10816,-0.8660254037844385,-0.5000000000000004,-1.0,-1.8369701987210297e-16,2000.0,7.601402334583733,0.0,2023-09-01
Maize,2023-09-01,2000.0,2057.583870967742,180.0,9000.0,310,197,15,11,0,0,0,2023,9,3,Monsoon,2000.0,1950.0,1800.0,2060.0,2200.0,0.0,0.11111111111111116,-0.09090909090909094,0.0,1916.6666666666667,1959.8333333333333,2005.625,1950.0,1975.0,2012.5,104.0832999733065,99.11693430825983,99.89201556044301,1800.0,2060.0,200.0,-60.0,-200.0,2200.0,-0.09090909090909094,1549.9375,1427.0,293.07979369670124,1384.25,1358.75,40.16666666666674,25.0,0.05057416496722162,5.739792912179234,5.288267030694535,2.772588722239781,2.4849066497880004,0.0,0.0,105,11025,-1.0,-1.8369701987210297e-16,-1.0,-1.8369701987210297e-16,1955.0,7.578656850594762,-0.022499999999999964,2023-10-01
Maize,2023-10-01,1955.0,1925.705357142857,1400.0,2475.0,112,79,8,8,0,0,0,2023,10,4,Autumn,2000.0,2000.0,1950.0,2050.0,2000.0,-0.022499999999999964,0.002564102564102555,-0.022499999999999964,-45.0,1983.3333333333333,1949.8333333333333,1988.9583333333333,2000.0,1975.0,2000.0,28.867513459480705,89.55538323667581,79.01624065898909,1800.0,2050.0,50.0,-50.0,0.0,2000.0,-0.022499999999999964,1554.2238095238095,1429.5,294.95584725769015,1430.25,1394.75,50.16666666666674,25.0,0.0459297631780541,4.727387818712341,4.382026634673881,2.1972245773362196,2.1972245773362196,0.0,0.0,106,11236,-0.8660254037844386,0.5000000000000001,-2.4492935982947064e-16,1.0,2050.0,7.62608275807238,0.04859335038363177,2023-11-01
Maize,2023-11-01,2050.0,2056.236795774648,195.0,4600.0,568,371,14,13,0,0,0,2023,11,4,Autumn,1955.0,2000.0,2000.0,1899.0,1962.0,0.04859335038363177,0.02499999999999991,0.04485219164118237,95.0,1985.0,1934.0,1985.2083333333333,2000.0,1952.5,2000.0,25.98076211353316,75.61745830164605,79.51085069843215,1800.0,2000.0,-45.0,56.0,-7.0,1962.0,0.04485219164118237,1558.004716981132,1434.75,296.1176929411282,1430.5,1365.5,21.0,2.5,0.039098996019465385,6.343880434126331,5.918893854273146,2.70805020110221,2.6390573296152584,0.0,0.0,107,11449,-0.5000000000000004,0.8660254037844384,-2.4492935982947064e-16,1.0,2090.0,7.645397699428633,0.019512195121951237,2023-12-01
Maize,2023-12-01,2090.0,2094.9872495446266,200.0,5201.0,549,352,12,11,0,0,0,2023,12,4,Winter,2050.0,1955.0,2000.0,1800.0,2030.0,0.019512195121951237,0.04499999999999993,0.029556650246305383,40.0,2001.6666666666667,1959.1666666666667,1992.5416666666667,2000.0,1977.5,2012.5,47.52192476461081,86.04746752036289,81.21561043782393,1800.0,2050.0,50.0,250.0,20.0,2030.0,0.029556650246305383,1562.6028037383178,1440.0,298.53090559578334,1459.0714285714287,1395.0,90.83333333333326,72.5,0.043920442800695646,6.309918278226516,5.8664680569332965,2.5649493574615367,2.4849066497880004,0.0,0.0,108,11664,-2.4492935982947064e-16,1.0,-2.4492935982947064e-16,1.0,2100.0,7.650168700845001,0.004784688995215225,2024-01-01
Maize,2024-01-01,2100.0,2112.46408839779,1570.0,3400.0,362,233,12,9,0,0,11,2024,1,1,Winter,2090.0,2050.0,1955.0,1950.0,2025.0,0.004784688995215225,0.07416879795396425,0.03703703703703698,10.0,2031.6666666666667,2007.5,1997.5416666666667,2050.0,2000.0,2012.5,69.34214687571568,54.38290172472749,85.46702137330365,1950.0,2090.0,135.0,140.0,65.0,2025.0,0.03703703703703698,1567.486111111111,1445.0,301.43530061938924,1440.357142857143,1385.0,82.5,90.0,0.027089863872840594,5.8944028342648505,5.455321115357702,2.5649493574615367,2.302585092994046,0.0,0.03038674033149171,109,11881,0.49999999999999994,0.8660254037844387,1.0,6.123233995736766e-17,2150.0,7.67368812926773,0.023809523809523725,2024-02-01
Maize,2024-02-01,2150.0,2164.9401041666665,1500.0,3750.0,384,234,13,13,0,0,14,2024,2,1,Winter,2100.0,2090.0,2050.0,2000.0,2091.5,0.023809523809523725,0.04878048780487809,0.02797035620368149,50.0,2080.0,2032.5,2003.7916666666667,2090.0,2025.0,2025.0,26.4575131106457,57.07451270051665,90.2651292615624,1955.0,2100.0,50.0,100.0,8.5,2091.5,0.02797035620368149,1572.3715596330276,1450.0,304.34106418674884,1449.4285714285713,1385.0,67.5,75.0,0.028080941058064773,5.953243334287785,5.459585514144159,2.6390573296152584,2.6390573296152584,0.0,0.036458333333333336,110,12100,0.8660254037844386,0.5000000000000001,1.0,6.123233995736766e-17,2176.0,7.685703061234547,0.01209302325581385,2024-03-01
Maize,2024-03-01,2176.0,2171.0247678018577,1500.0,3750.0,323,228,13,10,0,0,11,2024,3,1,Spring,2150.0,2100.0,2090.0,2000.0,2060.0,0.01209302325581385,0.0411483253588516,0.056310679611650594,26.0,2113.3333333333335,2057.5,2008.6666666666667,2100.0,2070.0,2025.0,32.14550253664295,71.11610225540697,96.77747045608962,1955.0,2150.0,60.0,150.0,90.0,2060.0,0.056310679611650594,1577.6227272727272,1455.5,307.9073730785989,1428.9285714285713,1375.0,92.5,80.0,0.034564326734098164,5.780743515792329,5.43372200355424,2.6390573296152584,2.3978952727983707,0.0,0.034055727554179564,111,12321,1.0,6.123233995736766e-17,1.0,6.123233995736766e-17,2130.0,7.664346632098617,-0.02113970588235292,2024-04-01
Maize,2024-04-01,2130.0,2131.627388535032,1575.0,3750.0,314,214,12,10,0,0,12,2024,4,2,Spring,2176.0,2150.0,2100.0,1955.0,2050.0,-0.02113970588235292,0.014285714285714235,0.039024390243902474,-46.0,2142.0,2086.8333333333335,2018.3333333333333,2150.0,2095.0,2025.0,38.6264158316557,78.56313809076254,107.5633710325188,1955.0,2176.0,76.0,221.0,126.0,2050.0,0.039024390243902474,1583.0135135135135,1461.0,311.7223010911202,1431.7857142857142,1369.5,89.16666666666652,81.0,0.03764705922406958,5.752572638825633,5.3706380281276624,2.5649493574615367,2.3978952727983707,0.0,0.03821656050955414,112,12544,0.8660254037844387,-0.4999999999999998,1.2246467991473532e-16,-1.0,2125.0,7.661997558901893,-0.0023474178403756207,2024-05-01
Maize,2024-05-01,2125.0,2137.692073170732,1780.0,2850.0,328,219,13,12,0,0,14,2024,5,2,Summer,2130.0,2176.0,2150.0,2050.0,1899.0,-0.0023474178403756207,-0.011627906976744207,0.11901000526592953,-5.0,2152.0,2116.0,2025.0,2150.0,2115.0,2025.0,23.065125189341206,45.25483399595687,112.08843910867304,2050.0,2176.0,-20.0,80.0,231.0,1899.0,0.11901000526592953,1587.8973214285713,1465.5,314.5898240251073,1461.7857142857142,1350.0,14.0,15.0,0.02138697258788132,5.796057750765372,5.393627546352362,2.6390573296152584,2.5649493574615367,0.0,0.042682926829268296,113,12769,0.49999999999999994,-0.8660254037844387,1.2246467991473532e-16,-1.0,2160.0,7.6783263565068856,0.016470588235294015,2024-06-01
Maize,2024-06-01,2160.0,2172.187311178248,1580.0,2850.0,331,219,13,10,0,0,6,2024,6,2,Summer,2125.0,2130.0,2176.0,2090.0,1800.0,0.016470588235294015,-0.007352941176470562,0.19999999999999996,35.0,2143.6666666666665,2128.5,2043.8333333333333,2130.0,2127.5,2070.0,28.112867753633985,31.70961999144173,107.90132978651147,2090.0,2176.0,-51.0,35.0,325.0,1800.0,0.19999999999999996,1592.6504424778761,1470.0,317.2318389837014,1497.2857142857142,1391.0,-3.5,-2.5,0.014897636829429989,5.805134968916488,5.393627546352362,2.6390573296152584,2.3978952727983707,0.0,0.01812688821752266,114,12996,1.2246467991473532e-16,-1.0,1.2246467991473532e-16,-1.0,2200.0,7.696667081526462,0.0185185185185186,2024-07-01
Maize,2024-07-01,2200.0,2243.3966346153848,1471.0,4000.0,416,274,15,10,0,0,5,2024,7,3,Monsoon,2160.0,2125.0,2130.0,2100.0,1950.0,0.0185185185185186,0.032863849765258246,0.1282051282051282,40.0,2138.3333333333335,2140.1666666666665,2073.8333333333335,2130.0,2140.0,2095.0,18.929694486000226,27.27941837115179,80.51519713505974,2100.0,2176.0,30.0,60.0,210.0,1950.0,0.1282051282051282,1597.627192982456,1483.0,320.2639730594725,1485.9285714285713,1393.0,19.833333333333485,20.0,0.012746399052013921,6.0330862217988015,5.616771097666572,2.772588722239781,2.3978952727983707,0.0,0.01201923076923077,115,13225,-0.4999999999999997,-0.8660254037844388,-1.0,-1.8369701987210297e-16,2351.0,7.763021309018518,0.0686363636363636,2024-08-01
Maize,2024-08-01,2351.0,2442.7332535885166,1425.0,4000.0,418,253,16,12,0,0,0,2024,8,3,Monsoon,2200.0,2160.0,2125.0,2150.0,2000.0,0.0686363636363636,0.10635294117647054,0.1755,151.0,2161.6666666666665,2156.8333333333335,2094.6666666666665,2160.0,2155.0,2112.5,37.52776749732537,28.357832545319294,77.86040344259082,2125.0,2200.0,75.0,50.0,200.0,2000.0,0.1755,1602.8652173913044,1496.0,323.76616210920804,1446.857142857143,1359.0,43.166666666666515,45.0,0.013147901651488738,6.037870919922137,5.537334267018537,2.833213344056216,2.5649493574615367,0.0,0.0,116,13456,-0.8660254037844385,-0.5000000000000004,-1.0,-1.8369701987210297e-16,2450.0,7.804251383528112,0.042109740535942075,2024-09-01
Maize,2024-09-01,2450.0,2591.04,1800.0,4000.0,150,93,9,7,0,0,0,2024,9,3,Monsoon,2351.0,2200.0,2160.0,2176.0,2000.0,0.042109740535942075,0.1342592592592593,0.2250000000000001,99.0,2237.0,2190.3333333333335,2123.9166666666665,2200.0,2168.0,2127.5,100.73231854772321,83.59585316669983,101.42750060406942,2125.0,2351.0,191.0,175.0,351.0,2000.0,0.2250000000000001,1609.3146551724137,1498.0,329.7545432997649,1400.7857142857142,1360.0,160.66666666666652,183.0,0.038165813346537736,5.017279836814924,4.543294782270004,2.302585092994046,2.0794415416798357,0.0,0.0,117,13689,-1.0,-1.8369701987210297e-16,-1.0,-1.8369701987210297e-16,2271.0,7.7284157798410416,-0.0730612244897959,2024-10-01
Maize,2024-10-01,2271.0,2250.4203935599285,1340.0,4200.0,559,330,12,14,0,0,0,2024,10,4,Autumn,2450.0,2351.0,2200.0,2130.0,1955.0,-0.0730612244897959,0.03227272727272723,0.16163682864450135,-179.0,2333.6666666666665,2236.0,2161.4166666666665,2351.0,2180.0,2140.0,125.89810694896619,133.90294993017096,130.47567403601403,2125.0,2450.0,250.0,320.0,495.0,1955.0,0.16163682864450135,1616.5,1500.0,337.40372828715,1452.357142857143,1424.5,214.0,270.0,0.05988504021921778,6.327936783729195,5.802118375377063,2.5649493574615367,2.70805020110221,0.0,0.0,118,13924,-0.8660254037844386,0.5000000000000001,-2.4492935982947064e-16,1.0,2201.0,7.697121317282625,-0.03082342580361075,2024-11-01
Maize,2024-11-01,2201.0,2254.5050335570468,1500.0,4000.0,596,400,13,14,0,0,0,2024,11,4,Autumn,2271.0,2450.0,2351.0,2125.0,2050.0,-0.03082342580361075,-0.06380263717566992,0.07365853658536592,-70.0,2357.3333333333335,2259.5,2187.75,2351.0,2235.5,2155.0,89.66790581547755,123.5520133385204,116.12777054137307,2125.0,2450.0,-80.0,146.0,221.0,2050.0,0.07365853658536592,1622.0466101694915,1500.0,341.3188097075895,1455.1875,1402.75,11.5,35.5,0.054681130045815624,6.391917113392602,5.993961427306569,2.6390573296152584,2.70805020110221,0.0,0.0,119,14161,-0.5000000000000004,0.8660254037844384,-2.4492935982947064e-16,1.0,2230.0,7.7102051944325325,0.01317582916855975,2024-12-01
Maize,2024-12-01,2230.0,2334.5502645502647,1700.0,4000.0,189,149,10,10,0,0,0,2024,12,4,Winter,2201.0,2271.0,2450.0,2160.0,2090.0,0.01317582916855975,-0.0897959183673469,0.06698564593301426,29.0,2307.3333333333335,2272.1666666666665,2200.3333333333335,2271.0,2236.0,2168.0,128.41469282497764,110.17697884162833,107.72130145834437,2160.0,2450.0,-249.0,41.0,111.0,2090.0,0.06698564593301426,1626.9117647058824,1500.0,343.9883019730715,1504.1875,1412.25,-71.16666666666652,-35.0,0.048489831515423604,5.247024072160486,5.0106352940962555,2.3978952727983707,2.3978952727983707,0.0,0.0,120,14400,-2.4492935982947064e-16,1.0,-2.4492935982947064e-16,1.0,2300.0,7.741099090035366,0.03139013452914807,2025-01-01
Maize,2025-01-01,2300.0,2384.189338235294,1401.0,4000.0,544,334,12,10,0,0,0,2025,1,1,Winter,2230.0,2201.0,2271.0,2200.0,2100.0,0.03139013452914807,0.01276970497578156,0.09523809523809534,70.0,2234.0,2283.8333333333335,2212.0,2230.0,2250.5,2188.0,35.171010790138624,99.07051360858411,102.1211401852134,2200.0,2450.0,-41.0,30.0,130.0,2100.0,0.09523809523809534,1631.9375,1518.0,346.9359612190336,1499.0625,1392.5,-53.833333333333485,-20.5,0.04337904704455262,6.300785794663244,5.814130531825066,2.5649493574615367,2.3978952727983707,0.0,0.0,121,14641,0.49999999999999994,0.8660254037844387,1.0,6.123233995736766e-17,2289.0,7.736307096548285,-0.0047826086956521685,2025-02-01
Maize,2025-02-01,2289.0,2366.840670859539,1580.0,4000.0,477,287,11,11,0,0,0,2025,2,1,Winter,2300.0,2230.0,2201.0,2351.0,2150.0,-0.0047826086956521685,0.039981826442526014,0.0646511627906976,-11.0,2243.6666666666665,2300.5,2228.6666666666665,2230.0,2285.5,2200.5,50.895317400851205,90.15708513479142,98.43441132720868,2201.0,2450.0,99.0,-51.0,150.0,2150.0,0.0646511627906976,1637.4586776859503,1536.0,350.7848556379017,1518.25,1392.5,-0.5,14.5,0.039190213055766754,6.169610732491456,5.662960480135946,2.4849066497880004,2.4849066497880004,0.0,0.0,122,14884,0.8660254037844386,0.5000000000000001,1.0,6.123233995736766e-17,2263.0,7.724888439323074,-0.011358671909130647,2025-03-01
Maize,2025-03-01,2263.0,2361.56008583691,1505.0,4000.0,466,268,12,11,0,0,0,2025,3,1,Spring,2289.0,2300.0,2230.0,2450.0,2176.0,-0.011358671909130647,0.01479820627802697,0.039981617647058876,-26.0,2273.0,2290.1666666666665,2240.25,2289.0,2280.0,2215.5,37.6430604494382,86.69813531252366,96.49505404188473,2201.0,2450.0,59.0,-161.0,113.0,2176.0,0.039981617647058876,1642.799180327869,1560.5,354.27761829639877,1494.0625,1377.5,-1.166666666666515,9.0,0.0378566925169305,6.1463292576688975,5.594711379601839,2.5649493574615367,2.4849066497880004,0.0,0.0,123,15129,1.0,6.123233995736766e-17,1.0,6.123233995736766e-17,2200.0,7.696667081526462,-0.027839151568714082,2025-04-01
Maize,2025-04-01,2200.0,2273.5763440860214,1400.0,4000.0,465,267,12,11,0,0,0,2025,4,2,Spring,2263.0,2289.0,2300.0,2271.0,2130.0,-0.027839151568714082,-0.04347826086956519,0.032863849765258246,-63.0,2284.0,2259.0,2247.5,2289.0,2267.0,2246.5,19.000000000001545,37.27197338486219,94.47606719549712,2201.0,2300.0,-37.0,-8.0,133.0,2130.0,0.032863849765258246,1647.841463414634,1585.0,357.22691230260165,1502.8125,1415.25,4.0,-4.0,0.016499324207552984,6.144185634125646,5.5909869805108565,2.5649493574615367,2.4849066497880004,0.0,0.0,124,15376,0.8660254037844387,-0.4999999999999998,1.2246467991473532e-16,-1.0,2120.0,7.659642954564682,-0.036363636363636376,2025-05-01
Maize,2025-05-01,2120.0,2216.6255319148936,1400.0,4000.0,470,273,13,12,0,0,0,2025,5,2,Summer,2200.0,2263.0,2289.0,2201.0,2125.0,-0.036363636363636376,-0.07383136740934904,-0.0023529411764705577,-80.0,2250.6666666666665,2247.1666666666665,2253.3333333333335,2263.0,2246.5,2246.5,45.76388678131902,43.457642212486476,88.53590266443825,2200.0,2300.0,-89.0,-1.0,75.0,2125.0,-0.0023529411764705577,1652.2943548387098,1590.0,359.2106353338925,1531.875,1475.0,-47.166666666666515,-46.5,0.01933886028887628,6.154858094016418,5.6131281063880705,2.6390573296152584,2.5649493574615367,0.0,0.0,125,15625,0.49999999999999994,-0.8660254037844387,1.2246467991473532e-16,-1.0,2100.0,7.650168700845001,-0.009433962264150941,2025-06-01
Maize,2025-06-01,2100.0,2311.130801687764,1600.0,4000.0,237,132,10,9,0,0,0,2025,6,2,Summer,2120.0,2200.0,2263.0,2230.0,2160.0,-0.009433962264150941,-0.0720282810428634,-0.02777777777777779,-20.0,2194.3333333333335,2233.6666666666665,2252.9166666666665,2200.0,2246.5,2246.5,71.66821703749432,66.91686384364128,89.20401370233789,2120.0,2300.0,-143.0,-110.0,-40.0,2160.0,-0.02777777777777779,1656.036,1595.0,360.19673262475374,1572.625,1501.0,-113.66666666666652,-126.5,0.029958303466784637,5.472270673671475,4.890349128221754,2.3978952727983707,2.302585092994046,0.0,0.0,126,15876,1.2246467991473532e-16,-1.0,1.2246467991473532e-16,-1.0,2150.0,7.67368812926773,0.023809523809523725,2025-07-01
Maize,2025-07-01,2150.0,2240.820202020202,1300.0,4000.0,495,285,14,13,0,0,0,2025,7,3,Monsoon,2100.0,2120.0,2200.0,2300.0,2200.0,0.023809523809523725,-0.022727272727272707,-0.022727272727272707,50.0,2140.0,2212.0,2247.9166666666665,2120.0,2231.5,2246.5,52.91502622129242,86.51705034270219,96.2859928766549,2100.0,2300.0,-100.0,-200.0,-100.0,2200.0,-0.022727272727272707,1659.5595238095239,1597.5,360.92668289913314,1575.1875,1494.0,-112.0,-131.5,0.039112590570841856,6.206575926724928,5.655991810819852,2.70805020110221,2.6390573296152584,0.0,0.0,127,16129,-0.4999999999999997,-0.8660254037844388,-1.0,-1.8369701987210297e-16,2195.0,7.694392802629421,0.020930232558139528,2025-08-01
Maize,2025-08-01,2195.0,2226.641242937853,1500.0,4000.0,354,240,12,11,0,0,0,2025,8,3,Monsoon,2150.0,2100.0,2120.0,2289.0,2351.0,0.020930232558139528,0.03537735849056611,-0.0663547426626967,45.0,2123.3333333333335,2187.0,2243.75,2120.0,2175.0,2246.5,25.166114784237056,77.16994233509286,99.57375064836428,2100.0,2289.0,30.0,-139.0,-201.0,2351.0,-0.0663547426626967,1663.4212598425197,1600.0,362.1162085749351,1516.0,1404.5,-37.0,-25.0,0.03528575323964008,5.872117789475416,5.484796933490655,2.5649493574615367,2.4849066497880004,0.0,0.0,128,16384,-0.8660254037844385,-0.5000000000000004,-1.0,-1.8369701987210297e-16,2201.0,7.697121317282625,0.0027334851936218207,2025-09-01
Maize,2025-09-01,2201.0,2273.4238095238097,1281.0,4000.0,420,245,15,12,0,0,0,2025,9,3,Monsoon,2195.0,2150.0,2100.0,2263.0,2450.0,0.0027334851936218207,0.04809523809523819,-0.10163265306122449,6.0,2148.3333333333335,2171.3333333333335,2230.75,2150.0,2172.5,2215.5,47.521924764611434,59.938857735763975,94.34474981779644,2100.0,2263.0,95.0,-68.0,-255.0,2450.0,-0.10163265306122449,1667.57421875,1605.5,363.7351619932433,1470.9375,1362.0,23.666666666666515,22.5,0.02760463205515688,6.042632833682381,5.5053315359323625,2.772588722239781,2.5649493574615367,0.0,0.0,129,16641,-1.0,-1.8369701987210297e-16,-1.0,-1.8369701987210297e-16,2000.0,7.601402334583733,-0.0913221263062245,2025-10-01
Maize,2025-10-01,2000.0,1997.1002570694088,1135.0,4000.0,389,279,11,11,0,0,0,2025,10,4,Autumn,2201.0,2195.0,2150.0,2200.0,2271.0,-0.0913221263062245,-0.06976744186046513,-0.1193306913254073,-201.0,2182.0,2161.0,2210.0,2195.0,2172.5,2201.0,27.874719729533613,44.271887242373495,64.35554648697422,2100.0,2201.0,51.0,1.0,-70.0,2271.0,-0.1193306913254073,1671.7093023255813,1611.0,365.3428649574132,1524.5625,1460.25,40.0,28.5,0.020486759482819757,5.966146739123692,5.634789603169249,2.4849066497880004,2.4849066497880004,0.0,0.0,130,16900,-0.8660254037844386,0.5000000000000001,-2.4492935982947064e-16,1.0,1750.0,7.467942332285852,-0.125,2025-11-01
Maize,2025-11-01,1750.0,1903.774984076433,1120.0,4150.0,628,348,9,12,0,0,0,2025,11,4,Autumn,2000.0,2201.0,2195.0,2120.0,2201.0,-0.125,-0.2027334851936219,-0.20490686051794638,-250.0,2132.0,2127.6666666666665,2187.4166666666665,2195.0,2135.0,2200.5,114.35471131527574,74.20691791651171,85.1826469026059,2000.0,2201.0,-195.0,-120.0,-201.0,2201.0,-0.20490686051794638,1674.2346153846154,1618.0,365.06129987778155,1518.5,1440.0,-127.66666666666652,-135.0,0.0348771351636433,6.444131256700441,5.855071922202427,2.302585092994046,2.5649493574615367,0.0,0.0,131,17161,-0.5000000000000004,0.8660254037844384,-2.4492935982947064e-16,1.0,1635.0,7.400009517162692,-0.06571428571428573,2025-12-01
Onion,2015-01-01,1730.0,1772.9876923076922,200.0,4825.0,975,538,22,17,0,0,0,2015,1,1,Winter,,,,,,,,,,,,,,,,,,,,,,,,,,,,,1561.388888888889,1400.0,,,,6.883462586413092,6.289715570908998,3.1354942159291497,2.8903717578961645,0.0,0.0,1,1,0.49999999999999994,0.8660254037844387,1.0,6.123233995736766e-17,1550.0,7.346655163176539,-0.10404624277456642,2015-02-01
Onion,2015-02-01,1550.0,1591.202928870293,400.0,4000.0,478,286,20,12,0,0,0,2015,2,1,Winter,1730.0,,,,,-0.10404624277456642,,,-180.0,,,,,,,,,,,,,,,,,,,,1577.3333333333333,1400.0,,,,6.171700597410915,5.659482215759621,3.044522437723423,2.5649493574615367,0.0,0.0,2,4,0.8660254037844386,0.5000000000000001,1.0,6.123233995736766e-17,1662.5,7.416679095458531,0.07258064516129026,2015-03-01
Onion,2015-03-01,1662.5,1696.3,400.0,4000.0,460,287,20,13,0,0,0,2015,3,1,Spring,1550.0,1730.0,,,,0.07258064516129026,,,112.5,1640.0,,,1640.0,,,127.27922061357856,,,,,,,,,,,,,1539.0555555555557,1380.0,,,,6.133398042996649,5.662960480135946,3.044522437723423,2.6390573296152584,0.0,0.0,3,9,1.0,6.123233995736766e-17,1.0,6.123233995736766e-17,1469.0,7.293017679772782,-0.11639097744360904,2015-04-01
Onion,2015-04-01,1469.0,1462.5570469798658,18.0,3000.0,894,525,23,17,0,0,0,2015,4,2,Spring,1662.5,1550.0,1730.0,,,-0.11639097744360904,-0.15086705202312134,,-193.5,1647.5,1647.5,,1662.5,1662.5,,90.93266739736606,90.93266739736606,,1550.0,1730.0,-67.5,,,,,1647.5,1662.5,90.93266739736606,1535.8333333333333,1461.0,15.0,0.0,0.055194335294304134,6.796823718274855,6.26530121273771,3.1780538303479458,2.8903717578961645,0.0,0.0,4,16,0.8660254037844387,-0.4999999999999998,1.2246467991473532e-16,-1.0,1400.0,7.244941546337007,-0.04697072838665761,2015-05-01
Onion,2015-05-01,1400.0,1452.456937799043,20.0,4800.0,836,514,25,17,0,0,0,2015,5,2,Summer,1469.0,1662.5,1550.0,,,-0.04697072838665761,-0.09677419354838712,,-69.0,1560.5,1602.875,,1550.0,1606.25,,97.1763860204731,116.0950580343539,,1469.0,1730.0,-81.0,,,,,1602.875,1606.25,116.0950580343539,1578.3333333333333,1600.0,-133.875,-137.25,0.07242926493603924,6.729824070489475,6.244166900663736,3.258096538021482,2.8903717578961645,0.0,0.0,5,25,0.49999999999999994,-0.8660254037844387,1.2246467991473532e-16,-1.0,1500.0,7.313886831633462,0.0714285714285714,2015-06-01
Onion,2015-06-01,1500.0,1669.0185950413222,24.0,5900.0,968,543,25,18,0,0,0,2015,6,2,Summer,1400.0,1469.0,1662.5,,,0.0714285714285714,-0.09774436090225569,,100.0,1510.5,1562.3,,1469.0,1550.0,,136.0817768843426,135.4259945505293,,1400.0,1730.0,-262.5,,,,,1562.3,1550.0,135.4259945505293,1620.111111111111,1611.0,-162.29999999999995,-150.0,0.08668373203003861,6.876264611890766,6.298949246855942,3.258096538021482,2.9444389791664403,0.0,0.0,6,36,1.2246467991473532e-16,-1.0,1.2246467991473532e-16,-1.0,1750.0,7.467942332285852,0.16666666666666674,2015-07-01
Onion,2015-07-01,1750.0,1925.3403141361257,24.0,6725.0,955,547,25,18,0,0,0,2015,7,3,Monsoon,1500.0,1400.0,1469.0,1730.0,,0.16666666666666674,0.19128658951667799,,250.0,1456.3333333333333,1551.9166666666667,1551.9166666666667,1469.0,1525.0,1525.0,51.18919156749143,123.77011621012021,123.77011621012021,1400.0,1730.0,31.0,-230.0,,,,1551.9166666666667,1525.0,123.77011621012021,1622.388888888889,1595.0,-51.91666666666674,-25.0,0.07975306849172756,6.862757913051401,6.306275286948016,3.258096538021482,2.9444389791664403,0.0,0.0,7,49,-0.4999999999999997,-0.8660254037844388,-1.0,-1.8369701987210297e-16,2900.0,7.972810784121404,0.6571428571428573,2015-08-01
Onion,2015-08-01,2900.0,2930.084942084942,35.0,6000.0,777,466,25,16,0,0,0,2015,8,3,Monsoon,1750.0,1500.0,1400.0,1550.0,,0.6571428571428573,1.0714285714285716,,1150.0,1550.0,1555.25,1580.2142857142858,1500.0,1525.0,1550.0,180.27756377319946,129.65483022240244,135.54023300077645,1400.0,1750.0,350.0,200.0,,,,1580.2142857142858,1550.0,135.54023300077645,1564.7777777777778,1450.0,194.75,225.0,0.08336590916084388,6.656726524178391,6.1463292576688975,3.258096538021482,2.833213344056216,0.0,0.0,8,64,-0.8660254037844385,-0.5000000000000004,-1.0,-1.8369701987210297e-16,4440.0,8.398634855292102,0.5310344827586206,2015-09-01
Onion,2015-09-01,4440.0,4323.522234891676,30.0,8000.0,877,490,25,18,0,0,0,2015,9,3,Monsoon,2900.0,1750.0,1500.0,1662.5,,0.5310344827586206,1.96,,1540.0,2050.0,1780.25,1745.1875,1750.0,1581.25,1606.25,746.6592261534039,563.6713359751409,483.1935383836526,1400.0,2900.0,1400.0,1237.5,,,,1745.1875,1606.25,483.1935383836526,1535.2777777777778,1364.0,1119.75,1318.75,0.31662482009557136,6.777646593635117,6.19644412779452,3.258096538021482,2.9444389791664403,0.0,0.0,9,81,-1.0,-1.8369701987210297e-16,-1.0,-1.8369701987210297e-16,3900.0,8.268988209506656,-0.1216216216216216,2015-10-01
Onion,2015-10-01,3900.0,3784.439511653718,30.0,7000.0,901,490,25,18,0,0,0,2015,10,4,Autumn,4440.0,2900.0,1750.0,1469.0,,-0.1216216216216216,1.2285714285714286,,-540.0,3030.0,2243.1666666666665,2044.611111111111,2900.0,1625.0,1662.5,1349.7036711811968,1213.5304555991445,1005.5754502329058,1400.0,4440.0,2690.0,2971.0,,,,2044.611111111111,1662.5,1005.5754502329058,1587.388888888889,1496.0,2196.8333333333335,2815.0,0.5409898754435595,6.804614520062624,6.19644412779452,3.258096538021482,2.9444389791664403,0.0,0.0,10,100,-0.8660254037844386,0.5000000000000001,-2.4492935982947064e-16,1.0,2900.0,7.972810784121404,-0.2564102564102564,2015-11-01
Onion,2015-11-01,2900.0,2891.375,24.0,6000.0,408,260,20,12,0,0,0,2015,11,4,Autumn,3900.0,4440.0,2900.0,1400.0,,-0.2564102564102564,0.0,,-1000.0,3746.6666666666665,2648.3333333333335,2230.15,3900.0,2325.0,1696.25,781.3663246732184,1305.686281871211,1114.9328342998965,1400.0,4440.0,1000.0,2500.0,,,,2230.15,1696.25,1114.9328342998965,1576.65,1532.5,1251.6666666666665,1575.0,0.4930218811345038,6.013715156042802,5.564520407322694,3.044522437723423,2.5649493574615367,0.0,0.0,11,121,-0.5000000000000004,0.8660254037844384,-2.4492935982947064e-16,1.0,1900.0,7.550135342488429,-0.3448275862068966,2015-12-01
Onion,2015-12-01,1900.0,2110.3469387755104,350.0,8000.0,931,510,25,18,0,0,0,2015,12,4,Winter,2900.0,3900.0,4440.0,1500.0,,-0.3448275862068966,-0.572072072072072,,-1000.0,3746.6666666666665,2898.3333333333335,2291.0454545454545,3900.0,2900.0,1730.0,781.3663246732184,1153.6102750351467,1076.827991244318,1500.0,4440.0,-1540.0,1400.0,,,,2291.0454545454545,1730.0,1076.827991244318,1627.5,1609.75,1.666666666666515,0.0,0.398025396791885,6.837332814685591,6.236369590203704,3.258096538021482,2.9444389791664403,0.0,0.0,12,144,-2.4492935982947064e-16,1.0,-2.4492935982947064e-16,1.0,1420.0,7.259116128097101,-0.25263157894736843,2016-01-01
Onion,2016-01-01,1420.0,1601.9829157175398,350.0,5800.0,878,506,24,18,0,0,0,2016,1,1,Winter,1900.0,2900.0,3900.0,1750.0,1730.0,-0.25263157894736843,-0.6358974358974359,-0.17919075144508667,-480.0,2900.0,2965.0,2258.4583333333335,2900.0,2900.0,1740.0,1000.0,1064.7769719523428,1032.9022979919107,1750.0,4440.0,-2000.0,150.0,170.0,1730.0,-0.17919075144508667,2258.4583333333335,1740.0,1032.9022979919107,1622.85,1515.0,-1065.0,-1000.0,0.35911533624025055,6.778784897685177,6.2285110035911835,3.2188758248682006,2.9444389791664403,0.0,0.0,13,169,0.49999999999999994,0.8660254037844387,1.0,6.123233995736766e-17,1300.0,7.170888478512505,-0.08450704225352113,2016-02-01
Onion,2016-02-01,1300.0,1368.8002421307506,250.0,3700.0,826,499,21,17,0,0,0,2016,2,1,Winter,1420.0,1900.0,2900.0,2900.0,1550.0,-0.08450704225352113,-0.5517241379310345,-0.16129032258064513,-120.0,2073.3333333333335,2910.0,2232.625,1900.0,2900.0,1706.25,755.0717405209477,1145.5479038433969,1051.038212370814,1420.0,4440.0,-1480.0,-1480.0,-130.0,1550.0,-0.16129032258064513,2193.9615384615386,1730.0,1015.9024408036283,1632.6,1468.0,-1490.0,-1480.0,0.3936590734857034,6.717804695023691,6.214608098422191,3.091042453358316,2.8903717578961645,0.0,0.0,14,196,0.8660254037844386,0.5000000000000001,1.0,6.123233995736766e-17,1100.0,7.00397413672268,-0.15384615384615385,2016-03-01
Onion,2016-03-01,1100.0,1173.9767711962834,275.0,4000.0,861,508,24,17,0,0,0,2016,3,1,Spring,1300.0,1420.0,1900.0,4440.0,1662.5,-0.15384615384615385,-0.42105263157894735,-0.33834586466165417,-200.0,1540.0,2643.3333333333335,2211.7916666666665,1420.0,2400.0,1706.25,317.4901573277515,1321.1156901144832,1068.137662610901,1300.0,4440.0,-600.0,-3140.0,-362.5,1662.5,-0.33834586466165417,2130.1071428571427,1696.25,1004.8642116182708,1597.65,1425.0,-1343.3333333333335,-1100.0,0.4997915599424274,6.759255270663693,6.2324480165505225,3.2188758248682006,2.8903717578961645,0.0,0.0,15,225,1.0,6.123233995736766e-17,1.0,6.123233995736766e-17,1000.0,6.90875477931522,-0.09090909090909094,2016-04-01
Onion,2016-04-01,1000.0,1090.922514619883,175.0,6325.0,684,455,23,18,0,0,0,2016,4,2,Spring,1100.0,1300.0,1420.0,3900.0,1469.0,-0.09090909090909094,-0.295774647887324,-0.3192648059904697,-100.0,1273.3333333333333,2086.6666666666665,2164.9166666666665,1300.0,1660.0,1625.0,161.6580753730972,1097.3908449894536,1106.102531687755,1100.0,3900.0,-320.0,-2800.0,-369.0,1469.0,-0.3192648059904697,2061.4333333333334,1662.5,1004.1754411788145,1598.25,1480.5,-986.6666666666665,-560.0,0.5259061557457446,6.529418838262226,6.1224928095143865,3.1780538303479458,2.9444389791664403,0.0,0.0,16,256,0.8660254037844387,-0.4999999999999998,1.2246467991473532e-16,-1.0,900.0,6.803505257608338,-0.09999999999999998,2016-05-01
Onion,2016-05-01,900.0,968.5260869565218,150.0,3800.0,460,299,21,12,0,0,0,2016,5,2,Summer,1000.0,1100.0,1300.0,2900.0,1400.0,-0.09999999999999998,-0.3076923076923077,-0.3571428571428571,-100.0,1133.3333333333333,1603.3333333333333,2125.8333333333335,1100.0,1360.0,1625.0,152.75252316519726,708.8488320274408,1140.6733125924382,1000.0,2900.0,-300.0,-1900.0,-400.0,1400.0,-0.3571428571428571,1995.09375,1606.25,1005.7627987212824,1640.5,1612.5,-603.3333333333333,-360.0,0.44210945864497353,6.133398042996649,5.703782474656201,3.091042453358316,2.5649493574615367,0.0,0.0,17,289,0.49999999999999994,-0.8660254037844387,1.2246467991473532e-16,-1.0,815.0,6.704414354964107,-0.09444444444444444,2016-06-01
Onion,2016-06-01,815.0,1021.3009118541033,150.0,5000.0,987,551,24,18,0,0,0,2016,6,2,Summer,900.0,1000.0,1100.0,1900.0,1500.0,-0.09444444444444444,-0.25909090909090904,-0.45666666666666667,-85.0,1000.0,1270.0,2084.1666666666665,1000.0,1200.0,1625.0,100.0000000000046,363.0426972134271,1178.1145054190565,900.0,1900.0,-200.0,-1000.0,-600.0,1500.0,-0.45666666666666667,1930.6764705882354,1550.0,1009.3955329363038,1693.2,1630.5,-370.0,-300.0,0.2858603915066355,6.895682697747868,6.313548046277095,3.2188758248682006,2.9444389791664403,0.0,0.0,18,324,1.2246467991473532e-16,-1.0,1.2246467991473532e-16,-1.0,900.0,6.803505257608338,0.10429447852760743,2016-07-01
Onion,2016-07-01,900.0,1107.5039908779931,170.0,8000.0,877,509,24,17,0,0,0,2016,7,3,Monsoon,815.0,900.0,1000.0,1420.0,1750.0,0.10429447852760743,-0.09999999999999998,-0.48571428571428577,85.0,905.0,1089.1666666666667,2027.0833333333333,900.0,1050.0,1585.0,92.60129588726613,233.63254624873352,1224.6677811726836,815.0,1420.0,-185.0,-605.0,-935.0,1750.0,-0.48571428571428577,1868.6944444444443,1525.0,1013.9512567889005,1705.15,1647.5,-274.16666666666674,-235.0,0.21450578079455257,6.777646593635117,6.234410725718371,3.2188758248682006,2.8903717578961645,0.0,0.0,19,361,-0.4999999999999997,-0.8660254037844388,-1.0,-1.8369701987210297e-16,1000.0,6.90875477931522,0.11111111111111116,2016-08-01
Onion,2016-08-01,1000.0,1165.7852112676057,7.0,4400.0,852,483,23,18,0,0,0,2016,8,3,Monsoon,900.0,815.0,900.0,1300.0,2900.0,0.11111111111111116,0.11111111111111116,-0.6551724137931034,100.0,871.6666666666666,1002.5,1956.25,900.0,950.0,1360.0,49.07477288112882,175.60609328835906,1266.0337583464066,815.0,1300.0,0.0,-400.0,-2000.0,2900.0,-0.6551724137931034,1817.7105263157894,1500.0,1010.1329026391289,1635.4,1540.0,-102.5,-50.0,0.17516817285621852,6.748759547491679,6.182084906716632,3.1780538303479458,2.9444389791664403,0.0,0.0,20,400,-0.8660254037844385,-0.5000000000000004,-1.0,-1.8369701987210297e-16,1000.0,6.90875477931522,0.0,2016-09-01
Onion,2016-09-01,1000.0,1106.2896379525594,190.0,4000.0,801,483,25,17,0,0,0,2016,9,3,Monsoon,1000.0,900.0,815.0,1100.0,4440.0,0.0,0.22699386503067487,-0.7747747747747747,0.0,905.0,952.5,1797.9166666666667,900.0,950.0,1200.0,92.60129588726613,100.68515282801043,1256.0462106679568,815.0,1100.0,185.0,-100.0,-3440.0,4440.0,-0.7747747747747747,1776.825,1484.5,1000.0486998010067,1601.85,1432.0,47.5,50.0,0.10570619719476161,6.687108607866515,6.182084906716632,3.258096538021482,2.8903717578961645,0.0,0.0,21,441,-1.0,-1.8369701987210297e-16,-1.0,-1.8369701987210297e-16,817.5,6.7074733968111895,-0.1825,2016-10-01
Onion,2016-10-01,817.5,960.3047337278107,125.0,3800.0,676,419,23,18,0,0,0,2016,10,4,Autumn,1000.0,1000.0,900.0,1000.0,3900.0,-0.1825,-0.09166666666666667,-0.7903846153846154,-182.5,966.6666666666666,935.8333333333334,1511.25,1000.0,950.0,1050.0,57.735026918970824,76.83857538155213,954.6111178713749,815.0,1000.0,100.0,0.0,-2900.0,3900.0,-0.7903846153846154,1739.8333333333333,1469.0,989.3576619874801,1651.65,1540.5,64.16666666666663,50.0,0.08210711527859534,6.517671272912275,6.040254711277414,3.1780538303479458,2.9444389791664403,0.0,0.0,22,484,-0.8660254037844386,0.5000000000000001,-2.4492935982947064e-16,1.0,1000.0,6.90875477931522,0.2232415902140672,2016-11-01
Onion,2016-11-01,1000.0,1124.8397350993378,150.0,4500.0,755,462,25,18,0,0,0,2016,11,4,Autumn,817.5,1000.0,1000.0,900.0,2900.0,0.2232415902140672,0.0,-0.6551724137931034,182.5,939.1666666666666,905.4166666666666,1254.375,1000.0,900.0,1000.0,105.36642412711134,82.28633949001767,603.5841104677044,815.0,1000.0,-182.5,-82.5,-2082.5,2900.0,-0.6551724137931034,1697.909090909091,1444.5,985.3353868989606,,,-87.91666666666663,-82.5,0.09088228935851009,6.628041376179533,6.137727054086234,3.258096538021482,2.9444389791664403,0.0,0.0,23,529,-0.5000000000000004,0.8660254037844384,-2.4492935982947064e-16,1.0,1000.0,6.90875477931522,0.0,2016-12-01
Onion,2016-12-01,1000.0,1152.8050239234449,150.0,6000.0,836,487,24,18,0,0,0,2016,12,4,Winter,1000.0,817.5,1000.0,815.0,1900.0,0.0,0.0,-0.4736842105263158,0.0,939.1666666666666,922.0833333333334,1096.0416666666667,1000.0,950.0,1000.0,105.36642412711134,90.66996011175067,310.89946185026866,815.0,1000.0,0.0,185.0,-900.0,1900.0,-0.4736842105263158,1667.5652173913043,1420.0,973.6179517695351,,,77.91666666666663,50.0,0.09833163319846434,6.729824070489475,6.1903154058531475,3.2188758248682006,2.9444389791664403,0.0,0.0,24,576,-2.4492935982947064e-16,1.0,-2.4492935982947064e-16,1.0,930.0,6.836259277277067,-0.06999999999999995,2017-01-01
Onion,2017-01-01,930.0,1012.2369020501139,250.0,3600.0,439,274,23,13,0,0,0,2017,1,1,Winter,1000.0,1000.0,817.5,900.0,1420.0,-0.06999999999999995,0.13761467889908263,-0.34507042253521125,-70.0,939.1666666666666,952.9166666666666,1021.0416666666666,1000.0,1000.0,1000.0,105.36642412711134,77.46639056175579,180.55928997691694,817.5,1000.0,182.5,100.0,-420.0,1420.0,-0.34507042253521125,1639.75,1410.0,961.9178533127134,,,47.08333333333337,0.0,0.0812939822248421,6.0867747269123065,5.616771097666572,3.1780538303479458,2.6390573296152584,0.0,0.0,25,625,0.49999999999999994,0.8660254037844387,1.0,6.123233995736766e-17,900.0,6.803505257608338,-0.032258064516129004,2017-02-01
Onion,2017-02-01,900.0,1018.6415981198589,81.0,4200.0,851,481,24,19,0,0,0,2017,2,1,Winter,930.0,1000.0,1000.0,1000.0,1300.0,-0.032258064516129004,-0.09999999999999998,-0.3076923076923077,-30.0,976.6666666666666,957.9166666666666,980.2083333333334,1000.0,1000.0,1000.0,40.41451884327379,74.2700590188704,130.6385468544451,817.5,1000.0,-70.0,-70.0,-370.0,1300.0,-0.3076923076923077,1611.36,1400.0,952.3036162380146,,,-27.91666666666663,-70.0,0.07753290197707219,6.747586526829315,6.1779441140506,3.2188758248682006,2.995732273553991,0.0,0.0,26,676,0.8660254037844386,0.5000000000000001,1.0,6.123233995736766e-17,900.0,6.803505257608338,0.0,2017-03-01
Onion,2017-03-01,900.0,1055.1397515527951,175.0,5750.0,966,513,24,18,0,0,0,2017,3,1,Spring,900.0,930.0,1000.0,1000.0,1100.0,0.0,-0.09999999999999998,-0.18181818181818177,0.0,943.3333333333334,941.25,946.875,930.0,965.0,965.0,51.31601439446884,74.15777100209937,84.51146371941843,817.5,1000.0,-100.0,-100.0,-200.0,1100.0,-0.18181818181818177,1584.0,1350.0,943.4350534085531,,,-41.25,-65.0,0.07878647649625431,6.874198495453294,6.2422232654551655,3.2188758248682006,2.9444389791664403,0.0,0.0,27,729,1.0,6.123233995736766e-17,1.0,6.123233995736766e-17,870.0,6.769641976852503,-0.033333333333333326,2017-04-01
Onion,2017-04-01,870.0,1053.1275773195875,10.0,8500.0,776,460,23,16,0,0,0,2017,4,2,Spring,900.0,900.0,930.0,817.5,1000.0,-0.033333333333333326,-0.06451612903225812,-0.13,-30.0,910.0,924.5833333333334,930.2083333333334,900.0,915.0,915.0,17.320508075688814,69.39770649428165,70.0524019227754,817.5,1000.0,-30.0,82.5,-100.0,1000.0,-0.13,1558.6666666666667,1300.0,934.4325818377694,,,-24.58333333333337,-15.0,0.07505835763239115,6.655440350367647,6.133398042996649,3.1780538303479458,2.833213344056216,0.0,0.0,28,784,0.8660254037844387,-0.4999999999999998,1.2246467991473532e-16,-1.0,850.0,6.7464121285733745,-0.02298850574712641,2017-05-01
Onion,2017-05-01,850.0,1013.6374045801526,150.0,9200.0,786,470,23,15,0,0,0,2017,5,2,Summer,870.0,900.0,900.0,1000.0,900.0,-0.02298850574712641,-0.05555555555555558,-0.05555555555555558,-20.0,890.0,933.3333333333334,919.375,900.0,915.0,900.0,17.320508075688775,55.0151494287389,68.30849973731068,870.0,1000.0,-30.0,-130.0,-30.0,900.0,-0.05555555555555558,1534.0714285714287,1200.0,926.1548218134232,,,-63.33333333333337,-45.0,0.05894480295936311,6.668228248417403,6.154858094016418,3.1780538303479458,2.772588722239781,0.0,0.0,29,841,0.49999999999999994,-0.8660254037844387,1.2246467991473532e-16,-1.0,800.0,6.68586094706836,-0.05882352941176472,2017-06-01
Onion,2017-06-01,800.0,1211.4479905437352,100.0,11500.0,846,491,26,16,6,0,0,2017,6,2,Summer,850.0,870.0,900.0,1000.0,815.0,-0.05882352941176472,-0.11111111111111116,-0.018404907975460127,-50.0,873.3333333333334,908.3333333333334,915.2083333333334,870.0,900.0,900.0,25.166114784235845,52.694085689633575,71.06701649381283,850.0,1000.0,-50.0,-150.0,35.0,815.0,-0.018404907975460127,1510.4827586206898,1100.0,918.2944544367349,,,-58.33333333333337,-50.0,0.058011837456477325,6.741700694652055,6.198478716492308,3.295836866004329,2.833213344056216,0.0070921985815602835,0.0,30,900,1.2246467991473532e-16,-1.0,1.2246467991473532e-16,-1.0,835.0,6.728628613084702,0.043749999999999956,2017-07-01
Onion,2017-07-01,835.0,1186.760248447205,130.0,12627.0,805,503,23,16,15,0,0,2017,7,3,Monsoon,800.0,850.0,870.0,930.0,900.0,0.043749999999999956,-0.04022988505747127,-0.07222222222222219,35.0,840.0,875.0,913.9583333333334,850.0,885.0,900.0,36.05551275463991,45.93473631142067,73.09286071756473,800.0,930.0,-70.0,-130.0,-100.0,900.0,-0.07222222222222219,1486.8,1050.0,911.5990365551488,,,-75.0,-85.0,0.05249684149876648,6.692083742506628,6.222576268071369,3.1780538303479458,2.833213344056216,0.018633540372670808,0.0,31,961,-0.4999999999999997,-0.8660254037844388,-1.0,-1.8369701987210297e-16,1600.0,7.3783837129967145,0.9161676646706587,2017-08-01
Onion,2017-08-01,1600.0,1809.1539215686275,250.0,12000.0,1020,581,25,17,1,0,0,2017,8,3,Monsoon,835.0,800.0,850.0,900.0,1000.0,0.9161676646706587,0.8823529411764706,0.6000000000000001,765.0,828.3333333333334,859.1666666666666,908.5416666666666,835.0,860.0,900.0,25.658007197234443,39.04057718152233,76.54810084138448,800.0,900.0,-15.0,-65.0,-165.0,1000.0,0.6000000000000001,1465.774193548387,1000.0,903.889925439944,,,-24.16666666666663,-25.0,0.04544005103571949,6.928537818164665,6.366470447731438,3.258096538021482,2.8903717578961645,0.000980392156862745,0.0,32,1024,-0.8660254037844385,-0.5000000000000004,-1.0,-1.8369701987210297e-16,2000.0,7.601402334583733,0.25,2017-09-01
Onion,2017-09-01,2000.0,2101.5974155069584,140.0,10100.0,1006,569,25,16,1,0,0,2017,9,3,Monsoon,1600.0,835.0,800.0,900.0,1000.0,0.25,1.5,1.0,400.0,1078.3333333333333,975.8333333333334,958.5416666666666,835.0,860.0,900.0,452.1153982484266,307.61041378124133,214.09550315150375,800.0,1600.0,800.0,700.0,600.0,1000.0,1.0,1469.96875,1050.0,889.5080820454604,,,624.1666666666666,740.0,0.3152284342762507,6.914730892718563,6.345636360828596,3.258096538021482,2.833213344056216,0.0009940357852882703,0.0,33,1089,-1.0,-1.8369701987210297e-16,-1.0,-1.8369701987210297e-16,1800.0,7.496097345175956,-0.09999999999999998,2017-10-01
Onion,2017-10-01,1800.0,1900.7664783427495,250.0,8500.0,531,332,22,14,0,0,0,2017,10,4,Autumn,2000.0,1600.0,835.0,870.0,817.5,-0.09999999999999998,1.1556886227544911,1.2018348623853212,-200.0,1478.3333333333333,1159.1666666666667,1041.875,1600.0,860.0,900.0,591.9529823671247,512.761315493541,369.74058012464326,800.0,2000.0,1165.0,1130.0,1182.5,817.5,1.2018348623853212,1486.030303030303,1100.0,880.3476491864052,,,840.8333333333333,1140.0,0.4423533994193021,6.2766434893416445,5.808142489980444,3.1354942159291497,2.70805020110221,0.0,0.0,34,1156,-0.8660254037844386,0.5000000000000001,-2.4492935982947064e-16,1.0,2750.0,7.919719760924575,0.5277777777777777,2017-11-01
Onion,2017-11-01,2750.0,2785.7911464245176,200.0,12000.0,881,527,26,18,1,0,0,2017,11,4,Autumn,1800.0,2000.0,1600.0,850.0,1000.0,0.5277777777777777,0.71875,1.75,950.0,1800.0,1314.1666666666667,1123.75,1800.0,1225.0,915.0,200.00000000000028,547.2697384897751,420.795377826324,800.0,2000.0,200.0,950.0,800.0,1000.0,1.75,1495.264705882353,1200.0,868.5770515470422,,,485.83333333333326,575.0,0.4164386088698352,6.782192056006791,6.269096283706261,3.295836866004329,2.9444389791664403,0.0011350737797956867,0.0,35,1225,-0.5000000000000004,0.8660254037844384,-2.4492935982947064e-16,1.0,3400.0,8.131824785007195,0.23636363636363633,2017-12-01
Onion,2017-12-01,3400.0,3460.9274809160306,170.0,12000.0,786,474,26,19,3,0,0,2017,12,4,Winter,2750.0,1800.0,2000.0,800.0,1000.0,0.23636363636363633,0.7,2.4,650.0,2183.3333333333335,1630.8333333333333,1269.5833333333333,2000.0,1700.0,915.0,500.8326400438907,740.5431565186915,626.8190196008193,800.0,2750.0,750.0,1950.0,1750.0,1000.0,2.4,1531.1142857142856,1300.0,881.6001501757562,,,1119.1666666666667,1050.0,0.4540888031795758,6.668228248417403,6.163314804034641,3.295836866004329,2.995732273553991,0.003816793893129771,0.0,36,1296,-2.4492935982947064e-16,1.0,-2.4492935982947064e-16,1.0,3200.0,8.071218539969863,-0.05882352941176472,2018-01-01
Onion,2018-01-01,3200.0,3378.222222222222,400.0,10000.0,981,541,24,18,1,0,0,2018,1,1,Winter,3400.0,2750.0,1800.0,835.0,930.0,-0.05882352941176472,0.7777777777777777,2.4408602150537635,-200.0,2650.0,2064.1666666666665,1469.5833333333333,2750.0,1900.0,915.0,804.6738469715541,900.5576975778218,869.0602509014946,835.0,3400.0,1600.0,2565.0,2470.0,930.0,2.4408602150537635,1583.0277777777778,1350.0,923.0563126641874,,,1335.8333333333335,1500.0,0.43628148449470583,6.889591308354466,6.295266001439646,3.2188758248682006,2.9444389791664403,0.0010193679918450561,0.0,37,1369,0.49999999999999994,0.8660254037844387,1.0,6.123233995736766e-17,2600.0,7.8636512654486515,-0.1875,2018-02-01
Onion,2018-02-01,2600.0,2639.6441947565545,270.0,8000.0,1068,573,26,19,0,0,0,2018,2,1,Winter,3200.0,3400.0,2750.0,1600.0,900.0,-0.1875,-0.054545454545454564,1.8888888888888888,-600.0,3116.6666666666665,2458.3333333333335,1658.75,3200.0,2375.0,1250.0,332.91640592396965,761.8508165426275,980.8023732916557,1600.0,3400.0,450.0,1600.0,2300.0,900.0,1.8888888888888888,1626.7297297297298,1400.0,948.1720395537887,,,741.6666666666665,825.0,0.30990541689869594,6.974478911025045,6.352629396319567,3.295836866004329,2.995732273553991,0.0,0.0,38,1444,0.8660254037844386,0.5000000000000001,1.0,6.123233995736766e-17,1800.0,7.496097345175956,-0.3076923076923077,2018-03-01
Onion,2018-03-01,1800.0,1844.2230215827337,240.0,6500.0,973,559,26,19,0,0,0,2018,3,1,Spring,2600.0,3200.0,3400.0,2000.0,900.0,-0.3076923076923077,-0.47058823529411764,1.0,-800.0,3066.6666666666665,2625.0,1800.4166666666667,3200.0,2675.0,1700.0,416.33319989322655,635.4132513569433,984.0141774970269,1800.0,3400.0,-800.0,600.0,1700.0,900.0,1.0,1652.342105263158,1410.0,948.504014903121,,,-25.0,-75.0,0.24206219099312126,6.881411303642535,6.327936783729195,3.295836866004329,2.995732273553991,0.0,0.0,39,1521,1.0,6.123233995736766e-17,1.0,6.123233995736766e-17,1100.0,7.00397413672268,-0.38888888888888884,2018-04-01
Onion,2018-04-01,1100.0,1206.385171790235,250.0,3200.0,553,325,21,14,0,0,0,2018,4,2,Spring,1800.0,2600.0,3200.0,1800.0,870.0,-0.38888888888888884,-0.65625,0.26436781609195403,-700.0,2533.3333333333335,2591.6666666666665,1875.4166666666667,2600.0,2675.0,1800.0,702.3769168568493,678.5400995274109,942.5725396086189,1800.0,3400.0,-1400.0,0.0,930.0,870.0,0.26436781609195403,1656.128205128205,1420.0,936.2391009691571,,,-791.6666666666665,-875.0,0.26181611557327755,6.317164686747284,5.786897381366708,3.091042453358316,2.70805020110221,0.0,0.0,40,1600,0.8660254037844387,-0.4999999999999998,1.2246467991473532e-16,-1.0,950.0,6.85751406254539,-0.13636363636363635,2018-05-01
Onion,2018-05-01,950.0,1051.138364779874,120.0,4500.0,954,571,24,16,0,0,0,2018,5,2,Summer,1100.0,1800.0,2600.0,2750.0,850.0,-0.13636363636363635,-0.6346153846153846,0.11764705882352944,-150.0,1833.3333333333333,2475.0,1894.5833333333333,1800.0,2675.0,1800.0,750.5553499465136,873.9279146474277,922.3917978754353,1100.0,3400.0,-1500.0,-1650.0,250.0,850.0,0.11764705882352944,1642.225,1410.0,928.3319128332362,,,-1375.0,-1575.0,0.3531021877363344,6.86171134048073,6.349138991379798,3.2188758248682006,2.833213344056216,0.0,0.0,41,1681,0.49999999999999994,-0.8660254037844387,1.2246467991473532e-16,-1.0,950.0,6.85751406254539,0.0,2018-06-01
Onion,2018-06-01,950.0,1095.0637880274778,12.0,4500.0,1019,584,25,18,0,0,0,2018,6,2,Summer,950.0,1100.0,1800.0,3400.0,800.0,0.0,-0.4722222222222222,0.1875,0.0,1283.3333333333333,2175.0,1902.9166666666667,1100.0,2200.0,1800.0,453.6885862938734,1051.546480190011,912.4952262224646,950.0,3400.0,-850.0,-2450.0,150.0,800.0,0.1875,1625.341463414634,1400.0,923.007228025764,,,-1225.0,-1250.0,0.4834696460643728,6.927557906278317,6.371611847231857,3.258096538021482,2.9444389791664403,0.0,0.0,42,1764,1.2246467991473532e-16,-1.0,1.2246467991473532e-16,-1.0,1390.0,7.237778191923443,0.4631578947368422,2018-07-01
Onion,2018-07-01,1390.0,1408.3176691729323,400.0,6000.0,532,315,21,15,0,0,0,2018,7,3,Monsoon,950.0,950.0,1100.0,3200.0,835.0,0.4631578947368422,0.26363636363636367,0.6646706586826348,440.0,1000.0,1766.6666666666667,1915.4166666666667,950.0,1450.0,1800.0,86.6025403784442,951.6652072376434,896.9074603459609,950.0,3200.0,-150.0,-2250.0,115.0,835.0,0.6646706586826348,1609.2619047619048,1350.0,917.6178148461986,,,-816.6666666666667,-500.0,0.5386784191911188,6.278521424165844,5.755742213586912,3.091042453358316,2.772588722239781,0.0,0.0,43,1849,-0.4999999999999997,-0.8660254037844388,-1.0,-1.8369701987210297e-16,1500.0,7.313886831633462,0.07913669064748197,2018-08-01
Onion,2018-08-01,1500.0,1612.5583103764923,250.0,7820.0,1089,592,26,17,0,0,0,2018,8,3,Monsoon,1390.0,950.0,950.0,2600.0,1600.0,0.07913669064748197,0.5789473684210527,-0.0625,110.0,1096.6666666666667,1465.0,1961.6666666666667,950.0,1245.0,1800.0,254.0341184434353,643.389462145596,849.1689341867599,950.0,2600.0,440.0,-1210.0,-210.0,1600.0,-0.0625,1604.1627906976744,1390.0,907.2443672549508,,,-75.0,145.0,0.43917369429733516,6.993932975223189,6.385194398997726,3.295836866004329,2.8903717578961645,0.0,0.0,44,1936,-0.8660254037844385,-0.5000000000000004,-1.0,-1.8369701987210297e-16,1350.0,7.208600337960199,-0.09999999999999998,2018-09-01
Onion,2018-09-01,1350.0,1408.0785791173305,19.0,6200.0,929,533,24,17,0,0,0,2018,9,3,Monsoon,1500.0,1390.0,950.0,1800.0,2000.0,-0.09999999999999998,0.42105263157894735,-0.32499999999999996,-150.0,1280.0,1281.6666666666667,1953.3333333333333,1390.0,1245.0,1800.0,291.0326442171049,340.90565654835575,853.5203393575157,950.0,1800.0,550.0,-300.0,-500.0,2000.0,-0.32499999999999996,1601.7954545454545,1395.0,896.7704544005868,,,218.33333333333326,255.0,0.2659862079701085,6.835184586147301,6.280395838960195,3.2188758248682006,2.8903717578961645,0.0,0.0,45,2025,-1.0,-1.8369701987210297e-16,-1.0,-1.8369701987210297e-16,1280.0,7.155396301896734,-0.051851851851851816,2018-10-01
Onion,2018-10-01,1280.0,1373.2615992102665,300.0,6500.0,1013,595,23,17,0,0,0,2018,10,4,Autumn,1350.0,1500.0,1390.0,1100.0,1800.0,-0.051851851851851816,-0.07913669064748197,-0.28888888888888886,-70.0,1413.3333333333333,1206.6666666666667,1899.1666666666667,1390.0,1225.0,1650.0,77.67453465154009,238.04761428475877,870.74115069586,950.0,1500.0,-40.0,250.0,-450.0,1800.0,-0.28888888888888886,1596.2,1390.0,887.3155851934938,,,143.33333333333326,125.0,0.1972770284127835,6.921658184151129,6.39024066706535,3.1780538303479458,2.8903717578961645,0.0,0.0,46,2116,-0.8660254037844386,0.5000000000000001,-2.4492935982947064e-16,1.0,1600.0,7.3783837129967145,0.25,2018-11-01
Onion,2018-11-01,1600.0,1695.6362416107384,300.0,5500.0,745,494,22,15,0,0,0,2018,11,4,Autumn,1280.0,1350.0,1500.0,950.0,2750.0,0.25,0.06666666666666665,-0.4181818181818182,320.0,1376.6666666666667,1236.6666666666667,1855.8333333333333,1350.0,1315.0,1445.0,112.39810200058231,233.2094909446555,888.8752682037234,950.0,1500.0,-220.0,330.0,-1470.0,2750.0,-0.4181818181818182,1589.3260869565217,1370.0,878.6388792861584,1575.0,1575.0,43.33333333333326,-35.0,0.18857910318974838,6.61472560020376,6.20455776256869,3.1354942159291497,2.772588722239781,0.0,0.0,47,2209,-0.5000000000000004,0.8660254037844384,-2.4492935982947064e-16,1.0,1160.0,7.057036981697891,-0.275,2018-12-01
Onion,2018-12-01,1160.0,1269.9275510204081,200.0,5200.0,980,567,23,18,0,0,0,2018,12,4,Winter,1600.0,1280.0,1350.0,950.0,3400.0,-0.275,-0.14074074074074072,-0.6588235294117647,-440.0,1410.0,1345.0,1760.0,1350.0,1370.0,1445.0,168.22603841260715,224.209723250351,844.5978063820988,950.0,1600.0,250.0,650.0,-1800.0,3400.0,-0.6588235294117647,1589.5531914893618,1390.0,869.0373749532753,1425.0,1425.0,255.0,230.0,0.1666986789965435,6.8885724595653635,6.342121418721152,3.1780538303479458,2.9444389791664403,0.0,0.0,48,2304,-2.4492935982947064e-16,1.0,-2.4492935982947064e-16,1.0,950.0,6.85751406254539,-0.18103448275862066,2019-01-01
Onion,2019-01-01,950.0,1043.5734597156397,110.0,5275.0,1055,588,24,19,0,0,0,2019,1,1,Winter,1160.0,1600.0,1280.0,1390.0,3200.0,-0.18103448275862066,-0.2578125,-0.703125,-210.0,1346.6666666666667,1380.0,1573.3333333333333,1280.0,1370.0,1370.0,227.44962812309305,156.3329779668995,680.8461758367405,1160.0,1600.0,-120.0,-230.0,-2040.0,3200.0,-0.703125,1580.6041666666667,1370.0,861.9752918802583,1381.25,1381.25,-220.0,-210.0,0.1132847666426808,6.962243464266207,6.3784261836515865,3.2188758248682006,2.995732273553991,0.0,0.0,49,2401,0.49999999999999994,0.8660254037844387,1.0,6.123233995736766e-17,900.0,6.803505257608338,-0.052631578947368474,2019-02-01
Onion,2019-02-01,900.0,992.4067164179105,100.0,4825.0,1072,600,26,18,0,0,0,2019,2,1,Winter,950.0,1160.0,1600.0,1500.0,2600.0,-0.052631578947368474,-0.4375,-0.6538461538461539,-50.0,1236.6666666666667,1306.6666666666667,1385.8333333333333,1160.0,1315.0,1315.0,331.71272711991827,234.40705336372787,469.011694627083,950.0,1600.0,-650.0,-550.0,-1650.0,2600.0,-0.6538461538461539,1567.734693877551,1350.0,857.6932732993333,1234.5,1234.5,-356.66666666666674,-365.0,0.1793931530844856,6.9782137426306985,6.398594934535208,3.295836866004329,2.9444389791664403,0.0,0.0,50,2500,0.8660254037844386,0.5000000000000001,1.0,6.123233995736766e-17,850.0,6.7464121285733745,-0.05555555555555558,2019-03-01
Onion,2019-03-01,850.0,954.5560791705938,175.0,5300.0,1061,603,26,18,0,0,0,2019,3,1,Spring,900.0,950.0,1160.0,1350.0,1800.0,-0.05555555555555558,-0.26724137931034486,-0.5277777777777778,-50.0,1003.3333333333334,1206.6666666666667,1244.1666666666667,950.0,1220.0,1220.0,137.96134724383262,261.8141834711506,292.4336236523129,900.0,1600.0,-260.0,-450.0,-900.0,1800.0,-0.5277777777777778,1554.38,1325.0,854.1323832774783,1150.0,1150.0,-306.66666666666674,-320.0,0.21697308022471043,6.967909201801884,6.403574197934815,3.295836866004329,2.9444389791664403,0.0,0.0,51,2601,1.0,6.123233995736766e-17,1.0,6.123233995736766e-17,850.0,6.7464121285733745,0.0,2019-04-01
Onion,2019-04-01,850.0,968.1242290748899,150.0,3800.0,1135,625,22,17,0,0,0,2019,4,2,Spring,850.0,900.0,950.0,1280.0,1100.0,0.0,-0.10526315789473684,-0.2272727272727273,0.0,900.0,1123.3333333333333,1165.0,900.0,1055.0,1130.0,50.00000000000036,285.5637698775268,254.39768438053855,850.0,1600.0,-100.0,-430.0,-250.0,1100.0,-0.2272727272727273,1540.5686274509803,1300.0,851.2812344907398,1157.5,1157.5,-273.33333333333326,-205.0,0.2542110711075906,7.035268599281097,6.439350371100098,3.1354942159291497,2.8903717578961645,0.0,0.0,52,2704,0.8660254037844387,-0.4999999999999998,1.2246467991473532e-16,-1.0,900.0,6.803505257608338,0.05882352941176472,2019-05-01
Onion,2019-05-01,900.0,1039.5983772819473,150.0,5000.0,986,598,25,15,0,0,0,2019,5,2,Summer,850.0,850.0,900.0,1600.0,950.0,0.05882352941176472,0.0,-0.052631578947368474,50.0,866.6666666666666,1051.6666666666667,1144.1666666666667,850.0,925.0,1055.0,28.86751345948191,292.26129861249996,269.96492476997616,850.0,1600.0,-50.0,-750.0,-100.0,950.0,-0.052631578947368474,1527.2884615384614,1290.0,848.3166858385471,1325.0,1325.0,-201.66666666666674,-75.0,0.2779029780784468,6.894670039433482,6.395261598115449,3.258096538021482,2.772588722239781,0.0,0.0,53,2809,0.49999999999999994,-0.8660254037844387,1.2246467991473532e-16,-1.0,1000.0,6.90875477931522,0.11111111111111116,2019-06-01
Onion,2019-06-01,1000.0,1187.1004184100418,300.0,6000.0,956,573,22,17,0,0,0,2019,6,2,Summer,900.0,850.0,850.0,1160.0,950.0,0.11111111111111116,0.17647058823529416,0.05263157894736836,100.0,866.6666666666666,935.0,1140.0,850.0,900.0,1055.0,28.867513459481305,116.40446726821918,273.5955874178963,850.0,1160.0,50.0,-260.0,-50.0,950.0,0.05263157894736836,1515.4528301886792,1280.0,844.527264578732,1950.0,1950.0,-35.0,0.0,0.12449675643659805,6.863803391452954,6.352629396319567,3.1354942159291497,2.8903717578961645,0.0,0.0,54,2916,1.2246467991473532e-16,-1.0,1.2246467991473532e-16,-1.0,1275.0,7.151485463904735,0.2749999999999999,2019-07-01
Onion,2019-07-01,1275.0,1491.0813636363637,300.0,7200.0,1100,609,21,15,0,0,0,2019,7,3,Monsoon,1000.0,900.0,850.0,950.0,1390.0,0.2749999999999999,0.5,-0.08273381294964033,275.0,916.6666666666666,908.3333333333334,1144.1666666666667,900.0,900.0,1080.0,76.37626158259737,58.452259722482154,270.8054764228455,850.0,1000.0,150.0,50.0,-390.0,1390.0,-0.08273381294964033,1505.9074074074074,1220.0,839.4578106094143,2720.0,2720.0,91.66666666666663,100.0,0.06435111162108127,7.00397413672268,6.413458957167357,3.091042453358316,2.772588722239781,0.0,0.0,55,3025,-0.4999999999999997,-0.8660254037844388,-1.0,-1.8369701987210297e-16,1500.0,7.313886831633462,0.17647058823529416,2019-08-01
Onion,2019-08-01,1500.0,1644.2832369942196,200.0,6827.0,1038,601,24,17,0,0,0,2019,8,3,Monsoon,1275.0,1000.0,900.0,900.0,1500.0,0.17647058823529416,0.6666666666666667,0.0,225.0,1058.3333333333333,962.5,1134.5833333333333,1000.0,900.0,1080.0,194.18633662885077,162.59612541508474,263.2442551676791,850.0,1275.0,375.0,375.0,-225.0,1500.0,0.0,1501.709090909091,1275.0,832.2313585626798,2358.75,2358.75,312.5,375.0,0.16893103939229584,6.946013991099227,6.400257445308821,3.2188758248682006,2.8903717578961645,0.0,0.0,56,3136,-0.8660254037844385,-0.5000000000000004,-1.0,-1.8369701987210297e-16,2300.0,7.741099090035366,0.5333333333333334,2019-09-01
Onion,2019-09-01,2300.0,2356.7873651771956,500.0,6000.0,649,380,20,15,0,0,0,2019,9,3,Monsoon,1500.0,1275.0,1000.0,850.0,1350.0,0.5333333333333334,1.2999999999999998,0.7037037037037037,800.0,1258.3333333333333,1062.5,1134.5833333333333,1275.0,950.0,1080.0,250.4163200219454,267.2779452180785,263.2442551676791,850.0,1500.0,500.0,650.0,150.0,1350.0,0.7037037037037037,1501.6785714285713,1277.5,824.6309446080678,1950.0,1950.0,437.5,550.0,0.25155571314642683,6.476972362889683,5.942799375126701,3.044522437723423,2.772588722239781,0.0,0.0,57,3249,-1.0,-1.8369701987210297e-16,-1.0,-1.8369701987210297e-16,3600.0,8.188966863648876,0.5652173913043479,2019-10-01
Onion,2019-10-01,3600.0,3639.310304449649,700.0,7900.0,854,536,25,17,0,0,0,2019,10,4,Autumn,2300.0,1500.0,1275.0,850.0,1280.0,0.5652173913043479,1.823529411764706,1.8125,1300.0,1691.6666666666667,1304.1666666666667,1213.75,1500.0,1137.5,1080.0,538.7098786297995,546.4468562144589,426.27949111522213,850.0,2300.0,1025.0,1450.0,1020.0,1280.0,1.8125,1515.6842105263158,1280.0,824.047359247,1450.0,1450.0,995.8333333333333,1162.5,0.4190007843177959,6.75110146893676,6.285998094508865,3.258096538021482,2.8903717578961645,0.0,0.0,58,3364,-0.8660254037844386,0.5000000000000001,-2.4492935982947064e-16,1.0,3800.0,8.24301946898925,0.05555555555555558,2019-11-01
Onion,2019-11-01,3800.0,3894.461625282167,650.0,8720.0,886,552,24,18,0,0,0,2019,11,4,Autumn,3600.0,2300.0,1500.0,900.0,1600.0,0.05555555555555558,1.5333333333333332,1.375,200.0,2466.6666666666665,1762.5,1407.0833333333333,2300.0,1387.5,1080.0,1059.8742063723098,1029.289803699619,811.2909419093994,900.0,3600.0,2100.0,2700.0,2000.0,1600.0,1.375,1551.6206896551723,1290.0,861.41963768886,1360.0,1420.0,1837.5,2212.5,0.583994214865032,6.787844982309579,6.315358001522335,3.2188758248682006,2.9444389791664403,0.0,0.0,59,3481,-0.5000000000000004,0.8660254037844384,-2.4492935982947064e-16,1.0,5000.0,8.517393171418904,0.3157894736842106,2019-12-01
Onion,2019-12-01,5000.0,5244.521126760564,800.0,12800.0,142,103,14,9,9,0,0,2019,12,4,Winter,3800.0,3600.0,2300.0,1000.0,1160.0,0.3157894736842106,1.1739130434782608,3.3103448275862073,1200.0,3233.3333333333335,2245.8333333333335,1590.4166666666667,3600.0,1900.0,1080.0,814.4527815247078,1208.554577446409,1067.0955872948966,1000.0,3800.0,1500.0,2800.0,2640.0,1160.0,3.3103448275862073,1589.7288135593221,1300.0,902.7355377141281,1250.0,1300.0,1554.1666666666665,1900.0,0.5381319083249316,4.962844630259907,4.6443908991413725,2.70805020110221,2.302585092994046,0.06338028169014084,0.0,60,3600,-2.4492935982947064e-16,1.0,-2.4492935982947064e-16,1.0,5350.0,8.585038738311304,0.07000000000000006,2020-01-01
Onion,2020-01-01,5350.0,5567.757343550447,600.0,15000.0,783,505,18,15,20,0,0,2020,1,1,Winter,5000.0,3800.0,3600.0,1275.0,950.0,0.07000000000000006,0.48611111111111116,4.631578947368421,350.0,4133.333333333333,2912.5,1910.4166666666667,3800.0,2950.0,1137.5,757.1877794400366,1460.8002943592264,1437.7009082264465,1275.0,5000.0,1400.0,3725.0,4050.0,950.0,4.631578947368421,1646.5666666666666,1325.0,997.4725792359824,1220.8333333333333,1100.0,2087.5,2050.0,0.5015623328272022,6.664409020350408,6.226536669287466,2.9444389791664403,2.772588722239781,0.02554278416347382,0.0,61,3721,0.49999999999999994,0.8660254037844387,1.0,6.123233995736766e-17,3138.5,8.051818830554165,-0.41336448598130837,2020-02-01
Onion,2020-02-01,3138.5,3216.5955497382197,700.0,11100.0,764,484,19,17,2,0,0,2020,2,1,Winter,5350.0,5000.0,3800.0,1500.0,900.0,-0.41336448598130837,-0.174078947368421,2.487222222222222,-2211.5,4716.666666666667,3591.6666666666665,2277.0833333333335,5000.0,3700.0,1387.5,812.9165598838133,1494.1273930514328,1706.4536036807883,1500.0,5350.0,1550.0,3850.0,4450.0,900.0,2.487222222222222,1707.27868852459,1350.0,1096.9101813905509,1113.0,1000.0,1758.3333333333335,1650.0,0.41599834609320635,6.639875833826536,6.184148890937483,2.995732273553991,2.8903717578961645,0.002617801047120419,0.0,62,3844,0.8660254037844386,0.5000000000000001,1.0,6.123233995736766e-17,2250.0,7.719129840906732,-0.28309702086984223,2020-03-01
Onion,2020-03-01,2250.0,2281.6178861788617,650.0,8600.0,492,325,15,11,0,0,0,2020,3,1,Spring,3138.5,5350.0,5000.0,2300.0,850.0,-0.28309702086984223,-0.55,1.6470588235294117,-888.5,4496.166666666667,3864.75,2463.625,5000.0,3700.0,1900.0,1188.7258234485082,1144.1089873783897,1664.0566413682607,2300.0,5350.0,-1861.5,838.5,2288.5,850.0,1.6470588235294117,1730.3629032258063,1370.0,1102.962275001588,1050.0,900.0,-726.25,-561.5,0.2960369978338546,6.20050917404269,5.786897381366708,2.772588722239781,2.4849066497880004,0.0,0.0,63,3969,1.0,6.123233995736766e-17,1.0,6.123233995736766e-17,2000.0,7.601402334583733,-0.11111111111111116,2020-04-01
Onion,2020-04-01,2000.0,2116.5785714285716,525.0,12000.0,700,459,17,16,2,0,0,2020,4,2,Spring,2250.0,3138.5,5350.0,3600.0,850.0,-0.11111111111111116,-0.6261682242990654,1.3529411764705883,-250.0,3579.5,3856.4166666666665,2580.2916666666665,3138.5,3700.0,2275.0,1596.3585906681494,1157.8847272793053,1587.978882077542,2250.0,5350.0,-3100.0,-1350.0,1400.0,850.0,1.3529411764705883,1738.611111111111,1390.0,1095.9883536453133,1038.3333333333333,815.0,-1606.4166666666665,-1450.0,0.3002488650377437,6.55250788703459,6.131226489483141,2.8903717578961645,2.833213344056216,0.002857142857142857,0.0,64,4096,0.8660254037844387,-0.4999999999999998,1.2246467991473532e-16,-1.0,1200.0,7.0909098220799835,-0.4,2020-05-01
Onion,2020-05-01,1200.0,1335.1379310344828,300.0,6500.0,725,469,18,15,0,0,0,2020,5,2,Summer,2000.0,2250.0,3138.5,3800.0,900.0,-0.4,-0.6176517444639159,0.33333333333333326,-800.0,2462.8333333333335,3589.75,2676.125,2250.0,3469.25,2275.0,598.3469589906293,1389.7734977326354,1506.6841094542067,2000.0,5350.0,-1138.5,-1800.0,1100.0,900.0,0.33333333333333326,1742.6953125,1395.0,1087.7460736639453,1161.6666666666667,900.0,-1589.75,-1469.25,0.38715049731391754,6.587550014824796,6.152732694704104,2.9444389791664403,2.772588722239781,0.0,0.0,65,4225,0.49999999999999994,-0.8660254037844387,1.2246467991473532e-16,-1.0,920.0,6.825460036255307,-0.23333333333333328,2020-06-01
Onion,2020-06-01,920.0,1154.6107921928817,100.0,5600.0,871,534,20,16,0,0,0,2020,6,2,Summer,1200.0,2000.0,2250.0,5000.0,1000.0,-0.23333333333333328,-0.5911111111111111,-0.07999999999999996,-280.0,1816.6666666666667,3156.4166666666665,2701.125,2000.0,2694.25,2275.0,548.4827557301451,1685.0747881523446,1476.7252487268138,1200.0,5350.0,-1050.0,-3800.0,200.0,1000.0,-0.07999999999999996,1734.3461538461538,1390.0,1081.3117970890903,1833.3333333333333,1600.0,-1956.4166666666665,-1494.25,0.5338568909319148,6.77078942390898,6.282266746896006,3.044522437723423,2.833213344056216,0.0,0.0,66,4356,1.2246467991473532e-16,-1.0,1.2246467991473532e-16,-1.0,1200.0,7.0909098220799835,0.30434782608695654,2020-07-01
Onion,2020-07-01,1200.0,1335.6654366543664,300.0,7900.0,813,506,19,15,0,0,0,2020,7,3,Monsoon,920.0,1200.0,2000.0,5350.0,1275.0,0.30434782608695654,-0.4,-0.05882352941176472,280.0,1373.3333333333333,2476.4166666666665,2694.4583333333335,1200.0,2125.0,2275.0,560.4759881862326,1614.0474099810908,1485.2590447205632,920.0,5350.0,-1080.0,-4430.0,-355.0,1275.0,-0.05882352941176472,1722.0075757575758,1370.0,1077.6339091961688,2480.0,2000.0,-1556.4166666666665,-1205.0,0.6517673022099503,6.70196036600254,6.2285110035911835,2.995732273553991,2.772588722239781,0.0,0.0,67,4489,-0.4999999999999997,-0.8660254037844388,-1.0,-1.8369701987210297e-16,1170.0,7.065613363597717,-0.025000000000000022,2020-08-01
Onion,2020-08-01,1170.0,1313.9962756052141,400.0,7800.0,537,386,18,13,0,0,0,2020,8,3,Monsoon,1200.0,920.0,1200.0,3138.5,1500.0,-0.025000000000000022,-0.025000000000000022,-0.21999999999999997,-30.0,1106.6666666666667,1784.75,2688.2083333333335,1200.0,1600.0,2275.0,161.658075373097,839.8912876081041,1491.918037267544,920.0,3138.5,0.0,-1938.5,-300.0,1500.0,-0.21999999999999997,1714.2164179104477,1350.0,1071.3386529346462,2172.5,1800.0,-584.75,-400.0,0.4705932414109002,6.2878585601617845,5.958424693029782,2.9444389791664403,2.6390573296152584,0.0,0.0,68,4624,-0.8660254037844385,-0.5000000000000004,-1.0,-1.8369701987210297e-16,1555.0,7.349873704738337,0.329059829059829,2020-09-01
Onion,2020-09-01,1555.0,1743.2135549872123,600.0,6800.0,782,515,20,15,0,0,0,2020,9,3,Monsoon,1170.0,1200.0,920.0,2250.0,2300.0,0.329059829059829,0.6902173913043479,-0.3239130434782609,385.0,1096.6666666666667,1456.6666666666667,2660.7083333333335,1170.0,1200.0,2275.0,153.73136743467128,534.1410550282245,1518.613489313275,920.0,2250.0,250.0,-1080.0,-1130.0,2300.0,-0.3239130434782609,1706.2132352941176,1325.0,1065.3596243640911,2216.6666666666665,2750.0,-286.66666666666674,-30.0,0.3666872231315042,6.663132695990803,6.246106765481563,3.044522437723423,2.772588722239781,0.0,0.0,69,4761,-1.0,-1.8369701987210297e-16,-1.0,-1.8369701987210297e-16,3050.0,8.02322468471667,0.9614147909967845,2020-10-01
Onion,2020-10-01,3050.0,3205.016129032258,300.0,40000.0,806,492,20,15,1,0,0,2020,10,4,Autumn,1555.0,1170.0,1200.0,2000.0,3600.0,0.9614147909967845,1.5416666666666665,-0.1527777777777778,1495.0,1308.3333333333333,1340.8333333333333,2598.625,1200.0,1200.0,2125.0,214.14558910548197,381.13536527940374,1549.6124020512054,920.0,2000.0,355.0,-445.0,-2045.0,3600.0,-0.1527777777777778,1704.0217391304348,1350.0,1057.6537554569666,2100.0,1900.0,214.16666666666674,355.0,0.28425260306729927,6.693323668269949,6.20050917404269,3.044522437723423,2.772588722239781,0.0012406947890818859,0.0,70,4900,-0.8660254037844386,0.5000000000000001,-2.4492935982947064e-16,1.0,4000.0,8.294299608857235,0.3114754098360655,2020-11-01
Onion,2020-11-01,4000.0,4453.0218818380745,1100.0,11250.0,457,294,18,11,4,0,0,2020,11,4,Autumn,3050.0,1555.0,1170.0,1200.0,3800.0,0.3114754098360655,2.4188034188034186,0.05263157894736836,950.0,1925.0,1515.8333333333333,2552.7916666666665,1555.0,1200.0,2125.0,993.113790056306,778.3727684513796,1525.2440558560588,920.0,3050.0,1880.0,1850.0,-750.0,3800.0,0.05263157894736836,1723.25,1370.0,1062.21477927905,1820.0,1575.0,1534.1666666666667,1850.0,0.5134949544484088,6.126869184114185,5.68697535633982,2.9444389791664403,2.4849066497880004,0.0087527352297593,0.0,71,5041,-0.5000000000000004,0.8660254037844384,-2.4492935982947064e-16,1.0,3400.0,8.131824785007195,-0.15000000000000002,2020-12-01
Onion,2020-12-01,3400.0,3613.938633193863,850.0,9600.0,717,469,20,16,0,0,0,2020,12,4,Winter,4000.0,3050.0,1555.0,920.0,5000.0,-0.15000000000000002,1.1864951768488745,-0.31999999999999995,-600.0,2868.3333333333335,1982.5,2569.4583333333335,3050.0,1377.5,2125.0,1232.5819783419413,1248.5181216145802,1541.1216024573155,920.0,4000.0,2445.0,3080.0,-1000.0,5000.0,-0.31999999999999995,1755.3169014084508,1390.0,1088.6643101901018,1587.5,1425.0,2017.5,2622.5,0.6297695443200909,6.576469569048224,6.152732694704104,3.044522437723423,2.833213344056216,0.0,0.0,72,5184,-2.4492935982947064e-16,1.0,-2.4492935982947064e-16,1.0,2500.0,7.824445930877619,-0.2647058823529411,2021-01-01
Onion,2021-01-01,2500.0,2683.27304964539,600.0,8625.0,846,534,20,17,0,0,0,2021,1,1,Winter,3400.0,4000.0,3050.0,1200.0,5350.0,-0.2647058823529411,-0.180327868852459,-0.5327102803738317,-900.0,3483.3333333333335,2395.8333333333335,2436.125,3400.0,2302.5,2125.0,480.45117684665297,1236.876779095908,1371.6130869262186,1170.0,4000.0,350.0,2200.0,-1950.0,5350.0,-0.5327102803738317,1778.1597222222222,1395.0,1098.2105285301948,1365.625,1381.25,1004.1666666666665,1097.5,0.5162616121443789,6.741700694652055,6.282266746896006,3.044522437723423,2.8903717578961645,0.0,0.0,73,5329,0.49999999999999994,0.8660254037844387,1.0,6.123233995736766e-17,2950.0,7.989899374942939,0.17999999999999994,2021-02-01
Onion,2021-02-01,2950.0,3149.8303571428573,750.0,12000.0,896,563,21,17,6,0,0,2021,2,1,Winter,2500.0,3400.0,4000.0,1170.0,3138.5,0.17999999999999994,-0.26249999999999996,-0.060060538473793224,450.0,3300.0,2612.5,2198.625,3400.0,2775.0,2125.0,754.9834435270752,1090.7325520034694,1023.8556611030314,1170.0,4000.0,-1500.0,1330.0,-638.5,3138.5,-0.060060538473793224,1788.0479452054794,1400.0,1093.825013822492,1109.75,1050.0,-112.5,-275.0,0.41750528306352896,6.799055862058796,6.335054251498059,3.091042453358316,2.8903717578961645,0.006696428571428571,0.0,74,5476,0.8660254037844386,0.5000000000000001,1.0,6.123233995736766e-17,2800.0,7.937731775260109,-0.05084745762711862,2021-03-01
Onion,2021-03-01,2800.0,2902.494404883011,525.0,11800.0,983,579,21,15,6,0,0,2021,3,1,Spring,2950.0,2500.0,3400.0,1555.0,2250.0,-0.05084745762711862,-0.17647058823529416,0.24444444444444446,-150.0,2950.0,2909.1666666666665,2182.9166666666665,2950.0,3000.0,2125.0,450.0000000000005,831.0861367311264,1009.4698391039746,1555.0,4000.0,-450.0,1395.0,700.0,2250.0,0.24444444444444446,1803.75,1410.0,1094.6727485280078,1025.0,925.0,40.833333333333485,-50.0,0.2856784199591383,6.891625897052253,6.363028103540465,3.091042453358316,2.772588722239781,0.006103763987792472,0.0,75,5625,1.0,6.123233995736766e-17,1.0,6.123233995736766e-17,1450.0,7.280008252884188,-0.4821428571428571,2021-04-01
Onion,2021-04-01,1450.0,1557.8011627906976,400.0,5800.0,860,559,21,16,0,0,0,2021,4,2,Spring,2800.0,2950.0,2500.0,3050.0,2000.0,-0.4821428571428571,-0.42000000000000004,-0.275,-1350.0,2750.0,3116.6666666666665,2228.75,2800.0,3000.0,2250.0,229.12878474779302,524.08650685423,1025.1565844919842,2500.0,4000.0,300.0,-250.0,800.0,2000.0,-0.275,1817.0333333333333,1420.0,1093.3199852239463,1016.25,882.5,-316.6666666666665,-200.0,0.16815609845590268,6.7580945044277305,6.327936783729195,3.091042453358316,2.833213344056216,0.0,0.0,76,5776,0.8660254037844387,-0.4999999999999998,1.2246467991473532e-16,-1.0,1450.0,7.280008252884188,0.0,2021-05-01
Onion,2021-05-01,1450.0,1609.411971830986,600.0,7300.0,568,401,21,15,0,0,0,2021,5,2,Summer,1450.0,2800.0,2950.0,4000.0,1200.0,0.0,-0.5084745762711864,0.20833333333333326,0.0,2400.0,2850.0,2182.9166666666665,2800.0,2875.0,2027.5,826.1355820929156,862.5543461139139,1048.3460097031916,1450.0,4000.0,-1500.0,-2550.0,250.0,1200.0,0.20833333333333326,1812.203947368421,1435.0,1086.8225036856497,1218.75,1145.0,-1400.0,-1425.0,0.30265064775926803,6.343880434126331,5.996452088619021,3.091042453358316,2.772588722239781,0.0,0.0,77,5929,0.49999999999999994,-0.8660254037844387,1.2246467991473532e-16,-1.0,1650.0,7.409136443920128,0.13793103448275867,2021-06-01
Onion,2021-06-01,1650.0,1887.6109865470853,350.0,7800.0,892,544,21,15,0,0,0,2021,6,2,Summer,1450.0,1450.0,2800.0,3400.0,920.0,0.13793103448275867,-0.4107142857142857,0.7934782608695652,200.0,1900.0,2425.0,2203.75,1450.0,2650.0,2027.5,779.422863405995,809.1662375556712,1029.3491434352618,1450.0,3400.0,-1350.0,-1950.0,530.0,920.0,0.7934782608695652,1807.5,1450.0,1080.4374388230567,1750.0,1550.0,-975.0,-1200.0,0.33367679899202934,6.794586580876499,6.300785794663244,3.091042453358316,2.772588722239781,0.0,0.0,78,6084,1.2246467991473532e-16,-1.0,1.2246467991473532e-16,-1.0,2090.0,7.645397699428633,0.2666666666666666,2021-07-01
Onion,2021-07-01,2090.0,2203.0272331154683,600.0,7800.0,918,561,21,17,0,0,0,2021,7,3,Monsoon,1650.0,1450.0,1450.0,2500.0,1200.0,0.2666666666666666,0.4413793103448276,0.7416666666666667,440.0,1516.6666666666667,2133.3333333333335,2264.5833333333335,1450.0,2075.0,2075.0,115.47005383792512,694.7421584060284,966.219103547743,1450.0,2950.0,200.0,-850.0,450.0,1200.0,0.7416666666666667,1805.4807692307693,1450.0,1073.5468143552882,2197.5,1675.0,-483.3333333333335,-425.0,0.32566038675282577,6.823286122355687,6.331501849893691,3.091042453358316,2.8903717578961645,0.0,0.0,79,6241,-0.4999999999999997,-0.8660254037844388,-1.0,-1.8369701987210297e-16,2050.0,7.62608275807238,-0.019138755980861233,2021-08-01
Onion,2021-08-01,2050.0,2118.217183770883,645.0,7800.0,419,276,18,12,0,0,0,2021,8,3,Monsoon,2090.0,1650.0,1450.0,2950.0,1170.0,-0.019138755980861233,0.4137931034482758,0.7521367521367521,-40.0,1730.0,2065.0,2338.75,1650.0,1870.0,2295.0,327.414110874898,671.2302138610867,909.5706404672471,1450.0,2950.0,640.0,-860.0,920.0,1170.0,0.7521367521367521,1809.0822784810127,1450.0,1067.1231347928535,1949.375,1540.0,25.0,220.0,0.325050951022318,6.040254711277414,5.6240175061873385,2.9444389791664403,2.5649493574615367,0.0,0.0,80,6400,-0.8660254037844385,-0.5000000000000004,-1.0,-1.8369701987210297e-16,1990.0,7.596392304064196,-0.029268292682926855,2021-09-01
Onion,2021-09-01,1990.0,2016.0021574973032,400.0,7600.0,927,570,21,15,0,0,0,2021,9,3,Monsoon,2050.0,2090.0,1650.0,2800.0,1555.0,-0.029268292682926855,0.20606060606060606,0.279742765273312,-60.0,1930.0,1915.0,2412.0833333333335,2050.0,1850.0,2295.0,243.31050121192877,516.6720429827802,839.5546934734696,1450.0,2800.0,400.0,-750.0,495.0,1555.0,0.279742765273312,1812.09375,1459.5,1060.6897388550253,2062.5,2175.0,135.0,200.0,0.2698026334113735,6.833031732786201,6.3473892096560105,3.091042453358316,2.772588722239781,0.0,0.0,81,6561,-1.0,-1.8369701987210297e-16,-1.0,-1.8369701987210297e-16,2350.0,7.762596048540069,0.18090452261306522,2021-10-01
Onion,2021-10-01,2350.0,2488.0695847362513,700.0,7600.0,891,551,19,13,0,0,0,2021,10,4,Autumn,1990.0,2050.0,2090.0,1450.0,3050.0,0.18090452261306522,0.12440191387559807,-0.2295081967213115,360.0,2043.3333333333333,1780.0,2448.3333333333335,2050.0,1820.0,2295.0,50.33222956847149,299.2657681727056,807.9810228794557,1450.0,2090.0,-100.0,540.0,-1060.0,3050.0,-0.2295081967213115,1814.29012345679,1469.0,1054.2249222301825,1865.0,1530.0,210.0,170.0,0.16812683605208179,6.79346613258001,6.313548046277095,2.995732273553991,2.6390573296152584,0.0,0.0,82,6724,-0.8660254037844386,0.5000000000000001,-2.4492935982947064e-16,1.0,2710.0,7.905072849498666,0.15319148936170213,2021-11-01
Onion,2021-11-01,2710.0,2830.6213364595546,900.0,6700.0,853,516,20,15,0,0,0,2021,11,4,Autumn,2350.0,1990.0,2050.0,1450.0,4000.0,0.15319148936170213,0.3219512195121952,-0.3225,360.0,2130.0,1930.0,2390.0,2050.0,2020.0,2220.0,192.87301521985904,325.20762598684536,785.5513408370628,1450.0,2350.0,300.0,900.0,-1650.0,4000.0,-0.3225,1820.8231707317073,1484.5,1049.3660648689113,1646.0,1420.0,420.0,330.0,0.16850136061494578,6.74993119378857,6.248042874508429,3.044522437723423,2.772588722239781,0.0,0.0,83,6889,-0.5000000000000004,0.8660254037844384,-2.4492935982947064e-16,1.0,2100.0,7.650168700845001,-0.22509225092250917,2021-12-01
Onion,2021-12-01,2100.0,2290.1027027027026,600.0,6000.0,925,553,21,15,0,0,0,2021,12,4,Winter,2710.0,2350.0,1990.0,1650.0,3400.0,-0.22509225092250917,0.055276381909547645,-0.38235294117647056,-610.0,2350.0,2140.0,2282.5,2350.0,2070.0,2220.0,359.99999999999994,358.3852675543463,614.937173435405,1650.0,2710.0,720.0,1060.0,-690.0,3400.0,-0.38235294117647056,1831.5361445783133,1500.0,1047.504641654343,1450.0,1300.0,570.0,640.0,0.16746975119361976,6.8308742346461795,6.317164686747284,3.091042453358316,2.772588722239781,0.0,0.0,84,7056,-2.4492935982947064e-16,1.0,-2.4492935982947064e-16,1.0,2000.0,7.601402334583733,-0.04761904761904767,2022-01-01
Onion,2022-01-01,2000.0,2293.035389282103,541.0,7800.0,989,577,21,17,0,0,0,2022,1,1,Winter,2100.0,2710.0,2350.0,2090.0,2500.0,-0.04761904761904767,-0.14893617021276595,-0.19999999999999996,-100.0,2386.6666666666665,2215.0,2174.1666666666665,2350.0,2095.0,2095.0,306.6485501895179,272.01102918815724,504.82145058396156,1990.0,2710.0,-250.0,10.0,-400.0,2500.0,-0.19999999999999996,1834.732142857143,1500.0,1041.5872082201677,1262.5,1100.0,-115.0,5.0,0.12280407638291523,6.897704943128636,6.359573868672378,3.091042453358316,2.8903717578961645,0.0,0.0,85,7225,0.49999999999999994,0.8660254037844387,1.0,6.123233995736766e-17,2200.0,7.696667081526462,0.10000000000000009,2022-02-01
Onion,2022-02-01,2200.0,2502.9772151898733,500.0,45000.0,1185,665,25,17,3,0,0,2022,2,1,Winter,2000.0,2100.0,2710.0,2050.0,2950.0,0.10000000000000009,-0.1881918819188192,-0.2542372881355932,200.0,2270.0,2200.0,2132.5,2100.0,2075.0,2070.0,384.31757701151264,282.55972819919066,496.04114565408423,1990.0,2710.0,-710.0,-50.0,-950.0,2950.0,-0.2542372881355932,1836.6764705882354,1500.0,1035.5238888793324,1057.8,1000.0,-200.0,-75.0,0.12843624009054122,7.078341579557671,6.501289670540389,3.258096538021482,2.8903717578961645,0.002531645569620253,0.0,86,7396,0.8660254037844386,0.5000000000000001,1.0,6.123233995736766e-17,2350.0,7.762596048540069,0.06818181818181812,2022-03-01
Onion,2022-03-01,2350.0,2353.2788038698327,500.0,7000.0,1137,665,23,17,0,0,0,2022,3,1,Spring,2200.0,2000.0,2100.0,1990.0,2800.0,0.06818181818181812,0.11904761904761907,-0.1607142857142857,150.0,2100.0,2225.0,2070.0,2100.0,2150.0,2070.0,99.99999999999972,273.11169876078276,425.9748178643237,1990.0,2710.0,100.0,210.0,-600.0,2800.0,-0.1607142857142857,1840.9011627906978,1500.0,1030.1598157560952,1000.0,900.0,-25.0,50.0,0.12274683090372258,7.037027614686276,6.501289670540389,3.1780538303479458,2.8903717578961645,0.0,0.0,87,7569,1.0,6.123233995736766e-17,1.0,6.123233995736766e-17,1500.0,7.313886831633462,-0.36170212765957444,2022-04-01
Onion,2022-04-01,1500.0,1624.1758708581137,355.0,32000.0,1177,676,23,19,2,0,0,2022,4,2,Spring,2350.0,2200.0,2000.0,2350.0,1450.0,-0.36170212765957444,-0.25,0.034482758620689724,-850.0,2183.3333333333335,2285.0,2032.5,2200.0,2275.0,2070.0,175.5942292142121,249.69981978367676,372.2932617269228,2000.0,2710.0,350.0,0.0,900.0,1450.0,0.034482758620689724,1846.7528735632184,1500.0,1025.6063914558717,1013.0,950.0,65.0,75.0,0.10927782047425678,7.071573364211532,6.517671272912275,3.1780538303479458,2.995732273553991,0.0016992353440951572,0.0,88,7744,0.8660254037844387,-0.4999999999999998,1.2246467991473532e-16,-1.0,1200.0,7.0909098220799835,-0.19999999999999996,2022-05-01
Onion,2022-05-01,1200.0,1299.6470588235295,300.0,4700.0,561,372,21,12,0,0,0,2022,5,2,Summer,1500.0,2350.0,2200.0,2710.0,1450.0,-0.19999999999999996,-0.4545454545454546,-0.1724137931034483,-300.0,2016.6666666666667,2143.3333333333335,2036.6666666666667,2200.0,2150.0,2070.0,453.68858629387324,400.83246708153155,365.3972516524307,1500.0,2710.0,-700.0,-1210.0,50.0,1450.0,-0.1724137931034483,1842.8125,1500.0,1020.3648190058997,1230.0,1275.0,-643.3333333333335,-650.0,0.1870135927285528,6.331501849893691,5.921578419643816,3.091042453358316,2.5649493574615367,0.0,0.0,89,7921,0.49999999999999994,-0.8660254037844387,1.2246467991473532e-16,-1.0,1200.0,7.0909098220799835,0.0,2022-06-01
Onion,2022-06-01,1200.0,1384.4877408056043,200.0,45000.0,1142,658,22,18,2,0,0,2022,6,2,Summer,1200.0,1500.0,2350.0,2100.0,1650.0,0.0,-0.4893617021276596,-0.2727272727272727,0.0,1683.3333333333333,1891.6666666666667,2015.8333333333333,1500.0,2050.0,2070.0,596.5176722724426,445.43985751913425,406.6818799936257,1200.0,2350.0,-1150.0,-900.0,-450.0,1650.0,-0.2727272727272727,1835.5898876404494,1500.0,1016.8362520186352,1700.0,1500.0,-691.6666666666667,-850.0,0.23547481454755995,7.04141166379481,6.490723534502507,3.1354942159291497,2.9444389791664403,0.0017513134851138354,0.0,90,8100,1.2246467991473532e-16,-1.0,1.2246467991473532e-16,-1.0,1400.0,7.244941546337007,0.16666666666666674,2022-07-01
Onion,2022-07-01,1400.0,1649.6558044806518,145.0,35000.0,982,614,21,19,4,0,0,2022,7,3,Monsoon,1200.0,1200.0,1500.0,2000.0,2090.0,0.16666666666666674,-0.06666666666666665,-0.3301435406698564,200.0,1300.0,1741.6666666666667,1978.3333333333333,1200.0,1750.0,2070.0,173.20508075688738,508.3469943519548,460.6484230918066,1200.0,2350.0,-300.0,-800.0,-890.0,2090.0,-0.3301435406698564,1828.5277777777778,1500.0,1013.3247684224327,2218.0,2000.0,-541.6666666666667,-550.0,0.29187387235518936,6.890609120147166,6.421622267806518,3.091042453358316,2.995732273553991,0.004073319755600814,0.0,91,8281,-0.4999999999999997,-0.8660254037844388,-1.0,-1.8369701987210297e-16,1500.0,7.313886831633462,0.0714285714285714,2022-08-01
Onion,2022-08-01,1500.0,1588.710503089144,165.0,5200.0,1133,645,21,18,0,0,0,2022,8,3,Monsoon,1400.0,1200.0,1200.0,2200.0,2050.0,0.0714285714285714,0.25,-0.2682926829268293,100.0,1266.6666666666667,1641.6666666666667,1920.8333333333333,1200.0,1450.0,2025.0,115.47005383792512,506.3760131233174,487.7118809172862,1200.0,2350.0,200.0,-800.0,-650.0,2050.0,-0.2682926829268293,1823.8186813186812,1500.0,1008.680264053766,2279.5,1800.0,-241.66666666666674,-50.0,0.30845239378070094,7.033506484287697,6.470799503782602,3.091042453358316,2.9444389791664403,0.0,0.0,92,8464,-0.8660254037844385,-0.5000000000000004,-1.0,-1.8369701987210297e-16,1470.0,7.293697720601438,-0.020000000000000018,2022-09-01
Onion,2022-09-01,1470.0,1551.0103480714959,209.0,6800.0,1063,641,23,18,0,0,0,2022,9,3,Monsoon,1500.0,1400.0,1200.0,2350.0,1990.0,-0.020000000000000018,0.2250000000000001,-0.2613065326633166,-30.0,1366.6666666666667,1525.0,1875.0,1400.0,1450.0,1995.0,152.75252316519462,426.32147494584325,500.1545215776259,1200.0,2350.0,300.0,-850.0,-490.0,1990.0,-0.2613065326633166,1820.2989130434783,1500.0,1003.6907032552425,2410.0,2750.0,-25.0,50.0,0.2795550655382579,6.96979066990159,6.464588303689961,3.1780538303479458,2.9444389791664403,0.0,0.0,93,8649,-1.0,-1.8369701987210297e-16,-1.0,-1.8369701987210297e-16,1450.0,7.280008252884188,-0.013605442176870763,2022-10-01
Onion,2022-10-01,1450.0,1663.3655589123866,200.0,7800.0,993,598,22,19,0,0,0,2022,10,4,Autumn,1470.0,1500.0,1400.0,1500.0,2350.0,-0.013605442176870763,0.03571428571428581,-0.3829787234042553,-20.0,1456.6666666666667,1378.3333333333333,1831.6666666666667,1470.0,1435.0,1750.0,51.31601439446855,142.88690166234858,511.67875812383494,1200.0,1500.0,70.0,-30.0,-880.0,2350.0,-0.3829787234042553,1816.532258064516,1500.0,998.8816431347533,2492.0,1900.0,91.66666666666674,35.0,0.10366643409602073,6.901737206656574,6.395261598115449,3.1354942159291497,2.995732273553991,0.0,0.0,94,8836,-0.8660254037844386,0.5000000000000001,-2.4492935982947064e-16,1.0,2000.0,7.601402334583733,0.3793103448275863,2022-11-01
Onion,2022-11-01,2000.0,2230.5302491103203,520.0,9800.0,562,537,22,14,0,0,0,2022,11,4,Autumn,1450.0,1470.0,1500.0,1200.0,2710.0,0.3793103448275863,0.33333333333333326,-0.26199261992619927,550.0,1473.3333333333333,1370.0,1756.6666666666667,1470.0,1425.0,1500.0,25.166114784235145,135.64659966250164,494.46634839690375,1200.0,1500.0,-50.0,250.0,-1260.0,2710.0,-0.26199261992619927,1812.6329787234042,1500.0,994.2158204926702,2263.3333333333335,1575.0,80.0,25.0,0.099012116541972,6.333279628139691,6.2878585601617845,3.1354942159291497,2.70805020110221,0.0,0.0,95,9025,-0.5000000000000004,0.8660254037844384,-2.4492935982947064e-16,1.0,1620.0,7.390798521735676,-0.18999999999999995,2022-12-01
Onion,2022-12-01,1620.0,2083.5009487666034,400.0,72000.0,527,495,23,17,2,1,0,2022,12,4,Winter,2000.0,1450.0,1470.0,1200.0,2100.0,-0.18999999999999995,0.1020408163265305,-0.22857142857142854,-380.0,1640.0,1503.3333333333333,1697.5,1470.0,1460.0,1500.0,311.9294792096444,265.8320271650237,404.27544615476575,1200.0,2000.0,530.0,800.0,-100.0,2100.0,-0.22857142857142854,1814.6052631578948,1500.0,989.1001226526963,1731.4166666666667,1425.0,496.66666666666674,540.0,0.1768283994445834,6.269096283706261,6.206575926724928,3.1780538303479458,2.8903717578961645,0.003795066413662239,0.0,96,9216,-2.4492935982947064e-16,1.0,-2.4492935982947064e-16,1.0,1515.0,7.323830566202317,-0.06481481481481477,2023-01-01
Onion,2023-01-01,1515.0,1812.41,500.0,11800.0,300,295,20,12,1,0,0,2023,1,1,Winter,1620.0,2000.0,1450.0,1400.0,2000.0,-0.06481481481481477,0.04482758620689653,-0.24250000000000005,-105.0,1690.0,1573.3333333333333,1657.5,1620.0,1485.0,1500.0,281.6025568065744,221.60024067375477,384.072081302927,1400.0,2000.0,170.0,220.0,-380.0,2000.0,-0.24250000000000005,1812.578125,1500.0,984.0810175465202,1427.0833333333333,1381.25,46.66666666666674,135.0,0.1408476105977255,5.707110264748875,5.69035945432406,3.044522437723423,2.5649493574615367,0.0033333333333333335,0.0,97,9409,0.49999999999999994,0.8660254037844387,1.0,6.123233995736766e-17,1600.0,7.3783837129967145,0.05610561056105601,2023-02-01
Onion,2023-02-01,1600.0,1805.6813559322034,200.0,9140.0,590,556,23,17,0,0,0,2023,2,1,Winter,1515.0,1620.0,2000.0,1500.0,2200.0,0.05610561056105601,-0.19999999999999996,-0.2727272727272727,85.0,1711.6666666666667,1592.5,1617.0833333333333,1620.0,1507.5,1500.0,255.16334637508834,208.17660771565906,370.015100019476,1450.0,2000.0,-485.0,15.0,-685.0,2200.0,-0.2727272727272727,1809.5103092783504,1500.0,979.4083433469472,1214.8333333333333,1050.0,-77.5,7.5,0.13072314456242326,6.3818160174060985,6.322565239927284,3.1780538303479458,2.8903717578961645,0.0,0.0,98,9604,0.8660254037844386,0.5000000000000001,1.0,6.123233995736766e-17,1250.0,7.1316985104669115,-0.21875,2023-03-01
Onion,2023-03-01,1250.0,1361.0767918088736,200.0,9040.0,586,551,23,18,0,0,0,2023,3,1,Spring,1600.0,1515.0,1620.0,1470.0,2350.0,-0.21875,-0.22839506172839508,-0.46808510638297873,-350.0,1578.3333333333333,1609.1666666666667,1567.0833333333333,1600.0,1557.5,1500.0,55.75242894559245,203.2342654836189,321.4346981138063,1450.0,2000.0,-20.0,130.0,-750.0,2350.0,-0.46808510638297873,1807.3724489795918,1500.0,974.5765887694233,1033.3333333333333,925.0,-9.166666666666742,42.5,0.12629783458329502,6.375024819828097,6.313548046277095,3.1780538303479458,2.9444389791664403,0.0,0.0,99,9801,1.0,6.123233995736766e-17,1.0,6.123233995736766e-17,1230.0,7.115582126184454,-0.016000000000000014,2023-04-01
Onion,2023-04-01,1230.0,1353.4295010845988,300.0,5800.0,461,435,21,18,0,0,0,2023,4,2,Spring,1250.0,1600.0,1515.0,1450.0,1500.0,-0.016000000000000014,-0.18811881188118806,-0.18000000000000005,-20.0,1455.0,1572.5,1475.4166666666667,1515.0,1557.5,1485.0,182.55136263528684,248.22872517095877,218.1060869199066,1250.0,2000.0,-265.0,-200.0,-250.0,1500.0,-0.18000000000000005,1801.7424242424242,1500.0,971.2083793609905,997.5,935.0,-322.5,-307.5,0.15785610503717568,6.135564891081739,6.077642243349034,3.091042453358316,2.9444389791664403,0.0,0.0,100,10000,0.8660254037844387,-0.4999999999999998,1.2246467991473532e-16,-1.0,1140.0,7.039660349862076,-0.07317073170731703,2023-05-01
Onion,2023-05-01,1140.0,1244.0733197556008,200.0,5800.0,491,475,20,14,0,0,0,2023,5,2,Summer,1230.0,1250.0,1600.0,2000.0,1200.0,-0.07317073170731703,-0.2875,-0.050000000000000044,-90.0,1360.0,1535.8333333333333,1452.9166666666667,1250.0,1557.5,1460.0,208.08652046684813,283.66206420081267,228.99442563017922,1230.0,2000.0,-370.0,-770.0,30.0,1200.0,-0.050000000000000044,1796.025,1500.0,967.9808239997902,1225.0,1237.5,-305.83333333333326,-327.5,0.18469586383123995,6.198478716492308,6.16541785423142,3.044522437723423,2.70805020110221,0.0,0.0,101,10201,0.49999999999999994,-0.8660254037844387,1.2246467991473532e-16,-1.0,1140.0,7.039660349862076,0.0,2023-06-01
Onion,2023-06-01,1140.0,1450.0294237288135,140.0,10600.0,590,558,23,17,1,0,0,2023,6,2,Summer,1140.0,1230.0,1250.0,1620.0,1200.0,0.0,-0.08799999999999997,-0.050000000000000044,0.0,1206.6666666666667,1392.5,1447.9166666666667,1230.0,1382.5,1460.0,58.59465277082318,209.89878513226097,235.5791541685864,1140.0,1620.0,-110.0,-480.0,-60.0,1200.0,-0.050000000000000044,1789.529702970297,1500.0,965.3383262405522,1611.6666666666667,1500.0,-252.5,-242.5,0.15073521373950519,6.3818160174060985,6.326149473155099,3.1780538303479458,2.8903717578961645,0.001694915254237288,0.0,102,10404,1.2246467991473532e-16,-1.0,1.2246467991473532e-16,-1.0,1300.0,7.170888478512505,0.14035087719298245,2023-07-01
Onion,2023-07-01,1300.0,1673.1843667296787,300.0,12540.0,529,502,20,17,3,0,0,2023,7,3,Monsoon,1140.0,1140.0,1230.0,1515.0,1400.0,0.14035087719298245,0.05691056910569103,-0.0714285714285714,160.0,1170.0,1312.5,1442.9166666666667,1140.0,1240.0,1460.0,51.96152422706638,196.92003453178378,241.8720391722285,1140.0,1600.0,-90.0,-375.0,-260.0,1400.0,-0.0714285714285714,1783.1617647058824,1500.0,962.6981528361226,2107.5,1777.5,-172.5,-100.0,0.15003431202421622,6.272877006546167,6.220590170099739,3.044522437723423,2.8903717578961645,0.005671077504725898,0.0,103,10609,-0.4999999999999997,-0.8660254037844388,-1.0,-1.8369701987210297e-16,1550.0,7.346655163176539,0.1923076923076923,2023-08-01
Onion,2023-08-01,1550.0,1830.7351414309485,350.0,13000.0,601,576,23,17,3,0,0,2023,8,3,Monsoon,1300.0,1140.0,1140.0,1600.0,1500.0,0.1923076923076923,0.35964912280701755,0.03333333333333344,250.0,1193.3333333333333,1276.6666666666667,1434.5833333333333,1140.0,1240.0,1460.0,92.37604307034016,170.4894913672556,245.18507233713967,1140.0,1600.0,160.0,-300.0,-200.0,1500.0,0.03333333333333344,1778.4708737864078,1500.0,959.149643360739,2407.9166666666665,2425.0,23.333333333333258,60.0,0.13354268253309837,6.400257445308821,6.3578422665081,3.1780538303479458,2.8903717578961645,0.004991680532445923,0.0,104,10816,-0.8660254037844385,-0.5000000000000004,-1.0,-1.8369701987210297e-16,2155.0,7.6760099320288875,0.39032258064516134,2023-09-01
Onion,2023-09-01,2155.0,2352.334448160535,600.0,11500.0,598,573,24,17,1,0,0,2023,9,3,Monsoon,1550.0,1300.0,1140.0,1250.0,1470.0,0.39032258064516134,0.8903508771929824,0.4659863945578231,605.0,1330.0,1268.3333333333333,1438.75,1300.0,1240.0,1460.0,206.63978319771826,151.71244730299983,246.8172400785624,1140.0,1550.0,410.0,300.0,80.0,1470.0,0.4659863945578231,1776.2740384615386,1500.0,954.7451087685723,2675.0,2825.0,281.66666666666674,310.0,0.11961559577109054,6.395261598115449,6.352629396319567,3.2188758248682006,2.8903717578961645,0.0016722408026755853,0.0,105,11025,-1.0,-1.8369701987210297e-16,-1.0,-1.8369701987210297e-16,2060.0,7.630946580890459,-0.044083526682134555,2023-10-01
Onion,2023-10-01,2060.0,2332.10162601626,300.0,7400.0,246,238,17,12,0,0,0,2023,10,4,Autumn,2155.0,1550.0,1300.0,1230.0,1450.0,-0.044083526682134555,0.5846153846153845,0.42068965517241375,-95.0,1668.3333333333333,1419.1666666666667,1495.8333333333333,1550.0,1265.0,1482.5,439.6115709729822,391.0040494248951,322.35520592643985,1140.0,2155.0,855.0,925.0,705.0,1450.0,0.42068965517241375,1779.8809523809523,1500.0,950.862484304001,2643.3333333333335,2650.0,735.8333333333333,890.0,0.27551665256011393,5.5093883366279774,5.476463551931511,2.8903717578961645,2.5649493574615367,0.0,0.0,106,11236,-0.8660254037844386,0.5000000000000001,-2.4492935982947064e-16,1.0,4100.0,8.31898612539206,0.9902912621359223,2023-11-01
Onion,2023-11-01,4100.0,4421.550912621359,900.0,37240.0,515,493,22,15,3,0,0,2023,11,4,Autumn,2060.0,2155.0,1550.0,1140.0,2000.0,0.9902912621359223,1.6451612903225805,1.0499999999999998,2040.0,1921.6666666666667,1557.5,1546.6666666666667,2060.0,1425.0,1532.5,325.358776327508,452.65605044006577,360.33023573921383,1140.0,2155.0,510.0,920.0,60.0,2000.0,1.0499999999999998,1782.5235849056603,1500.0,946.7147742188081,2297.1428571428573,1730.0,502.5,635.0,0.29062988792299566,6.246106765481563,6.202535517187923,3.1354942159291497,2.772588722239781,0.005825242718446602,0.0,107,11449,-0.5000000000000004,0.8660254037844384,-2.4492935982947064e-16,1.0,3800.0,8.24301946898925,-0.07317073170731703,2023-12-01
Onion,2023-12-01,3800.0,4056.3070866141734,900.0,25540.0,508,483,21,17,2,0,0,2023,12,4,Winter,4100.0,2060.0,2155.0,1140.0,1620.0,-0.07317073170731703,0.7633410672853829,1.3456790123456792,-300.0,2771.6666666666665,2050.8333333333335,1721.6666666666667,2155.0,1805.0,1532.5,1151.3506561136505,1082.055528458067,818.7971591785027,1140.0,4100.0,1945.0,2960.0,2480.0,1620.0,1.3456790123456792,1804.1822429906542,1500.0,968.5075768313984,1905.5,1550.0,2049.1666666666665,2295.0,0.5276174864484683,6.2324480165505225,6.182084906716632,3.091042453358316,2.8903717578961645,0.003937007874015748,0.0,108,11664,-2.4492935982947064e-16,1.0,-2.4492935982947064e-16,1.0,2000.0,7.601402334583733,-0.4736842105263158,2024-01-01
Onion,2024-01-01,2000.0,2256.1544554455445,200.0,19840.0,505,471,19,16,1,0,2,2024,1,1,Winter,3800.0,4100.0,2060.0,1300.0,1515.0,-0.4736842105263158,-0.029126213592232997,0.3201320132013201,-1800.0,3320.0,2494.1666666666665,1903.3333333333333,3800.0,2107.5,1532.5,1101.4535850411492,1175.152826940678,1012.9981004499218,1300.0,4100.0,1740.0,2500.0,2285.0,1515.0,0.3201320132013201,1822.662037037037,1500.0,982.9154631049228,1623.2142857142858,1662.5,1305.8333333333335,1692.5,0.47116050528861136,6.226536669287466,6.156978985585555,2.995732273553991,2.833213344056216,0.0019801980198019802,0.0039603960396039604,109,11881,0.49999999999999994,0.8660254037844387,1.0,6.123233995736766e-17,1800.0,7.496097345175956,-0.09999999999999998,2024-02-01
Onion,2024-02-01,1800.0,1896.7926829268292,100.0,14340.0,574,541,24,17,1,0,2,2024,2,1,Winter,2000.0,3800.0,4100.0,1550.0,1600.0,-0.09999999999999998,-0.5609756097560976,0.125,-200.0,3300.0,2610.8333333333335,1943.75,3800.0,2107.5,1575.0,1135.781669160055,1062.2072145615787,1005.7451443852682,1550.0,4100.0,-2100.0,450.0,400.0,1600.0,0.125,1824.288990825688,1500.0,978.5017867789142,1248.4285714285713,1100.0,-610.8333333333335,-107.5,0.4068460445176809,6.354370040797351,6.295266001439646,3.2188758248682006,2.8903717578961645,0.0017421602787456446,0.003484320557491289,110,12100,0.8660254037844386,0.5000000000000001,1.0,6.123233995736766e-17,1765.0,7.476472381163905,-0.019444444444444486,2024-03-01
Onion,2024-03-01,1765.0,1994.2063492063492,15.0,21000.0,567,532,25,17,2,0,3,2024,3,1,Spring,1800.0,2000.0,3800.0,2155.0,1250.0,-0.019444444444444486,-0.5355263157894736,0.4119999999999999,-35.0,2533.3333333333335,2652.5,1960.4166666666667,2000.0,2107.5,1675.0,1101.5141094572207,1016.1778879704091,1001.1776209983307,1800.0,4100.0,-2000.0,-355.0,550.0,1250.0,0.4119999999999999,1824.0681818181818,1500.0,974.0056573439131,1092.857142857143,950.0,-852.5,-307.5,0.38310193702937195,6.342121418721152,6.278521424165844,3.258096538021482,2.8903717578961645,0.003527336860670194,0.005291005291005291,111,12321,1.0,6.123233995736766e-17,1.0,6.123233995736766e-17,1800.0,7.496097345175956,0.019830028328611915,2024-04-01
Onion,2024-04-01,1800.0,1999.409429280397,500.0,19540.0,403,381,19,14,1,0,0,2024,4,2,Spring,1765.0,1800.0,2000.0,2060.0,1230.0,0.019830028328611915,-0.09999999999999998,0.46341463414634143,35.0,1855.0,2587.5,2003.3333333333333,1800.0,2030.0,1782.5,126.78722333106252,1065.6347873450834,978.7430095729303,1765.0,4100.0,-235.0,-295.0,535.0,1230.0,0.46341463414634143,1823.536036036036,1500.0,969.5844604583583,1090.7142857142858,950.0,-822.5,-265.0,0.411839531341095,6.0014148779611505,5.945420608606575,2.995732273553991,2.70805020110221,0.0024813895781637717,0.0,112,12544,0.8660254037844387,-0.4999999999999998,1.2246467991473532e-16,-1.0,1700.0,7.438971592395862,-0.05555555555555558,2024-05-01
Onion,2024-05-01,1700.0,1829.79718875502,21.0,14700.0,498,472,22,14,1,0,4,2024,5,2,Summer,1800.0,1765.0,1800.0,4100.0,1140.0,-0.05555555555555558,-0.05555555555555558,0.49122807017543857,-100.0,1788.3333333333333,2544.1666666666665,2050.8333333333335,1800.0,1900.0,1800.0,20.207259421656108,1096.2226811495316,951.2451966987389,1765.0,4100.0,0.0,-2300.0,660.0,1140.0,0.49122807017543857,1823.325892857143,1507.5,965.2096437305975,1348.5714285714287,1275.0,-744.1666666666665,-100.0,0.43087691365196135,6.212606095751519,6.159095388491933,3.1354942159291497,2.70805020110221,0.002008032128514056,0.008032128514056224,113,12769,0.49999999999999994,-0.8660254037844387,1.2246467991473532e-16,-1.0,1688.5,7.432187906154344,-0.006764705882352895,2024-06-01
Onion,2024-06-01,1688.5,2003.0295864661655,320.0,16940.0,532,495,21,16,1,0,5,2024,6,2,Summer,1700.0,1800.0,1765.0,3800.0,1140.0,-0.006764705882352895,-0.04334277620396598,0.481140350877193,-11.5,1755.0,2144.1666666666665,2097.5,1765.0,1800.0,1800.0,50.74445782546902,817.3763922861161,915.5661437800995,1700.0,3800.0,-65.0,-2100.0,560.0,1140.0,0.481140350877193,1822.2345132743362,1515.0,960.9610448818106,1674.2857142857142,1500.0,-444.1666666666665,-100.0,0.38120935512760956,6.278521424165844,6.206575926724928,3.091042453358316,2.833213344056216,0.0018796992481203006,0.009398496240601503,114,12996,1.2246467991473532e-16,-1.0,1.2246467991473532e-16,-1.0,2700.0,7.901377353792616,0.5990524133846609,2024-07-01
Onion,2024-07-01,2700.0,2657.798543833581,30.0,26040.0,673,634,24,18,1,0,7,2024,7,3,Monsoon,1688.5,1700.0,1800.0,2000.0,1300.0,0.5990524133846609,0.5,1.076923076923077,1011.5,1729.5,1792.25,2143.2083333333335,1700.0,1782.5,1800.0,61.32495413778003,112.51388803165455,876.2668091587925,1688.5,2000.0,-111.5,-311.5,388.5,1300.0,1.076923076923077,1821.061403508772,1532.5,956.7815452859563,2090.714285714286,1990.0,-103.75,-94.0,0.0627780097819247,6.513230110912307,6.453624998892692,3.2188758248682006,2.9444389791664403,0.0014858841010401188,0.010401188707280832,115,13225,-0.4999999999999997,-0.8660254037844388,-1.0,-1.8369701987210297e-16,3200.0,8.071218539969863,0.18518518518518512,2024-08-01
Onion,2024-08-01,3200.0,3415.0709622886866,350.0,22840.0,769,734,24,17,1,0,0,2024,8,3,Monsoon,2700.0,1688.5,1700.0,1800.0,1550.0,0.18518518518518512,0.8823529411764706,1.064516129032258,500.0,2029.5,1908.9166666666667,2259.875,1700.0,1782.5,1900.0,580.6985018062304,390.5074156359473,846.4880422556579,1688.5,2700.0,1000.0,900.0,1150.0,1550.0,1.064516129032258,1828.7043478260869,1550.0,956.09544937431,2399.6428571428573,2350.0,791.0833333333333,917.5,0.20457017451570994,6.646390514847729,6.5998704992128365,3.2188758248682006,2.8903717578961645,0.0013003901170351106,0.0,116,13456,-0.8660254037844385,-0.5000000000000004,-1.0,-1.8369701987210297e-16,4200.0,8.343077871169383,0.3125,2024-09-01
Onion,2024-09-01,4200.0,4391.015317286652,900.0,7000.0,457,453,21,12,0,0,0,2024,9,3,Monsoon,3200.0,2700.0,1688.5,1765.0,2155.0,0.3125,1.4874148652650283,0.9489559164733179,1000.0,2529.5,2142.25,2397.375,2700.0,1782.5,2030.0,770.0394470415135,646.6601696409019,854.6663124762881,1688.5,3200.0,1511.5,1435.0,1045.0,2155.0,0.9489559164733179,1840.5258620689656,1550.0,960.4063946078234,2680.0,2750.0,1057.75,1417.5,0.3018602729097453,6.126869184114185,6.118097198041348,3.091042453358316,2.5649493574615367,0.0,0.0,117,13689,-1.0,-1.8369701987210297e-16,-1.0,-1.8369701987210297e-16,4500.0,8.412054873292933,0.0714285714285714,2024-10-01
Onion,2024-10-01,4500.0,4643.749079497908,250.0,31040.0,717,686,24,17,1,0,0,2024,10,4,Autumn,4200.0,3200.0,2700.0,1800.0,2060.0,0.0714285714285714,0.6666666666666667,1.1844660194174756,300.0,3366.6666666666665,2548.0833333333335,2567.7916666666665,3200.0,2250.0,2030.0,763.7626158259724,1019.2801585759762,994.4029149177749,1688.5,4200.0,1500.0,2400.0,2140.0,2060.0,1.1844660194174756,1860.6923076923076,1550.0,980.8216423817615,2565.714285714286,2100.0,1651.9166666666665,1950.0,0.40001837665276885,6.576469569048224,6.532334292222349,3.2188758248682006,2.8903717578961645,0.001394700139470014,0.0,118,13924,-0.8660254037844386,0.5000000000000001,-2.4492935982947064e-16,1.0,4800.0,8.476579508530941,0.06666666666666665,2024-11-01
Onion,2024-11-01,4800.0,4944.555147058823,1200.0,33040.0,544,524,21,16,1,0,0,2024,11,4,Autumn,4500.0,4200.0,3200.0,1700.0,4100.0,0.06666666666666665,0.5,0.1707317073170731,300.0,3966.6666666666665,2998.0833333333335,2771.125,4200.0,2950.0,2350.0,680.6859285554026,1202.4982501719774,1122.3616360360204,1688.5,4500.0,1300.0,2800.0,400.0,4100.0,0.1707317073170731,1883.0593220338983,1552.5,1006.3906846379451,2260.0,1865.0,1501.9166666666665,1550.0,0.4010890013637526,6.300785794663244,6.263398262591624,3.091042453358316,2.833213344056216,0.001838235294117647,0.0,119,14161,-0.5000000000000004,0.8660254037844384,-2.4492935982947064e-16,1.0,3900.0,8.268988209506656,-0.1875,2024-12-01
Onion,2024-12-01,3900.0,3992.075,1445.0,8000.0,240,236,19,13,0,0,0,2024,12,4,Winter,4800.0,4500.0,4200.0,1688.5,3800.0,-0.1875,-0.0714285714285714,0.026315789473684292,-900.0,4500.0,3514.75,2829.4583333333335,4500.0,3700.0,2350.0,299.99999999999363,1199.18529635749,1212.294733484119,1688.5,4800.0,600.0,3111.5,1000.0,3800.0,0.026315789473684292,1907.5714285714287,1555.0,1037.178543800019,1942.3125,1875.0,1285.25,1100.0,0.3411865129404623,5.484796933490655,5.4680601411351315,2.995732273553991,2.6390573296152584,0.0,0.0,120,14400,-2.4492935982947064e-16,1.0,-2.4492935982947064e-16,1.0,2800.0,7.937731775260109,-0.28205128205128205,2025-01-01
Onion,2025-01-01,2800.0,3272.1191335740073,300.0,8000.0,554,536,18,18,0,0,0,2025,1,1,Winter,3900.0,4800.0,4500.0,2700.0,2000.0,-0.28205128205128205,-0.37777777777777777,0.3999999999999999,-1100.0,4400.0,3883.3333333333335,2837.7916666666665,4500.0,4050.0,2350.0,458.2575694955802,798.5403350280233,1219.8926453946167,2700.0,4800.0,-600.0,1200.0,1900.0,2000.0,0.3999999999999999,1924.175,1577.5,1048.7044080694052,1714.0625,1731.25,16.666666666666515,-150.0,0.20563270429906177,6.318968113746434,6.285998094508865,2.9444389791664403,2.9444389791664403,0.0,0.0,121,14641,0.49999999999999994,0.8660254037844387,1.0,6.123233995736766e-17,2500.0,7.824445930877619,-0.1071428571428571,2025-02-01
Onion,2025-02-01,2500.0,3055.8383977900553,300.0,52040.0,724,670,22,19,2,1,0,2025,2,1,Winter,2800.0,3900.0,4800.0,3200.0,1800.0,-0.1071428571428571,-0.47916666666666663,0.38888888888888884,-300.0,3833.3333333333335,3900.0,2904.4583333333335,3900.0,4050.0,2750.0,1001.6652800877805,769.4153624668544,1191.4742101953375,2800.0,4800.0,-2000.0,-400.0,1000.0,1800.0,0.38888888888888884,1931.4132231404958,1600.0,1047.3564394020905,1279.875,1275.0,-1100.0,-1250.0,0.19728599037611652,6.586171654854675,6.508769136971682,3.1354942159291497,2.995732273553991,0.0027624309392265192,0.0,122,14884,0.8660254037844386,0.5000000000000001,1.0,6.123233995736766e-17,2680.0,7.893945138235959,0.07200000000000006,2025-03-01
Onion,2025-03-01,2680.0,3078.8964613368285,600.0,52040.0,763,684,23,17,1,1,0,2025,3,1,Spring,2500.0,2800.0,3900.0,4200.0,1765.0,0.07200000000000006,-0.3128205128205128,0.518413597733711,180.0,3066.6666666666665,3783.3333333333335,2962.7916666666665,2800.0,4050.0,2750.0,737.1114795832001,932.5592027676674,1148.8588697710056,2500.0,4800.0,-1400.0,-1700.0,735.0,1765.0,0.518413597733711,1936.0737704918033,1600.0,1044.2890829304952,1106.25,1075.0,-1283.3333333333335,-1550.0,0.24649141923374468,6.638567789166521,6.529418838262226,3.1780538303479458,2.8903717578961645,0.001310615989515072,0.0,123,15129,1.0,6.123233995736766e-17,1.0,6.123233995736766e-17,2100.0,7.650168700845001,-0.21641791044776115,2025-04-01
Onion,2025-04-01,2100.0,2377.1106382978724,600.0,40040.0,705,647,21,14,1,0,0,2025,4,2,Spring,2680.0,2500.0,2800.0,4500.0,1800.0,-0.21641791044776115,-0.25,0.16666666666666674,-580.0,2660.0,3530.0,3039.0416666666665,2680.0,3350.0,2750.0,150.99668870542354,1000.6997551713506,1091.0437550248776,2500.0,4800.0,-120.0,-1820.0,880.0,1800.0,0.16666666666666674,1942.121951219512,1600.0,1042.1613306510458,1104.375,975.0,-850.0,-670.0,0.2834843499068982,6.559615237493242,6.473890696352274,3.091042453358316,2.70805020110221,0.0014184397163120568,0.0,124,15376,0.8660254037844387,-0.4999999999999998,1.2246467991473532e-16,-1.0,1550.0,7.346655163176539,-0.26190476190476186,2025-05-01
Onion,2025-05-01,1550.0,1860.63309352518,150.0,6400.0,695,630,21,16,0,0,0,2025,5,2,Summer,2100.0,2680.0,2500.0,4800.0,1700.0,-0.26190476190476186,-0.38,-0.08823529411764708,-550.0,2426.6666666666665,3130.0,3064.0416666666665,2500.0,2740.0,2750.0,296.87258770950336,1014.9876846543514,1063.1520984646054,2100.0,4800.0,-400.0,-2700.0,400.0,1700.0,-0.08823529411764708,1943.3951612903227,1600.0,1038.0130865173496,1355.0,1332.5,-1030.0,-640.0,0.3242772155445212,6.54534966033442,6.447305862541213,3.091042453358316,2.833213344056216,0.0,0.0,125,15625,0.49999999999999994,-0.8660254037844387,1.2246467991473532e-16,-1.0,1500.0,7.313886831633462,-0.032258064516129004,2025-06-01
Onion,2025-06-01,1500.0,1963.064128256513,150.0,7800.0,499,467,19,12,0,0,0,2025,6,2,Summer,1550.0,2100.0,2680.0,3900.0,1688.5,-0.032258064516129004,-0.4402985074626866,-0.11163754811963278,-50.0,2110.0,2588.3333333333335,3051.5416666666665,2100.0,2590.0,2750.0,565.0663677834708,787.1573328545365,1081.3734418938402,1550.0,3900.0,-1130.0,-2350.0,-138.5,1688.5,-0.11163754811963278,1940.248,1600.0,1034.4176923243087,1652.5,1500.0,-1038.3333333333335,-1040.0,0.30411744991160455,6.214608098422191,6.148468295917647,2.995732273553991,2.5649493574615367,0.0,0.0,126,15876,1.2246467991473532e-16,-1.0,1.2246467991473532e-16,-1.0,1650.0,7.409136443920128,0.10000000000000009,2025-07-01
Onion,2025-07-01,1650.0,2065.041266318538,100.0,9000.0,766,687,23,16,0,0,0,2025,7,3,Monsoon,1500.0,1550.0,2100.0,2800.0,2700.0,0.10000000000000009,-0.2142857142857143,-0.38888888888888884,150.0,1716.6666666666667,2188.3333333333335,3035.8333333333335,1550.0,2300.0,2750.0,332.9164059239791,566.0535899247241,1104.103571667846,1500.0,2800.0,-600.0,-1300.0,-1200.0,2700.0,-0.38888888888888884,1936.7539682539682,1600.0,1031.0179644332716,2013.125,1772.5,-688.3333333333335,-800.0,0.25866881489324783,6.642486801367256,6.5337888379333435,3.1780538303479458,2.833213344056216,0.0,0.0,127,16129,-0.4999999999999997,-0.8660254037844388,-1.0,-1.8369701987210297e-16,1700.0,7.438971592395862,0.030303030303030276,2025-08-01
Onion,2025-08-01,1700.0,1982.632333767927,300.0,7000.0,767,708,24,17,0,0,0,2025,8,3,Monsoon,1650.0,1500.0,1550.0,2500.0,3200.0,0.030303030303030276,0.09677419354838701,-0.46875,50.0,1566.6666666666667,1996.6666666666667,2948.3333333333335,1550.0,1875.0,2740.0,76.37626158264271,509.3787065304828,1172.618153250806,1500.0,2680.0,100.0,-850.0,-1550.0,3200.0,-0.46875,1934.4960629921259,1600.0,1027.2336705313285,2280.9375,2075.0,-346.66666666666674,-225.0,0.25511454417219503,6.643789733147672,6.5638555265321274,3.2188758248682006,2.8903717578961645,0.0,0.0,128,16384,-0.8660254037844385,-0.5000000000000004,-1.0,-1.8369701987210297e-16,1800.0,7.496097345175956,0.05882352941176472,2025-09-01
Onion,2025-09-01,1800.0,2029.170160295931,200.0,7800.0,811,727,23,20,0,0,0,2025,9,3,Monsoon,1700.0,1650.0,1500.0,2680.0,4200.0,0.05882352941176472,0.19999999999999996,-0.5714285714285714,100.0,1616.6666666666667,1863.3333333333333,2823.3333333333335,1650.0,1675.0,2590.0,104.08329997333887,452.84287193977974,1222.2507801989605,1500.0,2680.0,200.0,-980.0,-2500.0,4200.0,-0.5714285714285714,1932.6640625,1600.0,1023.3913612999506,2595.0,2730.0,-163.33333333333326,25.0,0.24302837492295873,6.699500340161678,6.590301048196686,3.1780538303479458,3.044522437723423,0.0,0.0,129,16641,-1.0,-1.8369701987210297e-16,-1.0,-1.8369701987210297e-16,1500.0,7.313886831633462,-0.16666666666666663,2025-10-01
Onion,2025-10-01,1500.0,1698.4475,271.0,6000.0,400,366,20,14,0,0,0,2025,10,4,Autumn,1800.0,1700.0,1650.0,2100.0,4500.0,-0.16666666666666663,-0.09090909090909094,-0.6666666666666667,-300.0,1716.6666666666667,1716.6666666666667,2623.3333333333335,1700.0,1675.0,2300.0,76.37626158263835,216.02468994693115,1171.8232362304884,1500.0,2100.0,150.0,-300.0,-2700.0,4500.0,-0.6666666666666667,1931.6356589147288,1600.0,1019.4528169101342,2447.5,2000.0,83.33333333333326,125.0,0.12583962521180456,5.993961427306569,5.905361848054571,3.044522437723423,2.70805020110221,0.0,0.0,130,16900,-0.8660254037844386,0.5000000000000001,-2.4492935982947064e-16,1.0,1600.0,7.3783837129967145,0.06666666666666665,2025-11-01
Onion,2025-11-01,1600.0,1967.4123847167325,100.0,7700.0,759,687,21,17,0,0,0,2025,11,4,Autumn,1500.0,1800.0,1700.0,1550.0,4800.0,0.06666666666666665,-0.05882352941176472,-0.6666666666666667,100.0,1666.6666666666667,1616.6666666666667,2373.3333333333335,1700.0,1600.0,1950.0,152.7525231652159,121.10601416390412,1048.5863499651957,1500.0,1800.0,-200.0,-50.0,-3300.0,4800.0,-0.6666666666666667,1928.3153846153846,1600.0,1016.1991582454903,2177.222222222222,1730.0,-116.66666666666674,-100.0,0.07491093659622935,6.633318433280377,6.5337888379333435,3.091042453358316,2.8903717578961645,0.0,0.0,131,17161,-0.5000000000000004,0.8660254037844384,-2.4492935982947064e-16,1.0,1600.0,7.3783837129967145,0.0,2025-12-01
Potato,2015-01-01,800.0,1063.4915611814347,65.0,4000.0,474,461,21,13,0,0,0,2015,1,1,Winter,,,,,,,,,,,,,,,,,,,,,,,,,,,,,1662.5,1662.5,,,,6.163314804034641,6.135564891081739,3.091042453358316,2.6390573296152584,0.0,0.0,1,1,0.49999999999999994,0.8660254037844387,1.0,6.123233995736766e-17,625.0,6.439350371100098,-0.21875,2015-02-01
Potato,2015-02-01,625.0,749.6376811594203,313.0,3000.0,276,274,21,10,0,0,0,2015,2,1,Winter,800.0,,,,,-0.21875,,,-175.0,,,,,,,,,,,,,,,,,,,,1274.3333333333333,1230.0,,,,5.6240175061873385,5.616771097666572,3.091042453358316,2.3978952727983707,0.0,0.0,2,4,0.8660254037844386,0.5000000000000001,1.0,6.123233995736766e-17,570.0,6.3473892096560105,-0.08799999999999997,2015-03-01
Potato,2015-03-01,570.0,658.0992217898832,200.0,3000.0,257,256,21,7,0,0,0,2015,3,1,Spring,625.0,800.0,,,,-0.08799999999999997,,,-55.0,712.5,,,712.5,,,123.74368670764582,,,,,,,,,,,,,1110.0,1140.0,,,,5.552959584921617,5.54907608489522,3.091042453358316,2.0794415416798357,0.0,0.0,3,9,1.0,6.123233995736766e-17,1.0,6.123233995736766e-17,550.0,6.311734809152915,-0.03508771929824561,2015-04-01
Potato,2015-04-01,550.0,674.1907894736842,120.0,3000.0,456,444,24,12,0,0,0,2015,4,2,Spring,570.0,625.0,800.0,,,-0.03508771929824561,-0.3125,,-20.0,665.0,665.0,,625.0,625.0,,120.10412149464314,120.10412149464314,,570.0,800.0,-230.0,,,,,665.0,625.0,120.10412149464314,1108.3333333333333,1000.0,-95.0,-55.0,0.18060770149570396,6.124683390894205,6.09807428216624,3.2188758248682006,2.5649493574615367,0.0,0.0,4,16,0.8660254037844387,-0.4999999999999998,1.2246467991473532e-16,-1.0,500.0,6.2166061010848646,-0.09090909090909094,2015-05-01
Potato,2015-05-01,500.0,568.141689373297,16.0,2950.0,367,363,22,11,0,0,0,2015,5,2,Summer,550.0,570.0,625.0,,,-0.09090909090909094,-0.19999999999999996,,-50.0,581.6666666666666,636.25,,570.0,597.5,,38.837267325770135,113.67900715025033,,550.0,800.0,-75.0,,,,,636.25,597.5,113.67900715025033,1348.888888888889,1300.0,-86.25,-47.5,0.17867034522632663,5.908082938168931,5.8971538676367405,3.1354942159291497,2.4849066497880004,0.0,0.0,5,25,0.49999999999999994,-0.8660254037844387,1.2246467991473532e-16,-1.0,600.0,6.398594934535208,0.19999999999999996,2015-06-01
Potato,2015-06-01,600.0,724.075055187638,30.0,3200.0,453,441,24,11,0,0,0,2015,6,2,Summer,500.0,550.0,570.0,,,0.19999999999999996,0.05263157894736836,,100.0,540.0,609.0,,550.0,570.0,,36.055512754639864,115.77996372429904,,500.0,800.0,-70.0,,,,,609.0,570.0,115.77996372429904,1641.111111111111,1500.0,-109.0,-70.0,0.1901148829627242,6.118097198041348,6.091309882077698,3.2188758248682006,2.4849066497880004,0.0,0.0,6,36,1.2246467991473532e-16,-1.0,1.2246467991473532e-16,-1.0,685.0,6.530877627725885,0.1416666666666666,2015-07-01
Potato,2015-07-01,685.0,812.1890756302521,13.0,3000.0,476,469,26,12,0,0,0,2015,7,3,Monsoon,600.0,500.0,550.0,800.0,,0.1416666666666666,0.24545454545454537,,85.0,550.0,607.5,607.5,550.0,585.0,585.0,49.99999999999998,103.62190888031353,103.62190888031353,500.0,800.0,50.0,-200.0,,,,607.5,585.0,103.62190888031353,2028.888888888889,1990.0,-7.5,15.0,0.1705710434243844,6.1675164908883415,6.152732694704104,3.295836866004329,2.5649493574615367,0.0,0.0,7,49,-0.4999999999999997,-0.8660254037844388,-1.0,-1.8369701987210297e-16,722.5,6.5841005460715385,0.054744525547445244,2015-08-01
Potato,2015-08-01,722.5,882.3398058252427,14.0,3500.0,412,403,23,13,0,0,0,2015,8,3,Monsoon,685.0,600.0,500.0,625.0,,0.054744525547445244,0.44500000000000006,,37.5,595.0,588.3333333333334,618.5714285714286,600.0,585.0,600.0,92.60129588726066,63.927041748126165,99.02500886620703,500.0,685.0,185.0,60.0,,,,618.5714285714286,600.0,99.02500886620703,2256.3888888888887,2060.0,96.66666666666663,100.0,0.10865786132825976,6.023447592961033,6.0014148779611505,3.1780538303479458,2.6390573296152584,0.0,0.0,8,64,-0.8660254037844385,-0.5000000000000004,-1.0,-1.8369701987210297e-16,700.0,6.55250788703459,-0.03114186851211076,2015-09-01
Potato,2015-09-01,700.0,844.7752808988764,14.0,3000.0,445,437,27,13,0,0,0,2015,9,3,Monsoon,722.5,685.0,600.0,570.0,,-0.03114186851211076,0.16666666666666674,,-22.5,669.1666666666666,604.5833333333334,631.5625,685.0,585.0,612.5,62.76610019216849,84.2676786595351,98.76864652162794,500.0,722.5,122.5,152.5,,,,631.5625,612.5,98.76864652162794,2762.222222222222,2750.0,117.91666666666663,137.5,0.13938141197993398,6.100318952020064,6.082218910376446,3.332204510175204,2.6390573296152584,0.0,0.0,9,81,-1.0,-1.8369701987210297e-16,-1.0,-1.8369701987210297e-16,700.0,6.55250788703459,0.0,2015-10-01
Potato,2015-10-01,700.0,875.8063063063063,100.0,3500.0,444,436,26,13,0,0,0,2015,10,4,Autumn,700.0,722.5,685.0,550.0,,0.0,0.021897810218978186,,0.0,702.5,626.25,639.1666666666666,700.0,642.5,625.0,18.874586088176923,90.10757459836547,95.1643315533714,500.0,722.5,15.0,150.0,,,,639.1666666666666,625.0,95.1643315533714,2597.777777777778,2100.0,73.75,57.5,0.1438843506560726,6.09807428216624,6.07993319509559,3.295836866004329,2.6390573296152584,0.0,0.0,10,100,-0.8660254037844386,0.5000000000000001,-2.4492935982947064e-16,1.0,800.0,6.68586094706836,0.1428571428571428,2015-11-01
Potato,2015-11-01,800.0,842.8365758754863,16.0,3000.0,257,257,21,8,0,0,0,2015,11,4,Autumn,700.0,700.0,722.5,500.0,,0.1428571428571428,0.10726643598615926,,100.0,707.5,651.25,645.25,700.0,692.5,655.0,12.99038105676665,85.40711328689197,91.76093637515065,500.0,722.5,-22.5,200.0,,,,645.25,655.0,91.76093637515065,2159.5,1865.0,48.75,7.5,0.13114336013342337,5.552959584921617,5.552959584921617,3.091042453358316,2.1972245773362196,0.0,0.0,11,121,-0.5000000000000004,0.8660254037844384,-2.4492935982947064e-16,1.0,860.0,6.7580945044277305,0.07499999999999996,2015-12-01
Potato,2015-12-01,860.0,995.5177777777777,190.0,4000.0,450,445,26,14,0,0,0,2015,12,4,Winter,800.0,700.0,700.0,600.0,,0.07499999999999996,0.22857142857142865,,60.0,733.3333333333334,701.25,659.3181818181819,700.0,700.0,685.0,57.73502691896256,64.37682036261187,98.76797880063981,600.0,800.0,100.0,200.0,,,,659.3181818181819,685.0,98.76797880063981,1893.85,1700.0,98.75,100.0,0.09180295238875133,6.111467339502679,6.100318952020064,3.295836866004329,2.70805020110221,0.0,0.0,12,144,-2.4492935982947064e-16,1.0,-2.4492935982947064e-16,1.0,700.0,6.55250788703459,-0.18604651162790697,2016-01-01
Potato,2016-01-01,700.0,854.7053571428571,250.0,3728.0,448,440,25,13,0,0,0,2016,1,1,Winter,860.0,800.0,700.0,685.0,800.0,-0.18604651162790697,0.0,-0.125,-160.0,786.6666666666666,744.5833333333334,676.0416666666666,800.0,711.25,692.5,80.8290376865476,69.86445209594551,110.56393837819348,685.0,860.0,160.0,175.0,60.0,800.0,-0.125,676.0416666666666,692.5,110.56393837819348,1672.75,1713.75,115.41666666666663,148.75,0.09383026582555636,6.1070228877422545,6.089044875446846,3.258096538021482,2.6390573296152584,0.0,0.0,13,169,0.49999999999999994,0.8660254037844387,1.0,6.123233995736766e-17,600.0,6.398594934535208,-0.1428571428571429,2016-02-01
Potato,2016-02-01,600.0,747.8112244897959,175.0,3000.0,392,384,21,11,0,0,0,2016,2,1,Winter,700.0,860.0,800.0,722.5,625.0,-0.1428571428571429,-0.25,-0.040000000000000036,-100.0,786.6666666666666,747.0833333333334,667.7083333333334,800.0,711.25,692.5,80.8290376865476,67.53548450012529,103.94195459121606,700.0,860.0,-100.0,-22.5,75.0,625.0,-0.040000000000000036,677.8846153846154,700.0,106.06526171932892,1326.9,1340.0,-47.08333333333337,-11.25,0.09039886380384869,5.973809611869261,5.953243334287785,3.091042453358316,2.4849066497880004,0.0,0.0,14,196,0.8660254037844386,0.5000000000000001,1.0,6.123233995736766e-17,800.0,6.68586094706836,0.33333333333333326,2016-03-01
Potato,2016-03-01,800.0,895.2552631578948,250.0,5850.0,380,366,25,13,0,0,0,2016,3,1,Spring,600.0,700.0,860.0,700.0,570.0,0.33333333333333326,-0.06976744186046513,0.4035087719298245,200.0,720.0,726.6666666666666,665.625,700.0,700.0,692.5,131.14877048604,90.92121131323901,105.1196558472988,600.0,860.0,-260.0,-100.0,30.0,570.0,0.4035087719298245,672.3214285714286,692.5,104.00843293156146,1169.0,1170.0,-126.66666666666663,-100.0,0.1251209329998702,5.942799375126701,5.905361848054571,3.258096538021482,2.6390573296152584,0.0,0.0,15,225,1.0,6.123233995736766e-17,1.0,6.123233995736766e-17,925.0,6.8308742346461795,0.15625,2016-04-01
Potato,2016-04-01,925.0,1035.1666666666667,225.0,6500.0,378,369,26,11,0,0,0,2016,4,2,Spring,800.0,600.0,700.0,700.0,550.0,0.15625,0.3214285714285714,0.6818181818181819,125.0,700.0,743.3333333333334,684.7916666666666,700.0,750.0,700.0,100.0,94.16297927883687,107.04957609642477,600.0,860.0,100.0,100.0,250.0,550.0,0.6818181818181819,680.8333333333334,700.0,105.50756009924234,1166.35,1070.0,56.66666666666663,50.0,0.12667665373834555,5.937536205082426,5.91350300563827,3.295836866004329,2.4849066497880004,0.0,0.0,16,256,0.8660254037844387,-0.4999999999999998,1.2246467991473532e-16,-1.0,1025.0,6.933423025730715,0.10810810810810811,2016-05-01
Potato,2016-05-01,1025.0,1128.2088888888889,250.0,2800.0,225,225,21,7,0,0,0,2016,5,2,Summer,925.0,800.0,600.0,800.0,500.0,0.10810810810810811,0.7083333333333333,1.0499999999999998,100.0,775.0,780.8333333333334,716.0416666666666,800.0,800.0,700.0,163.93596310755,115.77636488794533,118.27096361040323,600.0,925.0,325.0,125.0,425.0,500.0,1.0499999999999998,696.09375,700.0,118.80996293100449,1484.0,1345.0,144.16666666666663,125.0,0.14827282589704846,5.420534999272286,5.420534999272286,3.091042453358316,2.0794415416798357,0.0,0.0,17,289,0.49999999999999994,-0.8660254037844387,1.2246467991473532e-16,-1.0,1285.0,7.1592919047975645,0.25365853658536586,2016-06-01
Potato,2016-06-01,1285.0,1375.4797441364606,120.0,5750.0,469,460,25,12,0,0,0,2016,6,2,Summer,1025.0,925.0,800.0,860.0,600.0,0.25365853658536586,0.60625,1.1416666666666666,260.0,916.6666666666666,818.3333333333334,759.7916666666666,925.0,830.0,711.25,112.73124382057237,153.5143858622594,127.80693151165248,600.0,1025.0,225.0,165.0,425.0,600.0,1.1416666666666666,715.4411764705883,700.0,139.98949540422456,1797.0,1525.0,206.66666666666663,195.0,0.18759395421050026,6.152732694704104,6.133398042996649,3.258096538021482,2.5649493574615367,0.0,0.0,18,324,1.2246467991473532e-16,-1.0,1.2246467991473532e-16,-1.0,1400.0,7.244941546337007,0.08949416342412442,2016-07-01
Potato,2016-07-01,1400.0,1471.9617117117118,95.0,6600.0,444,436,26,12,0,0,0,2016,7,3,Monsoon,1285.0,1025.0,925.0,700.0,685.0,0.08949416342412442,0.5135135135135136,1.0437956204379564,115.0,1078.3333333333333,889.1666666666666,816.875,1025.0,862.5,761.25,185.83146486355142,246.4836032409999,188.50827387194917,600.0,1285.0,360.0,585.0,600.0,685.0,1.0437956204379564,747.0833333333334,700.0,190.96167231703234,2246.0,1995.0,395.83333333333337,422.5,0.27720742632539824,6.09807428216624,6.07993319509559,3.295836866004329,2.5649493574615367,0.0,0.0,19,361,-0.4999999999999997,-0.8660254037844388,-1.0,-1.8369701987210297e-16,1600.0,7.3783837129967145,0.1428571428571428,2016-08-01
Potato,2016-08-01,1600.0,1613.2875,22.0,3800.0,400,395,25,12,0,0,0,2016,8,3,Monsoon,1400.0,1285.0,1025.0,600.0,722.5,0.1428571428571428,0.5609756097560976,1.2145328719723185,200.0,1236.6666666666667,1005.8333333333334,876.4583333333334,1285.0,975.0,800.0,192.1154166987474,299.08889425498006,246.96903176616118,600.0,1400.0,375.0,800.0,677.5,722.5,1.2145328719723185,781.4473684210526,700.0,238.48962793291227,2480.75,2205.0,394.16666666666663,425.0,0.29735432734546485,5.993961427306569,5.981414211254481,3.258096538021482,2.5649493574615367,0.0,0.0,20,400,-0.8660254037844385,-0.5000000000000004,-1.0,-1.8369701987210297e-16,1500.0,7.313886831633462,-0.0625,2016-09-01
Potato,2016-09-01,1500.0,1529.0183908045976,120.0,4400.0,435,427,23,12,0,0,0,2016,9,3,Monsoon,1600.0,1400.0,1285.0,800.0,700.0,-0.0625,0.16731517509727634,1.1428571428571428,-100.0,1428.3333333333333,1172.5,949.5833333333334,1400.0,1155.0,830.0,159.3999163529685,306.2474489689669,317.17114919044553,800.0,1600.0,315.0,800.0,900.0,700.0,1.1428571428571428,822.375,711.25,295.6098457782701,2966.0,2825.0,427.5,445.0,0.26119185413131507,6.077642243349034,6.059123195581797,3.1780538303479458,2.5649493574615367,0.0,0.0,21,441,-1.0,-1.8369701987210297e-16,-1.0,-1.8369701987210297e-16,1350.0,7.208600337960199,-0.09999999999999998,2016-10-01
Potato,2016-10-01,1350.0,1407.913486005089,300.0,3500.0,393,382,24,11,0,0,0,2016,10,4,Autumn,1500.0,1600.0,1400.0,925.0,700.0,-0.09999999999999998,-0.0357142857142857,0.9285714285714286,-150.0,1500.0,1289.1666666666667,1016.25,1500.0,1342.5,892.5,100.00000000000013,266.74738361728436,342.96915445720606,925.0,1600.0,100.0,575.0,800.0,700.0,0.9285714285714286,854.6428571428571,722.5,323.85402355294053,2728.0,2750.0,210.83333333333326,157.5,0.2069145832842542,5.976350909297934,5.948034989180646,3.2188758248682006,2.4849066497880004,0.0,0.0,22,484,-0.8660254037844386,0.5000000000000001,-2.4492935982947064e-16,1.0,1330.0,7.193685818395112,-0.014814814814814836,2016-11-01
Potato,2016-11-01,1330.0,1434.0462427745665,400.0,4300.0,346,339,24,12,0,0,0,2016,11,4,Autumn,1350.0,1500.0,1600.0,1025.0,800.0,-0.014814814814814836,-0.16874999999999996,0.6625000000000001,-20.0,1483.3333333333333,1360.0,1070.4166666666667,1500.0,1375.0,975.0,125.83057392117922,198.3683442487737,339.7957831439704,1025.0,1600.0,-250.0,325.0,550.0,800.0,0.6625000000000001,877.1590909090909,761.25,333.227627990653,,,-10.0,-25.0,0.14585907665351008,5.849324779946859,5.8289456176102075,3.2188758248682006,2.5649493574615367,0.0,0.0,23,529,-0.5000000000000004,0.8660254037844384,-2.4492935982947064e-16,1.0,850.0,6.7464121285733745,-0.3609022556390977,2016-12-01
Potato,2016-12-01,850.0,1108.8062360801782,140.0,5500.0,449,440,24,12,0,0,0,2016,12,4,Winter,1330.0,1350.0,1500.0,1285.0,860.0,-0.3609022556390977,-0.43333333333333335,-0.011627906976744207,-480.0,1393.3333333333333,1410.8333333333333,1114.5833333333333,1350.0,1375.0,1155.0,92.91573243177574,118.25466868866808,335.8737474742915,1285.0,1600.0,-170.0,45.0,470.0,860.0,-0.011627906976744207,896.8478260869565,800.0,338.982616703095,,,-80.83333333333326,-45.0,0.0838190209252225,6.1092475827643655,6.089044875446846,3.2188758248682006,2.5649493574615367,0.0,0.0,24,576,-2.4492935982947064e-16,1.0,-2.4492935982947064e-16,1.0,525.0,6.26530121273771,-0.38235294117647056,2017-01-01
Potato,2017-01-01,525.0,631.1464435146444,200.0,3000.0,239,238,22,10,0,0,0,2017,1,1,Winter,850.0,1330.0,1350.0,1400.0,700.0,-0.38235294117647056,-0.6111111111111112,-0.25,-325.0,1176.6666666666667,1338.3333333333333,1113.75,1330.0,1375.0,1155.0,283.0783166074953,259.6471965314986,336.5744885811108,850.0,1600.0,-500.0,-550.0,150.0,700.0,-0.25,894.8958333333334,800.0,331.66942615012556,,,-488.33333333333326,-525.0,0.19400786789402139,5.480638923341991,5.476463551931511,3.1354942159291497,2.3978952727983707,0.0,0.0,25,625,0.49999999999999994,0.8660254037844387,1.0,6.123233995736766e-17,500.0,6.2166061010848646,-0.04761904761904767,2017-02-01
Potato,2017-02-01,500.0,698.8863109048724,150.0,3500.0,431,419,24,14,0,0,0,2017,2,1,Winter,525.0,850.0,1330.0,1600.0,600.0,-0.04761904761904767,-0.6240601503759399,-0.16666666666666663,-25.0,901.6666666666666,1192.5,1099.1666666666667,850.0,1340.0,1155.0,404.9794233455984,416.45828122394204,359.1646452871473,525.0,1600.0,-805.0,-1075.0,-75.0,600.0,-0.16666666666666663,880.1,800.0,333.00750742288074,,,-667.5,-815.0,0.3492312630808738,6.068425588244111,6.040254711277414,3.2188758248682006,2.70805020110221,0.0,0.0,26,676,0.8660254037844386,0.5000000000000001,1.0,6.123233995736766e-17,450.0,6.111467339502679,-0.09999999999999998,2017-03-01
Potato,2017-03-01,450.0,652.5350318471337,120.0,4300.0,471,460,24,14,0,0,0,2017,3,1,Spring,500.0,525.0,850.0,1500.0,800.0,-0.09999999999999998,-0.47058823529411764,-0.4375,-50.0,625.0,1009.1666666666666,1090.8333333333333,525.0,1090.0,1155.0,195.25624189766643,442.4976459447741,372.7040827967052,500.0,1500.0,-350.0,-1000.0,-300.0,800.0,-0.4375,865.4807692307693,761.25,334.68643476451894,,,-509.16666666666663,-590.0,0.4384782618775631,6.156978985585555,6.133398042996649,3.2188758248682006,2.70805020110221,0.0,0.0,27,729,1.0,6.123233995736766e-17,1.0,6.123233995736766e-17,460.0,6.133398042996649,0.022222222222222143,2017-04-01
Potato,2017-04-01,460.0,649.8689320388349,100.0,4300.0,412,404,24,12,0,0,0,2017,4,2,Spring,450.0,500.0,525.0,1350.0,925.0,0.022222222222222143,-0.12380952380952381,-0.5027027027027027,10.0,491.6666666666667,834.1666666666666,1061.6666666666667,500.0,687.5,1155.0,38.18813079129905,416.4182592858611,409.41939673669884,450.0,1350.0,-75.0,-900.0,-475.0,925.0,-0.5027027027027027,850.0925925925926,722.5,337.78725772515673,,,-384.16666666666663,-237.5,0.49920270843459874,6.023447592961033,6.003887067106539,3.2188758248682006,2.5649493574615367,0.0,0.0,28,784,0.8660254037844387,-0.4999999999999998,1.2246467991473532e-16,-1.0,500.0,6.2166061010848646,0.08695652173913038,2017-05-01
Potato,2017-05-01,500.0,618.1102150537635,110.0,3400.0,372,368,20,11,0,0,0,2017,5,2,Summer,460.0,450.0,500.0,1330.0,1025.0,0.08695652173913038,0.0,-0.5121951219512195,40.0,470.0,685.8333333333334,1022.9166666666666,460.0,512.5,1155.0,26.457513110646477,348.97588264329477,444.06929400577553,450.0,1330.0,-40.0,-870.0,-565.0,1025.0,-0.5121951219512195,836.1607142857143,711.25,339.57181789804343,,,-225.83333333333337,-52.5,0.5088348228091782,5.921578419643816,5.910796644040527,3.044522437723423,2.4849066497880004,0.0,0.0,29,841,0.49999999999999994,-0.8660254037844387,1.2246467991473532e-16,-1.0,590.0,6.3818160174060985,0.17999999999999994,2017-06-01
Potato,2017-06-01,590.0,784.6818181818181,70.0,4200.0,418,408,26,11,0,0,0,2017,6,2,Summer,500.0,460.0,450.0,850.0,1285.0,0.17999999999999994,0.3111111111111111,-0.5408560311284047,90.0,470.0,547.5,979.1666666666666,460.0,500.0,1067.5,26.457513110646477,150.78958850000217,469.0068488225138,450.0,850.0,50.0,-350.0,-785.0,1285.0,-0.5408560311284047,824.5689655172414,700.0,339.24553171438725,,,-47.5,0.0,0.2754147735159857,6.037870919922137,6.013715156042802,3.295836866004329,2.4849066497880004,0.0,0.0,30,900,1.2246467991473532e-16,-1.0,1.2246467991473532e-16,-1.0,600.0,6.398594934535208,0.016949152542372836,2017-07-01
Potato,2017-07-01,600.0,763.2452830188679,210.0,3000.0,424,415,23,12,0,0,0,2017,7,3,Monsoon,590.0,500.0,460.0,525.0,1400.0,0.016949152542372836,0.30434782608695654,-0.5714285714285714,10.0,516.6666666666666,504.1666666666667,921.25,500.0,500.0,720.0,66.58328118479417,50.439733015418064,470.7157267975498,450.0,590.0,130.0,65.0,-810.0,1400.0,-0.5714285714285714,816.75,700.0,336.0849325640049,,,85.83333333333331,90.0,0.10004575143553995,6.052089168924417,6.030685260261263,3.1780538303479458,2.5649493574615367,0.0,0.0,31,961,-0.4999999999999997,-0.8660254037844388,-1.0,-1.8369701987210297e-16,600.0,6.398594934535208,0.0,2017-08-01
Potato,2017-08-01,600.0,740.8371212121212,10.0,3200.0,528,518,24,12,0,0,0,2017,8,3,Monsoon,600.0,590.0,500.0,500.0,1600.0,0.0,0.19999999999999996,-0.625,0.0,563.3333333333334,516.6666666666666,854.5833333333334,590.0,500.0,595.0,55.07570547286132,64.08327915038879,453.06761653368613,450.0,600.0,100.0,100.0,-1000.0,1600.0,-0.625,809.758064516129,700.0,332.7213266125207,,,83.33333333333337,100.0,0.12403215319430089,6.270988431858299,6.251903883165888,3.2188758248682006,2.5649493574615367,0.0,0.0,32,1024,-0.8660254037844385,-0.5000000000000004,-1.0,-1.8369701987210297e-16,600.0,6.398594934535208,0.0,2017-09-01
Potato,2017-09-01,600.0,700.92,90.0,3000.0,525,516,24,12,0,0,0,2017,9,3,Monsoon,600.0,600.0,590.0,450.0,1500.0,0.0,0.016949152542372836,-0.6,0.0,596.6666666666666,533.3333333333334,771.25,600.0,545.0,595.0,5.773502691898983,71.46094504459519,391.24582483976184,450.0,600.0,10.0,150.0,-900.0,1500.0,-0.6,803.203125,700.0,329.40454242551743,,,66.66666666666663,55.0,0.13398927195861599,6.26530121273771,6.248042874508429,3.2188758248682006,2.5649493574615367,0.0,0.0,33,1089,-1.0,-1.8369701987210297e-16,-1.0,-1.8369701987210297e-16,520.0,6.255750041753367,-0.1333333333333333,2017-10-01
Potato,2017-10-01,520.0,607.4929577464789,150.0,3000.0,284,280,19,10,0,0,0,2017,10,4,Autumn,600.0,600.0,600.0,460.0,1350.0,-0.1333333333333333,-0.1333333333333333,-0.6148148148148148,-80.0,600.0,558.3333333333334,696.25,600.0,595.0,595.0,5.626880512812589e-06,62.10206652492858,318.31320339336486,460.0,600.0,0.0,140.0,-750.0,1350.0,-0.6148148148148148,797.0454545454545,700.0,326.14069921096655,,,41.66666666666663,5.0,0.11122758183569298,5.652489180268651,5.638354669333745,2.995732273553991,2.3978952727983707,0.0,0.0,34,1156,-0.8660254037844386,0.5000000000000001,-2.4492935982947064e-16,1.0,550.0,6.311734809152915,0.05769230769230771,2017-11-01
Potato,2017-11-01,550.0,662.1521739130435,100.0,3500.0,460,447,25,13,0,0,0,2017,11,4,Autumn,520.0,600.0,600.0,500.0,1330.0,0.05769230769230771,-0.08333333333333337,-0.5864661654135339,30.0,573.3333333333334,568.3333333333334,627.0833333333334,600.0,595.0,557.5,46.18802153517042,45.78937285731979,245.10163321785694,500.0,600.0,-80.0,20.0,-810.0,1330.0,-0.5864661654135339,788.8970588235294,692.5,324.6566899891695,,,-48.33333333333337,-75.0,0.08056781147915505,6.133398042996649,6.104793232414985,3.258096538021482,2.6390573296152584,0.0,0.0,35,1225,-0.5000000000000004,0.8660254037844384,-2.4492935982947064e-16,1.0,600.0,6.398594934535208,0.09090909090909083,2017-12-01
Potato,2017-12-01,600.0,776.4297029702971,80.0,4000.0,505,490,27,12,0,0,0,2017,12,4,Winter,550.0,520.0,600.0,590.0,850.0,0.09090909090909083,0.0,-0.2941176470588235,50.0,556.6666666666666,576.6666666666666,562.0833333333334,550.0,595.0,537.5,40.41451884327422,33.86246693120059,105.3016949991656,520.0,600.0,-50.0,-40.0,-300.0,850.0,-0.2941176470588235,782.0714285714286,685.0,322.38568751203115,,,-26.66666666666663,-45.0,0.058721040921157104,6.226536669287466,6.19644412779452,3.332204510175204,2.5649493574615367,0.0,0.0,36,1296,-2.4492935982947064e-16,1.0,-2.4492935982947064e-16,1.0,500.0,6.2166061010848646,-0.16666666666666663,2018-01-01
Potato,2018-01-01,500.0,689.1158301158301,100.0,5000.0,518,506,22,13,0,0,0,2018,1,1,Winter,600.0,550.0,520.0,600.0,525.0,-0.16666666666666663,-0.038461538461538436,-0.04761904761904767,-100.0,556.6666666666666,578.3333333333334,541.25,550.0,600.0,537.5,40.41451884327422,34.88074922742705,56.65385327503714,520.0,600.0,80.0,0.0,75.0,525.0,-0.04761904761904767,777.0138888888889,655.0,319.1925188460744,,,21.66666666666663,0.0,0.06031253468719375,6.251903883165888,6.2285110035911835,3.1354942159291497,2.6390573296152584,0.0,0.0,37,1369,0.49999999999999994,0.8660254037844387,1.0,6.123233995736766e-17,500.0,6.2166061010848646,0.0,2018-02-01
Potato,2018-02-01,500.0,686.1623488773748,140.0,4000.0,579,559,26,14,0,0,0,2018,2,1,Winter,500.0,600.0,550.0,600.0,500.0,0.0,-0.09090909090909094,0.0,0.0,550.0,561.6666666666666,539.1666666666666,550.0,575.0,535.0,50.00000000000035,44.907311951024774,57.7547059606956,500.0,600.0,-50.0,-100.0,0.0,500.0,0.0,769.527027027027,625.0,318.0058513164049,,,-61.66666666666663,-75.0,0.07995367112942096,6.363028103540465,6.327936783729195,3.295836866004329,2.70805020110221,0.0,0.0,38,1444,0.8660254037844386,0.5000000000000001,1.0,6.123233995736766e-17,600.0,6.398594934535208,0.19999999999999996,2018-03-01
Potato,2018-03-01,600.0,740.2484210526316,5.0,7000.0,475,459,23,13,0,0,0,2018,3,1,Spring,500.0,500.0,600.0,600.0,450.0,0.19999999999999996,0.0,0.33333333333333326,100.0,533.3333333333334,545.0,539.1666666666666,500.0,535.0,535.0,57.73502691896289,46.36809247747836,57.7547059606956,500.0,600.0,-100.0,-100.0,50.0,450.0,0.33333333333333326,762.4342105263158,612.5,316.7116125985362,,,-45.0,-35.0,0.08507906876601534,6.16541785423142,6.131226489483141,3.1780538303479458,2.6390573296152584,0.0,0.0,39,1521,1.0,6.123233995736766e-17,1.0,6.123233995736766e-17,800.0,6.68586094706836,0.33333333333333326,2018-04-01
Potato,2018-04-01,800.0,827.0305810397554,9.0,2300.0,327,318,20,9,0,0,0,2018,4,2,Spring,600.0,500.0,500.0,520.0,460.0,0.33333333333333326,0.6000000000000001,0.7391304347826086,200.0,533.3333333333334,545.0,551.6666666666666,500.0,535.0,570.0,57.73502691896256,46.36809247747836,52.71420945805996,500.0,600.0,100.0,80.0,140.0,460.0,0.7391304347826086,758.2692307692307,600.0,313.5971025257577,,,55.0,65.0,0.08507906876601534,5.793013608384144,5.765191102784844,3.044522437723423,2.302585092994046,0.0,0.0,40,1600,0.8660254037844387,-0.4999999999999998,1.2246467991473532e-16,-1.0,1000.0,6.90875477931522,0.25,2018-05-01
Potato,2018-05-01,1000.0,1042.2733333333333,300.0,2900.0,450,441,24,12,0,0,0,2018,5,2,Summer,800.0,600.0,500.0,550.0,500.0,0.25,1.0,1.0,200.0,633.3333333333334,591.6666666666666,580.0,600.0,575.0,595.0,152.75252316519465,111.43009766964514,82.13071621174909,500.0,800.0,300.0,250.0,300.0,500.0,1.0,759.3125,612.5,309.62083278770797,,,208.33333333333337,225.0,0.18833255944165375,6.111467339502679,6.091309882077698,3.2188758248682006,2.5649493574615367,0.0,0.0,41,1681,0.49999999999999994,-0.8660254037844387,1.2246467991473532e-16,-1.0,1250.0,7.1316985104669115,0.25,2018-06-01
Potato,2018-06-01,1250.0,1308.6112185686654,300.0,3600.0,517,498,24,13,0,0,0,2018,6,2,Summer,1000.0,800.0,600.0,600.0,590.0,0.25,1.0833333333333335,1.1186440677966103,250.0,800.0,666.6666666666666,621.6666666666666,800.0,600.0,600.0,199.99999999999997,196.63841605003498,142.49933545831328,500.0,1000.0,400.0,400.0,410.0,590.0,1.1186440677966103,765.1829268292682,625.0,308.02819992854467,,,333.33333333333337,400.0,0.2949576240750525,6.249975242259483,6.212606095751519,3.2188758248682006,2.6390573296152584,0.0,0.0,42,1764,1.2246467991473532e-16,-1.0,1.2246467991473532e-16,-1.0,1350.0,7.208600337960199,0.08000000000000007,2018-07-01
Potato,2018-07-01,1350.0,1330.1056603773584,423.0,3200.0,265,257,17,11,0,0,0,2018,7,3,Monsoon,1250.0,1000.0,800.0,500.0,600.0,0.08000000000000007,0.6875,1.25,100.0,1016.6666666666666,775.0,676.6666666666666,1000.0,700.0,600.0,225.4624876411447,302.90262461721915,229.79569318431726,500.0,1250.0,450.0,750.0,650.0,600.0,1.25,776.7261904761905,655.0,313.3106500642296,,,475.0,550.0,0.39084209628028277,5.583496308781699,5.552959584921617,2.8903717578961645,2.4849066497880004,0.0,0.0,43,1849,-0.4999999999999997,-0.8660254037844388,-1.0,-1.8369701987210297e-16,1310.0,7.1785454837637,-0.029629629629629672,2018-08-01
Potato,2018-08-01,1310.0,1394.289667896679,362.0,5010.0,542,523,24,13,0,0,0,2018,8,3,Monsoon,1350.0,1250.0,1000.0,500.0,600.0,-0.029629629629629672,0.31000000000000005,1.1833333333333331,-40.0,1200.0,916.6666666666666,739.1666666666666,1250.0,900.0,600.0,180.27756377319946,344.4802848737017,298.7080768099774,500.0,1350.0,350.0,850.0,750.0,600.0,1.1833333333333331,790.0581395348837,685.0,321.66627577022246,,,433.33333333333337,450.0,0.3757966744076746,6.297109319933935,6.261491684321042,3.2188758248682006,2.6390573296152584,0.0,0.0,44,1936,-0.8660254037844385,-0.5000000000000004,-1.0,-1.8369701987210297e-16,1300.0,7.170888478512505,-0.007633587786259555,2018-09-01
Potato,2018-09-01,1300.0,1342.2658349328215,17.5,3500.0,521,502,25,14,0,0,0,2018,9,3,Monsoon,1310.0,1350.0,1250.0,600.0,600.0,-0.007633587786259555,0.040000000000000036,1.1666666666666665,-10.0,1303.3333333333333,1051.6666666666667,798.3333333333334,1310.0,1125.0,600.0,50.33222956847167,304.9863384918522,336.55563725734436,600.0,1350.0,60.0,710.0,710.0,600.0,1.1666666666666665,801.875,692.5,327.4248205029596,,,258.33333333333326,185.0,0.2900028575199862,6.257667587882639,6.220590170099739,3.258096538021482,2.70805020110221,0.0,0.0,45,2025,-1.0,-1.8369701987210297e-16,-1.0,-1.8369701987210297e-16,1285.0,7.1592919047975645,-0.011538461538461497,2018-10-01
Potato,2018-10-01,1285.0,1385.0787878787878,390.0,3500.0,495,477,22,13,0,0,0,2018,10,4,Autumn,1300.0,1310.0,1350.0,800.0,520.0,-0.011538461538461497,-0.04814814814814816,1.4711538461538463,-15.0,1320.0,1168.3333333333333,856.6666666666666,1310.0,1275.0,700.0,26.457513110645973,219.58293801355933,358.97159506095494,800.0,1350.0,-50.0,500.0,780.0,520.0,1.4711538461538463,812.9444444444445,700.0,332.0910373236638,,,131.66666666666674,25.0,0.18794545336395949,6.206575926724928,6.169610732491456,3.1354942159291497,2.6390573296152584,0.0,0.0,46,2116,-0.8660254037844386,0.5000000000000001,-2.4492935982947064e-16,1.0,1325.0,7.189922170745808,0.03112840466926059,2018-11-01
Potato,2018-11-01,1325.0,1416.167441860465,450.0,4200.0,430,418,19,11,0,0,0,2018,11,4,Autumn,1285.0,1300.0,1310.0,1000.0,550.0,0.03112840466926059,0.011450381679389388,1.4090909090909092,40.0,1298.3333333333333,1249.1666666666667,920.4166666666666,1300.0,1292.5,900.0,12.58305739211803,126.34938332523292,361.6657066039486,1000.0,1350.0,-25.0,285.0,735.0,550.0,1.4090909090909092,823.2065217391304,700.0,335.67538181481484,750.0,750.0,35.83333333333326,-7.5,0.10114693795215443,6.066108090103747,6.037870919922137,2.995732273553991,2.4849066497880004,0.0,0.0,47,2209,-0.5000000000000004,0.8660254037844384,-2.4492935982947064e-16,1.0,1050.0,6.957497370876951,-0.2075471698113207,2018-12-01
Potato,2018-12-01,1050.0,1168.0148975791433,210.0,4400.0,537,519,24,14,0,0,0,2018,12,4,Winter,1325.0,1285.0,1300.0,1250.0,600.0,-0.2075471698113207,-0.1923076923076923,0.75,-275.0,1303.3333333333333,1303.3333333333333,985.0,1300.0,1305.0,1125.0,20.207259421636987,34.302575219167494,358.69080126076693,1250.0,1350.0,25.0,75.0,725.0,600.0,0.75,833.8829787234042,700.0,339.9791427868256,612.5,612.5,21.666666666666742,20.0,0.026319111421356137,6.2878585601617845,6.253828811575473,3.2188758248682006,2.70805020110221,0.0,0.0,48,2304,-2.4492935982947064e-16,1.0,-2.4492935982947064e-16,1.0,615.0,6.423246963533519,-0.41428571428571426,2019-01-01
Potato,2019-01-01,615.0,807.8800705467372,200.0,3250.0,567,550,24,14,0,0,0,2019,1,1,Winter,1050.0,1325.0,1285.0,1350.0,500.0,-0.41428571428571426,-0.5214007782101167,0.22999999999999998,-435.0,1220.0,1270.0,1022.5,1285.0,1305.0,1150.0,148.57657958103627,110.04544515789819,337.68934082835807,1050.0,1350.0,-235.0,-300.0,550.0,500.0,0.22999999999999998,838.3854166666666,700.0,337.786320465231,685.0,685.0,-220.0,-255.0,0.08664995681724266,6.342121418721152,6.311734809152915,3.2188758248682006,2.70805020110221,0.0,0.0,49,2401,0.49999999999999994,0.8660254037844387,1.0,6.123233995736766e-17,600.0,6.398594934535208,-0.024390243902439046,2019-02-01
Potato,2019-02-01,600.0,752.7748691099476,200.0,3700.0,573,555,26,14,0,0,0,2019,2,1,Winter,615.0,1050.0,1325.0,1310.0,500.0,-0.024390243902439046,-0.5471698113207547,0.19999999999999996,-15.0,996.6666666666666,1147.5,1032.0833333333333,1050.0,1292.5,1150.0,357.9920855735966,280.40595571421085,322.8175556601969,615.0,1325.0,-710.0,-695.0,115.0,500.0,0.19999999999999996,833.8265306122449,700.0,335.7691349570355,737.5,737.5,-532.5,-677.5,0.24436248863983517,6.352629396319567,6.320768294250582,3.295836866004329,2.70805020110221,0.0,0.0,50,2500,0.8660254037844386,0.5000000000000001,1.0,6.123233995736766e-17,600.0,6.398594934535208,0.0,2019-03-01
Potato,2019-03-01,600.0,754.2613636363636,150.0,3500.0,528,511,25,13,0,0,0,2019,3,1,Spring,600.0,615.0,1050.0,1300.0,600.0,0.0,-0.4285714285714286,0.0,0.0,755.0,1029.1666666666667,1040.4166666666667,615.0,1167.5,1150.0,255.58755838264113,341.31241797899276,308.82076541501414,600.0,1325.0,-450.0,-700.0,0.0,600.0,0.0,829.15,700.0,333.96642642575887,762.5,762.5,-429.16666666666674,-567.5,0.33163959641683505,6.270988431858299,6.238324625039508,3.258096538021482,2.6390573296152584,0.0,0.0,51,2601,1.0,6.123233995736766e-17,1.0,6.123233995736766e-17,650.0,6.478509642208569,0.08333333333333326,2019-04-01
Potato,2019-04-01,650.0,802.9039451114922,180.0,5000.0,583,565,23,13,0,0,0,2019,4,2,Spring,600.0,600.0,615.0,1285.0,800.0,0.08333333333333326,0.05691056910569103,-0.1875,50.0,605.0,912.5,1040.4166666666667,600.0,832.5,1150.0,8.660254037843547,349.7534846145211,308.82076541501414,600.0,1325.0,-15.0,-685.0,-200.0,800.0,-0.1875,824.656862745098,700.0,332.16337080111765,942.5,942.5,-312.5,-232.5,0.38329148998851625,6.369900982828227,6.338594078203183,3.1780538303479458,2.6390573296152584,0.0,0.0,52,2704,0.8660254037844387,-0.4999999999999998,1.2246467991473532e-16,-1.0,750.0,6.621405651764134,0.15384615384615374,2019-05-01
Potato,2019-05-01,750.0,867.2176724137931,290.0,3000.0,464,458,22,13,0,0,0,2019,5,2,Summer,650.0,600.0,600.0,1325.0,1000.0,0.15384615384615374,0.25,-0.25,100.0,616.6666666666666,806.6666666666666,1027.9166666666667,600.0,632.5,1150.0,28.867513459481305,308.08548597210273,322.1833070370552,600.0,1325.0,50.0,-675.0,-350.0,1000.0,-0.25,821.2980769230769,692.5,329.781378260219,1042.5,1042.5,-156.66666666666663,17.5,0.38192415616376374,6.142037405587356,6.129050210060545,3.1354942159291497,2.6390573296152584,0.0,0.0,53,2809,0.49999999999999994,-0.8660254037844387,1.2246467991473532e-16,-1.0,870.0,6.769641976852503,0.15999999999999992,2019-06-01
Potato,2019-06-01,870.0,1010.9818181818182,300.0,4400.0,495,482,22,12,0,0,0,2019,6,2,Summer,750.0,650.0,600.0,1050.0,1250.0,0.15999999999999992,0.44999999999999996,-0.30400000000000005,120.0,666.6666666666666,710.8333333333334,1007.0833333333334,650.0,632.5,1150.0,76.37626158259737,175.51115823977327,332.0833570966876,600.0,1050.0,150.0,-300.0,-500.0,1250.0,-0.30400000000000005,819.9528301886793,700.0,326.74181562569316,1161.25,1161.25,39.16666666666663,117.5,0.24690901510870797,6.206575926724928,6.180016653652572,3.1354942159291497,2.5649493574615367,0.0,0.0,54,2916,1.2246467991473532e-16,-1.0,1.2246467991473532e-16,-1.0,920.0,6.825460036255307,0.05747126436781613,2019-07-01
Potato,2019-07-01,920.0,1085.4182509505704,295.0,3326.0,526,507,20,13,0,0,0,2019,7,3,Monsoon,870.0,750.0,650.0,615.0,1350.0,0.05747126436781613,0.41538461538461546,-0.31851851851851853,50.0,756.6666666666666,680.8333333333334,975.4166666666666,750.0,632.5,960.0,110.15141094572209,108.55490162432439,324.85282215274987,600.0,870.0,220.0,255.0,-480.0,1350.0,-0.31851851851851853,820.8796296296297,700.0,323.71631732972713,1100.0,1100.0,189.16666666666663,237.5,0.15944416395249603,6.267200548541362,6.230481447578482,3.044522437723423,2.6390573296152584,0.0,0.0,55,3025,-0.4999999999999997,-0.8660254037844388,-1.0,-1.8369701987210297e-16,930.0,6.836259277277067,0.010869565217391353,2019-08-01
Potato,2019-08-01,930.0,1077.5466666666666,300.0,5000.0,525,506,24,12,0,0,0,2019,8,3,Monsoon,920.0,870.0,750.0,600.0,1310.0,0.010869565217391353,0.24,-0.29007633587786263,10.0,846.6666666666666,731.6666666666666,939.5833333333334,870.0,700.0,895.0,87.36894948054113,138.7683921743951,302.74095086944124,600.0,920.0,170.0,320.0,-390.0,1310.0,-0.29007633587786263,822.6818181818181,700.0,320.9833179528812,1025.0,1025.0,188.33333333333337,220.0,0.18966067267571085,6.26530121273771,6.2285110035911835,3.2188758248682006,2.5649493574615367,0.0,0.0,56,3136,-0.8660254037844385,-0.5000000000000004,-1.0,-1.8369701987210297e-16,900.0,6.803505257608338,-0.032258064516129004,2019-09-01
Potato,2019-09-01,900.0,973.7536656891496,315.0,3250.0,341,332,19,13,0,0,0,2019,9,3,Monsoon,930.0,920.0,870.0,600.0,1300.0,-0.032258064516129004,0.034482758620689724,-0.3076923076923077,-30.0,906.6666666666666,786.6666666666666,907.9166666666666,920.0,810.0,895.0,32.14550253664348,141.5156057354336,279.4512344296274,600.0,930.0,60.0,330.0,-370.0,1300.0,-0.3076923076923077,824.5982142857143,700.0,318.3750564070744,1065.0,1065.0,143.33333333333337,120.0,0.17989271915521224,5.834810737062605,5.808142489980444,2.995732273553991,2.6390573296152584,0.0,0.0,57,3249,-1.0,-1.8369701987210297e-16,-1.0,-1.8369701987210297e-16,900.0,6.803505257608338,0.0,2019-10-01
Potato,2019-10-01,900.0,1090.3849206349207,380.0,3800.0,504,486,26,14,0,0,0,2019,10,4,Autumn,900.0,930.0,920.0,650.0,1285.0,0.0,-0.021739130434782594,-0.2996108949416343,0.0,916.6666666666666,836.6666666666666,874.5833333333334,920.0,885.0,885.0,15.275252316520099,112.36844159579091,250.8210004015302,650.0,930.0,-20.0,250.0,-385.0,1285.0,-0.2996108949416343,825.921052631579,700.0,315.6776411472639,855.0,855.0,63.33333333333337,15.0,0.1343049102738537,6.22455842927536,6.18826412308259,3.295836866004329,2.70805020110221,0.0,0.0,58,3364,-0.8660254037844386,0.5000000000000001,-2.4492935982947064e-16,1.0,1082.5,6.987951820976414,0.20277777777777772,2019-11-01
Potato,2019-11-01,1082.5,1270.0421686746988,250.0,4300.0,498,483,24,13,0,0,0,2019,11,4,Autumn,900.0,900.0,930.0,750.0,1325.0,0.20277777777777772,0.163978494623656,-0.18301886792452826,182.5,910.0,878.3333333333334,842.5,900.0,900.0,885.0,17.32050807568933,66.15638039272294,215.71761844849647,750.0,930.0,-30.0,150.0,-425.0,1325.0,-0.18301886792452826,827.198275862069,711.25,313.0474424508933,675.0,700.0,21.66666666666663,0.0,0.07532035718336577,6.212606095751519,6.182084906716632,3.2188758248682006,2.6390573296152584,0.0,0.0,59,3481,-0.5000000000000004,0.8660254037844384,-2.4492935982947064e-16,1.0,1200.0,7.0909098220799835,0.10854503464203225,2019-12-01
Potato,2019-12-01,1200.0,1282.8374233128834,350.0,4000.0,326,318,20,12,0,0,0,2019,12,4,Winter,1082.5,900.0,900.0,870.0,1050.0,0.10854503464203225,0.33333333333333326,0.1428571428571428,117.5,960.8333333333334,933.75,822.2916666666666,900.0,910.0,885.0,105.36642412710668,75.72565615430454,173.66850061557167,870.0,1082.5,182.5,212.5,32.5,1050.0,0.1428571428571428,831.5254237288135,722.5,312.11183373317147,575.0,600.0,148.75,172.5,0.08109842693901424,5.7899601708972535,5.765191102784844,3.044522437723423,2.5649493574615367,0.0,0.0,60,3600,-2.4492935982947064e-16,1.0,-2.4492935982947064e-16,1.0,1500.0,7.313886831633462,0.25,2020-01-01
Potato,2020-01-01,1500.0,1704.6178861788617,480.0,4600.0,369,360,17,12,0,0,0,2020,1,1,Winter,1200.0,1082.5,900.0,920.0,615.0,0.25,0.6666666666666667,1.4390243902439024,300.0,1060.8333333333333,988.75,834.7916666666666,1082.5,925.0,885.0,151.16905547542902,124.37594220748616,195.56578274020248,900.0,1200.0,300.0,280.0,585.0,615.0,1.4390243902439024,837.6666666666666,736.25,313.09041400948826,606.6666666666666,570.0,211.25,275.0,0.12579109199240068,5.91350300563827,5.8888779583328805,2.8903717578961645,2.5649493574615367,0.0,0.0,61,3721,0.49999999999999994,0.8660254037844387,1.0,6.123233995736766e-17,1200.0,7.0909098220799835,-0.19999999999999996,2020-02-01
Potato,2020-02-01,1200.0,1443.2322404371585,300.0,4500.0,366,358,18,13,0,0,0,2020,2,1,Winter,1500.0,1200.0,1082.5,930.0,600.0,-0.19999999999999996,0.10854503464203225,1.0,-300.0,1260.8333333333333,1085.4166666666667,908.5416666666666,1200.0,1006.25,900.0,215.29533978545228,235.7669223336186,261.0521942180543,900.0,1500.0,417.5,570.0,900.0,600.0,1.0,848.5245901639345,750.0,321.8437693745925,645.0,550.0,414.58333333333326,493.75,0.21721328737070425,5.905361848054571,5.883322388488279,2.9444389791664403,2.6390573296152584,0.0,0.0,62,3844,0.8660254037844386,0.5000000000000001,1.0,6.123233995736766e-17,1160.0,7.057036981697891,-0.033333333333333326,2020-03-01
Potato,2020-03-01,1160.0,1285.1417624521073,550.0,3600.0,261,252,14,14,0,0,0,2020,3,1,Spring,1200.0,1500.0,1200.0,900.0,600.0,-0.033333333333333326,-0.033333333333333326,0.9333333333333333,-40.0,1300.0,1130.4166666666667,958.5416666666666,1200.0,1141.25,910.0,173.2050807568878,225.72337421425038,253.9471543391849,900.0,1500.0,0.0,300.0,600.0,600.0,0.9333333333333333,854.1935483870968,775.0,322.30082621775136,675.0,500.0,69.58333333333326,58.75,0.1996815695223741,5.568344503761097,5.53338948872752,2.70805020110221,2.70805020110221,0.0,0.0,63,3969,1.0,6.123233995736766e-17,1.0,6.123233995736766e-17,1650.0,7.409136443920128,0.4224137931034482,2020-04-01
Potato,2020-04-01,1650.0,1751.2894736842106,700.0,6000.0,304,298,16,13,0,0,0,2020,4,2,Spring,1160.0,1200.0,1500.0,900.0,650.0,0.4224137931034482,0.10000000000000009,1.5384615384615383,490.0,1286.6666666666667,1173.75,1005.2083333333334,1200.0,1180.0,925.0,185.8314648635515,195.58725674235478,232.62938319189706,900.0,1500.0,-340.0,260.0,510.0,650.0,1.5384615384615383,859.047619047619,800.0,322.00431666969473,825.0,600.0,-13.75,-20.0,0.1666345105366175,5.720311776607412,5.700443573390687,2.833213344056216,2.6390573296152584,0.0,0.0,64,4096,0.8660254037844387,-0.4999999999999998,1.2246467991473532e-16,-1.0,1600.0,7.3783837129967145,-0.030303030303030276,2020-05-01
Potato,2020-05-01,1600.0,1733.764705882353,650.0,4000.0,306,302,17,14,0,0,0,2020,5,2,Summer,1650.0,1160.0,1200.0,1082.5,750.0,-0.030303030303030276,0.33333333333333326,1.1333333333333333,-50.0,1336.6666666666667,1298.75,1088.5416666666667,1200.0,1200.0,1006.25,272.09067116190033,223.3369091753526,269.93782603451933,1082.5,1650.0,450.0,567.5,900.0,750.0,1.1333333333333333,871.40625,800.0,334.3890647538943,895.0,685.0,351.25,450.0,0.171962971453592,5.726847747587197,5.713732805509369,2.8903717578961645,2.70805020110221,0.0,0.0,65,4225,0.49999999999999994,-0.8660254037844387,1.2246467991473532e-16,-1.0,1600.0,7.3783837129967145,0.0,2020-06-01
Potato,2020-06-01,1600.0,1777.9888579387186,600.0,4500.0,359,354,18,13,0,0,0,2020,6,2,Summer,1600.0,1650.0,1160.0,1200.0,870.0,0.0,0.3793103448275863,0.8390804597701149,0.0,1470.0,1385.0,1159.375,1600.0,1350.0,1121.25,269.6293752542553,223.04708023195371,284.17369248401576,1160.0,1650.0,440.0,400.0,730.0,870.0,0.8390804597701149,882.6153846153846,800.0,343.85436789739254,974.1666666666666,722.5,215.0,250.0,0.16104482327216874,5.886104031450156,5.872117789475416,2.9444389791664403,2.6390573296152584,0.0,0.0,66,4356,1.2246467991473532e-16,-1.0,1.2246467991473532e-16,-1.0,1950.0,7.576097340623111,0.21875,2020-07-01
Potato,2020-07-01,1950.0,2034.0235294117647,480.0,4100.0,340,335,20,14,0,0,0,2020,7,3,Monsoon,1600.0,1600.0,1650.0,1500.0,920.0,0.21875,0.18181818181818188,1.1195652173913042,350.0,1616.6666666666667,1451.6666666666667,1220.2083333333333,1600.0,1550.0,1180.0,28.86751345948181,216.3715939458463,294.5421299031408,1160.0,1650.0,-50.0,100.0,680.0,920.0,1.1195652173913042,893.4848484848485,800.0,352.44063296802165,933.3333333333334,700.0,148.33333333333326,50.0,0.14905046655282178,5.831882477283517,5.817111159963204,3.044522437723423,2.70805020110221,0.0,0.0,67,4489,-0.4999999999999997,-0.8660254037844388,-1.0,-1.8369701987210297e-16,2250.0,7.719129840906732,0.15384615384615374,2020-08-01
Potato,2020-08-01,2250.0,2280.316037735849,700.0,4200.0,212,209,18,10,0,0,0,2020,8,3,Monsoon,1950.0,1600.0,1600.0,1200.0,930.0,0.15384615384615374,0.40625,1.4193548387096775,300.0,1716.6666666666667,1526.6666666666667,1306.0416666666667,1600.0,1600.0,1200.0,202.072594216369,298.7752778706199,344.88051015950236,1160.0,1950.0,350.0,750.0,1020.0,930.0,1.4193548387096775,909.2537313432836,800.0,372.8168814166003,856.6666666666666,700.0,423.33333333333326,350.0,0.19570433048293878,5.3612921657094255,5.3471075307174685,2.9444389791664403,2.3978952727983707,0.0,0.0,68,4624,-0.8660254037844385,-0.5000000000000004,-1.0,-1.8369701987210297e-16,2400.0,7.783640596221253,0.06666666666666665,2020-09-01
Potato,2020-09-01,2400.0,2425.052147239264,900.0,4400.0,326,319,18,13,0,0,0,2020,9,3,Monsoon,2250.0,1950.0,1600.0,1160.0,900.0,0.06666666666666665,0.5,1.6666666666666665,150.0,1933.3333333333333,1701.6666666666667,1416.0416666666667,1950.0,1625.0,1350.0,325.3203549323856,368.53312831639164,417.0042761026301,1160.0,2250.0,650.0,1090.0,1350.0,900.0,1.6666666666666665,928.9705882352941,800.0,404.16978553566736,893.3333333333334,800.0,548.3333333333333,625.0,0.21657186776673357,5.7899601708972535,5.768320995793772,2.9444389791664403,2.6390573296152584,0.0,0.0,69,4761,-1.0,-1.8369701987210297e-16,-1.0,-1.8369701987210297e-16,2680.0,7.893945138235959,0.1166666666666667,2020-10-01
Potato,2020-10-01,2680.0,2797.5941176470587,1100.0,4800.0,340,334,18,14,0,0,0,2020,10,4,Autumn,2400.0,2250.0,1950.0,1650.0,900.0,0.1166666666666667,0.37435897435897436,1.9777777777777779,280.0,2200.0,1908.3333333333333,1541.0416666666667,2250.0,1800.0,1550.0,229.12878474779205,351.3070831433175,469.7381503819358,1600.0,2400.0,450.0,750.0,1500.0,900.0,1.9777777777777779,950.2898550724638,800.0,438.5341844428763,770.0,850.0,491.66666666666674,600.0,0.1840910479353629,5.831882477283517,5.814130531825066,2.9444389791664403,2.70805020110221,0.0,0.0,70,4900,-0.8660254037844386,0.5000000000000001,-2.4492935982947064e-16,1.0,3060.0,8.026496938945412,0.14179104477611948,2020-11-01
Potato,2020-11-01,3060.0,3153.434210526316,1300.0,5200.0,228,226,16,13,0,0,0,2020,11,4,Autumn,2680.0,2400.0,2250.0,1600.0,1082.5,0.14179104477611948,0.3600000000000001,1.8267898383371826,380.0,2443.3333333333335,2080.0,1689.375,2400.0,2100.0,1600.0,218.2506204649447,440.2272140611016,526.5195811346255,1600.0,2680.0,430.0,1080.0,1597.5,1082.5,1.8267898383371826,975.0,825.0,481.9403339701361,631.25,612.5,600.0,580.0,0.2116476990678373,5.43372200355424,5.424950017481403,2.833213344056216,2.6390573296152584,0.0,0.0,71,5041,-0.5000000000000004,0.8660254037844384,-2.4492935982947064e-16,1.0,3150.0,8.055475141757274,0.02941176470588225,2020-12-01
Potato,2020-12-01,3150.0,3320.2936288088645,1000.0,6950.0,361,351,20,14,0,0,0,2020,12,4,Winter,3060.0,2680.0,2400.0,1600.0,1200.0,0.02941176470588225,0.3125,1.625,90.0,2713.3333333333335,2323.3333333333335,1854.1666666666667,2680.0,2325.0,1625.0,331.2602199681291,518.407818871075,620.4024842183031,1600.0,3060.0,660.0,1460.0,1860.0,1200.0,1.625,1004.3661971830986,850.0,538.6807161797268,556.25,550.0,736.6666666666665,735.0,0.2231310554681815,5.8916442118257715,5.863631175598097,3.044522437723423,2.70805020110221,0.0,0.0,72,5184,-2.4492935982947064e-16,1.0,-2.4492935982947064e-16,1.0,1200.0,7.0909098220799835,-0.6190476190476191,2021-01-01
Potato,2021-01-01,1200.0,1549.96,700.0,4700.0,350,346,18,14,0,0,0,2021,1,1,Winter,3150.0,3060.0,2680.0,1950.0,1500.0,-0.6190476190476191,-0.5522388059701493,-0.19999999999999996,-1950.0,2963.3333333333335,2581.6666666666665,2016.6666666666667,3060.0,2540.0,1800.0,249.4660965609019,469.7836381427784,685.4505264732267,1950.0,3150.0,470.0,1200.0,1650.0,1500.0,-0.19999999999999996,1034.1666666666667,855.0,591.634016820496,605.0,585.0,568.3333333333335,610.0,0.18196913033290318,5.860786223465865,5.849324779946859,2.9444389791664403,2.70805020110221,0.0,0.0,73,5329,0.49999999999999994,0.8660254037844387,1.0,6.123233995736766e-17,750.0,6.621405651764134,-0.375,2021-02-01
Potato,2021-02-01,750.0,1011.1640625,400.0,3700.0,384,375,19,12,0,0,0,2021,2,1,Winter,1200.0,3150.0,3060.0,2250.0,1200.0,-0.375,-0.7549019607843137,-0.375,-450.0,2470.0,2456.6666666666665,1991.6666666666667,3060.0,2540.0,1800.0,1100.7724560507497,709.8920105668644,711.0022801821677,1200.0,3150.0,-1860.0,-1050.0,0.0,1200.0,-0.375,1036.4383561643835,860.0,587.831602310592,683.75,675.0,-1256.6666666666665,-1340.0,0.2889655402578824,5.953243334287785,5.929589143389895,2.995732273553991,2.5649493574615367,0.0,0.0,74,5476,0.8660254037844386,0.5000000000000001,1.0,6.123233995736766e-17,720.0,6.580639137284949,-0.040000000000000036,2021-03-01
Potato,2021-03-01,720.0,938.5,350.0,4000.0,392,379,19,13,0,0,0,2021,3,1,Spring,750.0,1200.0,3150.0,2400.0,1160.0,-0.040000000000000036,-0.7714285714285715,-0.3793103448275862,-30.0,1700.0,2206.6666666666665,1954.1666666666667,1200.0,2540.0,1800.0,1275.7350822173073,1001.4722495739289,766.2714725845984,750.0,3150.0,-2400.0,-1650.0,-410.0,1160.0,-0.3793103448275862,1032.5675675675675,855.0,584.740308383813,756.25,750.0,-1456.6666666666665,-1790.0,0.4538393880244391,5.973809611869261,5.940171252720432,2.995732273553991,2.6390573296152584,0.0,0.0,75,5625,1.0,6.123233995736766e-17,1.0,6.123233995736766e-17,780.0,6.660575149839686,0.08333333333333326,2021-04-01
Potato,2021-04-01,780.0,977.2049689440994,300.0,4500.0,322,319,19,12,0,0,0,2021,4,2,Spring,720.0,750.0,1200.0,2680.0,1650.0,0.08333333333333326,-0.35,-0.5272727272727273,60.0,890.0,1926.6666666666667,1917.5,750.0,1940.0,1800.0,268.88659319497464,1159.062839826498,816.6018836395344,720.0,3150.0,-480.0,-1960.0,-930.0,1650.0,-0.5272727272727273,1028.4,850.0,581.8963116978553,931.25,925.0,-1206.6666666666667,-1220.0,0.6015897092525077,5.777652323222656,5.768320995793772,2.995732273553991,2.5649493574615367,0.0,0.0,76,5776,0.8660254037844387,-0.4999999999999998,1.2246467991473532e-16,-1.0,1000.0,6.90875477931522,0.28205128205128216,2021-05-01
Potato,2021-05-01,1000.0,1146.6810344827586,500.0,3600.0,232,230,17,10,0,0,0,2021,5,2,Summer,780.0,720.0,750.0,3060.0,1600.0,0.28205128205128216,0.33333333333333326,-0.375,220.0,750.0,1610.0,1845.0,750.0,990.0,1775.0,29.99999999999612,1171.5630584821288,878.7646287415488,720.0,3150.0,30.0,-2280.0,-820.0,1600.0,-0.375,1025.1315789473683,825.0,578.7058686899074,1008.75,1017.5,-830.0,-210.0,0.7276789183118813,5.4510384535657,5.442417710521793,2.8903717578961645,2.3978952727983707,0.0,0.0,77,5929,0.49999999999999994,-0.8660254037844387,1.2246467991473532e-16,-1.0,1100.0,7.00397413672268,0.10000000000000009,2021-06-01
Potato,2021-06-01,1100.0,1241.4701086956522,350.0,4200.0,368,363,20,12,0,0,0,2021,6,2,Summer,1000.0,780.0,720.0,3150.0,1600.0,0.10000000000000009,0.5277777777777777,-0.3125,100.0,833.3333333333334,1266.6666666666667,1795.0,780.0,890.0,1775.0,147.42229591663906,940.7585591780004,910.4694094007468,720.0,3150.0,280.0,-2150.0,-600.0,1600.0,-0.3125,1024.8051948051948,850.0,574.8931202488868,1058.125,1016.25,-266.66666666666674,110.0,0.7427041256668424,5.910796644040527,5.8971538676367405,3.044522437723423,2.5649493574615367,0.0,0.0,78,6084,1.2246467991473532e-16,-1.0,1.2246467991473532e-16,-1.0,1100.0,7.00397413672268,0.0,2021-07-01
Potato,2021-07-01,1100.0,1257.5378378378377,300.0,3500.0,370,363,21,13,0,0,0,2021,7,3,Monsoon,1100.0,1000.0,780.0,1200.0,1950.0,0.0,0.41025641025641035,-0.4358974358974359,0.0,960.0,925.0,1753.3333333333333,1000.0,890.0,1575.0,163.70705543744828,202.75601100830787,931.4049342338437,720.0,1200.0,320.0,-100.0,-850.0,1950.0,-0.4358974358974359,1025.7692307692307,855.0,571.2113051619822,1025.0,1000.0,175.0,210.0,0.21919568757654903,5.916202062607435,5.8971538676367405,3.091042453358316,2.6390573296152584,0.0,0.0,79,6241,-0.4999999999999997,-0.8660254037844388,-1.0,-1.8369701987210297e-16,1050.0,6.957497370876951,-0.045454545454545414,2021-08-01
Potato,2021-08-01,1050.0,1190.6190476190477,500.0,3600.0,210,204,17,12,0,0,0,2021,8,3,Monsoon,1100.0,1100.0,1000.0,750.0,2250.0,-0.045454545454545414,0.050000000000000044,-0.5333333333333333,-50.0,1066.6666666666667,908.3333333333334,1682.5,1100.0,890.0,1150.0,57.73502691896048,178.26010957773968,947.2747993346729,720.0,1100.0,100.0,350.0,-1150.0,2250.0,-0.5333333333333333,1026.7088607594937,860.0,567.5993282982133,963.75,992.5,191.66666666666663,210.0,0.19624966192044735,5.351858133476067,5.3230099791384085,2.8903717578961645,2.5649493574615367,0.0,0.0,80,6400,-0.8660254037844385,-0.5000000000000004,-1.0,-1.8369701987210297e-16,1060.0,6.966967138613983,0.00952380952380949,2021-09-01
Potato,2021-09-01,1060.0,1209.2364672364672,180.0,4000.0,351,344,20,13,0,0,0,2021,9,3,Monsoon,1050.0,1100.0,1100.0,720.0,2400.0,0.00952380952380949,-0.036363636363636376,-0.5583333333333333,10.0,1083.3333333333333,958.3333333333334,1582.5,1100.0,1025.0,1100.0,28.867513459481255,166.66333330000234,945.2573002290769,720.0,1100.0,-50.0,330.0,-1350.0,2400.0,-0.5583333333333333,1027.0,865.0,564.0014981127423,1001.25,1062.5,91.66666666666663,25.0,0.17390956518261114,5.863631175598097,5.84354441703136,3.044522437723423,2.6390573296152584,0.0,0.0,81,6561,-1.0,-1.8369701987210297e-16,-1.0,-1.8369701987210297e-16,1035.0,6.943122422819428,-0.02358490566037741,2021-10-01
Potato,2021-10-01,1035.0,1265.7824858757062,350.0,10000.0,354,347,19,13,1,0,0,2021,10,4,Autumn,1060.0,1050.0,1100.0,780.0,2680.0,-0.02358490566037741,-0.05909090909090908,-0.6138059701492538,-25.0,1070.0,1015.0,1470.8333333333333,1060.0,1055.0,1080.0,26.457513110645852,120.95453691367224,918.6794705973184,780.0,1100.0,-40.0,280.0,-1620.0,2680.0,-0.6138059701492538,1027.4074074074074,870.0,560.477397576784,840.0,855.0,45.0,5.0,0.11916703144204162,5.872117789475416,5.8522024797744745,2.995732273553991,2.6390573296152584,0.002824858757062147,0.0,82,6724,-0.8660254037844386,0.5000000000000001,-2.4492935982947064e-16,1.0,1400.0,7.244941546337007,0.3526570048309179,2021-11-01
Potato,2021-11-01,1400.0,1558.9131652661065,500.0,3700.0,357,351,19,15,0,0,0,2021,11,4,Autumn,1035.0,1060.0,1050.0,1000.0,3060.0,0.3526570048309179,0.33333333333333326,-0.542483660130719,365.0,1048.3333333333333,1057.5,1333.75,1050.0,1055.0,1055.0,12.583057392117773,38.69754514178933,841.322349313594,1000.0,1100.0,-15.0,35.0,-2025.0,3060.0,-0.542483660130719,1027.5,885.0,557.0075469932228,628.0,615.0,-22.5,-20.0,0.03659342330192844,5.8805329864007,5.863631175598097,2.995732273553991,2.772588722239781,0.0,0.0,83,6889,-0.5000000000000004,0.8660254037844384,-2.4492935982947064e-16,1.0,1250.0,7.1316985104669115,-0.1071428571428571,2021-12-01
Potato,2021-12-01,1250.0,1495.889502762431,430.0,5000.0,362,357,19,15,0,0,0,2021,12,4,Winter,1400.0,1035.0,1060.0,1100.0,3150.0,-0.1071428571428571,0.179245283018868,-0.6031746031746033,-150.0,1165.0,1124.1666666666667,1195.4166666666667,1060.0,1080.0,1055.0,203.8994850410368,137.7104450165904,645.3239437865622,1035.0,1400.0,340.0,300.0,-1750.0,3150.0,-0.6031746031746033,1031.987951807229,900.0,555.108586256777,565.0,600.0,275.83333333333326,320.0,0.12250002521861265,5.8944028342648505,5.8805329864007,2.995732273553991,2.772588722239781,0.0,0.0,84,7056,-2.4492935982947064e-16,1.0,-2.4492935982947064e-16,1.0,910.0,6.814542897259958,-0.272,2022-01-01
Potato,2022-01-01,910.0,1204.878243512974,250.0,8000.0,501,487,21,14,0,0,0,2022,1,1,Winter,1250.0,1400.0,1035.0,1100.0,1200.0,-0.272,-0.12077294685990336,-0.2416666666666667,-340.0,1228.3333333333333,1149.1666666666667,1037.0833333333333,1250.0,1080.0,1055.0,183.4620760084583,145.82238054107924,205.0771288756458,1035.0,1400.0,215.0,150.0,50.0,1200.0,-0.2416666666666667,1034.5833333333333,900.0,552.2669373412836,604.0,600.0,100.83333333333326,170.0,0.12689402222573973,6.218600119691729,6.1903154058531475,3.091042453358316,2.70805020110221,0.0,0.0,85,7225,0.49999999999999994,0.8660254037844387,1.0,6.123233995736766e-17,860.0,6.7580945044277305,-0.05494505494505497,2022-02-01
Potato,2022-02-01,860.0,1066.694885361552,300.0,4300.0,567,549,25,15,0,0,0,2022,2,1,Winter,910.0,1250.0,1400.0,1050.0,750.0,-0.05494505494505497,-0.3857142857142857,0.14666666666666672,-50.0,1186.6666666666667,1117.5,1012.9166666666666,1250.0,1055.0,1042.5,251.064400768674,176.1178582654261,201.18352468842977,910.0,1400.0,-490.0,-140.0,160.0,750.0,0.14666666666666672,1033.1176470588234,900.0,549.1360782383263,677.0,650.0,-207.5,-145.0,0.15759987316816654,6.342121418721152,6.309918278226516,3.258096538021482,2.772588722239781,0.0,0.0,86,7396,0.8660254037844386,0.5000000000000001,1.0,6.123233995736766e-17,950.0,6.85751406254539,0.10465116279069764,2022-03-01
Potato,2022-03-01,950.0,1142.3239436619717,300.0,4300.0,497,485,22,14,0,0,0,2022,3,1,Spring,860.0,910.0,1250.0,1060.0,720.0,0.10465116279069764,-0.24,0.3194444444444444,90.0,1006.6666666666666,1085.8333333333333,1022.0833333333334,910.0,1047.5,1042.5,212.21058723196015,205.33915035050535,190.32816556164258,860.0,1400.0,-390.0,-200.0,140.0,720.0,0.3194444444444444,1031.1046511627908,900.0,546.2154020071905,755.0,750.0,-225.83333333333326,-187.5,0.18910742933277547,6.210600077024653,6.186208623900494,3.1354942159291497,2.70805020110221,0.0,0.0,87,7569,1.0,6.123233995736766e-17,1.0,6.123233995736766e-17,1000.0,6.90875477931522,0.05263157894736836,2022-04-01
Potato,2022-04-01,1000.0,1228.2776769509983,200.0,5200.0,551,536,23,15,0,0,0,2022,4,2,Spring,950.0,860.0,910.0,1035.0,780.0,0.05263157894736836,0.098901098901099,0.28205128205128216,50.0,906.6666666666666,1067.5,1041.25,910.0,992.5,1042.5,45.0924975282292,212.8790736545065,167.3337030661117,860.0,1400.0,40.0,-85.0,170.0,780.0,0.28205128205128216,1030.1724137931035,900.0,543.1000583835347,919.0,870.0,-117.5,-42.5,0.1994183359761185,6.313548046277095,6.285998094508865,3.1780538303479458,2.772588722239781,0.0,0.0,88,7744,0.8660254037844387,-0.4999999999999998,1.2246467991473532e-16,-1.0,1045.0,6.952728644624869,0.04499999999999993,2022-05-01
Potato,2022-05-01,1045.0,1268.4455445544554,200.0,4300.0,303,297,20,14,0,0,0,2022,5,2,Summer,1000.0,950.0,860.0,1400.0,1000.0,0.04499999999999993,0.21511627906976738,0.04499999999999993,45.0,936.6666666666666,1061.6666666666667,1059.5833333333333,950.0,975.0,1042.5,70.94598884597605,214.4217028816521,146.91460620085053,860.0,1400.0,140.0,-400.0,0.0,1000.0,0.04499999999999993,1029.8295454545455,905.0,539.979351916666,991.0,920.0,-61.66666666666674,25.0,0.2019670670784792,5.717027701406222,5.697093486505405,3.044522437723423,2.70805020110221,0.0,0.0,89,7921,0.49999999999999994,-0.8660254037844387,1.2246467991473532e-16,-1.0,1300.0,7.170888478512505,0.2440191387559809,2022-06-01
Potato,2022-06-01,1300.0,1591.3576923076923,300.0,32000.0,520,507,22,16,1,0,0,2022,6,2,Summer,1045.0,1000.0,950.0,1250.0,1100.0,0.2440191387559809,0.368421052631579,0.18181818181818188,255.0,998.3333333333334,1002.5,1063.3333333333333,1000.0,975.0,1047.5,47.521924764611114,137.6135894452322,145.82575737897264,860.0,1250.0,95.0,-205.0,-55.0,1100.0,0.18181818181818188,1030.0,910.0,536.9049295816634,1032.5,930.0,42.5,70.0,0.13727041341170296,6.255750041753367,6.230481447578482,3.1354942159291497,2.833213344056216,0.0019230769230769232,0.0,90,8100,1.2246467991473532e-16,-1.0,1.2246467991473532e-16,-1.0,1400.0,7.244941546337007,0.07692307692307687,2022-07-01
Potato,2022-07-01,1400.0,1749.0986666666668,400.0,32000.0,375,368,21,15,1,0,0,2022,7,3,Monsoon,1300.0,1045.0,1000.0,910.0,1100.0,0.07692307692307687,0.3999999999999999,0.2727272727272727,100.0,1115.0,1010.8333333333334,1080.0,1045.0,975.0,1047.5,161.78689687363445,155.89793669791652,161.0335933332473,860.0,1300.0,300.0,390.0,200.0,1100.0,0.2727272727272727,1033.0,915.0,534.6381481321756,1000.0,900.0,289.16666666666663,325.0,0.15422714265251428,5.929589143389895,5.910796644040527,3.091042453358316,2.772588722239781,0.0026666666666666666,0.0,91,8281,-0.4999999999999997,-0.8660254037844388,-1.0,-1.8369701987210297e-16,1622.5,7.392339591542901,0.15892857142857153,2022-08-01
Potato,2022-08-01,1622.5,1809.3475836431228,440.0,5200.0,538,529,21,15,0,0,0,2022,8,3,Monsoon,1400.0,1300.0,1045.0,860.0,1050.0,0.15892857142857153,0.5526315789473684,0.5452380952380953,222.5,1248.3333333333333,1092.5,1105.0,1300.0,1022.5,1047.5,183.05281569354068,211.0864751707242,185.8029258992623,860.0,1400.0,355.0,540.0,350.0,1050.0,0.5452380952380953,1037.032967032967,920.0,533.0497829690217,951.0,900.0,307.5,377.5,0.1932141649159947,6.289715570908998,6.272877006546167,3.091042453358316,2.772588722239781,0.0,0.0,92,8464,-0.8660254037844385,-0.5000000000000004,-1.0,-1.8369701987210297e-16,1660.0,7.415175109613295,0.023112480739599484,2022-09-01
Potato,2022-09-01,1660.0,1828.7296786389413,420.0,4600.0,529,519,23,16,0,0,0,2022,9,3,Monsoon,1622.5,1400.0,1300.0,950.0,1060.0,0.023112480739599484,0.2769230769230768,0.5660377358490567,37.5,1440.8333333333333,1219.5833333333333,1152.7083333333333,1400.0,1172.5,1052.5,165.08205030630495,265.6050482702978,236.8770738295712,950.0,1622.5,322.5,672.5,562.5,1060.0,0.5660377358490567,1043.3967391304348,922.5,533.615413523344,1017.5,1082.5,402.91666666666674,450.0,0.21778343554790391,6.272877006546167,6.253828811575473,3.1780538303479458,2.833213344056216,0.0,0.0,93,8649,-1.0,-1.8369701987210297e-16,-1.0,-1.8369701987210297e-16,1695.0,7.4360278163518485,0.02108433734939763,2022-10-01
Potato,2022-10-01,1695.0,1935.3483606557377,600.0,50000.0,488,474,22,14,1,1,0,2022,10,4,Autumn,1660.0,1622.5,1400.0,1000.0,1035.0,0.02108433734939763,0.21071428571428563,0.6376811594202898,35.0,1560.8333333333333,1337.9166666666667,1202.7083333333333,1622.5,1350.0,1147.5,140.5421051974582,279.2866657516377,275.6757365863449,1000.0,1660.0,260.0,660.0,625.0,1035.0,0.6376811594202898,1050.02688172043,925.0,534.5451508443956,912.0,860.0,322.08333333333326,310.0,0.20874743002302412,6.192362489474872,6.163314804034641,3.1354942159291497,2.70805020110221,0.0020491803278688526,0.0,94,8836,-0.8660254037844386,0.5000000000000001,-2.4492935982947064e-16,1.0,1760.0,7.473637108496206,0.03834808259587019,2022-11-01
Potato,2022-11-01,1760.0,1921.405109489051,300.0,4600.0,548,537,23,16,0,0,0,2022,11,4,Autumn,1695.0,1660.0,1622.5,1045.0,1400.0,0.03834808259587019,0.0847457627118644,0.2571428571428571,65.0,1659.1666666666667,1453.75,1257.7083333333333,1660.0,1511.25,1275.0,36.257183196346276,254.0952085341243,303.59860299814267,1045.0,1695.0,72.5,650.0,295.0,1400.0,0.2571428571428571,1056.8882978723404,927.5,535.809191855311,773.3333333333334,657.5,241.25,183.75,0.17478604198392042,6.3080984415095305,6.2878585601617845,3.1780538303479458,2.833213344056216,0.0,0.0,95,9025,-0.5000000000000004,0.8660254037844384,-2.4492935982947064e-16,1.0,1450.0,7.280008252884188,-0.17613636363636365,2022-12-01
Potato,2022-12-01,1450.0,1715.7304832713755,210.0,42000.0,538,526,24,16,1,0,0,2022,12,4,Winter,1760.0,1695.0,1660.0,1300.0,1250.0,-0.17613636363636365,-0.12650602409638556,0.15999999999999992,-310.0,1705.0,1572.9166666666667,1287.7083333333333,1695.0,1641.25,1275.0,50.74445782546188,181.2899381285861,335.0906565484335,1300.0,1760.0,100.0,460.0,510.0,1250.0,0.15999999999999992,1064.2894736842106,930.0,537.8114712530983,670.8333333333334,600.0,187.08333333333326,118.75,0.11525717920757791,6.289715570908998,6.267200548541362,3.2188758248682006,2.833213344056216,0.0018587360594795538,0.0,96,9216,-2.4492935982947064e-16,1.0,-2.4492935982947064e-16,1.0,1091.0,6.9957661563048505,-0.24758620689655175,2023-01-01
Potato,2023-01-01,1091.0,1311.1228571428571,200.0,4600.0,350,341,19,13,0,0,0,2023,1,1,Winter,1450.0,1760.0,1695.0,1400.0,910.0,-0.24758620689655175,-0.3563421828908555,0.19890109890109886,-359.0,1635.0,1597.9166666666667,1304.375,1695.0,1641.25,1350.0,163.4778272427184,142.27101485076477,338.0057237949994,1400.0,1760.0,-245.0,50.0,540.0,910.0,0.19890109890109886,1068.3072916666667,940.0,536.4198442588539,696.6666666666666,600.0,-147.91666666666674,-191.25,0.08903531568235605,5.860786223465865,5.834810737062605,2.995732273553991,2.6390573296152584,0.0,0.0,97,9409,0.49999999999999994,0.8660254037844387,1.0,6.123233995736766e-17,820.0,6.710523109452428,-0.2483959670027498,2023-02-01
Potato,2023-02-01,820.0,1183.716393442623,250.0,42000.0,610,591,24,15,2,0,0,2023,2,1,Winter,1091.0,1450.0,1760.0,1622.5,860.0,-0.2483959670027498,-0.5340909090909092,-0.046511627906976716,-271.0,1433.6666666666667,1546.4166666666667,1319.4583333333333,1450.0,1641.25,1350.0,334.7989446419051,246.20528358803884,322.4894260657891,1091.0,1760.0,-669.0,-531.5,231.0,860.0,-0.046511627906976716,1068.541237113402,950.0,533.6236514686984,839.1666666666666,725.0,-455.41666666666674,-550.25,0.15921018500061787,6.415096959171596,6.3835066348840055,3.2188758248682006,2.772588722239781,0.003278688524590164,0.0,98,9604,0.8660254037844386,0.5000000000000001,1.0,6.123233995736766e-17,700.0,6.55250788703459,-0.14634146341463417,2023-03-01
Potato,2023-03-01,700.0,1023.7517123287671,140.0,32000.0,584,566,24,15,2,0,0,2023,3,1,Spring,820.0,1091.0,1450.0,1660.0,950.0,-0.14634146341463417,-0.5172413793103448,-0.26315789473684215,-120.0,1120.3333333333333,1412.6666666666667,1316.125,1091.0,1555.0,1350.0,316.0226785111053,378.8517740049093,327.8326988100646,820.0,1760.0,-630.0,-840.0,-130.0,950.0,-0.26315789473684215,1066.0051020408164,940.0,531.4592413642205,895.8333333333334,875.0,-592.6666666666667,-735.0,0.26818200141923737,6.371611847231857,6.340359303727752,3.2188758248682006,2.772588722239781,0.003424657534246575,0.0,99,9801,1.0,6.123233995736766e-17,1.0,6.123233995736766e-17,770.0,6.647688373563329,0.10000000000000009,2023-04-01
Potato,2023-04-01,770.0,1005.5,140.0,3750.0,478,471,22,14,0,0,0,2023,4,2,Spring,700.0,820.0,1091.0,1695.0,1000.0,0.10000000000000009,-0.2942254812098992,-0.22999999999999998,70.0,870.3333333333334,1252.6666666666667,1295.2916666666667,820.0,1270.5,1350.0,200.3006074212791,449.6139084444199,359.61737610545083,700.0,1760.0,-391.0,-995.0,-300.0,1000.0,-0.22999999999999998,1062.3080808080808,930.0,530.0187939826761,1032.5,1060.0,-552.6666666666667,-570.5,0.3589254191945874,6.171700597410915,6.156978985585555,3.1354942159291497,2.70805020110221,0.0,0.0,100,10000,0.8660254037844387,-0.4999999999999998,1.2246467991473532e-16,-1.0,935.0,6.841615476477592,0.2142857142857142,2023-05-01
Potato,2023-05-01,935.0,1128.997995991984,203.0,7500.0,499,492,20,14,0,0,0,2023,5,2,Summer,770.0,700.0,820.0,1760.0,1045.0,0.2142857142857142,0.1402439024390243,-0.10526315789473684,165.0,763.3333333333334,1098.5,1276.125,770.0,955.5,1350.0,60.277137733417206,425.5508195268819,382.20616313236394,700.0,1760.0,-50.0,-990.0,-275.0,1045.0,-0.10526315789473684,1059.385,927.5,528.144664979648,1150.8333333333333,1135.0,-328.5,-185.5,0.38739264408455343,6.214608098422191,6.20050917404269,3.044522437723423,2.70805020110221,0.0,0.0,101,10201,0.49999999999999994,-0.8660254037844387,1.2246467991473532e-16,-1.0,1100.0,7.00397413672268,0.17647058823529416,2023-06-01
Potato,2023-06-01,1100.0,1361.798598949212,250.0,13980.0,571,560,24,15,2,0,0,2023,6,2,Summer,935.0,770.0,700.0,1450.0,1300.0,0.17647058823529416,0.5714285714285714,-0.15384615384615385,165.0,801.6666666666666,961.0,1266.9583333333333,770.0,877.5,1350.0,120.65791865158853,276.10867425707784,389.5027400028099,700.0,1450.0,235.0,-515.0,-365.0,1300.0,-0.15384615384615385,1058.1534653465346,930.0,525.6430382996348,1235.4166666666667,1120.0,-26.0,57.5,0.28731391702089265,6.349138991379798,6.329720905522696,3.2188758248682006,2.772588722239781,0.0035026269702276708,0.0,102,10404,1.2246467991473532e-16,-1.0,1.2246467991473532e-16,-1.0,1200.0,7.0909098220799835,0.09090909090909083,2023-07-01
Potato,2023-07-01,1200.0,1457.9583333333333,400.0,14040.0,528,518,21,15,2,0,0,2023,7,3,Monsoon,1100.0,935.0,770.0,1091.0,1400.0,0.09090909090909083,0.5584415584415585,-0.1428571428571429,100.0,935.0,902.6666666666666,1250.2916666666667,935.0,877.5,1250.0,165.00000000000006,167.9067201355202,392.2297829735966,700.0,1100.0,330.0,9.0,-300.0,1400.0,-0.1428571428571429,1058.563725490196,932.5,523.0507835157867,1233.3333333333333,1100.0,197.33333333333337,222.5,0.18601187607332373,6.270988431858299,6.251903883165888,3.091042453358316,2.772588722239781,0.003787878787878788,0.0,103,10609,-0.4999999999999997,-0.8660254037844388,-1.0,-1.8369701987210297e-16,1300.0,7.170888478512505,0.08333333333333326,2023-08-01
Potato,2023-08-01,1300.0,1620.7555555555555,520.0,43000.0,585,575,24,13,2,0,0,2023,8,3,Monsoon,1200.0,1100.0,935.0,820.0,1622.5,0.08333333333333326,0.39037433155080214,-0.19876733436055471,100.0,1078.3333333333333,920.8333333333334,1233.625,1100.0,877.5,1150.0,133.82202110763893,195.91877568693582,389.52996879689323,700.0,1200.0,265.0,380.0,-422.5,1622.5,-0.19876733436055471,1059.9368932038835,935.0,520.6670339037942,1239.1666666666667,1092.5,279.16666666666663,322.5,0.21276247133422893,6.373319789577012,6.3561076606958915,3.2188758248682006,2.6390573296152584,0.003418803418803419,0.0,104,10816,-0.8660254037844385,-0.5000000000000004,-1.0,-1.8369701987210297e-16,1250.0,7.1316985104669115,-0.038461538461538436,2023-09-01
Potato,2023-09-01,1250.0,1494.0199667221298,480.0,13600.0,601,591,24,14,1,0,0,2023,9,3,Monsoon,1300.0,1200.0,1100.0,700.0,1660.0,-0.038461538461538436,0.13636363636363646,-0.24698795180722888,-50.0,1200.0,1000.8333333333334,1206.75,1200.0,1017.5,1150.0,100.00000000000018,239.6334005656718,370.942809853241,700.0,1300.0,200.0,600.0,-360.0,1660.0,-0.24698795180722888,1062.2451923076924,942.5,518.6678277188997,1357.9166666666667,1203.75,299.16666666666663,282.5,0.23943387233872285,6.400257445308821,6.3835066348840055,3.2188758248682006,2.70805020110221,0.0016638935108153079,0.0,105,11025,-1.0,-1.8369701987210297e-16,-1.0,-1.8369701987210297e-16,1155.0,7.052721049232323,-0.07599999999999996,2023-10-01
Potato,2023-10-01,1155.0,1351.0075757575758,500.0,4300.0,264,262,17,15,0,0,0,2023,10,4,Autumn,1250.0,1300.0,1200.0,770.0,1695.0,-0.07599999999999996,-0.03749999999999998,-0.31858407079646023,-95.0,1250.0,1092.5,1172.5833333333333,1250.0,1150.0,1150.0,50.00000000000036,204.10169034087122,343.2479777688773,770.0,1300.0,50.0,480.0,-445.0,1695.0,-0.31858407079646023,1064.0333333333333,950.0,516.4933225546965,1285.0,955.0,157.5,100.0,0.1868207691907288,5.579729825986222,5.572154032177765,2.8903717578961645,2.772588722239781,0.0,0.0,106,11236,-0.8660254037844386,0.5000000000000001,-2.4492935982947064e-16,1.0,1200.0,7.0909098220799835,0.03896103896103886,2023-11-01
Potato,2023-11-01,1200.0,1481.7033582089553,400.0,16840.0,536,528,23,15,1,0,0,2023,11,4,Autumn,1155.0,1250.0,1300.0,935.0,1760.0,0.03896103896103886,-0.07692307692307687,-0.31818181818181823,45.0,1235.0,1156.6666666666667,1127.5833333333333,1250.0,1177.5,1127.5,73.65459931328142,129.21558213569847,301.3757721858303,935.0,1300.0,-145.0,220.0,-605.0,1760.0,-0.31818181818181823,1064.8915094339623,975.0,514.1038759439157,834.2857142857143,700.0,-1.6666666666667425,-22.5,0.11171375977149722,6.285998094508865,6.270988431858299,3.1780538303479458,2.772588722239781,0.0018656716417910447,0.0,107,11449,-0.5000000000000004,0.8660254037844384,-2.4492935982947064e-16,1.0,1200.0,7.0909098220799835,0.0,2023-12-01
Potato,2023-12-01,1200.0,1442.432915921288,250.0,15040.0,559,546,21,14,1,0,0,2023,12,4,Winter,1200.0,1155.0,1250.0,1100.0,1450.0,0.0,-0.040000000000000036,-0.1724137931034483,0.0,1201.6666666666667,1200.8333333333333,1080.9166666666667,1200.0,1200.0,1127.5,47.52192476461123,70.02975558051989,229.27968562963355,1100.0,1300.0,-50.0,100.0,-250.0,1450.0,-0.1724137931034483,1066.1542056074766,1000.0,511.8397929409225,682.1428571428571,600.0,-0.8333333333332575,0.0,0.05831763129536702,6.327936783729195,6.304448802421981,3.091042453358316,2.70805020110221,0.0017889087656529517,0.0,108,11664,-2.4492935982947064e-16,1.0,-2.4492935982947064e-16,1.0,900.0,6.803505257608338,-0.25,2024-01-01
Potato,2024-01-01,900.0,1223.3434959349593,101.0,21040.0,492,477,20,14,1,0,1,2024,1,1,Winter,1200.0,1200.0,1155.0,1200.0,1091.0,-0.25,-0.22077922077922074,-0.1750687442713107,-300.0,1185.0,1217.5,1060.0833333333333,1200.0,1200.0,1127.5,25.980762113533917,50.373604199031234,202.48701791532648,1155.0,1300.0,45.0,0.0,109.0,1091.0,-0.1750687442713107,1067.3935185185185,1000.0,509.60518000733475,700.0,600.0,-17.5,0.0,0.041374623572099575,6.20050917404269,6.169610732491456,3.044522437723423,2.70805020110221,0.0020325203252032522,0.0020325203252032522,109,11881,0.49999999999999994,0.8660254037844387,1.0,6.123233995736766e-17,900.0,6.803505257608338,0.0,2024-02-01
Potato,2024-02-01,900.0,1178.356418918919,200.0,16280.0,592,569,25,15,1,0,3,2024,2,1,Winter,900.0,1200.0,1200.0,1300.0,820.0,0.0,-0.25,0.09756097560975618,0.0,1100.0,1167.5,1044.1666666666667,1200.0,1200.0,1127.5,173.20508075688772,140.13386457241785,207.28585152494986,900.0,1300.0,-300.0,-400.0,80.0,820.0,0.09756097560975618,1065.8577981651376,1000.0,507.4937469590285,830.7142857142857,780.0,-267.5,-300.0,0.12002900605774548,6.385194398997726,6.345636360828596,3.258096538021482,2.772588722239781,0.0016891891891891893,0.005067567567567568,110,12100,0.8660254037844386,0.5000000000000001,1.0,6.123233995736766e-17,1020.0,6.928537818164665,0.1333333333333333,2024-03-01
Potato,2024-03-01,1020.0,1291.111111111111,300.0,19280.0,576,565,25,14,1,0,1,2024,3,1,Spring,900.0,900.0,1200.0,1250.0,700.0,0.1333333333333333,-0.15000000000000002,0.4571428571428571,120.0,1000.0,1100.8333333333333,1050.8333333333333,900.0,1177.5,1127.5,173.20508075688772,158.44294451526562,200.5994803461635,900.0,1250.0,-300.0,-350.0,200.0,700.0,0.4571428571428571,1064.35,975.0,505.4078948113243,910.7142857142857,1000.0,-200.83333333333326,-277.5,0.14393000258767508,6.3578422665081,6.338594078203183,3.258096538021482,2.70805020110221,0.001736111111111111,0.001736111111111111,111,12321,1.0,6.123233995736766e-17,1.0,6.123233995736766e-17,1400.0,7.244941546337007,0.37254901960784315,2024-04-01
Potato,2024-04-01,1400.0,1617.5047846889952,280.0,19540.0,418,411,20,14,1,0,0,2024,4,2,Spring,1020.0,900.0,900.0,1155.0,770.0,0.37254901960784315,0.5555555555555556,0.8181818181818181,380.0,940.0,1062.5,1077.5,900.0,1087.5,1127.5,69.2820323027551,142.1179087940747,168.40832413026084,900.0,1200.0,120.0,-135.0,250.0,770.0,0.8181818181818181,1063.9504504504505,1000.0,503.12295151454214,1042.142857142857,1100.0,-42.5,-67.5,0.13375803180618795,6.037870919922137,6.021023349349527,3.044522437723423,2.70805020110221,0.0023923444976076554,0.0,112,12544,0.8660254037844387,-0.4999999999999998,1.2246467991473532e-16,-1.0,1730.0,7.456454555176209,0.23571428571428577,2024-05-01
Potato,2024-05-01,1730.0,1837.0594059405942,300.0,4800.0,505,494,23,14,0,0,0,2024,5,2,Summer,1400.0,1020.0,900.0,1200.0,935.0,0.23571428571428577,0.9222222222222223,0.8502673796791445,330.0,1106.6666666666667,1103.3333333333333,1130.0,1020.0,1110.0,1177.5,261.0236260060252,198.15818596936015,161.90625795081485,900.0,1400.0,500.0,200.0,465.0,935.0,0.8502673796791445,1066.950892857143,1000.0,501.85707810694714,1143.5714285714287,1100.0,296.66666666666674,290.0,0.17959956432268293,6.226536669287466,6.20455776256869,3.1780538303479458,2.70805020110221,0.0,0.0,113,12769,0.49999999999999994,-0.8660254037844387,1.2246467991473532e-16,-1.0,1850.0,7.523481312573497,0.06936416184971095,2024-06-01
Potato,2024-06-01,1850.0,2123.6647173489278,450.0,22780.0,513,501,23,15,1,0,2,2024,6,2,Summer,1730.0,1400.0,1020.0,1200.0,1100.0,0.06936416184971095,0.8137254901960784,0.6818181818181819,120.0,1383.3333333333333,1191.6666666666667,1196.25,1400.0,1110.0,1200.0,355.2933060632206,326.46081949702227,225.15777296658501,900.0,1730.0,710.0,530.0,630.0,1100.0,0.6818181818181819,1072.8185840707965,1000.0,503.49015835690665,1208.9285714285713,1050.0,538.3333333333333,620.0,0.27395313524225645,6.2422232654551655,6.218600119691729,3.1780538303479458,2.772588722239781,0.001949317738791423,0.003898635477582846,114,12996,1.2246467991473532e-16,-1.0,1.2246467991473532e-16,-1.0,2170.0,7.682943169878292,0.17297297297297298,2024-07-01
Potato,2024-07-01,2170.0,2183.2083981337482,40.0,22780.0,643,628,24,16,1,0,0,2024,7,3,Monsoon,1850.0,1730.0,1400.0,900.0,1200.0,0.17297297297297298,0.55,0.8083333333333333,320.0,1660.0,1300.0,1258.75,1730.0,1210.0,1200.0,233.0236039546209,423.27296157444374,290.5959785118719,900.0,1850.0,450.0,950.0,650.0,1200.0,0.8083333333333333,1079.6359649122808,1000.0,506.51485439385397,1208.5714285714287,1060.0,550.0,640.0,0.3255945858264952,6.467698726104354,6.444131256700441,3.2188758248682006,2.833213344056216,0.0015552099533437014,0.0,115,13225,-0.4999999999999997,-0.8660254037844388,-1.0,-1.8369701987210297e-16,2500.0,7.824445930877619,0.1520737327188939,2024-08-01
Potato,2024-08-01,2500.0,3141.619834710744,485.0,27040.0,726,714,26,14,3,0,0,2024,8,3,Monsoon,2170.0,1850.0,1730.0,900.0,1300.0,0.1520737327188939,0.4450867052023122,0.9230769230769231,330.0,1916.6666666666667,1511.6666666666667,1339.5833333333333,1850.0,1565.0,1225.0,227.44962812309308,494.7490946597748,390.5035114108991,900.0,2170.0,440.0,1270.0,870.0,1300.0,0.9230769230769231,1089.1173913043478,1000.0,514.4365864217623,1210.0,1035.0,658.3333333333333,605.0,0.3272871629502369,6.588926477533519,6.5722825426940075,3.295836866004329,2.70805020110221,0.004132231404958678,0.0,116,13456,-0.8660254037844385,-0.5000000000000004,-1.0,-1.8369701987210297e-16,2620.0,7.8713112033234065,0.04800000000000004,2024-09-01
Potato,2024-09-01,2620.0,3334.440860215054,510.0,8000.0,465,463,20,12,0,0,0,2024,9,3,Monsoon,2500.0,2170.0,1850.0,1020.0,1250.0,0.04800000000000004,0.4162162162162162,1.096,120.0,2173.3333333333335,1778.3333333333333,1439.5833333333333,2170.0,1790.0,1225.0,325.01282025996034,529.1282138259746,513.6697662777893,1020.0,2500.0,650.0,1480.0,1250.0,1250.0,1.096,1101.280172413793,1010.0,528.6813756014071,1363.9285714285713,1325.0,721.6666666666667,710.0,0.29754163851507476,6.144185634125646,6.139884552226255,3.044522437723423,2.5649493574615367,0.0,0.0,117,13689,-1.0,-1.8369701987210297e-16,-1.0,-1.8369701987210297e-16,2500.0,7.824445930877619,-0.04580152671755722,2024-10-01
Potato,2024-10-01,2500.0,3076.3521739130433,400.0,25040.0,690,678,26,15,1,0,0,2024,10,4,Autumn,2620.0,2500.0,2170.0,1400.0,1155.0,-0.04580152671755722,0.1520737327188939,1.1645021645021645,-120.0,2430.0,2045.0,1553.75,2500.0,2010.0,1300.0,233.02360395462068,470.4359680126501,610.7712151638511,1400.0,2620.0,450.0,1220.0,1465.0,1155.0,1.1645021645021645,1114.2606837606838,1020.0,544.8011009972395,1280.0,1050.0,575.0,610.0,0.23004203814799518,6.53813982376767,6.520621127558696,3.295836866004329,2.772588722239781,0.0014492753623188406,0.0,118,13924,-0.8660254037844386,0.5000000000000001,-2.4492935982947064e-16,1.0,2720.0,7.908754738783246,0.08800000000000008,2024-11-01
Potato,2024-11-01,2720.0,3342.807971014493,600.0,36040.0,552,547,22,13,1,0,0,2024,11,4,Autumn,2500.0,2620.0,2500.0,1730.0,1200.0,0.08800000000000008,0.08800000000000008,1.2666666666666666,220.0,2540.0,2228.3333333333335,1665.8333333333333,2500.0,2335.0,1565.0,69.28203230275446,373.06389086410593,652.9020298682343,1730.0,2620.0,0.0,770.0,1300.0,1200.0,1.2666666666666666,1126.0042372881355,1022.5,557.2655748582205,843.75,750.0,271.6666666666665,165.0,0.1674183504251784,6.315358001522335,6.306275286948016,3.1354942159291497,2.6390573296152584,0.0018115942028985507,0.0,119,14161,-0.5000000000000004,0.8660254037844384,-2.4492935982947064e-16,1.0,2360.0,7.766840537085513,-0.13235294117647056,2024-12-01
Potato,2024-12-01,2360.0,2529.9466192170817,900.0,5700.0,281,272,19,11,0,0,0,2024,12,4,Winter,2720.0,2500.0,2620.0,1850.0,1200.0,-0.13235294117647056,-0.0992366412213741,0.9666666666666666,-360.0,2613.3333333333335,2393.3333333333335,1792.5,2620.0,2500.0,1790.0,110.1514109457216,324.3249399393535,700.0535693788014,1850.0,2720.0,100.0,870.0,1520.0,1200.0,0.9666666666666666,1139.3991596638655,1025.0,573.8158535739904,704.375,612.5,326.6666666666665,220.0,0.13551181334513376,5.641907070938114,5.60947179518496,2.995732273553991,2.4849066497880004,0.0,0.0,120,14400,-2.4492935982947064e-16,1.0,-2.4492935982947064e-16,1.0,2000.0,7.601402334583733,-0.15254237288135597,2025-01-01
Potato,2025-01-01,2000.0,2696.441287878788,400.0,7500.0,528,520,20,14,0,0,0,2025,1,1,Winter,2360.0,2720.0,2500.0,2170.0,900.0,-0.15254237288135597,-0.19999999999999996,1.2222222222222223,-360.0,2526.6666666666665,2478.3333333333335,1889.1666666666667,2500.0,2500.0,2010.0,181.475434517549,194.15629442968134,690.8289925659587,2170.0,2720.0,-140.0,190.0,1460.0,900.0,1.2222222222222223,1149.5708333333334,1030.0,582.1625696878135,731.25,660.0,-118.33333333333348,-140.0,0.0783414772412971,6.270988431858299,6.255750041753367,3.044522437723423,2.70805020110221,0.0,0.0,121,14641,0.49999999999999994,0.8660254037844387,1.0,6.123233995736766e-17,1200.0,7.0909098220799835,-0.4,2025-02-01
Potato,2025-02-01,1200.0,2083.5519662921347,220.0,29280.0,712,664,24,14,1,0,0,2025,2,1,Winter,2000.0,2360.0,2720.0,2500.0,900.0,-0.4,-0.5588235294117647,0.33333333333333326,-800.0,2360.0,2450.0,1980.8333333333333,2360.0,2500.0,2085.0,359.99999999999983,251.95237645237347,616.6398438064942,2000.0,2720.0,-720.0,-500.0,1100.0,900.0,0.33333333333333326,1156.599173553719,1035.0,584.8641602252424,851.875,790.0,-450.0,-500.0,0.10283770467443815,6.569481420414296,6.499787040655854,3.2188758248682006,2.70805020110221,0.0014044943820224719,0.0,122,14884,0.8660254037844386,0.5000000000000001,1.0,6.123233995736766e-17,1072.5,6.978679617318836,-0.10624999999999996,2025-03-01
Potato,2025-03-01,1072.5,1784.0013368983957,250.0,29280.0,748,686,25,14,1,0,0,2025,3,1,Spring,1200.0,2000.0,2360.0,2620.0,1020.0,-0.10624999999999996,-0.5455508474576272,0.05147058823529416,-127.5,1853.3333333333333,2233.3333333333335,2005.8333333333333,2000.0,2430.0,2085.0,593.745175418995,564.9306742129211,573.4022597750659,1200.0,2720.0,-1160.0,-1420.0,180.0,1020.0,0.05147058823529416,1156.954918032787,1040.0,582.4556060978267,927.5,1000.0,-1033.3333333333335,-1230.0,0.25295403322966614,6.618738983517219,6.532334292222349,3.258096538021482,2.70805020110221,0.001336898395721925,0.0,123,15129,1.0,6.123233995736766e-17,1.0,6.123233995736766e-17,1200.0,7.0909098220799835,0.11888111888111896,2025-04-01
Potato,2025-04-01,1200.0,1738.8649025069637,200.0,22540.0,718,672,23,14,1,0,0,2025,4,2,Spring,1072.5,1200.0,2000.0,2500.0,1400.0,0.11888111888111896,-0.4,-0.1428571428571429,127.5,1424.1666666666667,1975.4166666666667,2010.2083333333333,1200.0,2180.0,2085.0,502.74455077438006,692.0448263419546,565.3402619152689,1072.5,2720.0,-927.5,-1427.5,-327.5,1400.0,-0.1428571428571429,1156.2682926829268,1045.0,580.1135639692969,1074.375,1175.0,-902.9166666666667,-1107.5,0.3503285347438707,6.577861357721047,6.511745329644728,3.1780538303479458,2.70805020110221,0.001392757660167131,0.0,124,15376,0.8660254037844387,-0.4999999999999998,1.2246467991473532e-16,-1.0,1250.0,7.1316985104669115,0.04166666666666674,2025-05-01
Potato,2025-05-01,1250.0,1825.4183976261127,295.0,5400.0,674,631,23,15,0,0,0,2025,5,2,Summer,1200.0,1072.5,1200.0,2720.0,1730.0,0.04166666666666674,0.04166666666666674,-0.2774566473988439,50.0,1157.5,1758.75,1993.5416666666667,1200.0,1600.0,2085.0,73.6121593216765,698.4335150893031,587.4796498732123,1072.5,2720.0,0.0,-1520.0,-530.0,1730.0,-0.2774566473988439,1156.6209677419354,1047.5,577.7639134797024,1175.625,1225.0,-558.75,-400.0,0.39711926941822495,6.51471269087253,6.448889394146858,3.1780538303479458,2.772588722239781,0.0,0.0,125,15625,0.49999999999999994,-0.8660254037844387,1.2246467991473532e-16,-1.0,1400.0,7.244941546337007,0.1200000000000001,2025-06-01
Potato,2025-06-01,1400.0,2181.864541832669,180.0,7400.0,502,477,19,11,0,0,0,2025,6,2,Summer,1250.0,1200.0,1072.5,2360.0,1850.0,0.1200000000000001,0.30536130536130535,-0.2432432432432432,150.0,1174.1666666666667,1513.75,1953.5416666666667,1200.0,1225.0,2085.0,91.52640784676963,531.7371296044694,622.3602967856739,1072.5,2360.0,177.5,-1110.0,-600.0,1850.0,-0.2432432432432432,1157.368,1050.0,575.4901142056109,1260.625,1180.0,-263.75,25.0,0.35127143161319196,6.220590170099739,6.169610732491456,2.995732273553991,2.4849066497880004,0.0,0.0,126,15876,1.2246467991473532e-16,-1.0,1.2246467991473532e-16,-1.0,1400.0,7.244941546337007,0.0,2025-07-01
Potato,2025-07-01,1400.0,2079.2956152758134,400.0,7000.0,707,665,25,15,0,0,0,2025,7,3,Monsoon,1400.0,1250.0,1200.0,2000.0,2170.0,0.0,0.16666666666666674,-0.3548387096774194,0.0,1283.3333333333333,1353.75,1916.0416666666667,1250.0,1225.0,2085.0,104.08329997330605,333.74297745420876,642.4009105879621,1072.5,2000.0,200.0,-600.0,-770.0,2170.0,-0.3548387096774194,1159.2936507936508,1050.0,573.5909562391697,1265.0,1180.0,46.25,175.0,0.24653220864576825,6.56244409369372,6.501289670540389,3.258096538021482,2.772588722239781,0.0,0.0,127,16129,-0.4999999999999997,-0.8660254037844388,-1.0,-1.8369701987210297e-16,1250.0,7.1316985104669115,-0.1071428571428571,2025-08-01
Potato,2025-08-01,1250.0,1782.0666666666666,240.0,9000.0,645,612,26,13,0,0,0,2025,8,3,Monsoon,1400.0,1400.0,1250.0,1200.0,2500.0,-0.1071428571428571,0.0,-0.5,-150.0,1350.0,1253.75,1851.875,1400.0,1225.0,1700.0,86.6025403784432,127.61024645380434,653.0950134482039,1072.5,1400.0,150.0,200.0,-1100.0,2500.0,-0.5,1161.1889763779527,1050.0,571.7094004891594,1270.625,1160.0,146.25,175.0,0.10178284861719189,6.470799503782602,6.418364935936212,3.295836866004329,2.6390573296152584,0.0,0.0,128,16384,-0.8660254037844385,-0.5000000000000004,-1.0,-1.8369701987210297e-16,1200.0,7.0909098220799835,-0.040000000000000036,2025-09-01
Potato,2025-09-01,1200.0,1676.0150829562594,235.0,7000.0,663,625,24,14,0,0,0,2025,9,3,Monsoon,1250.0,1400.0,1400.0,1072.5,2620.0,-0.040000000000000036,-0.1428571428571429,-0.5419847328244275,-50.0,1350.0,1262.0833333333333,1747.7083333333333,1400.0,1250.0,1400.0,86.60254037844386,125.00416659722723,639.8752171795735,1072.5,1400.0,-150.0,177.5,-1370.0,2620.0,-0.5419847328244275,1161.8828125,1055.0,569.5082299266907,1413.4375,1327.5,-12.083333333333258,0.0,0.09904588967756532,6.498282149476434,6.439350371100098,3.2188758248682006,2.70805020110221,0.0,0.0,129,16641,-1.0,-1.8369701987210297e-16,-1.0,-1.8369701987210297e-16,1200.0,7.0909098220799835,0.0,2025-10-01
Potato,2025-10-01,1200.0,1458.5916870415647,285.0,5500.0,409,387,22,12,0,0,0,2025,10,4,Autumn,1200.0,1250.0,1400.0,1200.0,2500.0,0.0,-0.1428571428571429,-0.52,0.0,1283.3333333333333,1283.3333333333333,1629.375,1250.0,1250.0,1325.0,104.08329997330661,93.09493362512966,593.5181365460461,1200.0,1400.0,-200.0,0.0,-1300.0,2500.0,-0.52,1162.1782945736434,1060.0,567.2891534197475,1301.25,1125.0,-83.33333333333326,-50.0,0.07254150672088025,6.016157159698354,5.961005339623274,3.1354942159291497,2.5649493574615367,0.0,0.0,130,16900,-0.8660254037844386,0.5000000000000001,-2.4492935982947064e-16,1.0,1387.5,7.235979306746854,0.15625,2025-11-01
Potato,2025-11-01,1387.5,1889.2193548387097,400.0,7000.0,620,587,23,15,0,0,0,2025,11,4,Autumn,1200.0,1200.0,1250.0,1250.0,2720.0,0.15625,0.1100000000000001,-0.4898897058823529,187.5,1216.6666666666667,1283.3333333333333,1521.0416666666667,1200.0,1250.0,1250.0,28.867513459481117,93.09493362512966,536.0158774078743,1200.0,1400.0,-50.0,-50.0,-1520.0,2720.0,-0.4898897058823529,1162.4692307692308,1066.25,565.0958166467451,871.2222222222222,800.0,-83.33333333333326,-50.0,0.07254150672088025,6.431331081933479,6.376726947898627,3.1780538303479458,2.772588722239781,0.0,0.0,131,17161,-0.5000000000000004,0.8660254037844384,-2.4492935982947064e-16,1.0,1360.0,7.215975002651466,-0.01981981981981984,2025-12-01
Rice,2015-01-01,2400.0,2571.304173354735,1260.0,9400.0,623,266,15,39,0,0,0,2015,1,1,Winter,,,,,,,,,,,,,,,,,,,,,,,,,,,,,727.7777777777778,700.0,,,,6.436150368369428,5.58724865840025,2.772588722239781,3.6888794541139363,0.0,0.0,1,1,0.49999999999999994,0.8660254037844387,1.0,6.123233995736766e-17,2222.5,7.706837809950751,-0.07395833333333335,2015-02-01
Rice,2015-02-01,2222.5,2459.252840909091,1200.0,8100.0,352,156,13,23,0,0,0,2015,2,1,Winter,2400.0,,,,,-0.07395833333333335,,,-177.5,,,,,,,,,,,,,,,,,,,,842.7777777777778,780.0,,,,5.8664680569332965,5.056245805348308,2.6390573296152584,3.1780538303479458,0.0,0.0,2,4,0.8660254037844386,0.5000000000000001,1.0,6.123233995736766e-17,2350.0,7.762596048540069,0.057367829021372385,2015-03-01
Rice,2015-03-01,2350.0,2490.5045871559632,1350.0,7000.0,327,147,12,24,0,0,0,2015,3,1,Spring,2222.5,2400.0,,,,0.057367829021372385,,,127.5,2311.25,,,2311.25,,,125.51145366061219,,,,,,,,,,,,,928.3333333333334,1000.0,,,,5.793013608384144,4.997212273764115,2.5649493574615367,3.2188758248682006,0.0,0.0,3,9,1.0,6.123233995736766e-17,1.0,6.123233995736766e-17,2217.5,7.7045865708189645,-0.05638297872340425,2015-04-01
Rice,2015-04-01,2217.5,2445.99209486166,990.0,7000.0,506,241,15,28,0,0,0,2015,4,2,Spring,2350.0,2222.5,2400.0,,,-0.05638297872340425,-0.07604166666666667,,-132.5,2324.1666666666665,2324.1666666666665,,2350.0,2350.0,,91.5264078467703,91.5264078467703,,2222.5,2400.0,-50.0,,,,,2324.1666666666665,2350.0,91.5264078467703,1077.2222222222222,1100.0,25.833333333333485,0.0,0.0393803117304139,6.2285110035911835,5.488937726156687,2.772588722239781,3.367295829986474,0.0,0.0,4,16,0.8660254037844387,-0.4999999999999998,1.2246467991473532e-16,-1.0,2200.0,7.696667081526462,-0.007891770011273946,2015-05-01
Rice,2015-05-01,2200.0,2435.4288577154307,800.0,7900.0,499,244,14,35,0,0,0,2015,5,2,Summer,2217.5,2350.0,2222.5,,,-0.007891770011273946,-0.010123734533183382,,-17.5,2263.3333333333335,2297.5,,2222.5,2286.25,,75.09715928937214,91.81049322744467,,2217.5,2400.0,-5.0,,,,,2297.5,2286.25,91.81049322744467,1178.3333333333333,1200.0,-80.0,-68.75,0.03996104166591716,6.214608098422191,5.501258210544727,2.70805020110221,3.58351893845611,0.0,0.0,5,25,0.49999999999999994,-0.8660254037844387,1.2246467991473532e-16,-1.0,2240.0,7.714677473800927,0.018181818181818077,2015-06-01
Rice,2015-06-01,2240.0,2500.4677137870854,550.0,8900.0,573,246,16,37,0,0,0,2015,6,2,Summer,2200.0,2217.5,2350.0,,,0.018181818181818077,-0.04680851063829783,,40.0,2255.8333333333335,2278.0,,2217.5,2222.5,,82.0187986581938,90.68144793727105,,2200.0,2400.0,-150.0,,,,,2278.0,2222.5,90.68144793727105,1265.0,1300.0,-78.0,-22.5,0.039807483730145324,6.352629396319567,5.5093883366279774,2.833213344056216,3.6375861597263857,0.0,0.0,6,36,1.2246467991473532e-16,-1.0,1.2246467991473532e-16,-1.0,2295.0,7.738923757439457,0.024553571428571397,2015-07-01
Rice,2015-07-01,2295.0,2529.6428571428573,325.0,8700.0,574,253,18,39,0,0,0,2015,7,3,Monsoon,2240.0,2200.0,2217.5,2400.0,,0.024553571428571397,0.03494926719278468,,55.0,2219.1666666666665,2271.6666666666665,2271.6666666666665,2217.5,2231.25,2231.25,20.05201569252694,82.5782457228698,82.5782457228698,2200.0,2400.0,22.5,-160.0,,,,2271.6666666666665,2231.25,82.5782457228698,1263.3333333333333,1250.0,-31.666666666666515,8.75,0.0363513921010432,6.354370040797351,5.537334267018537,2.9444389791664403,3.6888794541139363,0.0,0.0,7,49,-0.4999999999999997,-0.8660254037844388,-1.0,-1.8369701987210297e-16,2275.0,7.730174795246222,-0.008714596949891074,2015-08-01
Rice,2015-08-01,2275.0,2481.0770925110132,410.0,8700.0,454,221,17,35,0,0,0,2015,8,3,Monsoon,2295.0,2240.0,2200.0,2222.5,,-0.008714596949891074,0.03409090909090917,,-20.0,2245.0,2254.1666666666665,2275.0,2240.0,2231.25,2240.0,47.696960070847425,57.154760664940774,75.8974088270915,2200.0,2350.0,95.0,72.5,,,,2275.0,2240.0,75.8974088270915,1257.7777777777778,1155.0,40.833333333333485,63.75,0.02535516184766319,6.12029741895095,5.402677381872279,2.8903717578961645,3.58351893845611,0.0,0.0,8,64,-0.8660254037844385,-0.5000000000000004,-1.0,-1.8369701987210297e-16,2250.0,7.719129840906732,-0.01098901098901095,2015-09-01
Rice,2015-09-01,2250.0,2534.5270506108204,325.0,8700.0,573,244,16,39,0,0,0,2015,9,3,Monsoon,2275.0,2295.0,2240.0,2350.0,,-0.01098901098901095,0.0044642857142858094,,-25.0,2270.0,2262.9166666666665,2275.0,2275.0,2257.5,2257.5,27.838821814150354,55.32668132706554,70.26734661277597,2200.0,2350.0,35.0,-75.0,,,,2275.0,2257.5,70.26734661277597,1389.7222222222222,1325.0,12.083333333333485,17.5,0.02444927917233609,6.352629396319567,5.501258210544727,2.833213344056216,3.6888794541139363,0.0,0.0,9,81,-1.0,-1.8369701987210297e-16,-1.0,-1.8369701987210297e-16,2277.5,7.731272610703937,0.012222222222222134,2015-10-01
Rice,2015-10-01,2277.5,2563.5670103092784,1300.0,8700.0,582,250,16,34,0,0,0,2015,10,4,Autumn,2250.0,2275.0,2295.0,2217.5,,0.012222222222222134,-0.007625272331154731,,27.5,2273.3333333333335,2246.25,2272.222222222222,2275.0,2245.0,2250.0,22.546248764114832,35.27569985131398,66.25524088284973,2200.0,2295.0,-45.0,32.5,,,,2272.222222222222,2250.0,66.25524088284973,1290.0,1200.0,3.75,5.0,0.015704262593795874,6.368187186350492,5.5254529391317835,2.833213344056216,3.5553480614894135,0.0,0.0,10,100,-0.8660254037844386,0.5000000000000001,-2.4492935982947064e-16,1.0,2250.0,7.719129840906732,-0.01207464324917673,2015-11-01
Rice,2015-11-01,2250.0,2472.3082437275984,325.0,8700.0,279,135,12,25,0,0,0,2015,11,4,Autumn,2277.5,2250.0,2275.0,2200.0,,-0.01207464324917673,-0.01098901098901095,,-27.5,2267.5,2256.25,2272.75,2275.0,2262.5,2262.5,15.206906325746166,33.976094537188835,62.488332244241136,2200.0,2295.0,2.5,77.5,,,,2272.75,2262.5,62.488332244241136,874.1,850.0,21.25,15.0,0.01505865685858785,5.634789603169249,4.912654885736052,2.5649493574615367,3.258096538021482,0.0,0.0,11,121,-0.5000000000000004,0.8660254037844384,-2.4492935982947064e-16,1.0,2300.0,7.741099090035366,0.022222222222222143,2015-12-01
Rice,2015-12-01,2300.0,2537.2419928825625,1200.0,8700.0,562,251,17,38,0,0,0,2015,12,4,Winter,2250.0,2277.5,2250.0,2240.0,,0.022222222222222143,0.022222222222222143,,50.0,2259.1666666666665,2264.5833333333335,2270.681818181818,2250.0,2262.5,2250.0,15.877132402715267,21.119698545828257,59.67716176531551,2240.0,2295.0,0.0,10.0,,,,2270.681818181818,2250.0,59.67716176531551,735.5,687.5,-14.583333333333485,-12.5,0.009326085834404382,6.333279628139691,5.529429087511423,2.8903717578961645,3.6635616461296463,0.0,0.0,12,144,-2.4492935982947064e-16,1.0,-2.4492935982947064e-16,1.0,2300.0,7.741099090035366,0.0,2016-01-01
Rice,2016-01-01,2300.0,2532.97896749522,325.0,8900.0,523,239,17,35,0,0,0,2016,1,1,Winter,2300.0,2250.0,2277.5,2295.0,2400.0,0.0,0.009879253567508295,-0.04166666666666663,0.0,2275.8333333333335,2274.5833333333335,2273.125,2277.5,2276.25,2262.5,25.041632002194852,21.35513209199743,57.52593288722447,2250.0,2300.0,22.5,5.0,-100.0,2400.0,-0.04166666666666663,2273.125,2262.5,57.52593288722447,757.0,710.0,25.416666666666515,23.75,0.009388590771348933,6.261491684321042,5.480638923341991,2.8903717578961645,3.58351893845611,0.0,0.0,13,169,0.49999999999999994,0.8660254037844387,1.0,6.123233995736766e-17,2290.0,7.736743682453495,-0.004347826086956497,2016-02-01
Rice,2016-02-01,2290.0,2505.157281553398,325.0,8900.0,515,235,15,34,0,0,0,2016,2,1,Winter,2300.0,2300.0,2250.0,2275.0,2222.5,-0.004347826086956497,0.01777777777777767,0.030371203599550034,-10.0,2283.3333333333335,2275.4166666666665,2264.7916666666665,2300.0,2276.25,2262.5,28.867513459481536,22.383960030938674,42.84563111987738,2250.0,2300.0,50.0,25.0,77.5,2222.5,0.030371203599550034,2275.1923076923076,2275.0,55.57897476472048,898.5,790.0,24.583333333333485,23.75,0.009837301606711741,6.246106765481563,5.4638318050256105,2.772588722239781,3.5553480614894135,0.0,0.0,14,196,0.8660254037844386,0.5000000000000001,1.0,6.123233995736766e-17,2240.0,7.714677473800927,-0.02183406113537123,2016-03-01
Rice,2016-03-01,2240.0,2486.8651911468814,325.0,8900.0,497,246,16,37,0,0,0,2016,3,1,Spring,2290.0,2300.0,2300.0,2250.0,2350.0,-0.02183406113537123,-0.02608695652173909,-0.04680851063829783,-50.0,2296.6666666666665,2277.9166666666665,2270.4166666666665,2300.0,2283.75,2276.25,5.773502691896192,23.152573651036306,41.187395100340055,2250.0,2300.0,-10.0,40.0,-60.0,2350.0,-0.04680851063829783,2276.25,2276.25,53.54500263976376,1008.5,1000.0,12.083333333333485,6.25,0.01016392477821239,6.210600077024653,5.5093883366279774,2.833213344056216,3.6375861597263857,0.0,0.0,15,225,1.0,6.123233995736766e-17,1.0,6.123233995736766e-17,2250.0,7.719129840906732,0.0044642857142858094,2016-04-01
Rice,2016-04-01,2250.0,2525.4,1400.0,8900.0,405,211,15,35,0,0,0,2016,4,2,Spring,2240.0,2290.0,2300.0,2277.5,2217.5,0.0044642857142858094,-0.021739130434782594,0.014656144306651742,10.0,2276.6666666666665,2276.25,2261.25,2290.0,2283.75,2262.5,32.1455025366431,25.77547283756391,33.36267647863672,2240.0,2300.0,-60.0,-37.5,22.5,2217.5,0.014656144306651742,2273.8333333333335,2275.0,52.43930732171195,1154.5,1175.0,-36.25,-43.75,0.011323656381137357,6.0063531596017325,5.356586274672012,2.772588722239781,3.58351893845611,0.0,0.0,16,256,0.8660254037844387,-0.4999999999999998,1.2246467991473532e-16,-1.0,2210.0,7.701200180857446,-0.01777777777777778,2016-05-01
Rice,2016-05-01,2210.0,2438.676470588235,1400.0,8900.0,272,130,11,24,0,0,0,2016,5,2,Summer,2250.0,2240.0,2290.0,2250.0,2200.0,-0.01777777777777778,-0.03493449781659386,0.00454545454545463,-40.0,2260.0,2271.6666666666665,2263.9583333333335,2250.0,2270.0,2262.5,26.457513110645756,27.868739954771204,30.701242448454526,2240.0,2300.0,-40.0,0.0,50.0,2200.0,0.00454545454545463,2272.34375,2262.5,51.01036455139943,1277.5,1275.0,-21.666666666666515,-20.0,0.012267970633061426,5.60947179518496,4.875197323201151,2.4849066497880004,3.2188758248682006,0.0,0.0,17,289,0.49999999999999994,-0.8660254037844387,1.2246467991473532e-16,-1.0,2300.0,7.741099090035366,0.040723981900452566,2016-06-01
Rice,2016-06-01,2300.0,2602.5181644359463,1250.0,8900.0,523,239,14,31,0,0,0,2016,6,2,Summer,2210.0,2250.0,2240.0,2300.0,2240.0,0.040723981900452566,0.02678571428571419,0.02678571428571419,90.0,2233.3333333333335,2265.0,2264.7916666666665,2240.0,2270.0,2262.5,20.8166599946612,37.28270376461443,28.88964766874532,2210.0,2300.0,-30.0,-90.0,-30.0,2240.0,0.02678571428571419,2268.676470588235,2250.0,51.65327348546949,1388.5,1305.0,-55.0,-60.0,0.01646035486296443,6.261491684321042,5.480638923341991,2.70805020110221,3.4657359027997265,0.0,0.0,18,324,1.2246467991473532e-16,-1.0,1.2246467991473532e-16,-1.0,2400.0,7.783640596221253,0.04347826086956519,2016-07-01
Rice,2016-07-01,2400.0,2643.062977099237,1410.0,8900.0,524,236,14,35,0,0,0,2016,7,3,Monsoon,2300.0,2210.0,2250.0,2300.0,2295.0,0.04347826086956519,0.06666666666666665,0.045751633986928164,100.0,2253.3333333333335,2265.0,2269.7916666666665,2250.0,2270.0,2276.25,45.09249752822883,37.28270376461443,29.396550766538876,2210.0,2300.0,50.0,0.0,5.0,2295.0,0.045751633986928164,2270.4166666666665,2262.5,50.65199897338703,1399.0,1275.0,35.0,30.0,0.01646035486296443,6.263398262591624,5.4680601411351315,2.70805020110221,3.58351893845611,0.0,0.0,19,361,-0.4999999999999997,-0.8660254037844388,-1.0,-1.8369701987210297e-16,2450.0,7.804251383528112,0.02083333333333326,2016-08-01
Rice,2016-08-01,2450.0,3468.140926640927,1425.0,210000.0,518,231,16,34,2,2,0,2016,8,3,Monsoon,2400.0,2300.0,2210.0,2290.0,2275.0,0.02083333333333326,0.10859728506787336,0.07692307692307687,50.0,2303.3333333333335,2281.6666666666665,2278.5416666666665,2300.0,2270.0,2276.25,95.04384952922157,66.75827039900499,47.583160855177525,2210.0,2400.0,190.0,110.0,125.0,2275.0,0.07692307692307687,2277.2368421052633,2275.0,57.50540274643108,1382.0,1220.0,118.33333333333348,130.0,0.029258555324618695,6.251903883165888,5.44673737166631,2.833213344056216,3.5553480614894135,0.003861003861003861,0.0,20,400,-0.8660254037844385,-0.5000000000000004,-1.0,-1.8369701987210297e-16,2420.0,7.791935956938058,-0.01224489795918371,2016-09-01
Rice,2016-09-01,2420.0,2696.0038986354775,1110.0,8900.0,513,235,14,33,0,0,0,2016,9,3,Monsoon,2450.0,2400.0,2300.0,2240.0,2250.0,-0.01224489795918371,0.05217391304347818,0.0755555555555556,-30.0,2383.3333333333335,2308.3333333333335,2293.125,2400.0,2275.0,2283.75,76.37626158259708,96.21157241551902,68.58244043750302,2210.0,2450.0,150.0,210.0,200.0,2250.0,0.0755555555555556,2285.875,2276.25,68.00868268870263,1522.75,1327.5,141.66666666666652,175.0,0.04168010357351004,6.2422232654551655,5.4638318050256105,2.70805020110221,3.5263605246161616,0.0,0.0,21,441,-1.0,-1.8369701987210297e-16,-1.0,-1.8369701987210297e-16,2500.0,7.824445930877619,0.03305785123966931,2016-10-01
Rice,2016-10-01,2500.0,2741.0614525139663,1500.0,8900.0,358,188,13,33,0,0,0,2016,10,4,Autumn,2420.0,2450.0,2400.0,2250.0,2277.5,0.03305785123966931,0.04166666666666674,0.09769484083424818,80.0,2423.3333333333335,2338.3333333333335,2307.2916666666665,2420.0,2350.0,2295.0,25.166114784234864,98.6745492346768,76.01927337354951,2210.0,2450.0,20.0,170.0,142.5,2277.5,0.09769484083424818,2292.2619047619046,2277.5,72.46078578231464,1397.0,1200.0,81.66666666666652,70.0,0.0421986668145446,5.883322388488279,5.241747015059643,2.6390573296152584,3.5263605246161616,0.0,0.0,22,484,-0.8660254037844386,0.5000000000000001,-2.4492935982947064e-16,1.0,2480.0,7.816416983691801,-0.008000000000000007,2016-11-01
Rice,2016-11-01,2480.0,2728.356818181818,1625.0,12350.0,440,208,14,35,1,0,0,2016,11,4,Autumn,2500.0,2420.0,2450.0,2210.0,2250.0,-0.008000000000000007,0.012244897959183598,0.10222222222222221,-20.0,2456.6666666666665,2380.0,2325.8333333333335,2450.0,2410.0,2300.0,40.41451884327323,106.39548862616303,93.2697294101493,2210.0,2500.0,50.0,290.0,250.0,2250.0,0.10222222222222221,2301.7045454545455,2283.75,83.43940759772786,,,120.0,90.0,0.044703986817715556,6.089044875446846,5.342334251964811,2.70805020110221,3.58351893845611,0.0022727272727272726,0.0,23,529,-0.5000000000000004,0.8660254037844384,-2.4492935982947064e-16,1.0,2500.0,7.824445930877619,0.008064516129032251,2016-12-01
Rice,2016-12-01,2500.0,2712.816631130064,1500.0,8900.0,469,217,14,35,0,0,0,2016,12,4,Winter,2480.0,2500.0,2420.0,2300.0,2300.0,0.008064516129032251,0.03305785123966931,0.08695652173913038,20.0,2466.6666666666665,2425.0,2345.0,2480.0,2435.0,2300.0,41.633319989322125,71.48426400264596,99.68131036640563,2300.0,2500.0,60.0,180.0,180.0,2300.0,0.08695652173913038,2309.4565217391305,2290.0,89.59808148355425,,,55.0,45.0,0.029478047011400395,6.152732694704104,5.384495062789089,2.70805020110221,3.58351893845611,0.0,0.0,24,576,-2.4492935982947064e-16,1.0,-2.4492935982947064e-16,1.0,2400.0,7.783640596221253,-0.040000000000000036,2017-01-01
Rice,2017-01-01,2400.0,2593.7420634920636,1397.0,8900.0,252,121,12,24,0,0,0,2017,1,1,Winter,2500.0,2480.0,2500.0,2400.0,2300.0,-0.040000000000000036,-0.040000000000000036,0.04347826086956519,-100.0,2493.3333333333335,2458.3333333333335,2361.6666666666665,2500.0,2465.0,2350.0,11.547005383790799,42.150523919242694,107.85793124908982,2400.0,2500.0,0.0,100.0,200.0,2300.0,0.04347826086956519,2317.3958333333335,2292.5,95.87264867777874,,,41.666666666666515,35.0,0.01714597583155635,5.53338948872752,4.804021044733257,2.5649493574615367,3.2188758248682006,0.0,0.0,25,625,0.49999999999999994,0.8660254037844387,1.0,6.123233995736766e-17,2400.0,7.783640596221253,0.0,2017-02-01
Rice,2017-02-01,2400.0,2675.568047337278,1500.0,8900.0,507,224,14,36,0,0,0,2017,2,1,Winter,2400.0,2500.0,2480.0,2450.0,2290.0,0.0,-0.032258064516129004,0.048034934497816595,0.0,2460.0,2458.3333333333335,2370.0,2480.0,2465.0,2400.0,52.91502622129144,42.150523919242694,106.51504375183161,2400.0,2500.0,-80.0,-50.0,110.0,2290.0,0.048034934497816595,2320.7,2295.0,95.29701376923292,,,-58.333333333333485,-65.0,0.01714597583155635,6.230481447578482,5.41610040220442,2.70805020110221,3.6109179126442243,0.0,0.0,26,676,0.8660254037844386,0.5000000000000001,1.0,6.123233995736766e-17,2400.0,7.783640596221253,0.0,2017-03-01
Rice,2017-03-01,2400.0,2652.2046332046334,1225.0,8900.0,518,234,14,30,0,0,0,2017,3,1,Spring,2400.0,2400.0,2500.0,2420.0,2240.0,0.0,-0.040000000000000036,0.0714285714285714,0.0,2433.3333333333335,2450.0,2379.1666666666665,2400.0,2450.0,2400.0,57.73502691896227,48.579831205964304,103.70047193136554,2400.0,2500.0,-100.0,-20.0,160.0,2240.0,0.0714285714285714,2323.75,2297.5,94.6579368040527,,,-50.0,-50.0,0.019828502533046653,6.251903883165888,5.459585514144159,2.70805020110221,3.4339872044851463,0.0,0.0,27,729,1.0,6.123233995736766e-17,1.0,6.123233995736766e-17,2380.0,7.7752758464868625,-0.008333333333333304,2017-04-01
Rice,2017-04-01,2380.0,2615.025761124122,1700.0,8900.0,427,200,13,28,0,0,0,2017,4,2,Spring,2400.0,2400.0,2400.0,2500.0,2250.0,-0.008333333333333304,-0.008333333333333304,0.057777777777777706,-20.0,2400.0,2446.6666666666665,2392.5,2400.0,2440.0,2400.0,0.0,51.639777949432045,94.014022164975,2400.0,2500.0,0.0,-100.0,150.0,2250.0,0.057777777777777706,2326.574074074074,2300.0,93.97255160865053,,,-46.666666666666515,-40.0,0.02110617627360983,6.059123195581797,5.303304908059076,2.6390573296152584,3.367295829986474,0.0,0.0,28,784,0.8660254037844387,-0.4999999999999998,1.2246467991473532e-16,-1.0,2450.0,7.804251383528112,0.02941176470588225,2017-05-01
Rice,2017-05-01,2450.0,2684.8480176211456,1420.0,8700.0,454,222,14,32,0,0,0,2017,5,2,Summer,2380.0,2400.0,2400.0,2480.0,2210.0,0.02941176470588225,0.02083333333333326,0.10859728506787336,70.0,2393.3333333333335,2426.6666666666665,2403.3333333333335,2400.0,2400.0,2400.0,11.54700538379258,50.06662228138268,82.93845838203123,2380.0,2500.0,-20.0,-100.0,170.0,2210.0,0.10859728506787336,2328.4821428571427,2300.0,92.76698029080802,,,-46.666666666666515,-20.0,0.020631849841229125,6.12029741895095,5.407171771460119,2.70805020110221,3.4965075614664802,0.0,0.0,29,841,0.49999999999999994,-0.8660254037844387,1.2246467991473532e-16,-1.0,2480.0,7.816416983691801,0.012244897959183598,2017-06-01
Rice,2017-06-01,2480.0,2734.1625239005734,1100.0,8100.0,523,233,14,36,0,0,0,2017,6,2,Summer,2450.0,2380.0,2400.0,2500.0,2300.0,0.012244897959183598,0.03333333333333344,0.07826086956521738,30.0,2410.0,2421.6666666666665,2423.3333333333335,2400.0,2400.0,2410.0,36.05551275463993,44.907311951024674,56.94228870026462,2380.0,2500.0,50.0,-50.0,150.0,2300.0,0.07826086956521738,2332.6724137931033,2300.0,93.84859347660452,,,28.333333333333485,50.0,0.018543969147016386,6.261491684321042,5.455321115357702,2.70805020110221,3.6109179126442243,0.0,0.0,30,900,1.2246467991473532e-16,-1.0,1.2246467991473532e-16,-1.0,2500.0,7.824445930877619,0.008064516129032251,2017-07-01
Rice,2017-07-01,2500.0,2734.364653243848,1428.0,8400.0,447,217,13,32,0,0,0,2017,7,3,Monsoon,2480.0,2450.0,2380.0,2400.0,2400.0,0.008064516129032251,0.050420168067226934,0.04166666666666674,20.0,2436.6666666666665,2418.3333333333335,2438.3333333333335,2450.0,2400.0,2435.0,51.31601439446891,38.16630276391255,43.65845400447255,2380.0,2480.0,100.0,80.0,80.0,2400.0,0.04166666666666674,2337.5833333333335,2300.0,96.05916669296667,,,61.666666666666515,80.0,0.015782068682527586,6.104793232414985,5.384495062789089,2.6390573296152584,3.4965075614664802,0.0,0.0,31,961,-0.4999999999999997,-0.8660254037844388,-1.0,-1.8369701987210297e-16,2517.5,7.831418765185705,0.006999999999999895,2017-08-01
Rice,2017-08-01,2517.5,2730.998148148148,1150.0,8900.0,540,240,14,32,0,0,0,2017,8,3,Monsoon,2500.0,2480.0,2450.0,2400.0,2450.0,0.006999999999999895,0.027551020408163263,0.027551020408163263,17.5,2476.6666666666665,2435.0,2446.6666666666665,2480.0,2425.0,2450.0,25.166114784236157,48.88762624632098,45.193188009082505,2380.0,2500.0,50.0,100.0,50.0,2450.0,0.027551020408163263,2342.8225806451615,2300.0,98.84698177714708,,,65.0,75.0,0.020077053899926478,6.293419278846481,5.484796933490655,2.70805020110221,3.4965075614664802,0.0,0.0,32,1024,-0.8660254037844385,-0.5000000000000004,-1.0,-1.8369701987210297e-16,2500.0,7.824445930877619,-0.006951340615690138,2017-09-01
Rice,2017-09-01,2500.0,2696.9478417266187,1200.0,6850.0,556,250,14,32,0,0,0,2017,9,3,Monsoon,2517.5,2500.0,2480.0,2400.0,2420.0,-0.006951340615690138,0.008064516129032251,0.03305785123966931,-17.5,2499.1666666666665,2454.5833333333335,2452.2916666666665,2500.0,2465.0,2465.0,18.763883748663407,55.190956384779525,49.628830666593046,2380.0,2517.5,37.5,117.5,97.5,2420.0,0.03305785123966931,2348.28125,2325.0,102.02473905397797,,,62.916666666666515,52.5,0.022484857464517206,6.322565239927284,5.5254529391317835,2.70805020110221,3.4965075614664802,0.0,0.0,33,1089,-1.0,-1.8369701987210297e-16,-1.0,-1.8369701987210297e-16,2575.0,7.853993087224244,0.030000000000000027,2017-10-01
Rice,2017-10-01,2575.0,2670.5,1600.0,4800.0,248,131,11,22,0,0,0,2017,10,4,Autumn,2500.0,2517.5,2500.0,2380.0,2500.0,0.030000000000000027,0.030000000000000027,0.030000000000000027,75.0,2505.8333333333335,2471.25,2458.9583333333335,2500.0,2490.0,2480.0,10.103629710819652,50.29289214193162,50.26586512703951,2380.0,2517.5,0.0,120.0,0.0,2500.0,0.030000000000000027,2352.878787878788,2350.0,103.83302628973543,,,28.75,10.0,0.020351195606244456,5.517452896464707,4.882801922586371,2.4849066497880004,3.1354942159291497,0.0,0.0,34,1156,-0.8660254037844386,0.5000000000000001,-2.4492935982947064e-16,1.0,2600.0,7.8636512654486515,0.009708737864077666,2017-11-01
Rice,2017-11-01,2600.0,2749.8249496981894,1200.0,7500.0,497,241,15,31,0,0,0,2017,11,4,Autumn,2575.0,2500.0,2517.5,2450.0,2480.0,0.009708737864077666,0.03277060575968216,0.048387096774193505,25.0,2530.8333333333335,2503.75,2465.2083333333335,2517.5,2500.0,2480.0,39.23752455664541,41.82553048079566,59.62437662465592,2450.0,2575.0,57.5,125.0,95.0,2480.0,0.048387096774193505,2359.4117647058824,2365.0,109.11326271275087,,,71.25,75.0,0.016705154460627324,6.210600077024653,5.488937726156687,2.772588722239781,3.4657359027997265,0.0,0.0,35,1225,-0.5000000000000004,0.8660254037844384,-2.4492935982947064e-16,1.0,2600.0,7.8636512654486515,0.0,2017-12-01
Rice,2017-12-01,2600.0,2777.6692307692306,1285.0,9100.0,520,248,14,36,0,0,0,2017,12,4,Winter,2600.0,2575.0,2500.0,2480.0,2500.0,0.0,0.040000000000000036,0.040000000000000036,0.0,2558.3333333333335,2528.75,2475.2083333333335,2575.0,2508.75,2490.0,52.04164998665344,47.6904078405707,71.25863849812235,2480.0,2600.0,100.0,120.0,100.0,2500.0,0.040000000000000036,2366.285714285714,2380.0,114.93183950103854,,,71.25,91.25,0.018859281400126823,6.255750041753367,5.517452896464707,2.70805020110221,3.6109179126442243,0.0,0.0,36,1296,-2.4492935982947064e-16,1.0,-2.4492935982947064e-16,1.0,2575.0,7.853993087224244,-0.009615384615384581,2018-01-01
Rice,2018-01-01,2575.0,2721.7390476190476,1340.0,5700.0,525,245,13,34,0,0,0,2018,1,1,Winter,2600.0,2600.0,2575.0,2500.0,2400.0,-0.009615384615384581,0.0,0.07291666666666674,-25.0,2591.6666666666665,2548.75,2483.5416666666665,2600.0,2546.25,2490.0,14.433756729740882,48.315370225218885,79.76142218953343,2500.0,2600.0,25.0,100.0,200.0,2400.0,0.07291666666666674,2372.777777777778,2390.0,119.7881728268964,,,51.25,53.75,0.018956496410090784,6.26530121273771,5.5053315359323625,2.6390573296152584,3.5553480614894135,0.0,0.0,37,1369,0.49999999999999994,0.8660254037844387,1.0,6.123233995736766e-17,2600.0,7.8636512654486515,0.009708737864077666,2018-02-01
Rice,2018-02-01,2600.0,2766.2010869565215,1200.0,9000.0,552,240,14,32,0,0,0,2018,2,1,Winter,2575.0,2600.0,2600.0,2517.5,2400.0,0.009708737864077666,0.0,0.08333333333333326,25.0,2591.6666666666665,2561.25,2498.125,2600.0,2575.0,2500.0,14.433756729740578,42.5367488179335,79.09376627545556,2500.0,2600.0,-25.0,57.5,175.0,2400.0,0.08333333333333326,2378.2432432432433,2400.0,122.70230582941753,,,13.75,0.0,0.016607808225645095,6.315358001522335,5.484796933490655,2.70805020110221,3.4965075614664802,0.0,0.0,38,1444,0.8660254037844386,0.5000000000000001,1.0,6.123233995736766e-17,2625.0,7.873217054862741,0.009615384615384581,2018-03-01
Rice,2018-03-01,2625.0,2793.4137931034484,1350.0,8900.0,435,228,14,30,0,0,0,2018,3,1,Spring,2600.0,2575.0,2600.0,2500.0,2400.0,0.009615384615384581,0.009615384615384581,0.09375,25.0,2591.6666666666665,2575.0,2514.7916666666665,2600.0,2587.5,2508.75,14.433756729740578,38.72983346207375,77.59494428626076,2500.0,2600.0,0.0,100.0,200.0,2400.0,0.09375,2384.0789473684213,2400.0,126.2657817974297,,,25.0,12.5,0.01504071202410631,6.077642243349034,5.43372200355424,2.70805020110221,3.4339872044851463,0.0,0.0,39,1521,1.0,6.123233995736766e-17,1.0,6.123233995736766e-17,2610.0,7.8674885686991285,-0.005714285714285672,2018-04-01
Rice,2018-04-01,2610.0,2644.98031496063,2.0,6000.0,254,131,9,22,0,0,0,2018,4,2,Spring,2625.0,2600.0,2575.0,2575.0,2380.0,-0.005714285714285672,0.013592233009708687,0.09663865546218497,-15.0,2600.0,2595.8333333333335,2533.5416666666665,2600.0,2600.0,2546.25,24.999999999999943,18.819316317726127,74.45604509719267,2575.0,2625.0,50.0,50.0,245.0,2380.0,0.09663865546218497,2390.25641025641,2400.0,130.4291939286598,,,29.166666666666515,25.0,0.007249816880022905,5.541263545158426,4.882801922586371,2.302585092994046,3.1354942159291497,0.0,0.0,40,1600,0.8660254037844387,-0.4999999999999998,1.2246467991473532e-16,-1.0,2550.0,7.844240718141811,-0.02298850574712641,2018-05-01
Rice,2018-05-01,2550.0,2681.4132762312634,2.0,5795.0,467,244,13,28,0,0,0,2018,5,2,Summer,2610.0,2625.0,2600.0,2600.0,2450.0,-0.02298850574712641,-0.019230769230769273,0.04081632653061229,-60.0,2611.6666666666665,2601.6666666666665,2552.7083333333335,2610.0,2600.0,2575.0,12.583057392117796,16.32993161855347,59.42392322554268,2575.0,2625.0,10.0,10.0,160.0,2450.0,0.04081632653061229,2395.75,2400.0,133.352001898196,,,8.333333333333485,10.0,0.006276719392140988,6.148468295917647,5.501258210544727,2.6390573296152584,3.367295829986474,0.0,0.0,41,1681,0.49999999999999994,-0.8660254037844387,1.2246467991473532e-16,-1.0,2600.0,7.8636512654486515,0.019607843137254832,2018-06-01
Rice,2018-06-01,2600.0,2819.894026974952,1300.0,16100.0,519,234,14,30,3,0,0,2018,6,2,Summer,2550.0,2610.0,2625.0,2600.0,2480.0,0.019607843137254832,-0.00952380952380949,0.048387096774193505,50.0,2595.0,2593.3333333333335,2561.0416666666665,2610.0,2600.0,2575.0,39.68626966596884,26.770630673681072,49.97110907738871,2550.0,2625.0,-75.0,-50.0,70.0,2480.0,0.048387096774193505,2399.512195121951,2400.0,133.86002426998522,,,-43.333333333333485,-50.0,0.010322865298334602,6.253828811575473,5.459585514144159,2.70805020110221,3.4339872044851463,0.005780346820809248,0.0,42,1764,1.2246467991473532e-16,-1.0,1.2246467991473532e-16,-1.0,2672.5,7.891143754388787,0.027884615384615286,2018-07-01
Rice,2018-07-01,2672.5,2708.872950819672,220.0,5300.0,244,124,10,21,0,0,0,2018,7,3,Monsoon,2600.0,2550.0,2610.0,2575.0,2500.0,0.027884615384615286,0.023946360153256796,0.06899999999999995,72.5,2586.6666666666665,2593.3333333333335,2571.0416666666665,2600.0,2600.0,2587.5,32.14550253664318,26.770630673681072,43.91958474578816,2550.0,2625.0,-10.0,25.0,100.0,2500.0,0.06899999999999995,2404.285714285714,2400.0,135.7884448035264,,,6.666666666666515,0.0,0.010322865298334602,5.501258210544727,4.8283137373023015,2.3978952727983707,3.091042453358316,0.0,0.0,43,1849,-0.4999999999999997,-0.8660254037844388,-1.0,-1.8369701987210297e-16,2620.0,7.8713112033234065,-0.019644527595883976,2018-08-01
Rice,2018-08-01,2620.0,2813.8571428571427,1600.0,7350.0,539,241,13,33,0,0,0,2018,8,3,Monsoon,2672.5,2600.0,2550.0,2600.0,2517.5,-0.019644527595883976,0.027450980392156765,0.04071499503475673,-52.5,2607.5,2609.5833333333335,2585.4166666666665,2600.0,2605.0,2600.0,61.593424973774574,39.82513862708617,46.69574310622404,2550.0,2672.5,122.5,72.5,155.0,2517.5,0.04071499503475673,2410.5232558139537,2400.0,140.25864515789496,,,62.916666666666515,67.5,0.0152611101237437,6.29156913955832,5.488937726156687,2.6390573296152584,3.5263605246161616,0.0,0.0,44,1936,-0.8660254037844385,-0.5000000000000004,-1.0,-1.8369701987210297e-16,2590.0,7.85979918056211,-0.011450381679389277,2018-09-01
Rice,2018-09-01,2590.0,2761.519565217391,3.0,9100.0,460,223,12,30,0,0,0,2018,9,3,Monsoon,2620.0,2672.5,2600.0,2625.0,2500.0,-0.011450381679389277,-0.0038461538461538325,0.03600000000000003,-30.0,2630.8333333333335,2612.9166666666665,2593.9583333333335,2620.0,2615.0,2600.0,37.444403231101596,39.69939126317469,42.31186075565702,2550.0,2672.5,20.0,-5.0,120.0,2500.0,0.03600000000000003,2415.284090909091,2400.0,142.16987045994046,,,7.083333333333485,5.0,0.015193516031194268,6.133398042996649,5.4116460518550396,2.5649493574615367,3.4339872044851463,0.0,0.0,45,2025,-1.0,-1.8369701987210297e-16,-1.0,-1.8369701987210297e-16,2600.0,7.8636512654486515,0.0038610038610038533,2018-10-01
Rice,2018-10-01,2600.0,2773.106463878327,1350.0,6250.0,526,261,14,29,0,0,0,2018,10,4,Autumn,2590.0,2620.0,2672.5,2610.0,2575.0,0.0038610038610038533,-0.027128157156220745,0.009708737864077666,10.0,2627.5,2607.0833333333335,2601.4583333333335,2620.0,2605.0,2600.0,41.758232721225106,40.13778352957013,30.459703882443026,2550.0,2672.5,-82.5,-20.0,15.0,2575.0,0.009708737864077666,2419.1666666666665,2400.0,142.93792358922826,,,-17.083333333333485,-15.0,0.015395665729737622,6.267200548541362,5.568344503761097,2.70805020110221,3.4011973816621555,0.0,0.0,46,2116,-0.8660254037844386,0.5000000000000001,-2.4492935982947064e-16,1.0,2605.0,7.8655717576847906,0.0019230769230769162,2018-11-01
Rice,2018-11-01,2605.0,2789.075,1000.0,6900.0,400,230,14,29,0,0,0,2018,11,4,Autumn,2600.0,2590.0,2620.0,2550.0,2600.0,0.0019230769230769162,-0.005725190839694694,0.0019230769230769162,5.0,2603.3333333333335,2605.4166666666665,2603.5416666666665,2600.0,2600.0,2600.0,15.275252316519316,40.20002072967912,29.319136113199143,2550.0,2672.5,-20.0,50.0,0.0,2600.0,0.0019230769230769162,2423.0978260869565,2410.0,143.83360832593345,2350.0,2350.0,-5.416666666666515,0.0,0.015429401847310073,5.993961427306569,5.442417710521793,2.70805020110221,3.4011973816621555,0.0,0.0,47,2209,-0.5000000000000004,0.8660254037844384,-2.4492935982947064e-16,1.0,2550.0,7.844240718141811,-0.021113243761996192,2018-12-01
Rice,2018-12-01,2550.0,2729.863453815261,390.0,6500.0,498,246,14,29,0,0,0,2018,12,4,Winter,2605.0,2600.0,2590.0,2600.0,2600.0,-0.021113243761996192,-0.015444015444015413,-0.019230769230769273,-55.0,2598.3333333333335,2614.5833333333335,2603.9583333333335,2600.0,2602.5,2600.0,7.637626158259505,30.01735609054591,29.299750490199308,2590.0,2672.5,15.0,5.0,5.0,2600.0,-0.019230769230769273,2426.968085106383,2420.0,144.71480214303236,2256.25,2256.25,-9.583333333333485,2.5,0.011480741771682897,6.212606095751519,5.5093883366279774,2.70805020110221,3.4011973816621555,0.0,0.0,48,2304,-2.4492935982947064e-16,1.0,-2.4492935982947064e-16,1.0,2540.0,7.840312983320164,-0.0039215686274509665,2019-01-01
Rice,2019-01-01,2540.0,2735.649727767695,200.0,7200.0,551,265,15,34,0,0,0,2019,1,1,Winter,2550.0,2605.0,2600.0,2672.5,2575.0,-0.0039215686274509665,-0.023076923076923106,-0.013592233009708687,-10.0,2585.0,2606.25,2599.7916666666665,2600.0,2602.5,2600.0,30.413812651491025,40.11701633970261,33.20833570966956,2550.0,2672.5,-50.0,-122.5,-25.0,2575.0,-0.013592233009708687,2429.53125,2435.0,144.2641418360117,2295.0,2295.0,-56.25,-52.5,0.01539262017830316,6.313548046277095,5.583496308781699,2.772588722239781,3.5553480614894135,0.0,0.0,49,2401,0.49999999999999994,0.8660254037844387,1.0,6.123233995736766e-17,2600.0,7.8636512654486515,0.023622047244094446,2019-02-01
Rice,2019-02-01,2600.0,2799.5758620689653,410.0,9500.0,580,264,13,38,0,0,0,2019,2,1,Winter,2540.0,2550.0,2605.0,2620.0,2600.0,0.023622047244094446,-0.0019193857965451588,0.0,60.0,2565.0,2584.1666666666665,2596.875,2550.0,2595.0,2600.0,34.999999999999936,32.00260406071093,36.91398170686278,2540.0,2620.0,-65.0,-80.0,-60.0,2600.0,0.0,2431.785714285714,2450.0,143.62313242185857,2233.75,2233.75,-44.166666666666515,-55.0,0.012384109923525675,6.364750756851911,5.579729825986222,2.6390573296152584,3.6635616461296463,0.0,0.0,50,2500,0.8660254037844386,0.5000000000000001,1.0,6.123233995736766e-17,2600.0,7.8636512654486515,0.0,2019-03-01
Rice,2019-03-01,2600.0,2814.514035087719,1350.0,11500.0,570,271,13,34,1,0,0,2019,3,1,Spring,2600.0,2540.0,2550.0,2590.0,2625.0,0.0,0.019607843137254832,-0.00952380952380949,0.0,2563.3333333333335,2580.8333333333335,2596.875,2550.0,2595.0,2600.0,32.14550253664305,28.357832545288602,36.91398170686278,2540.0,2605.0,50.0,10.0,-25.0,2625.0,-0.00952380952380949,2435.15,2450.0,144.12686623745284,2205.0,2205.0,19.166666666666515,5.0,0.010987858913253575,6.3473892096560105,5.605802066295998,2.6390573296152584,3.5553480614894135,0.0017543859649122807,0.0,51,2601,1.0,6.123233995736766e-17,1.0,6.123233995736766e-17,2600.0,7.8636512654486515,0.0,2019-04-01
Rice,2019-04-01,2600.0,2788.729636048527,1300.0,9300.0,577,262,14,31,0,0,0,2019,4,2,Spring,2600.0,2600.0,2540.0,2600.0,2610.0,0.0,0.023622047244094446,-0.003831417624521105,0.0,2580.0,2582.5,2594.7916666666665,2600.0,2600.0,2600.0,34.6410161513774,29.28310092869202,35.87317200495412,2540.0,2605.0,60.0,0.0,-10.0,2610.0,-0.003831417624521105,2438.3823529411766,2450.0,144.53358046610825,2270.0,2270.0,17.5,0.0,0.011339051666482873,6.359573868672378,5.572154032177765,2.70805020110221,3.4657359027997265,0.0,0.0,52,2704,0.8660254037844387,-0.4999999999999998,1.2246467991473532e-16,-1.0,2550.0,7.844240718141811,-0.019230769230769273,2019-05-01
Rice,2019-05-01,2550.0,2775.222680412371,360.0,7000.0,485,256,15,33,0,0,0,2019,5,2,Summer,2600.0,2600.0,2600.0,2605.0,2550.0,-0.019230769230769273,-0.019230769230769273,0.0,-50.0,2600.0,2582.5,2593.9583333333335,2600.0,2600.0,2600.0,0.0,29.28310092869202,35.60289718378046,2540.0,2605.0,0.0,-5.0,50.0,2550.0,0.0,2441.4903846153848,2465.0,144.85393218838573,2347.5,2347.5,17.5,0.0,0.011339051666482873,6.186208623900494,5.54907608489522,2.772588722239781,3.5263605246161616,0.0,0.0,53,2809,0.49999999999999994,-0.8660254037844387,1.2246467991473532e-16,-1.0,2590.0,7.85979918056211,0.015686274509803866,2019-06-01
Rice,2019-06-01,2590.0,2782.159574468085,1390.0,6800.0,470,240,13,30,0,0,0,2019,6,2,Summer,2550.0,2600.0,2600.0,2550.0,2600.0,0.015686274509803866,-0.0038461538461538325,-0.0038461538461538325,40.0,2583.3333333333335,2573.3333333333335,2593.9583333333335,2600.0,2575.0,2600.0,28.867513459481355,29.43920288775888,35.60289718378046,2540.0,2600.0,-50.0,0.0,-50.0,2600.0,-0.0038461538461538325,2443.5377358490564,2480.0,144.22657952308558,2362.5,2362.5,-23.333333333333485,-25.0,0.011440104749129099,6.154858094016418,5.484796933490655,2.6390573296152584,3.4339872044851463,0.0,0.0,54,2916,1.2246467991473532e-16,-1.0,1.2246467991473532e-16,-1.0,2600.0,7.8636512654486515,0.0038610038610038533,2019-07-01
Rice,2019-07-01,2600.0,2801.5289575289576,1350.0,9800.0,518,240,15,28,0,0,0,2019,7,3,Monsoon,2590.0,2550.0,2600.0,2540.0,2672.5,0.0038610038610038533,0.0,-0.027128157156220745,10.0,2580.0,2580.0,2593.125,2590.0,2595.0,2600.0,26.457513110646012,27.56809750417978,35.56564033905939,2540.0,2600.0,-10.0,50.0,-82.5,2672.5,-0.027128157156220745,2446.25,2480.0,144.24310421371135,2335.0,2335.0,10.0,-5.0,0.0106853091101472,6.251903883165888,5.484796933490655,2.772588722239781,3.367295829986474,0.0,0.0,55,3025,-0.4999999999999997,-0.8660254037844388,-1.0,-1.8369701987210297e-16,2600.0,7.8636512654486515,0.0,2019-08-01
Rice,2019-08-01,2600.0,2810.058931860037,1400.0,7060.0,543,248,14,32,0,0,0,2019,8,3,Monsoon,2600.0,2590.0,2550.0,2600.0,2620.0,0.0,0.019607843137254832,-0.007633587786259555,0.0,2580.0,2590.0,2587.0833333333335,2590.0,2600.0,2600.0,26.457513110646012,19.999999999999083,25.624769030741522,2550.0,2600.0,50.0,0.0,-20.0,2620.0,-0.007633587786259555,2449.0454545454545,2480.0,144.39728736831117,2388.75,2388.75,10.0,0.0,0.007722007722007368,6.298949246855942,5.517452896464707,2.70805020110221,3.4965075614664802,0.0,0.0,56,3136,-0.8660254037844385,-0.5000000000000004,-1.0,-1.8369701987210297e-16,2600.0,7.8636512654486515,0.0,2019-09-01
Rice,2019-09-01,2600.0,2748.5967741935483,1400.0,4800.0,310,141,13,22,0,0,0,2019,9,3,Monsoon,2600.0,2600.0,2590.0,2600.0,2590.0,0.0,0.0038610038610038533,0.0038610038610038533,0.0,2596.6666666666665,2590.0,2585.4166666666665,2600.0,2600.0,2600.0,5.773502691896783,19.999999999999083,23.880225114416646,2550.0,2600.0,10.0,0.0,10.0,2590.0,0.0038610038610038533,2451.7410714285716,2490.0,144.493566735416,2365.0,2365.0,10.0,0.0,0.007722007722007368,5.739792912179234,4.955827057601261,2.6390573296152584,3.1354942159291497,0.0,0.0,57,3249,-1.0,-1.8369701987210297e-16,-1.0,-1.8369701987210297e-16,2650.0,7.8826922062890254,0.019230769230769162,2019-10-01
Rice,2019-10-01,2650.0,2803.7954022988506,1450.0,6900.0,435,234,13,28,0,0,0,2019,10,4,Autumn,2600.0,2600.0,2600.0,2600.0,2600.0,0.019230769230769162,0.019230769230769162,0.019230769230769162,50.0,2600.0,2590.0,2586.25,2600.0,2600.0,2600.0,0.0,19.999999999999083,24.22667575590759,2550.0,2600.0,0.0,0.0,0.0,2600.0,0.019230769230769162,2454.342105263158,2500.0,144.53784594276502,2400.0,2400.0,10.0,0.0,0.007722007722007368,6.077642243349034,5.459585514144159,2.6390573296152584,3.367295829986474,0.0,0.0,58,3364,-0.8660254037844386,0.5000000000000001,-2.4492935982947064e-16,1.0,2600.0,7.8636512654486515,-0.018867924528301883,2019-11-01
Rice,2019-11-01,2600.0,2803.3948919449904,1450.0,10000.0,509,253,13,27,1,0,0,2019,11,4,Autumn,2650.0,2600.0,2600.0,2550.0,2605.0,-0.018867924528301883,0.0,-0.0019193857965451588,-50.0,2616.6666666666665,2598.3333333333335,2590.4166666666665,2600.0,2600.0,2600.0,28.867513459481355,31.885210782847714,30.335872354610256,2550.0,2650.0,50.0,100.0,45.0,2605.0,-0.0019193857965451588,2457.7155172413795,2500.0,145.54968742452496,2366.6666666666665,2400.0,51.666666666666515,50.0,0.012271408896541776,6.234410725718371,5.537334267018537,2.6390573296152584,3.332204510175204,0.0019646365422396855,0.0,59,3481,-0.5000000000000004,0.8660254037844384,-2.4492935982947064e-16,1.0,2620.0,7.8713112033234065,0.007692307692307665,2019-12-01
Rice,2019-12-01,2620.0,2779.1409836065573,1800.0,5266.0,305,150,11,21,0,0,0,2019,12,4,Winter,2600.0,2650.0,2600.0,2590.0,2550.0,0.007692307692307665,0.007692307692307665,0.027450980392156765,20.0,2616.6666666666665,2606.6666666666665,2590.0,2600.0,2600.0,2600.0,28.867513459481355,21.60246899469193,30.15113445777729,2590.0,2650.0,0.0,10.0,50.0,2550.0,0.027450980392156765,2460.1271186440677,2500.0,145.47367913428536,2304.1666666666665,2290.0,-6.666666666666515,0.0,0.008287392197452148,5.723585101952381,5.017279836814924,2.4849066497880004,3.091042453358316,0.0,0.0,60,3600,-2.4492935982947064e-16,1.0,-2.4492935982947064e-16,1.0,2580.0,7.855932199718614,-0.01526717557251911,2020-01-01
Rice,2020-01-01,2580.0,2772.4861111111113,230.0,5800.0,432,224,9,21,0,0,0,2020,1,1,Winter,2620.0,2600.0,2650.0,2600.0,2540.0,-0.01526717557251911,-0.026415094339622636,0.015748031496062964,-40.0,2623.3333333333335,2611.6666666666665,2595.8333333333335,2620.0,2600.0,2600.0,25.16611478423595,20.41241452319218,28.43120351538745,2600.0,2650.0,-30.0,20.0,80.0,2540.0,0.015748031496062964,2462.7916666666665,2500.0,145.70481221380408,2330.0,2350.0,8.333333333333485,20.0,0.007815857507284817,6.07073772800249,5.41610040220442,2.302585092994046,3.091042453358316,0.0,0.0,61,3721,0.49999999999999994,0.8660254037844387,1.0,6.123233995736766e-17,2600.0,7.8636512654486515,0.007751937984496138,2020-02-01
Rice,2020-02-01,2600.0,2802.36803874092,1613.0,11200.0,413,224,9,24,1,0,0,2020,2,1,Winter,2580.0,2620.0,2600.0,2600.0,2600.0,0.007751937984496138,0.0,0.0,20.0,2600.0,2608.3333333333335,2599.1666666666665,2600.0,2600.0,2600.0,20.000000000000227,24.01388487243637,23.14316444668063,2580.0,2650.0,-20.0,-20.0,-20.0,2600.0,0.0,2464.7131147540986,2500.0,145.26276361064902,2282.5,2250.0,-28.333333333333485,-20.0,0.009206601229049087,6.025865973825314,5.41610040220442,2.302585092994046,3.2188758248682006,0.002421307506053269,0.0,62,3844,0.8660254037844386,0.5000000000000001,1.0,6.123233995736766e-17,2600.0,7.8636512654486515,0.0,2020-03-01
Rice,2020-03-01,2600.0,2748.2301255230127,1500.0,10300.0,239,129,7,15,1,0,0,2020,3,1,Spring,2600.0,2580.0,2620.0,2600.0,2600.0,0.0,-0.007633587786259555,0.0,0.0,2600.0,2608.3333333333335,2599.1666666666665,2600.0,2600.0,2600.0,20.000000000000227,24.01388487243637,23.14316444668063,2580.0,2650.0,-20.0,0.0,0.0,2600.0,0.0,2466.8951612903224,2500.0,145.08807774614678,2286.6666666666665,2210.0,-8.333333333333485,0.0,0.009206601229049087,5.480638923341991,4.867534450455582,2.0794415416798357,2.772588722239781,0.0041841004184100415,0.0,63,3969,1.0,6.123233995736766e-17,1.0,6.123233995736766e-17,2625.0,7.873217054862741,0.009615384615384581,2020-04-01
Rice,2020-04-01,2625.0,2862.492795389049,1460.0,11000.0,347,185,7,25,2,0,0,2020,4,2,Spring,2600.0,2600.0,2580.0,2650.0,2600.0,0.009615384615384581,0.01744186046511631,0.009615384615384581,25.0,2593.3333333333335,2608.3333333333335,2599.1666666666665,2600.0,2600.0,2600.0,11.547005383792877,24.01388487243637,23.14316444668063,2580.0,2650.0,20.0,-50.0,0.0,2600.0,0.009615384615384581,2469.0079365079364,2500.0,144.88701081787093,2340.0,2300.0,-8.333333333333485,0.0,0.009206601229049087,5.8522024797744745,5.225746673713202,2.0794415416798357,3.258096538021482,0.005763688760806916,0.0,64,4096,0.8660254037844387,-0.4999999999999998,1.2246467991473532e-16,-1.0,2600.0,7.8636512654486515,-0.00952380952380949,2020-05-01
Rice,2020-05-01,2600.0,2856.716381418093,1430.0,11200.0,409,215,9,25,2,0,0,2020,5,2,Summer,2625.0,2600.0,2600.0,2600.0,2550.0,-0.00952380952380949,0.0,0.019607843137254832,-25.0,2608.3333333333335,2604.1666666666665,2601.25,2600.0,2600.0,2600.0,14.433756729740578,16.25320481217876,24.320305769609735,2580.0,2625.0,25.0,25.0,75.0,2550.0,0.019607843137254832,2471.4453125,2508.75,145.04911913488328,2398.3333333333335,2400.0,20.833333333333485,25.0,0.006241230647876643,6.016157159698354,5.375278407684165,2.302585092994046,3.258096538021482,0.004889975550122249,0.0,65,4225,0.49999999999999994,-0.8660254037844387,1.2246467991473532e-16,-1.0,2590.0,7.85979918056211,-0.0038461538461538325,2020-06-01
Rice,2020-06-01,2590.0,2863.2564705882355,1490.0,11200.0,425,224,9,22,2,0,0,2020,6,2,Summer,2600.0,2625.0,2600.0,2620.0,2590.0,-0.0038461538461538325,-0.0038461538461538325,0.0,-10.0,2608.3333333333335,2604.1666666666665,2605.4166666666665,2600.0,2600.0,2600.0,14.433756729740578,16.25320481217876,18.272972258271245,2580.0,2625.0,0.0,-20.0,10.0,2590.0,0.0,2473.423076923077,2517.5,144.79212552961786,2414.1666666666665,2450.0,-4.166666666666515,0.0,0.006241230647876643,6.054439346269371,5.41610040220442,2.302585092994046,3.1354942159291497,0.004705882352941176,0.0,66,4356,1.2246467991473532e-16,-1.0,1.2246467991473532e-16,-1.0,2590.0,7.85979918056211,0.0,2020-07-01
Rice,2020-07-01,2590.0,2836.2957746478874,1500.0,11200.0,426,210,9,21,1,0,0,2020,7,3,Monsoon,2590.0,2600.0,2625.0,2580.0,2600.0,0.0,-0.013333333333333308,-0.0038461538461538325,0.0,2605.0,2599.1666666666665,2605.4166666666665,2600.0,2600.0,2600.0,18.027756377319868,14.972196454315906,18.272972258271245,2580.0,2625.0,-35.0,10.0,-10.0,2600.0,-0.0038461538461538325,2475.189393939394,2528.75,144.38883840176723,2390.0,2420.0,-9.166666666666515,-10.0,0.005760383374536418,6.056784013228625,5.351858133476067,2.302585092994046,3.091042453358316,0.002347417840375587,0.0,67,4489,-0.4999999999999997,-0.8660254037844388,-1.0,-1.8369701987210297e-16,2700.0,7.901377353792616,0.042471042471042386,2020-08-01
Rice,2020-08-01,2700.0,2948.5838926174497,1231.0,8700.0,149,90,8,18,0,0,0,2020,8,3,Monsoon,2590.0,2590.0,2600.0,2600.0,2600.0,0.042471042471042386,0.03846153846153855,0.03846153846153855,110.0,2593.3333333333335,2600.8333333333335,2604.5833333333335,2590.0,2600.0,2600.0,5.773502691896044,12.812754062520316,18.76388374866381,2590.0,2625.0,-10.0,-10.0,-10.0,2600.0,0.03846153846153855,2476.902985074627,2540.0,143.975672366475,2450.8333333333335,2500.0,-10.833333333333485,-10.0,0.00492640335630387,5.0106352940962555,4.51085950651685,2.1972245773362196,2.9444389791664403,0.0,0.0,68,4624,-0.8660254037844385,-0.5000000000000004,-1.0,-1.8369701987210297e-16,2600.0,7.8636512654486515,-0.03703703703703709,2020-09-01
Rice,2020-09-01,2600.0,2730.1324324324323,1000.0,5950.0,370,206,8,21,0,0,0,2020,9,3,Monsoon,2700.0,2590.0,2590.0,2600.0,2600.0,-0.03703703703703709,0.0038610038610038533,0.0,-100.0,2626.6666666666665,2617.5,2612.9166666666665,2590.0,2600.0,2600.0,63.5085296108589,42.39693385139973,33.19764047840393,2590.0,2700.0,110.0,100.0,100.0,2600.0,0.0,2480.1838235294117,2545.0,145.43572987908067,2443.3333333333335,2480.0,82.5,100.0,0.016197491442750612,5.916202062607435,5.332718793265369,2.1972245773362196,3.091042453358316,0.0,0.0,69,4761,-1.0,-1.8369701987210297e-16,-1.0,-1.8369701987210297e-16,2600.0,7.8636512654486515,0.0,2020-10-01
Rice,2020-10-01,2600.0,2791.295039164491,1200.0,11200.0,383,193,8,25,1,0,0,2020,10,4,Autumn,2600.0,2700.0,2590.0,2625.0,2650.0,0.0,0.0038610038610038533,-0.018867924528301883,0.0,2630.0,2617.5,2612.9166666666665,2600.0,2600.0,2600.0,60.8276253029823,42.39693385139973,33.19764047840393,2590.0,2700.0,10.0,-25.0,-50.0,2650.0,-0.018867924528301883,2481.9202898550725,2550.0,145.08120502965195,2466.6666666666665,2500.0,-17.5,0.0,0.016197491442750612,5.950642552587727,5.267858159063328,2.1972245773362196,3.258096538021482,0.0026109660574412533,0.0,70,4900,-0.8660254037844386,0.5000000000000001,-2.4492935982947064e-16,1.0,2550.0,7.844240718141811,-0.019230769230769273,2020-11-01
Rice,2020-11-01,2550.0,2698.5073891625616,1608.0,5900.0,203,106,7,15,0,0,0,2020,11,4,Autumn,2600.0,2600.0,2700.0,2600.0,2600.0,-0.019230769230769273,-0.05555555555555558,-0.019230769230769273,-50.0,2633.3333333333335,2613.3333333333335,2608.75,2600.0,2600.0,2600.0,57.73502691896272,42.73952113286521,31.197683480436293,2590.0,2700.0,-100.0,0.0,0.0,2600.0,-0.019230769230769273,2483.6071428571427,2550.0,144.71588589163102,2418.75,2400.0,-13.333333333333485,0.0,0.016354408596759646,5.318119993844216,4.672828834461906,2.0794415416798357,2.772588722239781,0.0,0.0,71,5041,-0.5000000000000004,0.8660254037844384,-2.4492935982947064e-16,1.0,2500.0,7.824445930877619,-0.019607843137254943,2020-12-01
Rice,2020-12-01,2500.0,2643.9487951807228,1230.0,5900.0,332,181,8,20,0,0,0,2020,12,4,Winter,2550.0,2600.0,2600.0,2590.0,2620.0,-0.019607843137254943,-0.038461538461538436,-0.04580152671755722,-50.0,2583.3333333333335,2605.0,2604.5833333333335,2600.0,2595.0,2600.0,28.867513459481355,50.09990019950104,35.513015113114236,2550.0,2700.0,-50.0,-40.0,-70.0,2620.0,-0.04580152671755722,2484.542253521127,2550.0,143.89437461651391,2378.125,2345.0,-55.0,-45.0,0.019232207370249922,5.808142489980444,5.204006687076795,2.1972245773362196,3.044522437723423,0.0,0.0,72,5184,-2.4492935982947064e-16,1.0,-2.4492935982947064e-16,1.0,2450.0,7.804251383528112,-0.020000000000000018,2021-01-01
Rice,2021-01-01,2450.0,2611.4545454545455,1300.0,6000.0,385,205,8,22,0,0,0,2021,1,1,Winter,2500.0,2550.0,2600.0,2590.0,2580.0,-0.020000000000000018,-0.05769230769230771,-0.050387596899224785,-50.0,2550.0,2590.0,2594.5833333333335,2550.0,2595.0,2600.0,50.00000000000006,66.33249580710773,46.09566797499151,2500.0,2700.0,-100.0,-90.0,-80.0,2580.0,-0.050387596899224785,2484.7569444444443,2550.0,142.88905360886216,2403.75,2375.0,-90.0,-95.0,0.02561100224212654,5.955837369464831,5.327876168789581,2.1972245773362196,3.1354942159291497,0.0,0.0,73,5329,0.49999999999999994,0.8660254037844387,1.0,6.123233995736766e-17,2500.0,7.824445930877619,0.020408163265306145,2021-02-01
Rice,2021-02-01,2500.0,2655.233415233415,1200.0,6050.0,407,202,9,24,0,0,0,2021,2,1,Winter,2450.0,2500.0,2550.0,2700.0,2600.0,0.020408163265306145,-0.019607843137254943,-0.038461538461538436,50.0,2500.0,2566.6666666666665,2583.75,2500.0,2575.0,2600.0,50.00000000000006,87.55950357709108,62.27231254009258,2450.0,2700.0,-100.0,-250.0,-150.0,2600.0,-0.038461538461538436,2484.280821917808,2550.0,141.95160037602622,2364.375,2315.0,-116.66666666666652,-125.0,0.03411409230276276,6.0112671744041615,5.313205979041787,2.302585092994046,3.2188758248682006,0.0,0.0,74,5476,0.8660254037844386,0.5000000000000001,1.0,6.123233995736766e-17,2500.0,7.824445930877619,0.0,2021-03-01
Rice,2021-03-01,2500.0,2688.431603773585,1300.0,9700.0,424,209,9,22,0,0,0,2021,3,1,Spring,2500.0,2450.0,2500.0,2600.0,2600.0,0.0,0.0,-0.038461538461538436,0.0,2483.3333333333335,2533.3333333333335,2575.4166666666665,2500.0,2525.0,2595.0,28.86751345948135,60.553007081949474,66.4508818374126,2450.0,2600.0,0.0,-100.0,-100.0,2600.0,-0.038461538461538436,2484.4932432432433,2545.0,140.9878187015246,2352.5,2330.0,-33.333333333333485,-25.0,0.023902502795506368,6.052089168924417,5.3471075307174685,2.302585092994046,3.1354942159291497,0.0,0.0,75,5625,1.0,6.123233995736766e-17,1.0,6.123233995736766e-17,2500.0,7.824445930877619,0.0,2021-04-01
Rice,2021-04-01,2500.0,2709.00288184438,1400.0,6090.0,347,187,9,21,0,0,0,2021,4,2,Spring,2500.0,2500.0,2450.0,2600.0,2625.0,0.0,0.020408163265306145,-0.04761904761904767,0.0,2483.3333333333335,2516.6666666666665,2567.0833333333335,2500.0,2500.0,2590.0,28.86751345948135,51.63977794943182,69.29706583495017,2450.0,2600.0,50.0,-100.0,-125.0,2625.0,-0.04761904761904767,2484.7,2540.0,140.0434054334776,2405.0,2390.0,-16.666666666666515,0.0,0.0205191170659994,5.8522024797744745,5.236441962829949,2.302585092994046,3.091042453358316,0.0,0.0,76,5776,0.8660254037844387,-0.4999999999999998,1.2246467991473532e-16,-1.0,2610.0,7.8674885686991285,0.04400000000000004,2021-05-01
Rice,2021-05-01,2610.0,2844.8497854077254,1950.0,11300.0,233,145,8,18,1,0,0,2021,5,2,Summer,2500.0,2500.0,2500.0,2550.0,2600.0,0.04400000000000004,0.04400000000000004,0.0038461538461538325,110.0,2500.0,2500.0,2556.6666666666665,2500.0,2500.0,2570.0,0.0,31.62277660168308,69.19449969382602,2450.0,2550.0,0.0,-50.0,-100.0,2600.0,0.0038461538461538325,2484.9013157894738,2528.75,139.11772040821734,2466.875,2450.0,0.0,0.0,0.012649110640673231,5.455321115357702,4.983606621708336,2.1972245773362196,2.9444389791664403,0.004291845493562232,0.0,77,5929,0.49999999999999994,-0.8660254037844387,1.2246467991473532e-16,-1.0,2550.0,7.844240718141811,-0.02298850574712641,2021-06-01
Rice,2021-06-01,2550.0,2776.7316455696205,1510.0,11200.0,395,194,9,20,2,0,0,2021,6,2,Summer,2610.0,2500.0,2500.0,2500.0,2590.0,-0.02298850574712641,0.020000000000000018,-0.015444015444015413,-60.0,2536.6666666666665,2510.0,2557.5,2500.0,2500.0,2570.0,63.5085296108589,52.915026221291384,69.82120021884543,2450.0,2610.0,110.0,110.0,20.0,2590.0,-0.015444015444015413,2486.525974025974,2540.0,138.93281924671865,2465.625,2483.75,100.0,110.0,0.021081683753502542,5.981414211254481,5.272999558563747,2.302585092994046,3.044522437723423,0.005063291139240506,0.0,78,6084,1.2246467991473532e-16,-1.0,1.2246467991473532e-16,-1.0,2572.5,7.85302211909281,0.008823529411764675,2021-07-01
Rice,2021-07-01,2572.5,2733.470744680851,1000.0,6130.0,376,202,9,20,0,0,0,2021,7,3,Monsoon,2550.0,2610.0,2500.0,2450.0,2590.0,0.008823529411764675,0.028999999999999915,-0.006756756756756799,22.5,2553.3333333333335,2518.3333333333335,2554.1666666666665,2550.0,2500.0,2550.0,55.07570547286114,54.924190177613184,69.07944482239128,2450.0,2610.0,50.0,100.0,-40.0,2590.0,-0.006756756756756799,2487.3397435897436,2545.0,138.2146949728099,2440.0,2460.0,31.666666666666515,50.0,0.02180973799243409,5.932245187448011,5.313205979041787,2.302585092994046,3.044522437723423,0.0,0.0,79,6241,-0.4999999999999997,-0.8660254037844388,-1.0,-1.8369701987210297e-16,2600.0,7.8636512654486515,0.010689990281826933,2021-08-01
Rice,2021-08-01,2600.0,2741.6959064327484,2000.0,5000.0,171,85,6,13,0,0,0,2021,8,3,Monsoon,2572.5,2550.0,2610.0,2500.0,2700.0,0.010689990281826933,-0.003831417624521105,-0.03703703703703709,27.5,2577.5,2538.75,2552.7083333333335,2572.5,2525.0,2550.0,30.310889132455472,46.57654989369598,68.43592169897315,2500.0,2610.0,-37.5,72.5,-127.5,2700.0,-0.03703703703703709,2488.4177215189875,2550.0,137.65968420812393,2488.125,2537.5,33.75,47.5,0.01834625303542924,5.147494476813453,4.454347296253507,1.9459101490553132,2.6390573296152584,0.0,0.0,80,6400,-0.8660254037844385,-0.5000000000000004,-1.0,-1.8369701987210297e-16,2540.0,7.840312983320164,-0.023076923076923106,2021-09-01
Rice,2021-09-01,2540.0,2736.3994910941474,1525.0,5250.0,393,203,7,21,0,0,0,2021,9,3,Monsoon,2600.0,2572.5,2550.0,2500.0,2600.0,-0.023076923076923106,-0.0039215686274509665,-0.023076923076923106,-60.0,2574.1666666666665,2555.4166666666665,2544.375,2572.5,2561.25,2550.0,25.041632002194735,47.81256808273971,53.28018777267048,2500.0,2610.0,50.0,100.0,0.0,2600.0,-0.023076923076923106,2489.8125,2550.0,137.35335966547152,2483.75,2540.0,44.583333333333485,38.75,0.01871028263469351,5.976350909297934,5.318119993844216,2.0794415416798357,3.091042453358316,0.0,0.0,81,6561,-1.0,-1.8369701987210297e-16,-1.0,-1.8369701987210297e-16,2552.5,7.845220246087699,0.004921259842519676,2021-10-01
Rice,2021-10-01,2552.5,2745.9356435643563,1450.0,6150.0,404,205,8,20,0,0,0,2021,10,4,Autumn,2540.0,2600.0,2572.5,2500.0,2600.0,0.004921259842519676,-0.007774538386783325,-0.018269230769230815,12.5,2570.8333333333335,2562.0833333333335,2539.375,2572.5,2561.25,2545.0,30.034702151567107,40.81717367318103,50.318587294088935,2500.0,2610.0,-32.5,40.0,-60.0,2600.0,-0.018269230769230815,2490.432098765432,2550.0,136.6060657759753,2487.5,2525.0,-22.083333333333485,-21.25,0.01593124358686526,6.003887067106539,5.327876168789581,2.1972245773362196,3.044522437723423,0.0,0.0,82,6724,-0.8660254037844386,0.5000000000000001,-2.4492935982947064e-16,1.0,2600.0,7.8636512654486515,0.0186092066601371,2021-11-01
Rice,2021-11-01,2600.0,2770.788944723618,1350.0,6200.0,398,203,8,21,0,0,0,2021,11,4,Autumn,2552.5,2540.0,2600.0,2610.0,2550.0,0.0186092066601371,0.0,0.019607843137254832,47.5,2564.1666666666665,2570.8333333333335,2535.4166666666665,2552.5,2562.5,2545.0,31.655699855371207,28.664728616657456,46.86578192190589,2540.0,2610.0,-47.5,-57.5,2.5,2550.0,0.019607843137254832,2491.189024390244,2550.0,135.9331180915752,2443.0,2400.0,-18.333333333333485,-10.0,0.011149975474874861,5.988961416889864,5.318119993844216,2.1972245773362196,3.091042453358316,0.0,0.0,83,6889,-0.5000000000000004,0.8660254037844384,-2.4492935982947064e-16,1.0,2560.0,7.848153086199526,-0.01538461538461533,2021-12-01
Rice,2021-12-01,2560.0,2776.1930693069307,1465.0,6300.0,404,200,8,21,0,0,0,2021,12,4,Winter,2600.0,2552.5,2540.0,2550.0,2500.0,-0.01538461538461533,0.007874015748031482,0.02400000000000002,-40.0,2564.1666666666665,2569.1666666666665,2539.5833333333335,2552.5,2562.5,2545.0,31.655699855371207,26.10874693788699,50.371724271268796,2540.0,2600.0,60.0,50.0,100.0,2500.0,0.02400000000000002,2492.5,2550.0,135.62861774426324,2422.5,2400.0,30.833333333333485,37.5,0.010162340682927146,6.003887067106539,5.303304908059076,2.1972245773362196,3.091042453358316,0.0,0.0,84,7056,-2.4492935982947064e-16,1.0,-2.4492935982947064e-16,1.0,2600.0,7.8636512654486515,0.015625,2022-01-01
Rice,2022-01-01,2600.0,2824.0162162162164,1806.0,6170.0,370,190,8,22,0,0,0,2022,1,1,Winter,2560.0,2600.0,2552.5,2572.5,2450.0,0.015625,0.0186092066601371,0.061224489795918435,40.0,2570.8333333333335,2570.8333333333335,2544.5833333333335,2560.0,2566.25,2551.25,25.53592241007465,24.933244206613477,49.04581964084753,2540.0,2600.0,7.5,-12.5,110.0,2450.0,0.061224489795918435,2493.3035714285716,2550.0,135.01012942491445,2443.0,2400.0,-10.833333333333485,-6.25,0.009698506660595192,5.916202062607435,5.25227342804663,2.1972245773362196,3.1354942159291497,0.0,0.0,85,7225,0.49999999999999994,0.8660254037844387,1.0,6.123233995736766e-17,2600.0,7.8636512654486515,0.0,2022-02-01
Rice,2022-02-01,2600.0,2875.232104121475,1500.0,14000.0,461,211,10,22,1,0,0,2022,2,1,Winter,2600.0,2560.0,2600.0,2600.0,2500.0,0.0,0.0,0.040000000000000036,0.0,2586.6666666666665,2575.4166666666665,2557.0833333333335,2600.0,2580.0,2556.25,23.09401076758544,27.677457734890055,41.242538351768374,2540.0,2600.0,0.0,0.0,100.0,2500.0,0.040000000000000036,2494.5588235294117,2550.0,134.7021496400374,2411.5,2380.0,24.583333333333485,20.0,0.010746788313175236,6.135564891081739,5.356586274672012,2.3978952727983707,3.1354942159291497,0.0021691973969631237,0.0,86,7396,0.8660254037844386,0.5000000000000001,1.0,6.123233995736766e-17,2625.0,7.873217054862741,0.009615384615384581,2022-03-01
Rice,2022-03-01,2625.0,2871.2874396135267,1200.0,17000.0,414,207,10,21,1,0,0,2022,3,1,Spring,2600.0,2600.0,2560.0,2540.0,2500.0,0.009615384615384581,0.025390625,0.050000000000000044,25.0,2586.6666666666665,2575.4166666666665,2565.4166666666665,2600.0,2580.0,2566.25,23.09401076758544,27.677457734890055,38.68334932696013,2540.0,2600.0,40.0,60.0,100.0,2500.0,0.050000000000000044,2495.7848837209303,2550.0,134.38928398932245,2392.0,2450.0,24.583333333333485,20.0,0.010746788313175236,6.028278520230698,5.337538079701318,2.3978952727983707,3.091042453358316,0.0024154589371980675,0.0,87,7569,1.0,6.123233995736766e-17,1.0,6.123233995736766e-17,2630.0,7.875119281040293,0.0019047619047618536,2022-04-01
Rice,2022-04-01,2630.0,2863.066964285714,1500.0,13000.0,448,214,11,22,1,0,0,2022,4,2,Spring,2625.0,2600.0,2600.0,2552.5,2500.0,0.0019047619047618536,0.011538461538461497,0.052000000000000046,5.0,2608.3333333333335,2589.5833333333335,2575.8333333333335,2600.0,2600.0,2586.25,14.433756729740578,27.677457734890055,36.21798481752584,2552.5,2625.0,25.0,72.5,125.0,2500.0,0.052000000000000046,2497.270114942529,2550.0,134.32195799207145,2442.0,2480.0,35.416666666666515,25.0,0.010687996550882723,6.1070228877422545,5.3706380281276624,2.4849066497880004,3.1354942159291497,0.002232142857142857,0.0,88,7744,0.8660254037844387,-0.4999999999999998,1.2246467991473532e-16,-1.0,2700.0,7.901377353792616,0.026615969581748944,2022-05-01
Rice,2022-05-01,2700.0,2844.826291079812,1810.0,6450.0,213,113,8,14,0,0,0,2022,5,2,Summer,2630.0,2625.0,2600.0,2600.0,2610.0,0.026615969581748944,0.03846153846153855,0.034482758620689724,70.0,2618.3333333333335,2602.5,2586.6666666666665,2625.0,2600.0,2600.0,16.07275126832146,24.849547279577493,30.457372098584244,2560.0,2630.0,30.0,30.0,20.0,2610.0,0.034482758620689724,2498.778409090909,2550.0,134.29519847363147,2493.5,2500.0,27.5,30.0,0.009548337091096058,5.365976015021851,4.736198448394496,2.1972245773362196,2.70805020110221,0.0,0.0,89,7921,0.49999999999999994,-0.8660254037844387,1.2246467991473532e-16,-1.0,2700.0,7.901377353792616,0.0,2022-06-01
Rice,2022-06-01,2700.0,2948.8718535469106,1000.0,23000.0,437,213,8,21,2,0,0,2022,6,2,Summer,2700.0,2630.0,2625.0,2560.0,2550.0,0.0,0.02857142857142847,0.05882352941176472,0.0,2651.6666666666665,2619.1666666666665,2594.1666666666665,2630.0,2612.5,2600.0,41.9324854180304,46.73506891689181,44.54738709475332,2560.0,2700.0,75.0,140.0,150.0,2550.0,0.05882352941176472,2501.0393258426966,2550.0,135.22277966544468,2492.5,2517.5,80.83333333333348,87.5,0.017843487973359905,6.082218910376446,5.365976015021851,2.1972245773362196,3.091042453358316,0.004576659038901602,0.0,90,8100,1.2246467991473532e-16,-1.0,1.2246467991473532e-16,-1.0,2600.0,7.8636512654486515,-0.03703703703703709,2022-07-01
Rice,2022-07-01,2600.0,2913.5994897959185,1600.0,23000.0,392,202,9,20,1,0,0,2022,7,3,Monsoon,2700.0,2700.0,2630.0,2600.0,2572.5,-0.03703703703703709,-0.011406844106463865,0.010689990281826933,-100.0,2676.6666666666665,2642.5,2606.6666666666665,2700.0,2627.5,2600.0,40.41451884327387,46.23310502226692,51.52595697727828,2600.0,2700.0,70.0,100.0,127.5,2572.5,0.010689990281826933,2503.25,2551.25,136.08668441165457,2472.0,2500.0,57.5,72.5,0.017495971626212647,5.973809611869261,5.313205979041787,2.302585092994046,3.044522437723423,0.002551020408163265,0.0,91,8281,-0.4999999999999997,-0.8660254037844388,-1.0,-1.8369701987210297e-16,2692.5,7.8985967421205885,0.03557692307692317,2022-08-01
Rice,2022-08-01,2692.5,2970.1030042918455,1400.0,19000.0,466,220,10,20,2,0,0,2022,8,3,Monsoon,2600.0,2700.0,2700.0,2600.0,2600.0,0.03557692307692317,-0.002777777777777768,0.03557692307692317,92.5,2666.6666666666665,2642.5,2608.9583333333335,2700.0,2627.5,2600.0,57.73502691896251,46.23310502226692,50.468918577916156,2600.0,2700.0,-100.0,0.0,0.0,2600.0,0.03557692307692317,2504.313186813187,2552.5,135.70805364522693,2520.5,2575.0,-42.5,-27.5,0.017495971626212647,6.1463292576688975,5.3981627015177525,2.3978952727983707,3.044522437723423,0.004291845493562232,0.0,92,8464,-0.8660254037844385,-0.5000000000000004,-1.0,-1.8369701987210297e-16,2760.0,7.923348211930154,0.025069637883008422,2022-09-01
Rice,2022-09-01,2760.0,3021.0426966292134,820.0,27000.0,445,221,10,17,2,0,0,2022,9,3,Monsoon,2692.5,2600.0,2700.0,2625.0,2540.0,0.025069637883008422,0.022222222222222143,0.08661417322834652,67.5,2664.1666666666665,2657.9166666666665,2616.6666666666665,2692.5,2661.25,2600.0,55.69634937168975,44.6210899314061,55.762619172432906,2600.0,2700.0,-7.5,67.5,152.5,2540.0,0.08661417322834652,2506.358695652174,2556.25,136.3790033726501,2507.0,2600.0,34.583333333333485,31.25,0.016787994330674814,6.100318952020064,5.402677381872279,2.3978952727983707,2.8903717578961645,0.0044943820224719105,0.0,93,8649,-1.0,-1.8369701987210297e-16,-1.0,-1.8369701987210297e-16,2677.5,7.893012215321015,-0.029891304347826053,2022-10-01
Rice,2022-10-01,2677.5,3005.088383838384,1260.0,28000.0,396,201,10,22,1,0,0,2022,10,4,Autumn,2760.0,2692.5,2600.0,2630.0,2552.5,-0.029891304347826053,0.029807692307692202,0.04897159647404514,-82.5,2684.1666666666665,2680.4166666666665,2635.0,2692.5,2696.25,2612.5,80.32486124067275,57.017906544055386,63.84462674052088,2600.0,2760.0,160.0,130.0,207.5,2552.5,0.04897159647404514,2509.0860215053763,2560.0,138.16233016416157,2514.0,2550.0,79.58333333333348,63.75,0.021272031043950403,5.983936280687191,5.308267697401205,2.3978952727983707,3.1354942159291497,0.0025252525252525255,0.0,94,8836,-0.8660254037844386,0.5000000000000001,-2.4492935982947064e-16,1.0,2850.0,7.955425088912672,0.06442577030812324,2022-11-01
Rice,2022-11-01,2850.0,3015.988344988345,1300.0,7200.0,429,218,11,21,0,0,0,2022,11,4,Autumn,2677.5,2760.0,2692.5,2700.0,2600.0,0.06442577030812324,0.058495821727019504,0.09615384615384626,172.5,2710.0,2688.3333333333335,2645.4166666666665,2692.5,2696.25,2627.5,43.945989578117434,51.66397842468809,59.18800298176783,2600.0,2760.0,-15.0,-22.5,77.5,2600.0,0.09615384615384626,2510.877659574468,2566.25,138.51104699878644,2465.8333333333335,2470.0,-10.833333333333485,-18.75,0.01921784690316978,6.063785208687608,5.389071729816501,2.4849066497880004,3.091042453358316,0.0,0.0,95,9025,-0.5000000000000004,0.8660254037844384,-2.4492935982947064e-16,1.0,2800.0,7.937731775260109,-0.01754385964912286,2022-12-01
Rice,2022-12-01,2800.0,2944.4367088607596,1350.0,7250.0,474,230,12,22,0,0,0,2022,12,4,Winter,2850.0,2677.5,2760.0,2700.0,2560.0,-0.01754385964912286,0.01449275362318847,0.09375,-50.0,2762.5,2713.3333333333335,2666.25,2760.0,2696.25,2653.75,86.27716963368702,84.37515432084632,81.53011155952832,2600.0,2850.0,90.0,150.0,290.0,2560.0,0.09375,2514.4473684210525,2572.5,142.0977801210895,2452.0833333333335,2500.0,136.66666666666652,153.75,0.03109649422144213,6.163314804034641,5.442417710521793,2.5649493574615367,3.1354942159291497,0.0,0.0,96,9216,-2.4492935982947064e-16,1.0,-2.4492935982947064e-16,1.0,2800.0,7.937731775260109,0.0,2023-01-01
Rice,2023-01-01,2800.0,2946.723320158103,1720.0,7400.0,253,122,9,15,0,0,0,2023,1,1,Winter,2800.0,2850.0,2677.5,2600.0,2600.0,0.0,0.045751633986928164,0.07692307692307687,0.0,2775.8333333333335,2730.0,2686.25,2800.0,2726.25,2685.0,88.75293422379531,90.84327162756725,82.5275436114845,2600.0,2850.0,122.5,200.0,200.0,2600.0,0.07692307692307687,2517.421875,2573.75,144.32121206977658,2469.1666666666665,2500.0,70.0,73.75,0.03327592367310155,5.537334267018537,4.812184355372417,2.302585092994046,2.772588722239781,0.0,0.0,97,9409,0.49999999999999994,0.8660254037844387,1.0,6.123233995736766e-17,2900.0,7.972810784121404,0.03571428571428581,2023-02-01
Rice,2023-02-01,2900.0,3039.2103092783505,1200.0,7512.0,485,222,10,21,0,0,0,2023,2,1,Winter,2800.0,2800.0,2850.0,2692.5,2600.0,0.03571428571428581,0.01754385964912286,0.11538461538461542,100.0,2816.6666666666665,2763.3333333333335,2702.9166666666665,2800.0,2780.0,2696.25,28.867513459481113,67.2247474273175,83.71239544724043,2677.5,2850.0,-50.0,107.5,200.0,2600.0,0.11538461538461542,2520.3350515463917,2575.0,146.4064462672017,2447.0833333333335,2490.0,36.666666666666515,20.0,0.024327411614228283,6.186208623900494,5.407171771460119,2.3978952727983707,3.091042453358316,0.0,0.0,98,9604,0.8660254037844386,0.5000000000000001,1.0,6.123233995736766e-17,2950.0,7.989899374942939,0.01724137931034475,2023-03-01
Rice,2023-03-01,2950.0,3115.824773413897,1200.0,5400.0,331,202,10,20,0,0,0,2023,3,1,Spring,2900.0,2800.0,2800.0,2760.0,2625.0,0.01724137931034475,0.0535714285714286,0.12380952380952381,50.0,2833.3333333333335,2797.9166666666665,2727.9166666666665,2800.0,2800.0,2700.0,57.73502691896251,76.26297703779096,94.30868882493692,2677.5,2900.0,100.0,140.0,275.0,2625.0,0.12380952380952381,2524.2091836734694,2575.0,150.61454735035886,2426.6666666666665,2500.0,102.08333333333348,100.0,0.02725705806265053,5.805134968916488,5.313205979041787,2.3978952727983707,3.044522437723423,0.0,0.0,99,9801,1.0,6.123233995736766e-17,1.0,6.123233995736766e-17,2780.0,7.930565854233965,-0.057627118644067776,2023-04-01
Rice,2023-04-01,2780.0,2984.1414868105517,1200.0,9700.0,417,219,10,21,0,0,0,2023,4,2,Spring,2950.0,2900.0,2800.0,2677.5,2630.0,-0.057627118644067776,-0.0071428571428571175,0.057034220532319324,-170.0,2883.3333333333335,2829.5833333333335,2755.0,2900.0,2825.0,2730.0,76.37626158259721,94.6099448613444,107.77185498669267,2677.5,2950.0,150.0,272.5,320.0,2630.0,0.057034220532319324,2528.510101010101,2575.0,155.83502821694933,2466.6666666666665,2535.0,120.41666666666652,125.0,0.03343599877296813,6.035481432524756,5.393627546352362,2.3978952727983707,3.091042453358316,0.0,0.0,100,10000,0.8660254037844387,-0.4999999999999998,1.2246467991473532e-16,-1.0,2900.0,7.972810784121404,0.043165467625899234,2023-05-01
Rice,2023-05-01,2900.0,3007.0417633410675,1200.0,8200.0,431,217,9,21,0,0,0,2023,5,2,Summer,2780.0,2950.0,2900.0,2850.0,2700.0,0.043165467625899234,0.0,0.07407407407407418,120.0,2876.6666666666665,2846.6666666666665,2767.5,2900.0,2825.0,2770.0,87.36894948054082,66.83312551921105,100.4025986624938,2780.0,2950.0,-120.0,-70.0,80.0,2700.0,0.07407407407407418,2531.025,2577.5,157.07236920180011,2509.5833333333335,2545.0,-66.66666666666652,-45.0,0.023477678753821212,6.068425588244111,5.384495062789089,2.302585092994046,3.091042453358316,0.0,0.0,101,10201,0.49999999999999994,-0.8660254037844387,1.2246467991473532e-16,-1.0,2900.0,7.972810784121404,0.0,2023-06-01
Rice,2023-06-01,2900.0,3105.071729957806,1200.0,16500.0,474,220,9,21,1,0,0,2023,6,2,Summer,2900.0,2780.0,2950.0,2800.0,2700.0,0.0,-0.016949152542372836,0.07407407407407418,0.0,2876.6666666666665,2855.0,2784.1666666666665,2900.0,2850.0,2790.0,87.36894948054082,70.35623639735111,104.68748586612291,2780.0,2950.0,-50.0,100.0,200.0,2700.0,0.07407407407407418,2534.6782178217823,2580.0,160.53958365709067,2527.0833333333335,2558.75,45.0,50.0,0.02464316511290757,6.163314804034641,5.3981627015177525,2.302585092994046,3.091042453358316,0.002109704641350211,0.0,102,10404,1.2246467991473532e-16,-1.0,1.2246467991473532e-16,-1.0,2860.0,7.95892649305011,-0.01379310344827589,2023-07-01
Rice,2023-07-01,2860.0,3102.35261707989,1200.0,10170.0,363,200,11,22,1,0,0,2023,7,3,Monsoon,2900.0,2900.0,2780.0,2800.0,2600.0,-0.01379310344827589,0.02877697841726623,0.10000000000000009,-40.0,2860.0,2871.6666666666665,2800.8333333333335,2900.0,2900.0,2800.0,69.28203230275474,66.45800679125594,105.98205965962809,2780.0,2950.0,120.0,100.0,300.0,2600.0,0.10000000000000009,2538.2598039215686,2585.0,163.78709209395828,2493.3333333333335,2545.0,28.333333333333485,0.0,0.023142660519299807,5.8971538676367405,5.303304908059076,2.4849066497880004,3.1354942159291497,0.0027548209366391185,0.0,103,10609,-0.4999999999999997,-0.8660254037844388,-1.0,-1.8369701987210297e-16,2977.5,7.9991750970687425,0.04108391608391604,2023-08-01
Rice,2023-08-01,2977.5,3236.261160714286,1200.0,8700.0,448,218,11,21,0,0,0,2023,8,3,Monsoon,2860.0,2900.0,2900.0,2900.0,2692.5,0.04108391608391604,0.026724137931034564,0.1058495821727019,117.5,2886.6666666666665,2881.6666666666665,2822.5,2900.0,2900.0,2825.0,23.094010767584965,57.41660619251736,85.85796939766817,2780.0,2950.0,-40.0,-40.0,167.5,2692.5,0.1058495821727019,2541.383495145631,2590.0,166.03682269191046,2533.75,2587.5,-21.666666666666515,-40.0,0.019924791044251253,6.1070228877422545,5.389071729816501,2.4849066497880004,3.091042453358316,0.0,0.0,104,10816,-0.8660254037844385,-0.5000000000000004,-1.0,-1.8369701987210297e-16,2977.5,7.9991750970687425,0.0,2023-09-01
Rice,2023-09-01,2977.5,3252.969957081545,1200.0,7000.0,466,226,12,21,0,0,0,2023,9,3,Monsoon,2977.5,2860.0,2900.0,2950.0,2760.0,0.0,0.026724137931034564,0.07880434782608692,0.0,2912.5,2894.5833333333335,2846.25,2900.0,2900.0,2855.0,59.739015726742565,69.75701876274974,86.04636699319332,2780.0,2977.5,77.5,27.5,217.5,2760.0,0.07880434782608692,2545.576923076923,2590.0,170.6733632937881,2514.1666666666665,2575.0,82.91666666666652,77.5,0.02409915719455871,6.1463292576688975,5.424950017481403,2.5649493574615367,3.091042453358316,0.0,0.0,105,11025,-1.0,-1.8369701987210297e-16,-1.0,-1.8369701987210297e-16,3000.0,8.006700845440367,0.007556675062972307,2023-10-01
Rice,2023-10-01,3000.0,3266.688442211055,1200.0,8900.0,199,115,6,11,0,0,0,2023,10,4,Autumn,2977.5,2977.5,2860.0,2780.0,2677.5,0.007556675062972307,0.04895104895104896,0.1204481792717087,22.5,2938.3333333333335,2899.1666666666665,2864.375,2977.5,2900.0,2880.0,67.83865662978097,74.84428279211862,89.0806899287487,2780.0,2977.5,117.5,197.5,300.0,2677.5,0.1204481792717087,2549.690476190476,2590.0,175.0029859766185,2511.6666666666665,2525.0,78.33333333333348,77.5,0.02581579170754307,5.298317366548036,4.7535901911063645,1.9459101490553132,2.4849066497880004,0.0,0.0,106,11236,-0.8660254037844386,0.5000000000000001,-2.4492935982947064e-16,1.0,3100.0,8.03947991910045,0.03333333333333344,2023-11-01
Rice,2023-11-01,3100.0,3319.927927927928,1200.0,7500.0,444,209,12,18,0,0,0,2023,11,4,Autumn,3000.0,2977.5,2977.5,2900.0,2850.0,0.03333333333333344,0.04114189756507147,0.08771929824561409,100.0,2985.0,2935.8333333333335,2891.25,2977.5,2938.75,2900.0,12.99038105676658,56.40626442751396,75.1324587887049,2860.0,3000.0,22.5,100.0,150.0,2850.0,0.08771929824561409,2553.938679245283,2590.0,179.5755405821789,2463.5714285714284,2450.0,64.16666666666652,61.25,0.019213033583030583,6.09807428216624,5.3471075307174685,2.5649493574615367,2.9444389791664403,0.0,0.0,107,11449,-0.5000000000000004,0.8660254037844384,-2.4492935982947064e-16,1.0,3000.0,8.006700845440367,-0.032258064516129004,2023-12-01
Rice,2023-12-01,3000.0,3367.8954248366013,1200.0,11290.0,459,219,13,20,1,0,0,2023,12,4,Winter,3100.0,3000.0,2977.5,2900.0,2800.0,-0.032258064516129004,0.007556675062972307,0.0714285714285714,-100.0,3025.8333333333335,2969.1666666666665,2912.0833333333335,3000.0,2977.5,2900.0,65.20800053163204,83.55636819935768,94.75346799442113,2860.0,3100.0,122.5,200.0,300.0,2800.0,0.0714285714285714,2559.042056074766,2590.0,186.35962800577164,2458.9285714285716,2500.0,130.83333333333348,122.5,0.028141353308792933,6.131226489483141,5.393627546352362,2.6390573296152584,3.044522437723423,0.002178649237472767,0.0,108,11664,-2.4492935982947064e-16,1.0,-2.4492935982947064e-16,1.0,3010.0,8.010027528481734,0.0033333333333334103,2024-01-01
Rice,2024-01-01,3010.0,3319.3232558139534,1200.0,8950.0,430,207,10,20,0,0,0,2024,1,1,Winter,3000.0,3100.0,3000.0,2860.0,2800.0,0.0033333333333334103,0.0033333333333334103,0.07499999999999996,10.0,3033.3333333333335,2985.8333333333335,2928.75,3000.0,2988.75,2925.0,57.73502691896249,76.6920247918037,90.75128348704251,2860.0,3100.0,0.0,140.0,200.0,2800.0,0.07499999999999996,2563.125,2590.0,190.27805680600454,2473.5714285714284,2500.0,14.166666666666515,11.25,0.025685299958181536,6.066108090103747,5.337538079701318,2.3978952727983707,3.044522437723423,0.0,0.0,109,11881,0.49999999999999994,0.8660254037844387,1.0,6.123233995736766e-17,3002.5,8.007533554290216,-0.002491694352159457,2024-02-01
Rice,2024-02-01,3002.5,3411.306976744186,1200.0,8900.0,430,205,10,20,0,0,0,2024,2,1,Winter,3010.0,3000.0,3100.0,2977.5,2900.0,-0.002491694352159457,-0.031451612903225845,0.03534482758620694,-7.5,3036.6666666666665,3010.8333333333335,2946.25,3010.0,3000.0,2963.75,55.07570547286087,45.625285387234875,83.63543724783449,2977.5,3100.0,-90.0,32.5,110.0,2900.0,0.03534482758620694,2567.2247706422017,2590.0,194.17153649399177,2454.6428571428573,2500.0,-0.8333333333334849,10.0,0.015153706743615237,6.066108090103747,5.327876168789581,2.3978952727983707,3.044522437723423,0.0,0.0,110,12100,0.8660254037844386,0.5000000000000001,1.0,6.123233995736766e-17,3050.0,8.02322468471667,0.01582014987510405,2024-03-01
Rice,2024-03-01,3050.0,3388.8253164556963,1200.0,12751.0,395,206,10,19,1,0,0,2024,3,1,Spring,3002.5,3010.0,3000.0,2977.5,2950.0,0.01582014987510405,0.016666666666666607,0.03389830508474567,47.5,3004.1666666666665,3015.0,2954.7916666666665,3002.5,3001.25,2977.5,5.204164998662998,43.04067843331423,83.71663740731574,2977.5,3100.0,2.5,25.0,52.5,2950.0,0.03389830508474567,2571.181818181818,2595.0,197.6843319012223,2452.8571428571427,2550.0,-12.5,1.25,0.014275515234930092,5.981414211254481,5.332718793265369,2.3978952727983707,2.995732273553991,0.002531645569620253,0.0,111,12321,1.0,6.123233995736766e-17,1.0,6.123233995736766e-17,3110.0,8.042699496897637,0.01967213114754096,2024-04-01
Rice,2024-04-01,3110.0,3371.012755102041,1200.0,6180.0,392,202,10,17,0,0,0,2024,4,2,Spring,3050.0,3002.5,3010.0,3000.0,2780.0,0.01967213114754096,0.03322259136212624,0.11870503597122295,60.0,3020.8333333333335,3027.0833333333335,2963.125,3010.0,3006.25,2988.75,25.535922410073738,40.50977248352089,88.0607034948058,3000.0,3100.0,40.0,50.0,270.0,2780.0,0.11870503597122295,2575.4954954954956,2600.0,201.96360490642274,2478.5714285714284,2550.0,22.916666666666515,43.75,0.013382443766063335,5.973809611869261,5.313205979041787,2.3978952727983707,2.8903717578961645,0.0,0.0,112,12544,0.8660254037844387,-0.4999999999999998,1.2246467991473532e-16,-1.0,3140.0,8.052296499538647,0.009646302250803762,2024-05-01
Rice,2024-05-01,3140.0,3386.339024390244,1200.0,8500.0,410,202,10,18,0,0,0,2024,5,2,Summer,3110.0,3050.0,3002.5,3100.0,2900.0,0.009646302250803762,0.04579517069109085,0.08275862068965512,30.0,3054.1666666666665,3045.4166666666665,2990.625,3050.0,3030.0,3000.0,53.870987862979746,49.6592555991995,76.43420373105286,3000.0,3110.0,107.5,10.0,210.0,2900.0,0.08275862068965512,2580.2678571428573,2600.0,207.29851749090074,2518.5714285714284,2572.5,64.58333333333348,80.0,0.01630622704037198,6.018593214496234,5.313205979041787,2.3978952727983707,2.9444389791664403,0.0,0.0,113,12769,0.49999999999999994,-0.8660254037844387,1.2246467991473532e-16,-1.0,3165.0,8.060224240440958,0.0079617834394905,2024-06-01
Rice,2024-06-01,3165.0,3448.859693877551,1200.0,12552.0,392,201,8,21,1,0,0,2024,6,2,Summer,3140.0,3110.0,3050.0,3000.0,2900.0,0.0079617834394905,0.03770491803278686,0.09137931034482749,25.0,3100.0,3052.0833333333335,3010.625,3110.0,3030.0,3001.25,45.82575694955822,60.05032611623872,81.7780046556202,3000.0,3140.0,90.0,140.0,240.0,2900.0,0.09137931034482749,2585.221238938053,2600.0,212.98252923459597,2537.5,2600.0,87.91666666666652,110.0,0.01967519217460381,5.973809611869261,5.308267697401205,2.1972245773362196,3.091042453358316,0.002551020408163265,0.0,114,12996,1.2246467991473532e-16,-1.0,1.2246467991473532e-16,-1.0,3200.0,8.071218539969863,0.011058451816745585,2024-07-01
Rice,2024-07-01,3200.0,3488.688195991091,1200.0,8950.0,449,216,10,21,0,0,0,2024,7,3,Monsoon,3165.0,3140.0,3110.0,3010.0,2860.0,0.011058451816745585,0.02893890675241151,0.11888111888111896,35.0,3138.3333333333335,3079.5833333333335,3032.7083333333335,3140.0,3080.0,3006.25,27.537852736430157,68.60059523551247,84.90943258804843,3002.5,3165.0,55.0,155.0,305.0,2860.0,0.11888111888111896,2590.3070175438597,2600.0,218.8806854512123,2500.0,2540.0,85.41666666666652,85.0,0.022275934050227292,6.1092475827643655,5.37989735354046,2.3978952727983707,3.091042453358316,0.0,0.0,115,13225,-0.4999999999999997,-0.8660254037844388,-1.0,-1.8369701987210297e-16,3300.0,8.101980731853192,0.03125,2024-08-01
Rice,2024-08-01,3300.0,3564.8711790393013,1200.0,8950.0,458,211,10,20,0,0,0,2024,8,3,Monsoon,3200.0,3165.0,3140.0,3002.5,2977.5,0.03125,0.05095541401273884,0.10831234256926958,100.0,3168.3333333333335,3111.25,3061.0416666666665,3165.0,3125.0,3030.0,30.138568866708106,73.7182134889333,78.52661920802743,3002.5,3200.0,60.0,197.5,222.5,2977.5,0.10831234256926958,2595.608695652174,2600.0,225.21300621708397,2536.4285714285716,2575.0,88.75,75.0,0.023694082278483988,6.129050210060545,5.356586274672012,2.3978952727983707,3.044522437723423,0.0,0.0,116,13456,-0.8660254037844385,-0.5000000000000004,-1.0,-1.8369701987210297e-16,3400.0,8.131824785007195,0.030303030303030276,2024-09-01
Rice,2024-09-01,3400.0,3613.414937759336,2210.0,8950.0,241,118,6,11,0,0,0,2024,9,3,Monsoon,3300.0,3200.0,3165.0,3050.0,2977.5,0.030303030303030276,0.07424960505529232,0.14189756507136853,100.0,3221.6666666666665,3160.8333333333335,3087.9166666666665,3200.0,3152.5,3075.0,70.05949852327886,85.11267042377773,99.67466016389524,3050.0,3300.0,135.0,250.0,322.5,2977.5,0.14189756507136853,2601.6810344827586,2600.0,233.57471941591797,2526.4285714285716,2600.0,139.16666666666652,147.5,0.02692728829647595,5.488937726156687,4.77912349311153,1.9459101490553132,2.4849066497880004,0.0,0.0,117,13689,-1.0,-1.8369701987210297e-16,-1.0,-1.8369701987210297e-16,3290.0,8.098946748943339,-0.032352941176470584,2024-10-01
Rice,2024-10-01,3290.0,3559.4862842892767,1500.0,7000.0,401,198,11,20,0,0,0,2024,10,4,Autumn,3400.0,3300.0,3200.0,3110.0,3000.0,-0.032352941176470584,0.028124999999999956,0.09666666666666668,-110.0,3300.0,3219.1666666666665,3123.125,3300.0,3182.5,3105.0,99.99999999999993,110.20057471114481,127.78321930662008,3110.0,3400.0,200.0,290.0,400.0,3000.0,0.09666666666666668,2608.5042735042734,2600.0,243.9957999897009,2518.5714285714284,2550.0,180.83333333333348,217.5,0.034232640345165356,5.996452088619021,5.293304824724492,2.4849066497880004,3.044522437723423,0.0,0.0,118,13924,-0.8660254037844386,0.5000000000000001,-2.4492935982947064e-16,1.0,3340.0,8.114025442356757,0.015197568389057725,2024-11-01
Rice,2024-11-01,3340.0,3627.4717514124295,2100.0,8840.0,354,201,11,19,0,0,0,2024,11,4,Autumn,3290.0,3400.0,3300.0,3140.0,3100.0,0.015197568389057725,0.0121212121212122,0.07741935483870965,50.0,3330.0,3249.1666666666665,3147.2916666666665,3300.0,3245.0,3125.0,60.82762530298208,98.40816361799776,129.78766896416482,3140.0,3400.0,-10.0,150.0,190.0,3100.0,0.07741935483870965,2614.2796610169494,2600.0,250.92033623910513,2480.625,2495.0,40.833333333333485,45.0,0.030287200908334783,5.872117789475416,5.308267697401205,2.4849066497880004,2.995732273553991,0.0,0.0,119,14161,-0.5000000000000004,0.8660254037844384,-2.4492935982947064e-16,1.0,3600.0,8.188966863648876,0.07784431137724557,2024-12-01
Rice,2024-12-01,3600.0,3699.6176470588234,2550.0,8200.0,204,100,8,13,0,0,0,2024,12,4,Winter,3340.0,3290.0,3400.0,3165.0,3000.0,0.07784431137724557,0.05882352941176472,0.19999999999999996,260.0,3343.3333333333335,3282.5,3167.2916666666665,3340.0,3295.0,3152.5,55.075705472860896,87.27829054237917,139.93285050878958,3165.0,3400.0,-60.0,175.0,340.0,3000.0,0.19999999999999996,2620.378151260504,2600.0,258.5599458931757,2476.5625,2550.0,57.5,45.0,0.026588968939034018,5.3230099791384085,4.61512051684126,2.1972245773362196,2.6390573296152584,0.0,0.0,120,14400,-2.4492935982947064e-16,1.0,-2.4492935982947064e-16,1.0,3300.0,8.101980731853192,-0.08333333333333337,2025-01-01
Rice,2025-01-01,3300.0,3571.7671232876714,2100.0,6750.0,365,197,11,17,0,0,0,2025,1,1,Winter,3600.0,3340.0,3290.0,3200.0,3010.0,-0.08333333333333337,0.003039513677811634,0.09634551495016619,-300.0,3410.0,3355.0,3217.2916666666665,3340.0,3320.0,3182.5,166.43316977093235,136.78450204610152,177.0062220700595,3200.0,3600.0,310.0,400.0,590.0,3010.0,0.09634551495016619,2628.5416666666665,2600.0,272.5593727881648,2492.5,2550.0,245.0,280.0,0.04077034338184844,5.902633333401366,5.288267030694535,2.4849066497880004,2.8903717578961645,0.0,0.0,121,14641,0.49999999999999994,0.8660254037844387,1.0,6.123233995736766e-17,3300.0,8.101980731853192,0.0,2025-02-01
Rice,2025-02-01,3300.0,3581.8086253369274,2100.0,8500.0,371,194,10,17,0,0,0,2025,2,1,Winter,3300.0,3600.0,3340.0,3300.0,3002.5,0.0,-0.0119760479041916,0.09908409658617812,0.0,3413.3333333333335,3371.6666666666665,3241.4583333333335,3340.0,3320.0,3245.0,162.89055630494155,119.06580813426925,165.55848435650856,3290.0,3600.0,-40.0,0.0,297.5,3002.5,0.09908409658617812,2634.090909090909,2600.0,278.20069194737806,2476.5625,2550.0,-71.66666666666652,-20.0,0.03531363563052969,5.918893854273146,5.272999558563747,2.3978952727983707,2.8903717578961645,0.0,0.0,122,14884,0.8660254037844386,0.5000000000000001,1.0,6.123233995736766e-17,3299.0,8.101677747454572,-0.00030303030303024947,2025-03-01
Rice,2025-03-01,3299.0,3594.600529100529,1050.0,6650.0,378,192,11,16,0,0,0,2025,3,1,Spring,3300.0,3300.0,3600.0,3400.0,3050.0,-0.00030303030303024947,-0.08361111111111108,0.08163934426229513,-1.0,3400.0,3371.6666666666665,3266.25,3300.0,3320.0,3295.0,173.20508075688772,119.06580813426925,147.85012374330003,3290.0,3600.0,-300.0,-100.0,250.0,3050.0,0.08163934426229513,2639.5491803278687,2600.0,283.5325451740527,2483.75,2550.0,-71.66666666666652,-20.0,0.03531363563052969,5.937536205082426,5.262690188904886,2.4849066497880004,2.833213344056216,0.0,0.0,123,15129,1.0,6.123233995736766e-17,1.0,6.123233995736766e-17,3340.0,8.114025442356757,0.012428008487420428,2025-04-01
Rice,2025-04-01,3340.0,3646.0805194805193,2150.0,6050.0,385,193,11,14,0,0,0,2025,4,2,Spring,3299.0,3300.0,3300.0,3290.0,3110.0,0.012428008487420428,0.0121212121212122,0.07395498392282951,41.0,3299.6666666666665,3354.8333333333335,3287.0,3300.0,3300.0,3299.5,0.5773502691895601,121.37613713851096,131.28663990742484,3290.0,3600.0,-1.0,9.0,189.0,3110.0,0.07395498392282951,2644.910569105691,2600.0,288.56080156329915,2506.25,2570.0,-55.833333333333485,-1.0,0.03617948347315146,5.955837369464831,5.267858159063328,2.4849066497880004,2.70805020110221,0.0,0.0,124,15376,0.8660254037844387,-0.4999999999999998,1.2246467991473532e-16,-1.0,3360.0,8.119993827725105,0.0059880239520957446,2025-05-01
Rice,2025-05-01,3360.0,3610.6512261580383,2000.0,6300.0,367,193,12,13,0,0,0,2025,5,2,Summer,3340.0,3299.0,3300.0,3340.0,3140.0,0.0059880239520957446,0.018181818181818077,0.07006369426751591,20.0,3313.0,3363.1666666666665,3306.1666666666665,3300.0,3320.0,3300.0,23.388031127052997,117.69522788399966,119.34277091511227,3299.0,3600.0,40.0,0.0,200.0,3140.0,0.07006369426751591,2650.516129032258,2600.0,294.08626531182364,2528.75,2581.25,-23.166666666666515,20.0,0.03499535989414728,5.908082938168931,5.267858159063328,2.5649493574615367,2.6390573296152584,0.0,0.0,125,15625,0.49999999999999994,-0.8660254037844387,1.2246467991473532e-16,-1.0,3500.0,8.160803920954665,0.04166666666666674,2025-06-01
Rice,2025-06-01,3500.0,3648.6069868995633,2200.0,5500.0,229,117,7,13,0,0,0,2025,6,2,Summer,3360.0,3340.0,3299.0,3600.0,3165.0,0.04166666666666674,0.06092755380418313,0.10584518167456558,140.0,3333.0,3366.5,3324.5,3340.0,3320.0,3300.0,31.096623610932422,117.1900166396436,107.83952724471499,3299.0,3600.0,61.0,-240.0,195.0,3165.0,0.10584518167456558,2656.192,2600.0,299.69350461709604,2556.875,2600.0,-6.5,40.0,0.03481063913252446,5.438079308923196,4.770684624465665,2.0794415416798357,2.6390573296152584,0.0,0.0,126,15876,1.2246467991473532e-16,-1.0,1.2246467991473532e-16,-1.0,3400.0,8.131824785007195,-0.02857142857142858,2025-07-01
Rice,2025-07-01,3400.0,3604.536817102138,1500.0,6200.0,421,200,11,15,0,0,0,2025,7,3,Monsoon,3500.0,3360.0,3340.0,3300.0,3200.0,-0.02857142857142858,0.017964071856287456,0.0625,-100.0,3400.0,3349.8333333333335,3352.4166666666665,3360.0,3320.0,3320.0,87.17797887081348,77.84707230632766,106.14352062041735,3299.0,3500.0,160.0,200.0,300.0,3200.0,0.0625,2662.8888888888887,2600.0,307.8125331359259,2532.5,2565.0,150.16666666666652,180.0,0.02323908820528215,6.045005314036012,5.303304908059076,2.4849066497880004,2.772588722239781,0.0,0.0,127,16129,-0.4999999999999997,-0.8660254037844388,-1.0,-1.8369701987210297e-16,3420.0,8.137688184977605,0.00588235294117645,2025-08-01
Rice,2025-08-01,3420.0,3650.9655963302753,2300.0,8335.0,436,221,11,16,0,0,0,2025,8,3,Monsoon,3400.0,3500.0,3360.0,3300.0,3300.0,0.00588235294117645,0.017857142857142794,0.036363636363636376,20.0,3420.0,3366.5,3369.0833333333335,3400.0,3350.0,3340.0,72.11102550927978,75.71987849963797,95.17014269510192,3299.0,3500.0,40.0,100.0,100.0,3300.0,0.036363636363636376,2668.6929133858266,2600.0,313.48810796945736,2554.0625,2587.5,33.5,50.0,0.022492166493283224,6.07993319509559,5.402677381872279,2.4849066497880004,2.833213344056216,0.0,0.0,128,16384,-0.8660254037844385,-0.5000000000000004,-1.0,-1.8369701987210297e-16,3410.0,8.134760782418645,-0.0029239766081871066,2025-09-01
Rice,2025-09-01,3410.0,3631.2429906542056,1600.0,7000.0,428,212,12,17,0,0,0,2025,9,3,Monsoon,3420.0,3400.0,3500.0,3299.0,3400.0,-0.0029239766081871066,-0.02571428571428569,0.002941176470588225,-10.0,3440.0,3386.5,3379.0833333333335,3420.0,3380.0,3350.0,52.91502622129181,70.29580357318588,93.5418801036912,3299.0,3500.0,-80.0,121.0,20.0,3400.0,0.002941176470588225,2674.5625,2600.0,319.2347703222146,2566.875,2600.0,33.5,40.0,0.020757656451553485,6.061456918928017,5.3612921657094255,2.5649493574615367,2.8903717578961645,0.0,0.0,129,16641,-1.0,-1.8369701987210297e-16,-1.0,-1.8369701987210297e-16,3447.5,8.145694632871345,0.010997067448680342,2025-10-01
Rice,2025-10-01,3447.5,3719.8662420382166,1900.0,8052.0,314,196,11,17,0,0,0,2025,10,4,Autumn,3410.0,3420.0,3400.0,3340.0,3290.0,0.010997067448680342,0.013970588235294068,0.0478723404255319,37.5,3410.0,3405.0,3379.9166666666665,3410.0,3405.0,3350.0,10.0,55.76737397439414,93.78937556939472,3340.0,3500.0,10.0,70.0,120.0,3290.0,0.0478723404255319,2680.263565891473,2600.0,324.51107500794177,2553.75,2555.0,5.0,5.0,0.016378083399234696,5.752572638825633,5.2832037287379885,2.4849066497880004,2.8903717578961645,0.0,0.0,130,16900,-0.8660254037844386,0.5000000000000001,-2.4492935982947064e-16,1.0,3400.0,8.131824785007195,-0.013778100072516342,2025-11-01
Rice,2025-11-01,3400.0,3635.979674796748,1520.0,8480.0,246,180,9,13,0,0,0,2025,11,4,Autumn,3447.5,3410.0,3420.0,3360.0,3340.0,-0.013778100072516342,-0.005847953216374324,0.017964071856287456,-47.5,3425.8333333333335,3422.9166666666665,3393.0416666666665,3420.0,3415.0,3380.0,19.41863366288501,47.33964159841729,91.04256205786729,3360.0,3500.0,27.5,87.5,107.5,3340.0,0.017964071856287456,2686.1653846153845,2600.0,330.1805436850352,2516.1111111111113,2540.0,24.583333333333485,32.5,0.013830205701302677,5.5093883366279774,5.198497031265826,2.302585092994046,2.6390573296152584,0.0,0.0,131,17161,-0.5000000000000004,0.8660254037844384,-2.4492935982947064e-16,1.0,3500.0,8.160803920954665,0.02941176470588225,2025-12-01
Wheat,2015-01-01,1575.0,1622.477653631285,1300.0,3100.0,358,335,16,34,0,0,0,2015,1,1,Winter,,,,,,,,,,,,,,,,,,,,,,,,,,,,,2543.3333333333335,2600.0,,,,5.883322388488279,5.817111159963204,2.833213344056216,3.5553480614894135,0.0,0.0,1,1,0.49999999999999994,0.8660254037844387,1.0,6.123233995736766e-17,1550.0,7.346655163176539,-0.015873015873015928,2015-02-01
Wheat,2015-02-01,1550.0,1575.7175572519084,1200.0,2655.0,131,127,11,19,0,0,0,2015,2,1,Winter,1575.0,,,,,-0.015873015873015928,,,-25.0,,,,,,,,,,,,,,,,,,,,2510.277777777778,2600.0,,,,4.882801922586371,4.852030263919617,2.4849066497880004,2.995732273553991,0.0,0.0,2,4,0.8660254037844386,0.5000000000000001,1.0,6.123233995736766e-17,1510.0,7.32052696227274,-0.02580645161290318,2015-03-01
Wheat,2015-03-01,1510.0,1557.6699029126214,1103.0,2700.0,103,101,10,17,0,0,0,2015,3,1,Spring,1550.0,1575.0,,,,-0.02580645161290318,,,-40.0,1562.5,,,1562.5,,,17.67766952966369,,,,,,,,,,,,,2530.0,2550.0,,,,4.6443908991413725,4.624972813284271,2.3978952727983707,2.8903717578961645,0.0,0.0,3,9,1.0,6.123233995736766e-17,1.0,6.123233995736766e-17,1461.0,7.2875606403097235,-0.03245033112582785,2015-04-01
Wheat,2015-04-01,1461.0,1539.55223880597,1200.0,3801.0,335,320,16,30,0,0,0,2015,4,2,Spring,1510.0,1550.0,1575.0,,,-0.03245033112582785,-0.07238095238095243,,-49.0,1545.0,1545.0,,1550.0,1550.0,,32.78719262151,32.78719262151,,1510.0,1575.0,-65.0,,,,,1545.0,1550.0,32.78719262151,2550.0,2590.0,-35.0,-40.0,0.021221483897417476,5.817111159963204,5.771441123130016,2.833213344056216,3.4339872044851463,0.0,0.0,4,16,0.8660254037844387,-0.4999999999999998,1.2246467991473532e-16,-1.0,1450.0,7.280008252884188,-0.007529089664613298,2015-05-01
Wheat,2015-05-01,1450.0,1492.6351908396946,1215.0,3850.0,524,502,13,34,0,0,0,2015,5,2,Summer,1461.0,1510.0,1550.0,,,-0.007529089664613298,-0.06451612903225812,,-11.0,1507.0,1524.0,,1510.0,1530.0,,44.57577817604534,49.80629143659129,,1461.0,1575.0,-89.0,,,,,1524.0,1530.0,49.80629143659129,2565.5555555555557,2590.0,-63.0,-69.0,0.03268129359356384,6.263398262591624,6.220590170099739,2.6390573296152584,3.5553480614894135,0.0,0.0,5,25,0.49999999999999994,-0.8660254037844387,1.2246467991473532e-16,-1.0,1455.0,7.283448228756631,0.0034482758620688614,2015-06-01
Wheat,2015-06-01,1455.0,1530.35025,1150.0,3400.0,480,444,16,34,0,0,0,2015,6,2,Summer,1450.0,1461.0,1510.0,,,0.0034482758620688614,-0.03642384105960261,,5.0,1473.6666666666667,1509.2,,1461.0,1510.0,,31.94265695482038,54.366349886671635,,1450.0,1575.0,-60.0,,,,,1509.2,1510.0,54.366349886671635,2603.6111111111113,2600.0,-59.200000000000045,-60.0,0.036023290409933496,6.175867270105761,6.09807428216624,2.833213344056216,3.5553480614894135,0.0,0.0,6,36,1.2246467991473532e-16,-1.0,1.2246467991473532e-16,-1.0,1451.0,7.280697195384741,-0.0027491408934707806,2015-07-01
Wheat,2015-07-01,1451.0,1512.479392624729,1150.0,4075.0,461,432,15,38,0,0,0,2015,7,3,Monsoon,1455.0,1450.0,1461.0,1575.0,,-0.0027491408934707806,-0.006844626967830281,,-4.0,1455.3333333333333,1500.1666666666667,1500.1666666666667,1455.0,1485.5,1485.5,5.50757054728641,53.42440141608204,53.42440141608204,1450.0,1575.0,-6.0,-120.0,,,,1500.1666666666667,1485.5,53.42440141608204,2581.9444444444443,2590.0,-45.16666666666674,-30.5,0.03561231068731166,6.135564891081739,6.07073772800249,2.772588722239781,3.6635616461296463,0.0,0.0,7,49,-0.4999999999999997,-0.8660254037844388,-1.0,-1.8369701987210297e-16,1454.0,7.282761179605593,0.002067539627842896,2015-08-01
Wheat,2015-08-01,1454.0,1491.6530612244899,145.0,3200.0,441,414,16,38,0,0,0,2015,8,3,Monsoon,1451.0,1455.0,1450.0,1550.0,,0.002067539627842896,0.0027586206896552667,,3.0,1452.0,1479.5,1493.142857142857,1451.0,1458.0,1461.0,2.6457513110651707,41.29285652506986,52.19012860502957,1450.0,1550.0,1.0,-99.0,,,,1493.142857142857,1461.0,52.19012860502957,2603.6111111111113,2600.0,-28.5,-7.0,0.027910007789841068,6.091309882077698,6.028278520230698,2.833213344056216,3.6635616461296463,0.0,0.0,8,64,-0.8660254037844385,-0.5000000000000004,-1.0,-1.8369701987210297e-16,1461.0,7.2875606403097235,0.004814305364511773,2015-09-01
Wheat,2015-09-01,1461.0,1530.9420289855072,1050.0,3800.0,483,451,16,42,0,0,0,2015,9,3,Monsoon,1454.0,1451.0,1455.0,1510.0,,0.004814305364511773,0.004123711340206171,,7.0,1453.3333333333333,1463.5,1488.25,1454.0,1454.5,1458.0,2.081665999466879,23.106276203663924,50.26145924776048,1450.0,1510.0,-1.0,-56.0,,,,1488.25,1458.0,50.26145924776048,2626.1111111111113,2600.0,-9.5,-0.5,0.015788367751051538,6.182084906716632,6.113682179832232,2.833213344056216,3.7612001156935624,0.0,0.0,9,81,-1.0,-1.8369701987210297e-16,-1.0,-1.8369701987210297e-16,1500.0,7.313886831633462,0.026694045174537884,2015-10-01
Wheat,2015-10-01,1500.0,1578.5701219512196,1150.0,3500.0,492,462,16,37,0,0,0,2015,10,4,Autumn,1461.0,1454.0,1451.0,1461.0,,0.026694045174537884,0.03376981392143352,,39.0,1455.3333333333333,1455.3333333333333,1485.2222222222222,1454.0,1454.5,1461.0,5.131601439447209,4.7609522856958595,47.8846994816136,1450.0,1461.0,10.0,0.0,,,,1485.2222222222222,1461.0,47.8846994816136,2603.3333333333335,2560.0,5.6666666666667425,6.5,0.003271382697454782,6.20050917404269,6.137727054086234,2.833213344056216,3.6375861597263857,0.0,0.0,10,100,-0.8660254037844386,0.5000000000000001,-2.4492935982947064e-16,1.0,1525.0,7.330405211844402,0.016666666666666607,2015-11-01
Wheat,2015-11-01,1525.0,1552.256,1150.0,2601.0,125,121,11,23,0,0,0,2015,11,4,Autumn,1500.0,1461.0,1454.0,1450.0,,0.016666666666666607,0.048830811554332776,,25.0,1471.6666666666667,1461.8333333333333,1486.7,1461.0,1454.5,1461.0,24.785748593361777,19.093628954880987,45.38734527498951,1450.0,1500.0,46.0,50.0,,,,1486.7,1461.0,45.38734527498951,2565.5,2557.5,38.16666666666674,45.5,0.013061426716370532,4.836281906951478,4.804021044733257,2.4849066497880004,3.1780538303479458,0.0,0.0,11,121,-0.5000000000000004,0.8660254037844384,-2.4492935982947064e-16,1.0,1560.0,7.353081920515432,0.022950819672131084,2015-12-01
Wheat,2015-12-01,1560.0,1641.4321120689656,1150.0,4000.0,464,433,14,38,0,0,0,2015,12,4,Winter,1525.0,1500.0,1461.0,1455.0,,0.022950819672131084,0.06776180698151957,,35.0,1495.3333333333333,1474.3333333333333,1490.1818181818182,1500.0,1458.0,1461.0,32.25419869309011,30.77444827558512,44.57985684548164,1451.0,1525.0,64.0,70.0,,,,1490.1818181818182,1461.0,44.57985684548164,2571.5,2600.0,50.66666666666674,67.0,0.020873467064606684,6.142037405587356,6.073044534100405,2.70805020110221,3.6635616461296463,0.0,0.0,12,144,-2.4492935982947064e-16,1.0,-2.4492935982947064e-16,1.0,1600.0,7.3783837129967145,0.02564102564102555,2016-01-01
Wheat,2016-01-01,1600.0,1671.4610244988864,162.5,3301.0,449,419,16,36,0,0,0,2016,1,1,Winter,1560.0,1525.0,1500.0,1451.0,1575.0,0.02564102564102555,0.06666666666666665,0.015873015873015817,40.0,1528.3333333333333,1491.8333333333333,1496.0,1525.0,1480.5,1480.5,30.138568866708646,44.41358650983566,47.041567691873226,1451.0,1560.0,60.0,109.0,-15.0,1575.0,0.015873015873015817,1496.0,1480.5,47.041567691873226,2594.0,2600.0,68.16666666666674,79.5,0.029771145018323536,6.1092475827643655,6.040254711277414,2.833213344056216,3.6109179126442243,0.0,0.0,13,169,0.49999999999999994,0.8660254037844387,1.0,6.123233995736766e-17,1625.0,7.3938782901077555,0.015625,2016-02-01
Wheat,2016-02-01,1625.0,1684.2067039106146,1150.0,3200.0,358,336,11,28,0,0,0,2016,2,1,Winter,1600.0,1560.0,1525.0,1454.0,1550.0,0.015625,0.06557377049180335,0.048387096774193505,25.0,1561.6666666666667,1516.6666666666667,1498.0833333333333,1560.0,1512.5,1480.5,37.527767497325755,56.912798794881304,51.225807298014686,1454.0,1600.0,75.0,146.0,50.0,1550.0,0.048387096774193505,1504.0,1500.0,53.48364235913631,2570.25,2605.0,83.33333333333326,87.5,0.03752492228233932,5.883322388488279,5.820082930352362,2.4849066497880004,3.367295829986474,0.0,0.0,14,196,0.8660254037844386,0.5000000000000001,1.0,6.123233995736766e-17,1611.0,7.385230923066573,-0.00861538461538458,2016-03-01
Wheat,2016-03-01,1611.0,1668.8859154929578,155.0,3600.0,355,332,14,35,0,0,0,2016,3,1,Spring,1625.0,1600.0,1560.0,1461.0,1510.0,-0.00861538461538458,0.0326923076923078,0.06688741721854297,-14.0,1595.0,1545.1666666666667,1504.3333333333333,1600.0,1542.5,1480.5,32.78719262151006,61.85601560613669,61.65053023930841,1461.0,1625.0,65.0,164.0,115.0,1510.0,0.06688741721854297,1512.642857142857,1505.0,60.71447317359554,2591.0,2575.0,79.83333333333326,82.5,0.040031937615879636,5.87493073085203,5.808142489980444,2.70805020110221,3.58351893845611,0.0,0.0,15,225,1.0,6.123233995736766e-17,1.0,6.123233995736766e-17,1539.0,7.3395376954076745,-0.04469273743016755,2016-04-01
Wheat,2016-04-01,1539.0,1635.309065934066,152.5,4150.0,364,349,14,32,0,0,0,2016,4,2,Spring,1611.0,1625.0,1600.0,1500.0,1461.0,-0.04469273743016755,-0.038124999999999964,0.05338809034907599,-72.0,1612.0,1570.1666666666667,1512.75,1611.0,1580.0,1480.5,12.529964086141813,50.26098553218594,68.95601364770023,1500.0,1625.0,11.0,111.0,150.0,1461.0,0.05338809034907599,1519.2,1510.0,63.77997894547877,2611.5,2590.0,40.83333333333326,31.0,0.03200996849518264,5.8998973535824915,5.857933154483459,2.70805020110221,3.4965075614664802,0.0,0.0,16,256,0.8660254037844387,-0.4999999999999998,1.2246467991473532e-16,-1.0,1525.0,7.330405211844402,-0.009096816114359974,2016-05-01
Wheat,2016-05-01,1525.0,1550.29797979798,1330.0,2500.0,198,196,12,22,0,0,0,2016,5,2,Summer,1539.0,1611.0,1625.0,1525.0,1450.0,-0.009096816114359974,-0.06153846153846154,0.051724137931034475,-14.0,1591.6666666666667,1576.6666666666667,1519.25,1611.0,1580.0,1512.5,46.1446999484593,41.049563538076754,67.29058423934755,1525.0,1625.0,-86.0,14.0,89.0,1450.0,0.051724137931034475,1520.4375,1517.5,61.81582186894657,2629.0,2595.0,-37.66666666666674,-41.0,0.026035663977638533,5.293304824724492,5.2832037287379885,2.5649493574615367,3.1354942159291497,0.0,0.0,17,289,0.49999999999999994,-0.8660254037844387,1.2246467991473532e-16,-1.0,1621.0,7.3914152346753585,0.06295081967213112,2016-06-01
Wheat,2016-06-01,1621.0,1679.8159784560144,1.0,3600.0,557,520,15,43,0,0,0,2016,6,2,Summer,1525.0,1539.0,1611.0,1560.0,1455.0,0.06295081967213112,0.0062073246430789375,0.11408934707903784,96.0,1558.3333333333333,1576.6666666666667,1525.5,1539.0,1580.0,1525.0,46.1446999484593,41.049563538076754,63.65889211614155,1525.0,1625.0,-86.0,-35.0,70.0,1455.0,0.11408934707903784,1520.7058823529412,1525.0,59.86314048089437,2673.25,2610.0,-51.66666666666674,-55.0,0.026035663977638533,6.324358962381311,6.255750041753367,2.772588722239781,3.784189633918261,0.0,0.0,18,324,1.2246467991473532e-16,-1.0,1.2246467991473532e-16,-1.0,1690.0,7.43307534889858,0.04256631708821712,2016-07-01
Wheat,2016-07-01,1690.0,1746.927813163482,160.0,3600.0,471,440,15,39,0,0,0,2016,7,3,Monsoon,1621.0,1525.0,1539.0,1600.0,1451.0,0.04256631708821712,0.09811565951916834,0.16471399035148182,69.0,1561.6666666666667,1586.8333333333333,1539.3333333333333,1539.0,1605.5,1532.0,51.85878260558508,43.57254487250649,64.96899027204977,1525.0,1625.0,82.0,21.0,170.0,1451.0,0.16471399035148182,1526.2777777777778,1525.0,62.70266487962481,2663.75,2595.0,34.16666666666674,15.5,0.02745880361674603,6.156978985585555,6.089044875446846,2.772588722239781,3.6888794541139363,0.0,0.0,19,361,-0.4999999999999997,-0.8660254037844388,-1.0,-1.8369701987210297e-16,1691.0,7.433666540166168,0.0005917159763313418,2016-08-01
Wheat,2016-08-01,1691.0,1738.6554726368158,1400.0,3601.0,402,374,14,35,0,0,0,2016,8,3,Monsoon,1690.0,1621.0,1525.0,1625.0,1454.0,0.0005917159763313418,0.10885245901639351,0.16299862448418168,1.0,1612.0,1601.8333333333333,1559.25,1621.0,1616.0,1549.5,82.8673639015988,61.01284017865893,71.71170184717539,1525.0,1690.0,165.0,65.0,236.0,1454.0,0.16299862448418168,1534.8947368421052,1525.0,71.58203897692191,2672.25,2600.0,88.16666666666674,74.0,0.038089381029232504,5.998936561946683,5.926926025970411,2.70805020110221,3.58351893845611,0.0,0.0,20,400,-0.8660254037844385,-0.5000000000000004,-1.0,-1.8369701987210297e-16,1680.0,7.427144133408616,-0.006505026611472453,2016-09-01
Wheat,2016-09-01,1680.0,1720.7287390029326,1458.0,3500.0,341,325,13,29,0,0,0,2016,9,3,Monsoon,1691.0,1690.0,1621.0,1611.0,1461.0,-0.006505026611472453,0.03639728562615674,0.1498973305954825,-11.0,1667.3333333333333,1612.8333333333333,1579.0,1690.0,1616.0,1580.0,40.12895878705718,71.13484846871164,72.71863585079136,1525.0,1691.0,70.0,80.0,230.0,1461.0,0.1498973305954825,1542.7,1532.0,77.92783436244748,2697.5,2600.0,78.16666666666674,75.0,0.044105517289683774,5.834810737062605,5.786897381366708,2.6390573296152584,3.4011973816621555,0.0,0.0,21,441,-1.0,-1.8369701987210297e-16,-1.0,-1.8369701987210297e-16,1675.0,7.424165281042028,-0.0029761904761904656,2016-10-01
Wheat,2016-10-01,1675.0,1732.7238095238095,1081.0,3200.0,315,296,12,36,0,0,0,2016,10,4,Autumn,1680.0,1691.0,1690.0,1539.0,1500.0,-0.0029761904761904656,-0.00887573964497046,0.1166666666666667,-5.0,1687.0,1624.3333333333333,1597.25,1690.0,1650.5,1605.5,6.082762530298463,76.17786205103523,67.72152202553147,1525.0,1691.0,-10.0,141.0,180.0,1500.0,0.1166666666666667,1549.2380952380952,1539.0,81.6504162646491,2703.0,2580.0,55.66666666666674,29.5,0.046897924513257895,5.755742213586912,5.6937321388027,2.5649493574615367,3.6109179126442243,0.0,0.0,22,484,-0.8660254037844386,0.5000000000000001,-2.4492935982947064e-16,1.0,1738.0,7.461065514354283,0.03761194029850756,2016-11-01
Wheat,2016-11-01,1738.0,1787.904761904762,945.0,4100.0,147,142,10,26,0,0,0,2016,11,4,Autumn,1675.0,1680.0,1691.0,1525.0,1525.0,0.03761194029850756,0.027794204612655138,0.13967213114754107,63.0,1682.0,1647.0,1611.8333333333333,1680.0,1677.5,1616.0,8.18535277187263,65.14291979946758,63.59221412224689,1525.0,1691.0,-16.0,150.0,150.0,1525.0,0.13967213114754107,1554.9545454545455,1544.5,84.07280137319043,,,28.0,-2.5,0.0395524710379281,4.997212273764115,4.962844630259907,2.3978952727983707,3.295836866004329,0.0,0.0,23,529,-0.5000000000000004,0.8660254037844384,-2.4492935982947064e-16,1.0,1915.0,7.557994958530806,0.1018411967779056,2016-12-01
Wheat,2016-12-01,1915.0,1943.1670428893906,1300.0,4100.0,443,414,14,35,0,0,0,2016,12,4,Winter,1738.0,1675.0,1680.0,1621.0,1560.0,0.1018411967779056,0.13988095238095233,0.22756410256410264,177.0,1697.6666666666667,1682.5,1629.5833333333333,1680.0,1685.0,1623.0,35.01904243884081,37.55928646819354,66.7974663827268,1621.0,1738.0,58.0,117.0,178.0,1560.0,0.22756410256410264,1562.9130434782608,1550.0,90.5743858250716,,,55.5,53.0,0.022323498643800024,6.095824562432225,6.028278520230698,2.70805020110221,3.58351893845611,0.0,0.0,24,576,-2.4492935982947064e-16,1.0,-2.4492935982947064e-16,1.0,1795.0,7.493317248862145,-0.06266318537859006,2017-01-01
Wheat,2017-01-01,1795.0,1790.6851851851852,1250.0,2275.0,108,107,8,16,0,0,0,2017,1,1,Winter,1915.0,1738.0,1675.0,1690.0,1600.0,-0.06266318537859006,0.07164179104477619,0.12187499999999996,-120.0,1776.0,1731.5,1659.1666666666667,1738.0,1690.5,1650.0,124.43070360646523,92.65149755940142,102.33619579453293,1675.0,1915.0,240.0,225.0,315.0,1600.0,0.12187499999999996,1577.5833333333333,1555.0,114.07126554565966,,,183.5,224.5,0.053509383516835936,4.6913478822291435,4.68213122712422,2.1972245773362196,2.833213344056216,0.0,0.0,25,625,0.49999999999999994,0.8660254037844387,1.0,6.123233995736766e-17,1850.0,7.523481312573497,0.03064066852367686,2017-02-01
Wheat,2017-02-01,1850.0,1873.098024691358,17.2,3800.0,405,381,13,37,0,0,0,2017,2,1,Winter,1795.0,1915.0,1738.0,1691.0,1625.0,0.03064066852367686,0.06444188722669741,0.1384615384615384,55.0,1816.0,1749.0,1675.4166666666667,1795.0,1714.5,1677.5,90.34932207825358,93.1600772863556,107.44170371401282,1675.0,1915.0,57.0,104.0,170.0,1625.0,0.1384615384615384,1586.28,1560.0,119.83687523741037,,,46.0,80.5,0.053264766887567525,6.0063531596017325,5.945420608606575,2.6390573296152584,3.6375861597263857,0.0,0.0,26,676,0.8660254037844386,0.5000000000000001,1.0,6.123233995736766e-17,1660.0,7.415175109613295,-0.10270270270270265,2017-03-01
Wheat,2017-03-01,1660.0,1719.602,1300.0,4530.0,500,469,12,38,0,0,0,2017,3,1,Spring,1850.0,1795.0,1915.0,1680.0,1611.0,-0.10270270270270265,-0.13315926892950392,0.030415890751086305,-190.0,1853.3333333333333,1775.5,1694.1666666666667,1850.0,1766.5,1685.0,60.069404303133666,95.93487374255369,117.04686965899482,1675.0,1915.0,-65.0,170.0,239.0,1611.0,0.030415890751086305,1596.423076923077,1567.5,128.3018855907965,,,74.5,83.5,0.05403259574348279,6.2166061010848646,6.152732694704104,2.5649493574615367,3.6635616461296463,0.0,0.0,27,729,1.0,6.123233995736766e-17,1.0,6.123233995736766e-17,1625.0,7.3938782901077555,-0.02108433734939763,2017-04-01
Wheat,2017-04-01,1625.0,1691.7473684210527,1420.0,3800.0,380,359,16,32,0,0,0,2017,4,2,Spring,1660.0,1850.0,1795.0,1675.0,1539.0,-0.02108433734939763,-0.09470752089136492,0.055880441845354234,-35.0,1768.3333333333333,1772.1666666666667,1698.25,1795.0,1766.5,1685.0,97.76672917374971,100.17068766194227,114.71317987207776,1660.0,1915.0,-135.0,-15.0,121.0,1539.0,0.055880441845354234,1598.7777777777778,1575.0,126.40391100732883,,,-112.16666666666674,-106.5,0.056524417001001935,5.942799375126701,5.886104031450156,2.833213344056216,3.4965075614664802,0.0,0.0,28,784,0.8660254037844387,-0.4999999999999998,1.2246467991473532e-16,-1.0,1625.0,7.3938782901077555,0.0,2017-05-01
Wheat,2017-05-01,1625.0,1631.1254863813228,1400.0,3200.0,514,483,14,36,0,0,0,2017,5,2,Summer,1625.0,1660.0,1850.0,1738.0,1525.0,0.0,-0.1216216216216216,0.06557377049180335,0.0,1711.6666666666667,1763.8333333333333,1705.4166666666667,1660.0,1766.5,1685.0,121.07160415776,111.3290917355675,106.23255650037842,1625.0,1915.0,-225.0,-113.0,100.0,1525.0,0.06557377049180335,1599.7142857142858,1587.5,124.13996197329104,,,-138.83333333333326,-141.5,0.06311769350972361,6.244166900663736,6.182084906716632,2.70805020110221,3.6109179126442243,0.0,0.0,29,841,0.49999999999999994,-0.8660254037844387,1.2246467991473532e-16,-1.0,1623.5,7.392955355109155,-0.0009230769230769154,2017-06-01
Wheat,2017-06-01,1623.5,1644.7456896551723,1085.0,3900.0,464,434,17,43,0,0,0,2017,6,2,Summer,1625.0,1625.0,1660.0,1915.0,1621.0,-0.0009230769230769154,-0.0219879518072289,0.0015422578655150954,-1.5,1636.6666666666667,1745.0,1713.75,1625.0,1727.5,1685.0,20.20725942163701,125.25973016097295,94.01269256667632,1625.0,1915.0,-35.0,-290.0,4.0,1621.0,0.0015422578655150954,1600.5862068965516,1600.0,121.99341821864792,,,-120.0,-102.5,0.07178208032147447,6.142037405587356,6.075346031088684,2.8903717578961645,3.784189633918261,0.0,0.0,30,900,1.2246467991473532e-16,-1.0,1.2246467991473532e-16,-1.0,1622.5,7.392339591542901,-0.000615953187557694,2017-07-01
Wheat,2017-07-01,1622.5,1646.5380813953489,142.1,4951.0,344,327,17,30,0,0,0,2017,7,3,Monsoon,1623.5,1625.0,1625.0,1795.0,1690.0,-0.000615953187557694,-0.0015384615384614886,-0.0399408284023669,-1.0,1624.5,1696.4166666666667,1713.9583333333333,1625.0,1642.5,1685.0,0.8660254037844386,100.15009568975195,93.79098094198953,1623.5,1850.0,-1.5,-171.5,-66.5,1690.0,-0.0399408284023669,1601.35,1605.5,119.94461006130541,,,-72.91666666666674,-19.0,0.05903626016981988,5.84354441703136,5.793013608384144,2.8903717578961645,3.4339872044851463,0.0,0.0,31,961,-0.4999999999999997,-0.8660254037844388,-1.0,-1.8369701987210297e-16,1620.0,7.390798521735676,-0.0015408320493066618,2017-08-01
Wheat,2017-08-01,1620.0,1632.580782312925,15.0,4000.0,588,561,16,36,0,0,0,2017,8,3,Monsoon,1622.5,1623.5,1625.0,1850.0,1691.0,-0.0015408320493066618,-0.003076923076923088,-0.041986989946777076,-2.5,1623.6666666666667,1667.6666666666667,1708.3333333333333,1623.5,1625.0,1677.5,1.258305739211818,90.48296340564056,97.31633828381406,1622.5,1850.0,-2.5,-227.5,-68.5,1691.0,-0.041986989946777076,1602.032258064516,1611.0,117.98975488602602,,,-45.16666666666674,-2.5,0.054257223709158836,6.3784261836515865,6.331501849893691,2.833213344056216,3.6109179126442243,0.0,0.0,32,1024,-0.8660254037844385,-0.5000000000000004,-1.0,-1.8369701987210297e-16,1601.0,7.379008127628304,-0.011728395061728403,2017-09-01
Wheat,2017-09-01,1601.0,1635.2642740619901,1085.0,4000.0,613,586,15,36,0,0,0,2017,9,3,Monsoon,1620.0,1622.5,1623.5,1660.0,1680.0,-0.011728395061728403,-0.013858946720049281,-0.04702380952380958,-19.0,1622.0,1629.3333333333333,1702.4166666666667,1622.5,1624.25,1667.5,1.802775637732034,15.13825177048241,100.5699289353465,1620.0,1660.0,-3.5,-40.0,-60.0,1680.0,-0.04702380952380958,1602.59375,1615.5,116.11454560739963,,,-9.333333333333258,-4.25,0.009291071053896734,6.419994928147142,6.375024819828097,2.772588722239781,3.6109179126442243,0.0,0.0,33,1089,-1.0,-1.8369701987210297e-16,-1.0,-1.8369701987210297e-16,1570.0,7.359467638255621,-0.019362898188632127,2017-10-01
Wheat,2017-10-01,1570.0,1556.4271523178809,144.0,1750.0,151,151,11,18,0,0,0,2017,10,4,Autumn,1601.0,1620.0,1622.5,1625.0,1675.0,-0.019362898188632127,-0.03235747303543912,-0.06268656716417909,-31.0,1614.5,1619.5,1695.8333333333333,1620.0,1623.0,1642.5,11.757976016304854,9.252026804968303,104.67272227222729,1601.0,1625.0,-21.5,-24.0,-74.0,1675.0,-0.06268656716417909,1602.5454545454545,1611.0,114.28619254668591,,,-18.5,-22.0,0.005712890895318495,5.0238805208462765,5.0238805208462765,2.4849066497880004,2.9444389791664403,0.0,0.0,34,1156,-0.8660254037844386,0.5000000000000001,-2.4492935982947064e-16,1.0,1600.0,7.3783837129967145,0.019108280254777066,2017-11-01
Wheat,2017-11-01,1600.0,1634.008806262231,1050.0,3800.0,511,486,12,31,0,0,0,2017,11,4,Autumn,1570.0,1601.0,1620.0,1625.0,1738.0,0.019108280254777066,-0.012345679012345734,-0.07940161104718069,30.0,1597.0,1610.3333333333333,1687.0833333333333,1601.0,1621.25,1625.0,25.23885892824793,21.651019991365843,110.7829231452488,1570.0,1625.0,-50.0,-55.0,-168.0,1738.0,-0.07940161104718069,1601.5882352941176,1606.0,112.67958532186113,,,-40.33333333333326,-51.25,0.013445054848705762,6.238324625039508,6.18826412308259,2.5649493574615367,3.4657359027997265,0.0,0.0,35,1225,-0.5000000000000004,0.8660254037844384,-2.4492935982947064e-16,1.0,1620.0,7.390798521735676,0.012499999999999956,2017-12-01
Wheat,2017-12-01,1620.0,1654.9125269978401,1300.0,4250.0,463,438,14,35,0,0,0,2017,12,4,Winter,1600.0,1570.0,1601.0,1623.5,1915.0,0.012499999999999956,0.011867582760774598,-0.15404699738903394,20.0,1590.3333333333333,1606.1666666666667,1675.5833333333333,1600.0,1610.5,1624.25,17.616280348965102,20.646226451013376,112.17089910516299,1570.0,1623.5,-1.0,-23.5,-315.0,1915.0,-0.15404699738903394,1601.5428571428572,1601.0,111.0104904574186,,,-6.1666666666667425,-10.5,0.012854348729488456,6.139884552226255,6.0844994130751715,2.70805020110221,3.58351893845611,0.0,0.0,36,1296,-2.4492935982947064e-16,1.0,-2.4492935982947064e-16,1.0,1630.0,7.396948602621014,0.006172839506172867,2018-01-01
Wheat,2018-01-01,1630.0,1674.241,950.0,4780.0,500,468,11,35,0,0,0,2018,1,1,Winter,1620.0,1600.0,1570.0,1622.5,1795.0,0.006172839506172867,0.03821656050955413,-0.0919220055710307,10.0,1596.6666666666667,1605.5833333333333,1651.0,1600.0,1610.5,1623.0,25.16611478423581,20.10078771258789,83.62388740936767,1570.0,1622.5,50.0,-2.5,-175.0,1795.0,-0.0919220055710307,1602.0555555555557,1606.0,109.4563695058301,,,14.416666666666742,9.5,0.012519305161730145,6.2166061010848646,6.150602768446279,2.4849066497880004,3.58351893845611,0.0,0.0,37,1369,0.49999999999999994,0.8660254037844387,1.0,6.123233995736766e-17,1615.0,7.38770923908104,-0.009202453987730008,2018-02-01
Wheat,2018-02-01,1615.0,1658.5309187279152,164.0,4100.0,566,533,13,34,0,0,0,2018,2,1,Winter,1630.0,1620.0,1600.0,1620.0,1850.0,-0.009202453987730008,0.009374999999999911,-0.12702702702702706,-15.0,1616.6666666666667,1606.8333333333333,1637.25,1620.0,1610.5,1623.0,15.275252316519353,21.544527534075183,70.29725844906477,1570.0,1630.0,30.0,10.0,-220.0,1850.0,-0.12702702702702706,1602.8108108108108,1611.0,108.02316825514731,,,23.166666666666742,19.5,0.013408066093190655,6.340359303727752,6.280395838960195,2.6390573296152584,3.5553480614894135,0.0,0.0,38,1444,0.8660254037844386,0.5000000000000001,1.0,6.123233995736766e-17,1650.0,7.409136443920128,0.021671826625387025,2018-03-01
Wheat,2018-03-01,1650.0,1710.0465994962217,164.0,4250.0,397,373,13,33,0,0,0,2018,3,1,Spring,1615.0,1630.0,1620.0,1601.0,1660.0,0.021671826625387025,0.0185185185185186,-0.0060240963855421326,35.0,1621.6666666666667,1606.0,1617.6666666666667,1620.0,1608.0,1621.25,7.637626158259468,21.023796041625246,21.29696236698278,1570.0,1630.0,-5.0,14.0,-45.0,1660.0,-0.0060240963855421326,1603.1315789473683,1613.0,106.57174237627537,,,9.0,7.0,0.013090782093166406,5.986452005284438,5.924255797414532,2.6390573296152584,3.5263605246161616,0.0,0.0,39,1521,1.0,6.123233995736766e-17,1.0,6.123233995736766e-17,1696.0,7.436617265234227,0.027878787878787836,2018-04-01
Wheat,2018-04-01,1696.0,1661.8159722222222,164.0,2400.0,144,144,12,16,0,0,0,2018,4,2,Spring,1650.0,1615.0,1630.0,1570.0,1625.0,0.027878787878787836,0.04049079754601226,0.0436923076923077,46.0,1631.6666666666667,1614.1666666666667,1616.8333333333333,1630.0,1617.5,1621.25,17.559422921421085,27.27941837111853,19.619486293588768,1570.0,1650.0,20.0,80.0,25.0,1625.0,0.0436923076923077,1604.3333333333333,1615.0,105.42759634068977,,,35.83333333333326,32.5,0.016900001055933006,4.976733742420574,4.976733742420574,2.5649493574615367,2.833213344056216,0.0,0.0,40,1600,0.8660254037844387,-0.4999999999999998,1.2246467991473532e-16,-1.0,1735.0,7.459338895220296,0.022995283018867996,2018-05-01
Wheat,2018-05-01,1735.0,1721.4607142857142,1350.0,3200.0,560,533,14,36,0,0,0,2018,5,2,Summer,1696.0,1650.0,1615.0,1600.0,1625.0,0.022995283018867996,0.07430340557275539,0.06769230769230772,39.0,1653.6666666666667,1635.1666666666667,1622.75,1650.0,1625.0,1621.25,40.62429486567522,34.11988667429161,30.173362725786596,1600.0,1696.0,81.0,96.0,71.0,1625.0,0.06769230769230772,1606.625,1617.5,105.07163307440814,,,60.83333333333326,71.0,0.02086630517233204,6.329720905522696,6.280395838960195,2.70805020110221,3.6109179126442243,0.0,0.0,41,1681,0.49999999999999994,-0.8660254037844387,1.2246467991473532e-16,-1.0,1735.0,7.459338895220296,0.0,2018-06-01
Wheat,2018-06-01,1735.0,1758.1869244935542,1300.0,4000.0,543,512,15,38,0,0,0,2018,6,2,Summer,1735.0,1696.0,1650.0,1620.0,1623.5,0.0,0.051515151515151514,0.06867878041268871,0.0,1693.6666666666667,1657.6666666666667,1631.9166666666667,1696.0,1640.0,1621.25,42.54801209614053,47.98610910113975,44.3143898921695,1615.0,1735.0,85.0,115.0,111.5,1623.5,0.06867878041268871,1609.7560975609756,1620.0,105.66930265876758,,,77.33333333333326,95.0,0.02894798457740182,6.298949246855942,6.240275845170769,2.772588722239781,3.6635616461296463,0.0,0.0,42,1764,1.2246467991473532e-16,-1.0,1.2246467991473532e-16,-1.0,1674.0,7.423568444259167,-0.03515850144092214,2018-07-01
Wheat,2018-07-01,1674.0,1660.661971830986,1277.0,2362.0,142,140,8,17,0,0,0,2018,7,3,Monsoon,1735.0,1735.0,1696.0,1630.0,1622.5,-0.03515850144092214,-0.01297169811320753,0.03174114021571639,-61.0,1722.0,1676.8333333333333,1641.2083333333333,1735.0,1673.0,1621.25,22.516660498395083,52.67035852039055,53.18982230624347,1615.0,1735.0,39.0,105.0,112.5,1622.5,0.03174114021571639,1612.7380952380952,1620.0,106.14677126480063,,,58.16666666666674,62.0,0.031410610388862274,4.962844630259907,4.948759890378168,2.1972245773362196,2.8903717578961645,0.0,0.0,43,1849,-0.4999999999999997,-0.8660254037844388,-1.0,-1.8369701987210297e-16,1855.0,7.526178913346146,0.10812425328554354,2018-08-01
Wheat,2018-08-01,1855.0,1892.2624309392265,1250.0,4025.0,543,513,14,37,0,0,0,2018,8,3,Monsoon,1674.0,1735.0,1735.0,1615.0,1620.0,0.10812425328554354,0.0691642651296831,0.1450617283950617,181.0,1714.6666666666667,1684.1666666666667,1645.5,1735.0,1685.0,1625.0,35.21836642056721,47.671444981943594,53.619026473818586,1615.0,1735.0,-61.0,59.0,54.0,1620.0,0.1450617283950617,1614.1627906976744,1620.0,105.29079465767937,,,-10.166666666666742,-11.0,0.028305657584528604,6.298949246855942,6.2422232654551655,2.70805020110221,3.6375861597263857,0.0,0.0,44,1936,-0.8660254037844385,-0.5000000000000004,-1.0,-1.8369701987210297e-16,1812.5,7.503013958722957,-0.022911051212938016,2018-09-01
Wheat,2018-09-01,1812.5,1860.3997395833333,172.0,4150.0,384,365,14,35,0,0,0,2018,9,3,Monsoon,1855.0,1674.0,1735.0,1650.0,1601.0,-0.022911051212938016,0.04466858789625361,0.13210493441598992,-42.5,1754.6666666666667,1724.1666666666667,1665.0833333333333,1735.0,1715.5,1640.0,92.08872533233009,72.33648226632563,79.9220737893352,1650.0,1855.0,120.0,205.0,254.0,1601.0,0.13210493441598992,1619.6363636363637,1620.5,110.21149665879528,,,130.83333333333326,139.5,0.04195446047346097,5.953243334287785,5.902633333401366,2.70805020110221,3.58351893845611,0.0,0.0,45,2025,-1.0,-1.8369701987210297e-16,-1.0,-1.8369701987210297e-16,1850.0,7.523481312573497,0.020689655172413834,2018-10-01
Wheat,2018-10-01,1850.0,1882.6040404040405,1300.0,4000.0,495,468,12,36,0,0,0,2018,10,4,Autumn,1812.5,1855.0,1674.0,1696.0,1570.0,0.020689655172413834,0.10513739545997614,0.17834394904458595,37.5,1780.5,1751.25,1682.7083333333333,1812.5,1735.0,1662.0,94.64803220352759,69.37416666165981,87.46959428419963,1674.0,1855.0,138.5,116.5,242.5,1570.0,0.17834394904458595,1623.9222222222222,1621.0,112.68141713555407,,,61.25,77.5,0.039614085174395325,6.206575926724928,6.150602768446279,2.5649493574615367,3.6109179126442243,0.0,0.0,46,2116,-0.8660254037844386,0.5000000000000001,-2.4492935982947064e-16,1.0,1858.0,7.527793987721444,0.00432432432432428,2018-11-01
Wheat,2018-11-01,1858.0,1906.6706443914081,1250.0,4200.0,419,403,12,26,0,0,0,2018,11,4,Autumn,1850.0,1812.5,1855.0,1735.0,1600.0,0.00432432432432428,0.0016172506738545422,0.1612499999999999,8.0,1839.1666666666667,1776.9166666666667,1706.0416666666667,1850.0,1773.75,1685.0,23.22893310794383,73.22596306410989,91.90421355790518,1674.0,1855.0,-5.0,115.0,250.0,1600.0,0.1612499999999999,1628.8369565217392,1621.75,116.30157419149691,1587.5,1587.5,73.08333333333326,76.25,0.04120956510666035,6.040254711277414,6.0014148779611505,2.5649493574615367,3.295836866004329,0.0,0.0,47,2209,-0.5000000000000004,0.8660254037844384,-2.4492935982947064e-16,1.0,1911.0,7.555905093611346,0.028525296017222868,2018-12-01
Wheat,2018-12-01,1911.0,1955.820281124498,1300.0,3950.0,498,475,14,35,0,0,0,2018,12,4,Winter,1858.0,1850.0,1812.5,1735.0,1620.0,0.028525296017222868,0.054344827586206845,0.17962962962962958,53.0,1840.1666666666667,1797.4166666666667,1727.5416666666667,1850.0,1831.25,1715.5,24.291630931934748,76.29706197925553,94.96876480126963,1674.0,1858.0,45.5,123.0,238.0,1620.0,0.17962962962962958,1633.712765957447,1622.5,119.78884251051606,1587.5,1587.5,60.58333333333326,26.75,0.04244817765084456,6.212606095751519,6.16541785423142,2.70805020110221,3.58351893845611,0.0,0.0,48,2304,-2.4492935982947064e-16,1.0,-2.4492935982947064e-16,1.0,1920.0,7.560601162768557,0.0047095761381474865,2019-01-01
Wheat,2019-01-01,1920.0,1971.9239130434783,1300.0,5050.0,460,437,12,34,0,0,0,2019,1,1,Winter,1911.0,1858.0,1850.0,1674.0,1630.0,0.0047095761381474865,0.037837837837837895,0.17791411042944794,9.0,1873.0,1826.75,1751.7916666666667,1858.0,1852.5,1735.0,33.15116890850146,81.17742912903599,101.91115969165033,1674.0,1911.0,61.0,237.0,281.0,1630.0,0.17791411042944794,1639.4895833333333,1623.0,125.08356736739873,1560.5,1560.5,84.25,58.5,0.04443817113947501,6.133398042996649,6.082218910376446,2.5649493574615367,3.5553480614894135,0.0,0.0,49,2401,0.49999999999999994,0.8660254037844387,1.0,6.123233995736766e-17,1970.0,7.58629630715272,0.02604166666666674,2019-02-01
Wheat,2019-02-01,1970.0,2003.2074898785424,1600.0,3950.0,494,476,15,36,0,0,0,2019,2,1,Winter,1920.0,1911.0,1858.0,1855.0,1615.0,0.02604166666666674,0.060279870828848114,0.2198142414860682,50.0,1896.3333333333333,1867.75,1775.9583333333333,1911.0,1856.5,1773.75,33.50124375800589,40.56075689628599,104.74958414613383,1812.5,1920.0,62.0,65.0,305.0,1615.0,0.2198142414860682,1645.2142857142858,1623.5,130.0991208655922,1500.0,1500.0,52.25,63.5,0.02171637365615633,6.20455776256869,6.1675164908883415,2.772588722239781,3.6109179126442243,0.0,0.0,50,2500,0.8660254037844386,0.5000000000000001,1.0,6.123233995736766e-17,1925.0,7.563200592358071,-0.022842639593908642,2019-03-01
Wheat,2019-03-01,1925.0,1949.4751082251082,1495.0,3200.0,462,438,12,35,0,0,0,2019,3,1,Spring,1970.0,1920.0,1911.0,1812.5,1650.0,-0.022842639593908642,0.0073260073260073,0.16666666666666674,-45.0,1933.6666666666667,1886.9166666666667,1805.5416666666667,1920.0,1884.5,1831.25,31.785741037976898,57.121289084423275,105.28736830333695,1812.5,1970.0,59.0,157.5,320.0,1650.0,0.16666666666666674,1651.71,1624.25,136.7116393981827,1487.5,1487.5,83.08333333333326,85.5,0.030272290288966976,6.137727054086234,6.0844994130751715,2.5649493574615367,3.58351893845611,0.0,0.0,51,2601,1.0,6.123233995736766e-17,1.0,6.123233995736766e-17,1845.0,7.520776415062797,-0.04155844155844157,2019-04-01
Wheat,2019-04-01,1845.0,1883.0727650727652,184.0,3415.0,481,458,14,35,0,0,0,2019,4,2,Spring,1925.0,1970.0,1920.0,1850.0,1696.0,-0.04155844155844157,-0.0390625,0.08785377358490565,-80.0,1938.3333333333333,1905.6666666666667,1828.4583333333333,1925.0,1915.5,1852.5,27.537852736430388,44.982959736618376,98.03280024686906,1850.0,1970.0,5.0,75.0,229.0,1696.0,0.08785377358490565,1657.0686274509803,1625.0,140.64398386023626,1538.0,1538.0,19.333333333333258,9.5,0.023604841561982705,6.1779441140506,6.129050210060545,2.70805020110221,3.58351893845611,0.0,0.0,52,2704,0.8660254037844387,-0.4999999999999998,1.2246467991473532e-16,-1.0,1840.0,7.518064181233078,-0.0027100271002710175,2019-05-01
Wheat,2019-05-01,1840.0,1831.2408293460926,379.0,3000.0,627,596,11,35,0,0,0,2019,5,2,Summer,1845.0,1925.0,1970.0,1858.0,1735.0,-0.0027100271002710175,-0.06598984771573602,0.060518731988472574,-5.0,1913.3333333333333,1904.8333333333333,1840.875,1925.0,1915.5,1852.5,63.31139971074185,46.248963952355005,88.72483638141688,1845.0,1970.0,-125.0,-13.0,110.0,1735.0,0.060518731988472574,1660.6826923076924,1625.0,141.6759291843762,1570.5,1570.5,-59.83333333333326,-70.5,0.02427979558265203,6.4425401664681985,6.391917113392602,2.4849066497880004,3.58351893845611,0.0,0.0,53,2809,0.49999999999999994,-0.8660254037844387,1.2246467991473532e-16,-1.0,1840.0,7.518064181233078,0.0,2019-06-01
Wheat,2019-06-01,1840.0,1890.9816053511706,391.0,3200.0,598,567,15,34,0,0,0,2019,6,2,Summer,1840.0,1845.0,1925.0,1911.0,1735.0,0.0,-0.04415584415584417,0.060518731988472574,0.0,1870.0,1901.8333333333333,1849.625,1845.0,1915.5,1852.5,47.69696007084715,50.30076208832463,82.27755824591051,1840.0,1970.0,-85.0,-71.0,105.0,1735.0,0.060518731988472574,1664.066037735849,1625.0,142.45265872643196,1572.5,1572.5,-61.83333333333326,-75.5,0.026448564764696154,6.395261598115449,6.342121418721152,2.772588722239781,3.5553480614894135,0.0,0.0,54,2916,1.2246467991473532e-16,-1.0,1.2246467991473532e-16,-1.0,1845.0,7.520776415062797,0.0027173913043478937,2019-07-01
Wheat,2019-07-01,1845.0,1873.1893805309735,1450.0,3600.0,565,537,15,35,0,0,0,2019,7,3,Monsoon,1840.0,1840.0,1845.0,1920.0,1674.0,0.0027173913043478937,0.0,0.10215053763440851,5.0,1841.6666666666667,1890.0,1858.375,1840.0,1882.5,1852.5,2.8867513459459397,55.76737397439101,74.1623296314493,1840.0,1970.0,-5.0,-80.0,166.0,1674.0,0.10215053763440851,1667.3240740740741,1625.0,143.1191006004217,1570.5,1570.5,-50.0,-42.5,0.02950654707639736,6.338594078203183,6.2878585601617845,2.772588722239781,3.58351893845611,0.0,0.0,55,3025,-0.4999999999999997,-0.8660254037844388,-1.0,-1.8369701987210297e-16,1925.0,7.563200592358071,0.04336043360433606,2019-08-01
Wheat,2019-08-01,1925.0,1957.055437100213,1660.0,4200.0,469,455,11,32,0,0,0,2019,8,3,Monsoon,1845.0,1840.0,1840.0,1970.0,1855.0,0.04336043360433606,0.04619565217391308,0.037735849056603765,80.0,1841.6666666666667,1877.5,1872.625,1840.0,1845.0,1852.5,2.886751345948096,56.1025846106897,46.95119564747396,1840.0,1970.0,5.0,-125.0,-10.0,1855.0,0.037735849056603765,1670.5545454545454,1625.0,143.79755808231823,1587.5,1587.5,-32.5,0.0,0.029881536410487193,6.152732694704104,6.1224928095143865,2.4849066497880004,3.4965075614664802,0.0,0.0,56,3136,-0.8660254037844385,-0.5000000000000004,-1.0,-1.8369701987210297e-16,1900.0,7.550135342488429,-0.012987012987012991,2019-09-01
Wheat,2019-09-01,1900.0,1924.9259259259259,1700.0,3000.0,189,184,11,20,0,0,0,2019,9,3,Monsoon,1925.0,1845.0,1840.0,1925.0,1812.5,-0.012987012987012991,0.032608695652173836,0.048275862068965614,-25.0,1870.0,1870.0,1878.4583333333333,1845.0,1845.0,1854.0,47.696960070847275,42.66145801539845,48.871565600485205,1840.0,1925.0,85.0,0.0,112.5,1812.5,0.048275862068965614,1675.0982142857142,1627.5,146.48513482270465,1631.5,1631.5,55.0,80.0,0.02281361391197778,5.247024072160486,5.220355825078324,2.4849066497880004,3.044522437723423,0.0,0.0,57,3249,-1.0,-1.8369701987210297e-16,-1.0,-1.8369701987210297e-16,1950.0,7.576097340623111,0.026315789473684292,2019-10-01
Wheat,2019-10-01,1950.0,1985.1583011583011,1675.0,4050.0,777,567,13,36,0,0,0,2019,10,4,Autumn,1900.0,1925.0,1845.0,1845.0,1850.0,0.026315789473684292,0.05691056910569103,0.054054054054053946,50.0,1890.0,1865.8333333333333,1885.75,1900.0,1845.0,1879.0,40.92676385936225,37.06975406805764,44.46474599459378,1840.0,1925.0,55.0,55.0,50.0,1850.0,0.054054054054053946,1679.0438596491229,1630.0,148.19615622731703,1737.5,1737.5,34.16666666666674,55.0,0.019867666316064837,6.656726524178391,6.342121418721152,2.6390573296152584,3.6109179126442243,0.0,0.0,58,3364,-0.8660254037844386,0.5000000000000001,-2.4492935982947064e-16,1.0,2000.0,7.601402334583733,0.02564102564102555,2019-11-01
Wheat,2019-11-01,2000.0,2038.41064453125,1580.0,3900.0,1024,597,14,36,0,0,0,2019,11,4,Autumn,1950.0,1900.0,1925.0,1840.0,1858.0,0.02564102564102555,0.03896103896103886,0.07642626480086112,50.0,1925.0,1883.3333333333333,1894.0833333333333,1925.0,1872.5,1905.5,24.99999999999999,48.33908011812244,46.480608534065915,1840.0,1950.0,25.0,110.0,92.0,1858.0,0.07642626480086112,1683.7155172413793,1640.0,151.13773525545764,1656.6666666666667,1600.0,66.66666666666674,77.5,0.0256667682043128,6.932447891572509,6.393590753950631,2.70805020110221,3.6109179126442243,0.0,0.0,59,3481,-0.5000000000000004,0.8660254037844384,-2.4492935982947064e-16,1.0,1960.0,7.581209826196346,-0.020000000000000018,2019-12-01
Wheat,2019-12-01,1960.0,1987.5107033639144,1700.0,3000.0,327,198,12,23,0,0,0,2019,12,4,Winter,2000.0,1950.0,1900.0,1840.0,1911.0,-0.020000000000000018,0.03157894736842115,0.02564102564102555,-40.0,1950.0,1910.0,1905.9166666666667,1950.0,1912.5,1915.5,49.99999999999999,61.886993787059716,53.93676151220392,1840.0,2000.0,100.0,160.0,89.0,1911.0,0.02564102564102555,1689.0762711864406,1650.0,155.38436252368092,1675.0,1625.0,90.0,87.5,0.032401567427779956,5.793013608384144,5.293304824724492,2.5649493574615367,3.1780538303479458,0.0,0.0,60,3600,-2.4492935982947064e-16,1.0,-2.4492935982947064e-16,1.0,2115.0,7.65728279297819,0.07908163265306123,2020-01-01
Wheat,2020-01-01,2115.0,2149.483146067416,801.0,4450.0,801,517,10,26,0,0,0,2020,1,1,Winter,1960.0,2000.0,1950.0,1845.0,1920.0,0.07908163265306123,0.08461538461538454,0.1015625,155.0,1970.0,1930.0,1910.0,1960.0,1937.5,1922.5,26.4575131106459,53.57238094391128,56.16534033143196,1845.0,2000.0,10.0,115.0,40.0,1920.0,0.1015625,1693.5916666666667,1655.0,157.98228530994038,1593.6666666666667,1611.0,30.0,22.5,0.027757710333632786,6.687108607866515,6.249975242259483,2.3978952727983707,3.295836866004329,0.0,0.0,61,3721,0.49999999999999994,0.8660254037844387,1.0,6.123233995736766e-17,2055.0,7.628517626575055,-0.028368794326241176,2020-02-01
Wheat,2020-02-01,2055.0,2092.400432900433,1500.0,3950.0,693,439,10,27,0,0,0,2020,2,1,Winter,2115.0,1960.0,2000.0,1925.0,1970.0,-0.028368794326241176,0.02750000000000008,0.043147208121827374,-60.0,2025.0,1975.0,1926.25,2000.0,1955.0,1925.0,80.46738469715541,76.41989269816796,81.71805742362608,1900.0,2115.0,115.0,190.0,145.0,1970.0,0.043147208121827374,1700.5,1660.0,165.69145522124347,1541.6666666666667,1539.0,140.0,160.0,0.038693616556034406,6.542471960506805,6.0867747269123065,2.3978952727983707,3.332204510175204,0.0,0.0,62,3844,0.8660254037844386,0.5000000000000001,1.0,6.123233995736766e-17,1970.0,7.58629630715272,-0.041362530413625254,2020-03-01
Wheat,2020-03-01,1970.0,1956.2988047808765,1505.0,2650.0,251,170,7,15,0,0,0,2020,3,1,Spring,2055.0,2115.0,1960.0,1900.0,1925.0,-0.041362530413625254,0.005102040816326481,0.023376623376623273,-85.0,2043.3333333333333,1996.6666666666667,1933.3333333333333,2055.0,1980.0,1925.0,78.15582725128904,77.82458908767941,89.19675221699922,1900.0,2115.0,95.0,155.0,130.0,1925.0,0.023376623376623273,1706.217741935484,1667.0,170.3835023609527,1533.3333333333333,1525.0,58.33333333333326,75.0,0.038977256638236764,5.529429087511423,5.14166355650266,2.0794415416798357,2.772588722239781,0.0,0.0,63,3969,1.0,6.123233995736766e-17,1.0,6.123233995736766e-17,2000.0,7.601402334583733,0.015228426395939021,2020-04-01
Wheat,2020-04-01,2000.0,2019.205223880597,1600.0,3300.0,268,176,8,15,0,0,0,2020,4,2,Spring,1970.0,2055.0,2115.0,1950.0,1845.0,0.015228426395939021,-0.05437352245862881,0.08401084010840099,30.0,2046.6666666666667,2008.3333333333333,1937.0833333333333,2055.0,1985.0,1937.5,72.85830998131472,64.54972243678623,89.75872541362729,1950.0,2115.0,-145.0,20.0,125.0,1845.0,0.08401084010840099,1710.404761904762,1674.0,172.2404278238954,1566.5,1621.0,-38.33333333333326,-15.0,0.032140940632424675,5.594711379601839,5.176149732573829,2.1972245773362196,2.772588722239781,0.0,0.0,64,4096,0.8660254037844387,-0.4999999999999998,1.2246467991473532e-16,-1.0,1925.0,7.563200592358071,-0.03749999999999998,2020-05-01
Wheat,2020-05-01,1925.0,1908.2732250580048,1250.0,4800.0,862,569,11,31,0,0,0,2020,5,2,Summer,2000.0,1970.0,2055.0,2000.0,1840.0,-0.03749999999999998,-0.06326034063260344,0.04619565217391308,-75.0,2008.3333333333333,2016.6666666666667,1950.0,2000.0,2000.0,1955.0,43.10839052125869,58.45225972249605,86.39233972775904,1960.0,2115.0,-55.0,0.0,160.0,1840.0,0.04619565217391308,1714.9296875,1674.5,174.6604158093483,1587.8333333333333,1622.5,-16.666666666666742,0.0,0.028984591597931927,6.760414691083428,6.345636360828596,2.4849066497880004,3.4657359027997265,0.0,0.0,65,4225,0.49999999999999994,-0.8660254037844387,1.2246467991473532e-16,-1.0,1866.0,7.532088143541722,-0.030649350649350704,2020-06-01
Wheat,2020-06-01,1866.0,1874.3517871900826,660.0,4500.0,968,588,11,33,0,0,0,2020,6,2,Summer,1925.0,2000.0,1970.0,1960.0,1840.0,-0.030649350649350704,-0.05279187817258879,0.01413043478260878,-59.0,1965.0,2004.1666666666667,1957.0833333333333,1970.0,1985.0,1955.0,37.74917217635389,69.67184988692452,79.78546043590823,1925.0,2115.0,-45.0,-35.0,85.0,1840.0,0.01413043478260878,1718.1615384615384,1675.0,175.23845601450085,1588.3333333333333,1620.0,-79.16666666666674,-60.0,0.03476350098308084,6.876264611890766,6.3784261836515865,2.4849066497880004,3.5263605246161616,0.0,0.0,66,4356,1.2246467991473532e-16,-1.0,1.2246467991473532e-16,-1.0,1833.5,7.514527243795337,-0.017416934619506996,2020-07-01
Wheat,2020-07-01,1833.5,1874.3667127071824,1250.0,4500.0,724,471,9,30,0,0,0,2020,7,3,Monsoon,1866.0,1925.0,2000.0,2115.0,1845.0,-0.017416934619506996,-0.08325000000000005,-0.006233062330623262,-32.5,1930.3333333333333,1988.5,1959.25,1925.0,1985.0,1955.0,67.15901527965802,89.37281465859456,76.60658053860885,1866.0,2115.0,-134.0,-249.0,21.0,1845.0,-0.006233062330623262,1720.4015151515152,1677.5,174.83487197698136,1580.6666666666667,1601.0,-122.5,-119.0,0.04494484016021854,6.586171654854675,6.156978985585555,2.302585092994046,3.4339872044851463,0.0,0.0,67,4489,-0.4999999999999997,-0.8660254037844388,-1.0,-1.8369701987210297e-16,1709.0,7.444248649496705,-0.06790291791655301,2020-08-01
Wheat,2020-08-01,1709.0,1788.3313953488373,1416.0,4300.0,258,212,9,22,0,0,0,2020,8,3,Monsoon,1833.5,1866.0,1925.0,2055.0,1925.0,-0.06790291791655301,-0.1122077922077922,-0.1122077922077922,-124.5,1874.8333333333333,1941.5833333333333,1958.2916666666667,1866.0,1947.5,1955.0,46.38516285767825,83.37050837476168,78.22068382971385,1833.5,2055.0,-91.5,-221.5,-91.5,1925.0,-0.1122077922077922,1722.089552238806,1680.0,174.05460927652143,1581.6666666666667,1570.0,-108.08333333333326,-114.0,0.042939443774288176,5.556828061699537,5.3612921657094255,2.302585092994046,3.1354942159291497,0.0,0.0,68,4624,-0.8660254037844385,-0.5000000000000004,-1.0,-1.8369701987210297e-16,1661.0,7.415776975415394,-0.028086600351082458,2020-09-01
Wheat,2020-09-01,1661.0,1722.9922839506173,1330.0,4800.0,648,446,8,23,0,0,0,2020,9,3,Monsoon,1709.0,1833.5,1866.0,1970.0,1900.0,-0.028086600351082458,-0.109860664523044,-0.12578947368421056,-48.0,1802.8333333333333,1883.9166666666667,1940.2916666666667,1833.5,1895.5,1955.0,82.8708835076188,105.86048208215506,106.36695879944378,1709.0,2000.0,-157.0,-261.0,-191.0,1900.0,-0.12578947368421056,1721.8970588235295,1685.0,172.75810365733955,1621.0,1600.0,-174.91666666666674,-186.5,0.05619170102118196,6.47543271670409,6.102558594613569,2.1972245773362196,3.1780538303479458,0.0,0.0,69,4761,-1.0,-1.8369701987210297e-16,-1.0,-1.8369701987210297e-16,1610.0,7.384610383176974,-0.030704394942805524,2020-10-01
Wheat,2020-10-01,1610.0,1701.8220611916265,1070.0,5900.0,621,398,9,28,0,0,0,2020,10,4,Autumn,1661.0,1709.0,1833.5,2000.0,1950.0,-0.030704394942805524,-0.12189800927188432,-0.1743589743589744,-51.0,1734.5,1832.4166666666667,1920.375,1709.0,1849.75,1955.0,89.03229751051012,128.37461457261068,133.50980982003503,1661.0,2000.0,-172.5,-339.0,-289.0,1950.0,-0.1743589743589744,1721.0144927536232,1680.0,171.63975550327555,1698.3333333333333,1620.0,-171.41666666666674,-188.75,0.07005754581251208,6.432940092739179,5.988961416889864,2.302585092994046,3.367295829986474,0.0,0.0,70,4900,-0.8660254037844386,0.5000000000000001,-2.4492935982947064e-16,1.0,1660.0,7.415175109613295,0.03105590062111796,2020-11-01
Wheat,2020-11-01,1660.0,1689.5463414634146,1300.0,2401.0,205,129,9,15,0,0,0,2020,11,4,Autumn,1610.0,1661.0,1709.0,1925.0,2000.0,0.03105590062111796,-0.028671737858396718,-0.17000000000000004,50.0,1660.0,1767.4166666666667,1892.0416666666667,1661.0,1771.25,1942.5,49.50757517794612,125.24792080775799,160.08384995105396,1610.0,1925.0,-99.0,-315.0,-390.0,2000.0,-0.17000000000000004,1719.4285714285713,1677.5,170.90730358360776,1650.0,1615.0,-157.41666666666674,-161.25,0.07086496533043028,5.327876168789581,4.867534450455582,2.302585092994046,2.772588722239781,0.0,0.0,71,5041,-0.5000000000000004,0.8660254037844384,-2.4492935982947064e-16,1.0,1650.0,7.409136443920128,-0.0060240963855421326,2020-12-01
Wheat,2020-12-01,1650.0,1688.1324786324785,1300.0,6100.0,468,338,9,24,0,0,0,2020,12,4,Winter,1660.0,1610.0,1661.0,1866.0,1960.0,-0.0060240963855421326,-0.0066225165562914245,-0.15816326530612246,-10.0,1643.6666666666667,1723.25,1863.7083333333333,1660.0,1685.0,1895.5,29.16047553338799,103.37976107536622,169.07508530146288,1610.0,1866.0,-1.0,-206.0,-300.0,1960.0,-0.15816326530612246,1718.5915492957747,1675.0,169.8286596598204,1660.0,1620.0,-63.25,-25.0,0.0599911568695002,6.150602768446279,5.82600010738045,2.302585092994046,3.2188758248682006,0.0,0.0,72,5184,-2.4492935982947064e-16,1.0,-2.4492935982947064e-16,1.0,1700.0,7.438971592395862,0.030303030303030276,2021-01-01
Wheat,2021-01-01,1700.0,1719.9793152639088,1095.0,4800.0,701,455,9,29,0,0,0,2021,1,1,Winter,1650.0,1660.0,1610.0,1833.5,2115.0,0.030303030303030276,0.05590062111801242,-0.19621749408983447,50.0,1640.0,1687.25,1837.875,1650.0,1660.5,1849.75,26.457513110645664,78.29287962516031,176.54282573410268,1610.0,1833.5,40.0,-183.5,-465.0,2115.0,-0.19621749408983447,1717.638888888889,1674.5,168.8220836595213,1607.75,1630.5,-37.25,-10.5,0.04640265498601885,6.553933404025811,6.1224928095143865,2.302585092994046,3.4011973816621555,0.0,0.0,73,5329,0.49999999999999994,0.8660254037844387,1.0,6.123233995736766e-17,1700.0,7.438971592395862,0.0,2021-02-01
Wheat,2021-02-01,1700.0,1736.1614457831324,1290.0,5587.0,830,524,10,30,0,0,0,2021,2,1,Winter,1700.0,1650.0,1660.0,1709.0,2055.0,0.0,0.024096385542168752,-0.17274939172749393,0.0,1670.0,1665.0,1803.2916666666667,1660.0,1660.5,1771.25,26.457513110645664,35.92213802100125,156.87291589826492,1610.0,1709.0,40.0,-9.0,-355.0,2055.0,-0.17274939172749393,1717.3972602739725,1675.0,167.65831984906646,1580.25,1582.0,35.0,39.5,0.021574857670271022,6.7226297948554485,6.263398262591624,2.3978952727983707,3.4339872044851463,0.0,0.0,74,5476,0.8660254037844386,0.5000000000000001,1.0,6.123233995736766e-17,1700.0,7.438971592395862,0.0,2021-03-01
Wheat,2021-03-01,1700.0,1743.6237993596585,1200.0,5207.0,937,562,9,32,0,0,0,2021,3,1,Spring,1700.0,1700.0,1650.0,1661.0,1970.0,0.0,0.030303030303030276,-0.13705583756345174,0.0,1683.3333333333333,1663.5,1773.7083333333333,1700.0,1660.5,1704.5,28.867513459481085,33.84523600153891,137.34833922504697,1610.0,1700.0,50.0,39.0,-270.0,1970.0,-0.13705583756345174,1717.162162162162,1677.5,166.51829691124013,1583.75,1575.0,36.5,39.5,0.020345798618298112,6.843749949006225,6.333279628139691,2.302585092994046,3.4965075614664802,0.0,0.0,75,5625,1.0,6.123233995736766e-17,1.0,6.123233995736766e-17,1760.0,7.473637108496206,0.03529411764705892,2021-04-01
Wheat,2021-04-01,1760.0,1832.2483443708609,1425.0,4600.0,755,536,10,30,0,0,0,2021,4,2,Spring,1700.0,1700.0,1700.0,1610.0,2000.0,0.03529411764705892,0.03529411764705892,-0.12,60.0,1700.0,1670.0,1751.2083333333333,1700.0,1680.0,1700.0,0.0,36.87817782916963,123.70703263857784,1610.0,1700.0,0.0,90.0,-300.0,2000.0,-0.12,1716.9333333333334,1680.0,165.40121844491674,1608.625,1622.25,30.0,20.0,0.022082741215071634,6.628041376179533,6.285998094508865,2.3978952727983707,3.4339872044851463,0.0,0.0,76,5776,0.8660254037844387,-0.4999999999999998,1.2246467991473532e-16,-1.0,1975.0,7.588829878307813,0.12215909090909083,2021-05-01
Wheat,2021-05-01,1975.0,1952.3157894736842,910.0,7562.0,418,325,10,20,0,0,0,2021,5,2,Summer,1760.0,1700.0,1700.0,1660.0,1925.0,0.12215909090909083,0.16176470588235303,0.025974025974025983,215.0,1720.0,1695.0,1731.2083333333333,1700.0,1700.0,1700.0,34.64101615137755,38.85871845544876,96.16166745579284,1650.0,1760.0,60.0,100.0,-165.0,1925.0,0.025974025974025983,1717.5,1685.0,164.36909685217597,1609.375,1648.25,65.0,60.0,0.022925497613834077,6.037870919922137,5.786897381366708,2.3978952727983707,3.044522437723423,0.0,0.0,77,5929,0.49999999999999994,-0.8660254037844387,1.2246467991473532e-16,-1.0,1840.0,7.518064181233078,-0.06835443037974687,2021-06-01
Wheat,2021-06-01,1840.0,1869.337167070218,1375.0,5300.0,826,522,10,27,0,0,0,2021,6,2,Summer,1975.0,1760.0,1700.0,1650.0,1866.0,-0.06835443037974687,0.08235294117647052,-0.01393354769560562,-135.0,1811.6666666666667,1747.5,1735.375,1760.0,1700.0,1700.0,144.59714151162646,116.77970714126569,105.91101002943108,1650.0,1975.0,275.0,325.0,109.0,1866.0,-0.01393354769560562,1720.844155844156,1690.0,165.90006225491877,1655.0,1655.5,227.5,275.0,0.06682672797783444,6.717804695023691,6.259581464064923,2.3978952727983707,3.332204510175204,0.0,0.0,78,6084,1.2246467991473532e-16,-1.0,1.2246467991473532e-16,-1.0,1700.0,7.438971592395862,-0.07608695652173914,2021-07-01
Wheat,2021-07-01,1700.0,1764.8032786885246,1350.0,8250.0,854,526,9,32,0,0,0,2021,7,3,Monsoon,1840.0,1975.0,1760.0,1700.0,1833.5,-0.07608695652173914,-0.03409090909090906,-0.07281156258521948,-140.0,1858.3333333333333,1779.1666666666667,1733.2083333333333,1840.0,1730.0,1700.0,108.66615541802018,110.65336265413004,103.22778394786735,1700.0,1975.0,80.0,140.0,6.5,1833.5,-0.07281156258521948,1722.371794871795,1690.5,165.37054881362164,1638.625,1640.5,60.83333333333326,110.0,0.06219392748709884,6.75110146893676,6.267200548541362,2.302585092994046,3.4965075614664802,0.0,0.0,79,6241,-0.4999999999999997,-0.8660254037844388,-1.0,-1.8369701987210297e-16,1709.0,7.444248649496705,0.0052941176470588935,2021-08-01
Wheat,2021-08-01,1709.0,1733.5988372093022,1464.0,2300.0,172,125,8,15,0,0,0,2021,8,3,Monsoon,1700.0,1840.0,1975.0,1700.0,1709.0,0.0052941176470588935,-0.13468354430379748,0.0,9.0,1838.3333333333333,1779.1666666666667,1722.0833333333333,1840.0,1730.0,1700.0,137.50757554888864,110.65336265413004,98.52314756472353,1700.0,1975.0,-275.0,0.0,-9.0,1709.0,0.0,1722.0886075949368,1691.0,164.32633962390267,1648.75,1622.5,-79.16666666666674,-30.0,0.06219392748709884,5.153291594497779,4.836281906951478,2.1972245773362196,2.772588722239781,0.0,0.0,80,6400,-0.8660254037844385,-0.5000000000000004,-1.0,-1.8369701987210297e-16,1830.0,7.5126175446745105,0.07080163838502052,2021-09-01
Wheat,2021-09-01,1830.0,1860.8797035347777,1269.0,4730.0,877,559,10,29,0,0,0,2021,9,3,Monsoon,1709.0,1700.0,1840.0,1700.0,1661.0,0.07080163838502052,-0.005434782608695676,0.10174593618302219,121.0,1749.6666666666667,1780.6666666666667,1722.0833333333333,1709.0,1734.5,1700.0,78.36027905344204,109.41968134968415,98.52314756472353,1700.0,1975.0,-131.0,9.0,48.0,1661.0,0.10174593618302219,1721.925,1693.5,163.28954441866662,1680.25,1669.0,-71.66666666666674,-25.5,0.0614487165947309,6.777646593635117,6.327936783729195,2.3978952727983707,3.4011973816621555,0.0,0.0,81,6561,-1.0,-1.8369701987210297e-16,-1.0,-1.8369701987210297e-16,1850.0,7.523481312573497,0.010928961748633892,2021-10-01
Wheat,2021-10-01,1850.0,1886.0941043083901,967.0,4620.0,882,548,9,28,0,0,0,2021,10,4,Autumn,1830.0,1709.0,1700.0,1760.0,1610.0,0.010928961748633892,0.08823529411764697,0.14906832298136652,20.0,1746.3333333333333,1802.3333333333333,1736.1666666666667,1709.0,1795.0,1700.0,72.59706146486452,102.93039719473737,101.04439468357165,1700.0,1975.0,130.0,70.0,220.0,1610.0,0.14906832298136652,1723.2592592592594,1696.0,162.7095017030181,1751.5,1765.5,27.666666666666742,35.0,0.05710952313375478,6.78332520060396,6.3080984415095305,2.302585092994046,3.367295829986474,0.0,0.0,82,6724,-0.8660254037844386,0.5000000000000001,-2.4492935982947064e-16,1.0,1910.0,7.555381944240273,0.03243243243243232,2021-11-01
Wheat,2021-11-01,1910.0,1938.413748378729,1150.0,5350.0,771,506,10,25,0,0,0,2021,11,4,Autumn,1850.0,1830.0,1709.0,1975.0,1660.0,0.03243243243243232,0.11761263897015795,0.1506024096385543,60.0,1796.3333333333333,1817.3333333333333,1756.1666666666667,1830.0,1835.0,1704.5,76.29110913686682,102.08166665305963,97.49110293516476,1700.0,1975.0,141.0,-125.0,190.0,1660.0,0.1506024096385543,1724.8048780487804,1698.0,162.30659442300805,1704.0,1630.0,32.66666666666674,15.0,0.05617112985311425,6.648984550024776,6.2285110035911835,2.3978952727983707,3.258096538021482,0.0,0.0,83,6889,-0.5000000000000004,0.8660254037844384,-2.4492935982947064e-16,1.0,1927.0,7.564238475170491,0.008900523560209317,2021-12-01
Wheat,2021-12-01,1927.0,1968.2832369942196,1400.0,4900.0,865,532,9,30,0,0,0,2021,12,4,Winter,1910.0,1850.0,1830.0,1840.0,1650.0,0.008900523560209317,0.0530054644808744,0.16787878787878796,17.0,1863.3333333333333,1806.5,1777.0,1850.0,1835.0,1734.5,41.63331998932263,83.81825576805882,101.69383640927377,1700.0,1910.0,80.0,70.0,260.0,1650.0,0.16787878787878796,1727.0361445783133,1700.0,162.58963349961715,1722.0,1625.0,103.5,75.0,0.04639814877833314,6.763884908562435,6.278521424165844,2.302585092994046,3.4339872044851463,0.0,0.0,84,7056,-2.4492935982947064e-16,1.0,-2.4492935982947064e-16,1.0,1920.0,7.560601162768557,-0.0036325895173845435,2022-01-01
Wheat,2022-01-01,1920.0,1953.4007444168735,1500.0,4500.0,806,488,10,33,0,0,0,2022,1,1,Winter,1927.0,1910.0,1850.0,1700.0,1700.0,-0.0036325895173845435,0.037837837837837895,0.12941176470588234,-7.0,1895.6666666666667,1821.0,1800.0833333333333,1910.0,1840.0,1795.0,40.45161719058129,97.22551105548229,101.68351822585451,1700.0,1927.0,77.0,227.0,227.0,1700.0,0.12941176470588234,1729.4166666666667,1700.0,163.07332287820148,1671.2,1650.0,106.0,87.0,0.0533912746048777,6.693323668269949,6.192362489474872,2.3978952727983707,3.5263605246161616,0.0,0.0,85,7225,0.49999999999999994,0.8660254037844387,1.0,6.123233995736766e-17,1951.0,7.5766097669730375,0.016145833333333304,2022-02-01
Wheat,2022-02-01,1951.0,2002.8247991967871,1396.0,8700.0,996,569,11,36,0,0,0,2022,2,1,Winter,1920.0,1927.0,1910.0,1709.0,1700.0,0.016145833333333304,0.021465968586387385,0.14764705882352946,31.0,1919.0,1857.6666666666667,1818.4166666666667,1920.0,1880.0,1835.0,8.544003745317278,82.89431021889463,101.83092790890065,1709.0,1927.0,10.0,211.0,220.0,1700.0,0.14764705882352946,1731.6588235294118,1700.0,163.4124968221435,1633.2,1625.0,62.33333333333326,40.0,0.044622811888872044,6.904750769961838,6.345636360828596,2.4849066497880004,3.6109179126442243,0.0,0.0,86,7396,0.8660254037844386,0.5000000000000001,1.0,6.123233995736766e-17,2050.5,7.626326511882241,0.05099948744233718,2022-03-01
Wheat,2022-03-01,2050.5,2088.9815989847716,1179.0,4400.0,788,559,13,36,0,0,0,2022,3,1,Spring,1951.0,1920.0,1927.0,1830.0,1700.0,0.05099948744233718,0.06408925791385567,0.20617647058823518,99.5,1932.6666666666667,1898.0,1839.3333333333333,1927.0,1915.0,1845.0,16.2583311976761,47.34131388121423,101.07183164222873,1830.0,1951.0,24.0,121.0,251.0,1700.0,0.20617647058823518,1734.2093023255813,1700.0,164.16122751225714,1635.0,1625.0,53.0,36.0,0.024942736502220352,6.670766320845874,6.327936783729195,2.6390573296152584,3.6109179126442243,0.0,0.0,87,7569,1.0,6.123233995736766e-17,1.0,6.123233995736766e-17,2025.0,7.613818684808629,-0.012435991221653286,2022-04-01
Wheat,2022-04-01,2025.0,2094.3063147973608,1600.0,7001.0,1061,681,15,37,0,0,0,2022,4,2,Spring,2050.5,1951.0,1920.0,1850.0,1760.0,-0.012435991221653286,0.0546875,0.15056818181818188,-25.5,1973.8333333333333,1934.75,1868.5416666666667,1951.0,1923.5,1880.0,68.18052018966512,65.93159333733429,107.58114449807215,1850.0,2050.5,130.5,200.5,290.5,1760.0,0.15056818181818188,1737.844827586207,1700.0,166.68962786234943,1654.9,1623.5,115.75,127.0,0.03407757763914423,6.967909201801884,6.525029657843462,2.772588722239781,3.6375861597263857,0.0,0.0,88,7744,0.8660254037844387,-0.4999999999999998,1.2246467991473532e-16,-1.0,2025.0,7.613818684808629,0.0,2022-05-01
Wheat,2022-05-01,2025.0,2068.7359550561796,1750.0,3650.0,445,299,12,19,0,0,0,2022,5,2,Summer,2025.0,2050.5,1951.0,1910.0,1975.0,0.0,0.03792926704254218,0.025316455696202445,0.0,2008.8333333333333,1963.9166666666667,1890.625,2025.0,1939.0,1915.0,51.682524448147234,59.31813944036236,110.43573305938436,1910.0,2050.5,74.0,115.0,50.0,1975.0,0.025316455696202445,1741.1079545454545,1700.0,168.5321424519554,1656.5,1674.0,61.08333333333326,86.0,0.0302040002242266,6.100318952020064,5.703782474656201,2.5649493574615367,2.995732273553991,0.0,0.0,89,7921,0.49999999999999994,-0.8660254037844387,1.2246467991473532e-16,-1.0,2030.0,7.616283561580385,0.0024691358024691024,2022-06-01
Wheat,2022-06-01,2030.0,2086.229845626072,1410.0,6980.0,1166,648,12,36,0,0,0,2022,6,2,Summer,2025.0,2025.0,2050.5,1927.0,1840.0,0.0024691358024691024,-0.0099975615703487,0.1032608695652173,5.0,2033.5,1983.0833333333333,1894.7916666666667,2025.0,1988.0,1915.0,14.722431864335674,56.94419783144075,114.76685028457648,1920.0,2050.5,-25.5,98.0,185.0,1840.0,0.1032608695652173,1744.2977528089887,1700.0,170.25239817929685,1709.0,1691.0,41.91666666666674,37.0,0.028714979786413793,7.062191632286556,6.47543271670409,2.5649493574615367,3.6109179126442243,0.0,0.0,90,8100,1.2246467991473532e-16,-1.0,1.2246467991473532e-16,-1.0,2035.0,7.618742377670413,0.0024630541871921707,2022-07-01
Wheat,2022-07-01,2035.0,2078.149188514357,1500.0,5000.0,801,537,14,37,0,0,0,2022,7,3,Monsoon,2030.0,2025.0,2025.0,1920.0,1700.0,0.0024630541871921707,0.004938271604938205,0.19705882352941173,5.0,2026.6666666666667,2000.25,1910.625,2025.0,2025.0,1923.5,2.886751345948096,51.96320813806235,119.52807296728545,1920.0,2050.5,5.0,110.0,330.0,1700.0,0.19705882352941173,1747.4722222222222,1704.5,171.9510049291072,1690.9,1680.0,29.75,5.0,0.025978356774434372,6.687108607866515,6.2878585601617845,2.70805020110221,3.6375861597263857,0.0,0.0,91,8281,-0.4999999999999997,-0.8660254037844388,-1.0,-1.8369701987210297e-16,2225.0,7.70796153183549,0.09336609336609336,2022-08-01
Wheat,2022-08-01,2225.0,2242.296168958743,1600.0,4900.0,1018,587,13,35,0,0,0,2022,8,3,Monsoon,2035.0,2030.0,2025.0,1951.0,1709.0,0.09336609336609336,0.09876543209876543,0.3019309537741368,190.0,2030.0,2019.4166666666667,1938.5416666666667,2030.0,2027.5,1939.0,4.999999999999972,34.825876394805164,103.97146862422794,1951.0,2050.5,10.0,84.0,326.0,1709.0,0.3019309537741368,1750.631868131868,1709.0,173.62923197249995,1709.0,1675.0,15.583333333333258,7.5,0.017245513008610654,6.926577033222725,6.376726947898627,2.6390573296152584,3.58351893845611,0.0,0.0,92,8464,-0.8660254037844385,-0.5000000000000004,-1.0,-1.8369701987210297e-16,2250.0,7.719129840906732,0.011235955056179803,2022-09-01
Wheat,2022-09-01,2250.0,2265.7507629704983,1700.0,4800.0,983,588,11,37,0,0,0,2022,9,3,Monsoon,2225.0,2035.0,2030.0,2050.5,1830.0,0.011235955056179803,0.10837438423645329,0.2295081967213115,25.0,2096.6666666666665,2065.0833333333335,1981.5416666666667,2035.0,2032.5,1988.0,111.16804097101536,78.91160666635952,107.06486104085248,2025.0,2225.0,195.0,174.5,395.0,1830.0,0.2295081967213115,1755.7880434782608,1709.0,179.61555761344644,1744.2,1738.0,159.91666666666652,192.5,0.03821231104460329,6.891625897052253,6.3784261836515865,2.4849066497880004,3.6375861597263857,0.0,0.0,93,8649,-1.0,-1.8369701987210297e-16,-1.0,-1.8369701987210297e-16,2260.0,7.72356247227797,0.004444444444444473,2022-10-01
Wheat,2022-10-01,2260.0,2282.430749682338,1851.0,4900.0,787,497,12,36,0,0,0,2022,10,4,Autumn,2250.0,2225.0,2035.0,2025.0,1850.0,0.004444444444444473,0.11056511056511065,0.22162162162162158,10.0,2170.0,2098.3333333333335,2016.5416666666667,2225.0,2032.5,2025.0,117.57976016304856,108.15112882751724,120.79160460240759,2025.0,2250.0,215.0,225.0,400.0,1850.0,0.22162162162162158,1761.1021505376343,1709.0,185.84233264792115,1793.2,1911.0,151.66666666666652,217.5,0.05154144344440853,6.669498089857879,6.210600077024653,2.5649493574615367,3.6109179126442243,0.0,0.0,94,8836,-0.8660254037844386,0.5000000000000001,-2.4492935982947064e-16,1.0,2390.0,7.779466967458324,0.05752212389380529,2022-11-01
Wheat,2022-11-01,2390.0,2422.6833333333334,1700.0,5980.0,810,518,11,38,0,0,0,2022,11,4,Autumn,2260.0,2250.0,2225.0,2025.0,1910.0,0.05752212389380529,0.07415730337078652,0.25130890052356025,130.0,2245.0,2137.5,2050.7083333333335,2250.0,2130.0,2027.5,18.027756377320554,118.35328470304303,127.2164330317963,2025.0,2260.0,35.0,235.0,350.0,1910.0,0.25130890052356025,1766.409574468085,1722.0,191.86939670310855,1772.5,1712.5,122.5,130.0,0.05536995775580961,6.698268054115413,6.251903883165888,2.4849066497880004,3.6635616461296463,0.0,0.0,95,9025,-0.5000000000000004,0.8660254037844384,-2.4492935982947064e-16,1.0,2510.0,7.828436359157585,0.05020920502092041,2022-12-01
Wheat,2022-12-01,2510.0,2528.1002991944765,1600.0,5755.0,869,522,11,37,0,0,0,2022,12,4,Winter,2390.0,2260.0,2250.0,2030.0,1927.0,0.05020920502092041,0.11555555555555563,0.3025428126621692,120.0,2300.0,2198.3333333333335,2090.7083333333335,2260.0,2237.5,2032.5,78.10249675906668,140.66508687896305,152.00006853068712,2030.0,2390.0,140.0,360.0,463.0,1927.0,0.3025428126621692,1772.9736842105262,1735.0,201.28473492264123,1777.5,1737.5,191.66666666666652,152.5,0.06398715096844414,6.76849321164863,6.259581464064923,2.4849066497880004,3.6375861597263857,0.0,0.0,96,9216,-2.4492935982947064e-16,1.0,-2.4492935982947064e-16,1.0,2575.0,7.853993087224244,0.02589641434262946,2023-01-01
Wheat,2023-01-01,2575.0,2545.0778688524592,660.0,3540.0,244,153,8,20,0,0,0,2023,1,1,Winter,2510.0,2390.0,2260.0,2035.0,1920.0,0.02589641434262946,0.13938053097345127,0.34114583333333326,65.0,2386.6666666666665,2278.3333333333335,2139.2916666666665,2390.0,2255.0,2042.75,125.03332889007382,160.83117442419615,184.59420584984156,2035.0,2510.0,250.0,475.0,590.0,1920.0,0.34114583333333326,1780.6510416666667,1735.0,213.88660448436428,1721.0,1655.0,231.66666666666652,255.0,0.07059159082261718,5.501258210544727,5.0369526024136295,2.1972245773362196,3.044522437723423,0.0,0.0,97,9409,0.49999999999999994,0.8660254037844387,1.0,6.123233995736766e-17,2650.0,7.8826922062890254,0.029126213592232997,2023-02-01
Wheat,2023-02-01,2650.0,2654.0798175598634,1700.0,4950.0,877,490,10,36,0,0,0,2023,2,1,Winter,2575.0,2510.0,2390.0,2225.0,1951.0,0.029126213592232997,0.10878661087866104,0.3582778062532035,75.0,2491.6666666666665,2368.3333333333335,2193.875,2510.0,2325.0,2137.75,93.85272150200755,148.00900873482732,209.07285865762967,2225.0,2575.0,185.0,350.0,624.0,1951.0,0.3582778062532035,1788.840206185567,1735.0,227.54339726183457,1694.3333333333333,1660.5,206.66666666666652,250.0,0.06249500720682363,6.777646593635117,6.19644412779452,2.3978952727983707,3.6109179126442243,0.0,0.0,98,9604,0.8660254037844386,0.5000000000000001,1.0,6.123233995736766e-17,2200.0,7.696667081526462,-0.16981132075471694,2023-03-01
Wheat,2023-03-01,2200.0,2268.6382054992764,341.0,4750.0,691,498,11,34,0,0,0,2023,3,1,Spring,2650.0,2575.0,2510.0,2250.0,2050.5,-0.16981132075471694,-0.12350597609561753,0.07290904657400632,-450.0,2578.3333333333335,2439.1666666666665,2252.125,2575.0,2450.0,2237.5,70.05949852327946,166.2653501685369,231.43250783288582,2250.0,2650.0,140.0,400.0,599.5,2050.5,0.07290904657400632,1797.6275510204082,1736.5,242.50676801294645,1683.3333333333333,1680.0,210.83333333333348,200.0,0.06816481728809166,6.539585955617669,6.212606095751519,2.4849066497880004,3.5553480614894135,0.0,0.0,99,9801,1.0,6.123233995736766e-17,1.0,6.123233995736766e-17,2150.0,7.67368812926773,-0.022727272727272707,2023-04-01
Wheat,2023-04-01,2150.0,2228.200123915737,235.0,4300.0,807,515,12,35,0,0,0,2023,4,2,Spring,2200.0,2650.0,2575.0,2260.0,2025.0,-0.022727272727272707,-0.16504854368932043,0.06172839506172845,-50.0,2475.0,2430.8333333333335,2264.5833333333335,2575.0,2450.0,2237.5,241.091269024824,178.44933921610976,223.47928858004497,2200.0,2650.0,-375.0,-60.0,175.0,2025.0,0.06172839506172845,1801.6919191919192,1738.0,244.632019645988,1690.0833333333333,1679.25,-230.83333333333348,-250.0,0.07341076690412468,6.694562058521095,6.246106765481563,2.5649493574615367,3.58351893845611,0.0,0.0,100,10000,0.8660254037844387,-0.4999999999999998,1.2246467991473532e-16,-1.0,2129.0,7.6638772587034705,-0.009767441860465076,2023-05-01
Wheat,2023-05-01,2129.0,2197.4261125104954,1500.0,5690.0,1191,716,15,40,0,0,0,2023,5,2,Summer,2150.0,2200.0,2650.0,2390.0,2025.0,-0.009767441860465076,-0.19660377358490566,0.051358024691358084,-21.0,2333.3333333333335,2412.5,2275.0,2200.0,2450.0,2237.5,275.3785273643052,203.4146012458288,214.0093455903284,2150.0,2650.0,-500.0,-240.0,125.0,2025.0,0.051358024691358084,1805.175,1749.0,245.87296932654996,1686.0,1682.0,-262.5,-300.0,0.08431693315889277,7.083387847625295,6.57507584059962,2.772588722239781,3.713572066704308,0.0,0.0,101,10201,0.49999999999999994,-0.8660254037844387,1.2246467991473532e-16,-1.0,2240.0,7.714677473800927,0.05213715359323623,2023-06-01
Wheat,2023-06-01,2240.0,2290.6143099068586,1800.0,4726.0,1181,640,14,37,0,0,0,2023,6,2,Summer,2129.0,2150.0,2200.0,2510.0,2030.0,0.05213715359323623,0.018181818181818077,0.10344827586206895,111.0,2159.6666666666665,2369.0,2283.6666666666665,2150.0,2355.0,2237.5,36.4737348421223,234.69128658729437,204.87571990370463,2129.0,2650.0,-71.0,-381.0,99.0,2030.0,0.10344827586206895,1808.381188118812,1760.0,246.7533702760193,1709.0,1700.0,-240.0,-226.0,0.09906766001996385,7.074963197966044,6.46302945692067,2.70805020110221,3.6375861597263857,0.0,0.0,102,10404,1.2246467991473532e-16,-1.0,1.2246467991473532e-16,-1.0,2223.5,7.707287450246096,-0.007366071428571375,2023-07-01
Wheat,2023-07-01,2223.5,2270.9994394618834,1600.0,5070.0,892,548,10,33,0,0,0,2023,7,3,Monsoon,2240.0,2129.0,2150.0,2575.0,2035.0,-0.007366071428571375,0.03418604651162793,0.09262899262899271,-16.5,2173.0,2324.0,2301.1666666666665,2150.0,2220.0,2245.0,58.96609195122319,228.03947026775768,189.64072890760235,2129.0,2650.0,90.0,-335.0,205.0,2035.0,0.09262899262899271,1812.612745098039,1777.5,249.22038744677877,1685.9166666666667,1670.5,-84.0,20.0,0.09812369632863928,6.794586580876499,6.3080984415095305,2.3978952727983707,3.5263605246161616,0.0,0.0,103,10609,-0.4999999999999997,-0.8660254037844388,-1.0,-1.8369701987210297e-16,2325.0,7.75190533307861,0.04564875196761853,2023-08-01
Wheat,2023-08-01,2325.0,2380.42850678733,1800.0,4900.0,1105,613,12,38,0,0,0,2023,8,3,Monsoon,2223.5,2240.0,2129.0,2650.0,2225.0,0.04564875196761853,0.0920620009394082,0.04494382022471921,101.5,2197.5,2265.4166666666665,2316.875,2223.5,2211.75,2245.0,59.893655757518324,193.14098909000705,172.63362742577857,2129.0,2650.0,94.5,-426.5,-1.5,2225.0,0.04494382022471921,1816.6019417475727,1795.0,251.27869418845566,1692.5,1642.5,-41.916666666666515,11.75,0.08525627622144877,7.00850518208228,6.419994928147142,2.5649493574615367,3.6635616461296463,0.0,0.0,104,10816,-0.8660254037844385,-0.5000000000000004,-1.0,-1.8369701987210297e-16,2340.0,7.75833346749091,0.006451612903225712,2023-09-01
Wheat,2023-09-01,2340.0,2384.114347357066,1211.0,4900.0,927,589,13,33,0,0,0,2023,9,3,Monsoon,2325.0,2223.5,2240.0,2200.0,2250.0,0.006451612903225712,0.044642857142857206,0.040000000000000036,15.0,2262.8333333333335,2211.25,2325.2083333333335,2240.0,2211.75,2255.0,54.46635046827935,70.0840566748215,170.19179799879115,2129.0,2325.0,85.0,125.0,75.0,2250.0,0.040000000000000036,1821.4903846153845,1803.75,254.97693576228505,1730.1666666666667,1699.0,113.75,113.25,0.031694316189857095,6.833031732786201,6.380122536899765,2.6390573296152584,3.5263605246161616,0.0,0.0,105,11025,-1.0,-1.8369701987210297e-16,-1.0,-1.8369701987210297e-16,2325.0,7.75190533307861,-0.0064102564102563875,2023-10-01
Wheat,2023-10-01,2325.0,2352.0113636363635,2030.0,2950.0,264,176,10,17,0,0,0,2023,10,4,Autumn,2340.0,2325.0,2223.5,2150.0,2260.0,-0.0064102564102563875,0.04564875196761853,0.028761061946902755,-15.0,2296.1666666666665,2234.5833333333335,2332.7083333333335,2325.0,2231.75,2292.5,63.37652036309217,86.8817683214737,168.55137581129242,2129.0,2340.0,116.5,190.0,80.0,2260.0,0.028761061946902755,1826.4285714285713,1812.5,258.744290429123,1769.3333333333333,1780.5,105.41666666666652,108.25,0.03888052283638577,5.579729825986222,5.176149732573829,2.3978952727983707,2.8903717578961645,0.0,0.0,106,11236,-0.8660254037844386,0.5000000000000001,-2.4492935982947064e-16,1.0,2500.0,7.824445930877619,0.07526881720430101,2023-11-01
Wheat,2023-11-01,2500.0,2567.091603053435,1900.0,7040.0,917,524,11,33,0,0,0,2023,11,4,Autumn,2325.0,2340.0,2325.0,2129.0,2390.0,0.07526881720430101,0.07526881720430101,0.046025104602510414,175.0,2330.0,2263.75,2338.125,2325.0,2282.5,2325.0,8.660254037850844,82.04739483980897,167.04002310279586,2129.0,2340.0,0.0,196.0,-65.0,2390.0,0.046025104602510414,1831.132075471698,1821.25,262.0229661134488,1762.142857142857,1700.0,61.25,42.5,0.036244017599032126,6.822197390620491,6.263398262591624,2.4849066497880004,3.5263605246161616,0.0,0.0,107,11449,-0.5000000000000004,0.8660254037844384,-2.4492935982947064e-16,1.0,2516.0,7.830822995135316,0.006399999999999961,2023-12-01
Wheat,2023-12-01,2516.0,2567.368078175896,1700.0,4050.0,921,522,13,37,0,0,0,2023,12,4,Winter,2500.0,2325.0,2340.0,2240.0,2510.0,0.006399999999999961,0.07521367521367517,0.0023904382470119057,16.0,2388.3333333333335,2325.5833333333335,2347.2916666666665,2340.0,2325.0,2325.0,96.99656351301026,98.36178966786865,173.05549009354172,2223.5,2500.0,160.0,260.0,-10.0,2510.0,0.0023904382470119057,1837.3831775700935,1830.0,268.68103397192533,1766.4285714285713,1700.0,174.41666666666652,175.0,0.04229553431090492,6.826545223556594,6.259581464064923,2.6390573296152584,3.6375861597263857,0.0,0.0,108,11664,-2.4492935982947064e-16,1.0,-2.4492935982947064e-16,1.0,2500.0,7.824445930877619,-0.006359300476947549,2024-01-01
Wheat,2024-01-01,2500.0,2527.115117891817,1245.0,4100.0,721,417,11,28,0,0,29,2024,1,1,Winter,2516.0,2500.0,2325.0,2223.5,2575.0,-0.006359300476947549,0.07526881720430101,-0.029126213592232997,-16.0,2447.0,2371.5833333333335,2347.7916666666665,2500.0,2332.5,2325.0,105.95753866526013,113.67779759770998,173.576215684972,2223.5,2516.0,191.0,292.5,-59.0,2575.0,-0.029126213592232997,1843.6666666666667,1831.75,275.2796963362051,1718.0,1660.0,144.41666666666652,183.5,0.04793329249701394,6.582025138892826,6.035481432524756,2.4849066497880004,3.367295829986474,0.0,0.04022191400832178,109,11881,0.49999999999999994,0.8660254037844387,1.0,6.123233995736766e-17,2500.0,7.824445930877619,0.0,2024-02-01
Wheat,2024-02-01,2500.0,2515.770337922403,1500.0,4150.0,799,438,11,27,0,0,52,2024,2,1,Winter,2500.0,2516.0,2500.0,2325.0,2650.0,0.0,0.0,-0.05660377358490565,0.0,2505.3333333333335,2417.6666666666665,2341.5416666666665,2500.0,2420.0,2325.0,9.237604307039165,96.36735270134696,165.8286983515533,2325.0,2516.0,0.0,175.0,-150.0,2650.0,-0.05660377358490565,1849.6880733944954,1833.5,281.12151212360334,1703.7142857142858,1696.0,82.33333333333348,80.0,0.039859652296158954,6.684611727667927,6.0844994130751715,2.4849066497880004,3.332204510175204,0.0,0.06508135168961202,110,12100,0.8660254037844386,0.5000000000000001,1.0,6.123233995736766e-17,2400.0,7.783640596221253,-0.040000000000000036,2024-03-01
Wheat,2024-03-01,2400.0,2431.659767141009,1890.0,4030.0,773,512,10,27,0,0,47,2024,3,1,Spring,2500.0,2500.0,2516.0,2340.0,2200.0,-0.040000000000000036,-0.04610492845786962,0.09090909090909083,-100.0,2505.3333333333335,2446.8333333333335,2329.0416666666665,2500.0,2500.0,2325.0,9.237604307039165,88.90538041460543,144.78141177986365,2325.0,2516.0,-16.0,160.0,300.0,2200.0,0.09090909090909083,1855.6,1836.75,286.61622680492104,1725.0,1735.0,53.166666666666515,0.0,0.0363348738156551,6.651571873589727,6.240275845170769,2.3978952727983707,3.332204510175204,0.0,0.06080206985769728,111,12321,1.0,6.123233995736766e-17,1.0,6.123233995736766e-17,2350.0,7.762596048540069,-0.02083333333333337,2024-04-01
Wheat,2024-04-01,2350.0,2398.3063636363636,1900.0,4450.0,1100,585,13,31,0,0,116,2024,4,2,Spring,2400.0,2500.0,2500.0,2325.0,2150.0,-0.02083333333333337,-0.06000000000000005,0.09302325581395343,-50.0,2466.6666666666665,2456.8333333333335,2345.7083333333335,2500.0,2500.0,2332.5,57.73502691896334,77.07247671293348,140.00916501386456,2325.0,2516.0,-100.0,75.0,250.0,2150.0,0.09302325581395343,1860.5045045045044,1840.0,289.95183373901244,1711.5,1735.0,-56.833333333333485,-100.0,0.03137065736907949,7.00397413672268,6.373319789577012,2.6390573296152584,3.4657359027997265,0.0,0.10545454545454545,112,12544,0.8660254037844387,-0.4999999999999998,1.2246467991473532e-16,-1.0,2325.0,7.75190533307861,-0.010638297872340385,2024-05-01
Wheat,2024-05-01,2325.0,2387.061403508772,2000.0,4100.0,1482,778,12,32,0,0,107,2024,5,2,Summer,2350.0,2400.0,2500.0,2500.0,2129.0,-0.010638297872340385,-0.06999999999999995,0.0920620009394082,-25.0,2416.6666666666665,2461.0,2362.375,2400.0,2500.0,2345.0,76.37626158259783,68.7459089691815,125.77453221756085,2350.0,2516.0,-150.0,-150.0,221.0,2129.0,0.0920620009394082,1864.875,1840.0,292.32515756901216,1688.0,1690.0,-111.0,-150.0,0.027934136111004267,7.301822342137932,6.658011045870748,2.5649493574615367,3.4965075614664802,0.0,0.07219973009446694,113,12769,0.49999999999999994,-0.8660254037844387,1.2246467991473532e-16,-1.0,2405.0,7.785720896534624,0.03440860215053765,2024-06-01
Wheat,2024-06-01,2405.0,2452.81711409396,1750.0,3950.0,1192,643,13,32,0,0,77,2024,6,2,Summer,2325.0,2350.0,2400.0,2516.0,2240.0,0.03440860215053765,0.002083333333333437,0.07366071428571419,80.0,2358.3333333333335,2431.8333333333335,2378.7083333333335,2350.0,2450.0,2345.0,38.1881307912996,84.2624867106695,103.45979858980614,2325.0,2516.0,-75.0,-191.0,85.0,2240.0,0.07366071428571419,1868.9469026548672,1840.0,294.2186259128929,1709.0,1709.0,-106.83333333333348,-125.0,0.03464977864875725,7.084226422097916,6.467698726104354,2.6390573296152584,3.4965075614664802,0.0,0.06459731543624161,114,12996,1.2246467991473532e-16,-1.0,1.2246467991473532e-16,-1.0,2460.0,7.8083230503910555,0.022869022869022926,2024-07-01
Wheat,2024-07-01,2460.0,2510.8195488721803,1850.0,4550.0,1064,598,14,33,0,0,72,2024,7,3,Monsoon,2405.0,2325.0,2350.0,2500.0,2223.5,0.022869022869022926,0.04680851063829783,0.10636384079154482,55.0,2360.0,2413.3333333333335,2392.4583333333335,2350.0,2402.5,2375.0,40.92676385936318,73.59800721939298,93.86921712810475,2325.0,2500.0,55.0,-95.0,181.5,2223.5,0.10636384079154482,1873.6491228070176,1840.0,297.1854321890938,1706.5,1680.0,-8.333333333333485,2.5,0.030496411831240185,6.970730078143525,6.395261598115449,2.70805020110221,3.5263605246161616,0.0,0.06766917293233082,115,13225,-0.4999999999999997,-0.8660254037844388,-1.0,-1.8369701987210297e-16,2500.0,7.824445930877619,0.016260162601626105,2024-08-01
Wheat,2024-08-01,2500.0,2565.6402654867256,1805.0,4400.0,1130,606,13,35,0,0,0,2024,8,3,Monsoon,2460.0,2405.0,2325.0,2500.0,2325.0,0.016260162601626105,0.07526881720430101,0.07526881720430101,40.0,2396.6666666666665,2406.6666666666665,2412.1666666666665,2405.0,2402.5,2402.5,67.88470618138828,65.54896388705045,78.78605475744617,2325.0,2500.0,135.0,-40.0,135.0,2325.0,0.07526881720430101,1878.7478260869566,1840.0,300.8888176508691,1715.0,1675.0,53.333333333333485,57.5,0.027236411587417086,7.030857476116121,6.408528791059498,2.6390573296152584,3.58351893845611,0.0,0.0,116,13456,-0.8660254037844385,-0.5000000000000004,-1.0,-1.8369701987210297e-16,2530.0,7.836369760545124,0.01200000000000001,2024-09-01
Wheat,2024-09-01,2530.0,2537.515895953757,2122.0,3250.0,346,193,9,17,0,0,0,2024,9,3,Monsoon,2500.0,2460.0,2405.0,2400.0,2340.0,0.01200000000000001,0.05197505197505192,0.08119658119658113,30.0,2455.0,2406.6666666666665,2426.75,2460.0,2402.5,2432.5,47.696960070848235,65.54896388705045,77.36821640112824,2325.0,2500.0,95.0,100.0,160.0,2340.0,0.08119658119658113,1884.103448275862,1842.5,305.0803494821978,1755.857142857143,1738.0,93.33333333333348,97.5,0.027236411587417086,5.849324779946859,5.267858159063328,2.302585092994046,2.8903717578961645,0.0,0.0,117,13689,-1.0,-1.8369701987210297e-16,-1.0,-1.8369701987210297e-16,2690.0,7.897668150726906,0.06324110671936767,2024-10-01
Wheat,2024-10-01,2690.0,2701.1081193040595,1950.0,4235.0,1207,617,11,36,0,0,0,2024,10,4,Autumn,2530.0,2500.0,2460.0,2350.0,2325.0,0.06324110671936767,0.0934959349593496,0.15698924731182795,160.0,2496.6666666666665,2428.3333333333335,2442.5833333333335,2500.0,2432.5,2480.0,35.118845842843804,82.25975119501496,77.44259848821561,2325.0,2530.0,70.0,180.0,205.0,2325.0,0.15698924731182795,1889.6239316239316,1845.0,309.5760303387056,1791.857142857143,1911.0,101.66666666666652,97.5,0.03387498333356827,7.0967213784947605,6.42648845745769,2.4849066497880004,3.6109179126442243,0.0,0.0,118,13924,-0.8660254037844386,0.5000000000000001,-2.4492935982947064e-16,1.0,2792.5,7.935050568899204,0.03810408921933095,2024-11-01
Wheat,2024-11-01,2792.5,2806.3448051948053,1800.0,4400.0,770,569,11,34,0,0,0,2024,11,4,Autumn,2690.0,2530.0,2500.0,2325.0,2500.0,0.03810408921933095,0.11699999999999999,0.11699999999999999,102.5,2573.3333333333335,2485.0,2473.0,2530.0,2480.0,2500.0,102.1436896402975,124.01612798341553,96.4167092270979,2325.0,2690.0,190.0,365.0,190.0,2500.0,0.11699999999999999,1896.406779661017,1845.0,316.9337871286822,1781.875,1747.5,205.0,210.0,0.04990588651244086,6.647688373563329,6.345636360828596,2.4849066497880004,3.5553480614894135,0.0,0.0,119,14161,-0.5000000000000004,0.8660254037844384,-2.4492935982947064e-16,1.0,2736.5,7.914800374124757,-0.020053715308863018,2024-12-01
Wheat,2024-12-01,2736.5,2733.146788990826,2240.0,3751.0,218,154,9,15,0,0,0,2024,12,4,Winter,2792.5,2690.0,2530.0,2405.0,2516.0,-0.020053715308863018,0.08162055335968388,0.0876391096979332,-56.0,2670.8333333333335,2562.9166666666665,2497.375,2690.0,2515.0,2500.0,132.2954395787451,147.9393175145312,133.64796447792176,2405.0,2792.5,262.5,387.5,276.5,2516.0,0.0876391096979332,1903.936974789916,1845.0,326.10356675203303,1789.5,1775.0,229.58333333333348,277.5,0.0577230307323809,5.389071729816501,5.043425116919247,2.302585092994046,2.772588722239781,0.0,0.0,120,14400,-2.4492935982947064e-16,1.0,-2.4492935982947064e-16,1.0,2910.5,7.976423691277175,0.06358487118582135,2025-01-01
Wheat,2025-01-01,2910.5,2925.9959349593496,2000.0,4500.0,984,527,11,27,0,0,0,2025,1,1,Winter,2736.5,2792.5,2690.0,2460.0,2500.0,0.06358487118582135,0.08197026022304832,0.1641999999999999,174.0,2739.6666666666665,2618.1666666666665,2515.75,2736.5,2610.0,2500.0,51.32332153449715,138.7864066350342,150.5329169680506,2460.0,2792.5,46.5,276.5,236.5,2500.0,0.1641999999999999,1910.875,1847.5,333.5059764749919,1759.5625,1680.0,118.33333333333348,126.5,0.053009003743726864,6.892641641172089,6.269096283706261,2.4849066497880004,3.332204510175204,0.0,0.0,121,14641,0.49999999999999994,0.8660254037844387,1.0,6.123233995736766e-17,2855.0,7.957177323459475,-0.0190688885071294,2025-02-01
Wheat,2025-02-01,2855.0,2847.838610827375,2000.0,4500.0,979,527,12,30,0,0,0,2025,2,1,Winter,2910.5,2736.5,2792.5,2500.0,2500.0,-0.0190688885071294,0.022381378692927445,0.1419999999999999,-55.5,2813.1666666666665,2693.25,2549.9583333333335,2792.5,2713.25,2500.0,88.82191921667419,156.7962850325163,188.4864907545648,2500.0,2910.5,118.0,410.5,410.5,2500.0,0.1419999999999999,1919.1363636363637,1850.0,344.3219665758586,1743.875,1728.0,217.25,197.25,0.058218243769615256,6.887552571664617,6.269096283706261,2.5649493574615367,3.4339872044851463,0.0,0.0,122,14884,0.8660254037844386,0.5000000000000001,1.0,6.123233995736766e-17,2750.0,7.919719760924575,-0.03677758318739055,2025-03-01
Wheat,2025-03-01,2750.0,2752.2745901639346,1950.0,4500.0,1098,554,11,31,0,0,0,2025,3,1,Spring,2855.0,2910.5,2736.5,2530.0,2400.0,-0.03677758318739055,0.004933308971313721,0.14583333333333326,-105.0,2834.0,2752.4166666666665,2579.5416666666665,2855.0,2764.5,2515.0,88.88053780215365,134.71355413121753,206.89286405521742,2530.0,2910.5,118.5,325.0,455.0,2400.0,0.14583333333333326,1926.8073770491803,1850.0,353.2093206018287,1762.5,1787.5,102.58333333333348,90.5,0.04894373579504709,7.002155954403621,6.318968113746434,2.4849066497880004,3.4657359027997265,0.0,0.0,123,15129,1.0,6.123233995736766e-17,1.0,6.123233995736766e-17,2450.0,7.804251383528112,-0.10909090909090913,2025-04-01
Wheat,2025-04-01,2450.0,2501.486102897694,1386.0,4700.0,1691,738,13,35,0,0,0,2025,4,2,Spring,2750.0,2855.0,2910.5,2690.0,2350.0,-0.10909090909090913,-0.15822023707266797,0.042553191489361764,-300.0,2838.5,2789.0833333333335,2608.7083333333335,2855.0,2771.25,2610.0,81.51226901516155,81.49688133090922,203.93040906746907,2690.0,2910.5,-160.5,60.0,400.0,2350.0,0.042553191489361764,1933.5,1850.0,359.5045828386159,1751.3125,1787.5,-39.083333333333485,-21.25,0.029219952074185384,7.433666540166168,6.6052979209482015,2.6390573296152584,3.58351893845611,0.0,0.0,124,15376,0.8660254037844387,-0.4999999999999998,1.2246467991473532e-16,-1.0,2450.0,7.804251383528112,0.0,2025-05-01
Wheat,2025-05-01,2450.0,2492.947585394582,1700.0,4500.0,1698,817,14,36,0,0,0,2025,5,2,Summer,2450.0,2750.0,2855.0,2792.5,2325.0,0.0,-0.14185639229422065,0.053763440860215006,0.0,2685.0,2749.0833333333335,2617.0416666666665,2750.0,2771.25,2610.0,210.17849556983717,160.47972353747525,194.20905539384805,2450.0,2910.5,-405.0,-342.5,125.0,2325.0,0.053763440860215006,1937.6653225806451,1850.0,361.03209506323503,1731.375,1695.0,-299.0833333333335,-321.25,0.05837572167842926,7.4377951216719325,6.706862336602747,2.70805020110221,3.6109179126442243,0.0,0.0,125,15625,0.49999999999999994,-0.8660254037844387,1.2246467991473532e-16,-1.0,2480.0,7.816416983691801,0.012244897959183598,2025-06-01
Wheat,2025-06-01,2480.0,2499.3675213675215,1809.0,3400.0,468,253,10,17,0,0,0,2025,6,2,Summer,2450.0,2450.0,2750.0,2736.5,2405.0,0.012244897959183598,-0.09818181818181815,0.031185031185031242,30.0,2550.0,2692.0,2627.4583333333335,2450.0,2743.25,2610.0,173.20508075688792,198.3852313051505,179.94979834454796,2450.0,2910.5,-300.0,-286.5,45.0,2405.0,0.031185031185031242,1941.764,1850.0,362.48159339252953,1773.5,1709.0,-242.0,-293.25,0.07369436526937241,6.150602768446279,5.537334267018537,2.3978952727983707,2.8903717578961645,0.0,0.0,126,15876,1.2246467991473532e-16,-1.0,1.2246467991473532e-16,-1.0,2490.0,7.820439515262181,0.0040322580645162365,2025-07-01
Wheat,2025-07-01,2490.0,2505.245434623813,1800.0,4200.0,1369,632,11,29,0,0,0,2025,7,3,Monsoon,2480.0,2450.0,2450.0,2910.5,2460.0,0.0040322580645162365,0.01632653061224487,0.012195121951219523,10.0,2460.0,2649.25,2633.7083333333335,2450.0,2615.0,2610.0,17.320508075688775,213.9073981890254,172.67645235228443,2450.0,2910.5,30.0,-430.5,20.0,2460.0,0.012195121951219523,1946.0357142857142,1852.5,364.1990564434314,1774.4375,1746.25,-169.25,-135.0,0.08074262458772309,7.222566018822171,6.450470422144176,2.4849066497880004,3.4011973816621555,0.0,0.0,127,16129,-0.4999999999999997,-0.8660254037844388,-1.0,-1.8369701987210297e-16,2583.5,7.857287344636094,0.03755020080321292,2025-08-01
Wheat,2025-08-01,2583.5,2601.423944687045,1570.0,4750.0,1374,673,13,33,0,0,0,2025,8,3,Monsoon,2490.0,2480.0,2450.0,2855.0,2500.0,0.03755020080321292,0.054489795918367445,0.033400000000000096,93.5,2473.3333333333335,2579.1666666666665,2636.2083333333335,2480.0,2485.0,2610.0,20.816659994661283,176.8733068234584,170.13129399663885,2450.0,2855.0,40.0,-365.0,-10.0,2500.0,0.033400000000000096,1950.3188976377953,1855.0,365.9482825660764,1783.125,1762.5,-89.16666666666652,5.0,0.06857769569891764,7.226209010100671,6.513230110912307,2.6390573296152584,3.5263605246161616,0.0,0.0,128,16384,-0.8660254037844385,-0.5000000000000004,-1.0,-1.8369701987210297e-16,2580.0,7.855932199718614,-0.0013547513063673078,2025-09-01
Wheat,2025-09-01,2580.0,2600.6169354838707,1500.0,4700.0,1364,637,13,30,0,0,0,2025,9,3,Monsoon,2583.5,2490.0,2480.0,2750.0,2530.0,-0.0013547513063673078,0.040322580645161255,0.01976284584980248,-3.5,2517.8333333333335,2533.9166666666665,2643.1666666666665,2490.0,2485.0,2636.75,57.088381771892266,116.67922551450832,165.70391630492307,2450.0,2750.0,103.5,-166.5,53.5,2530.0,0.01976284584980248,1955.265625,1856.5,368.7761464772768,1835.125,1798.0,49.583333333333485,98.5,0.04604698609445522,7.21890970761906,6.45833828334479,2.6390573296152584,3.4339872044851463,0.0,0.0,129,16641,-1.0,-1.8369701987210297e-16,-1.0,-1.8369701987210297e-16,2525.0,7.8343923029104365,-0.02131782945736438,2025-10-01
Wheat,2025-10-01,2525.0,2560.0045662100456,2000.0,4800.0,1095,632,10,31,0,0,0,2025,10,4,Autumn,2580.0,2583.5,2490.0,2450.0,2690.0,-0.02131782945736438,0.014056224899598346,-0.06133828996282531,-55.0,2551.1666666666665,2505.5833333333335,2647.3333333333335,2580.0,2485.0,2636.75,53.00078615769129,61.13134765949164,163.20947684903106,2450.0,2583.5,90.0,130.0,-110.0,2690.0,-0.06133828996282531,1960.108527131783,1858.0,371.42819776989865,1881.625,1913.0,74.41666666666652,95.0,0.024398050085272877,6.999422467507961,6.450470422144176,2.3978952727983707,3.4657359027997265,0.0,0.0,130,16900,-0.8660254037844386,0.5000000000000001,-2.4492935982947064e-16,1.0,2500.0,7.824445930877619,-0.00990099009900991,2025-11-01
Wheat,2025-11-01,2500.0,2521.583802024747,1700.0,4850.0,889,531,9,31,0,0,0,2025,11,4,Autumn,2525.0,2580.0,2583.5,2450.0,2792.5,-0.00990099009900991,-0.032320495451906295,-0.10474485228290065,-25.0,2562.8333333333335,2518.0833333333335,2633.5833333333335,2580.0,2507.5,2581.75,32.81132934419652,54.83649940200024,166.21096032853666,2450.0,2583.5,-58.5,75.0,-267.5,2792.5,-0.10474485228290065,1964.4538461538461,1862.0,373.28821422135104,1870.0,1795.0,6.916666666666515,17.5,0.021777078890161262,6.7912214627261855,6.2766434893416445,2.302585092994046,3.4657359027997265,0.0,0.0,131,17161,-0.5000000000000004,0.8660254037844384,-2.4492935982947064e-16,1.0,2480.0,7.816416983691801,-0.008000000000000007,2025-12-01
