State,Market,Observations,Crops,Median_Price,Mean_Price
Keralam,Thodupuzha Market,1525,4,2900.0,3151.8688524590166
Karnataka,Bengaluru APMC,1262,7,2375.0,2595.20206022187
Gujarat,Rajkot APMC,1247,7,3105.0,3723.4522854851643
Uttar Pradesh,Lakhimpur APMC,1128,7,2050.0,2000.209219858156
Keralam,Palakkad Market,1090,3,3600.0,3978.532110091743
West Bengal,Durgapur APMC,1075,5,2400.0,2403.9488372093024
Gujarat,Gondal APMC,1073,6,2830.0,3386.47064305685
Uttar Pradesh,Aligarh APMC,1048,7,2100.0,2047.776717557252
Uttar Pradesh,Madhoganj APMC,1043,7,2140.0,2557.032598274209
West Bengal,Bishnupur(Bankura) APMC,1036,4,2550.0,2441.153474903475
Uttar Pradesh,Mainpuri APMC,1023,7,2121.0,2155.1397849462364
Uttar Pradesh,Kanpur(Grain) APMC,1022,7,2002.5,1961.9892367906066
Gujarat,Dahod APMC,1010,5,2250.0,2635.4950495049507
Uttar Pradesh,Bahraich APMC,998,6,2075.0,2056.107214428858
Uttar Pradesh,Farukhabad APMC,993,7,2200.0,2166.991943605237
Uttar Pradesh,Ayodhya APMC,992,8,2045.0,2076.4344758064517
Gujarat,The Agricultural Produce Market Committee-Amreli,990,5,3312.5,3829.212121212121
Uttar Pradesh,Kannauj APMC,988,6,2160.0,1967.758097165992
Uttar Pradesh,Saharanpur APMC,981,7,1960.0,2089.0417940876655
Keralam,Kayamkulam Market,973,3,2700.0,3163.3093525179856
Karnataka,APMC Hubballi,971,9,1579.0,2183.8311019567454
Uttar Pradesh,Bareilly APMC,969,7,2250.0,2089.684210526316
Uttar Pradesh,Unnao APMC,961,6,2090.0,2053.173777315297
Uttar Pradesh,Etawah APMC,957,7,2210.0,2036.657262277952
Uttar Pradesh,Pilibhit APMC,955,6,1998.0,2002.6460732984294
Keralam,Chala Market,943,4,3500.0,3675.756097560976
Uttar Pradesh,Muradabad APMC,942,7,1712.5,1868.0467091295118
Uttar Pradesh,Auraiya APMC,932,6,2237.5,2046.357296137339
Uttar Pradesh,Pukharayan APMC,928,6,2160.0,2051.9288793103447
Uttar Pradesh,Hardoi APMC,924,6,1830.0,1848.3841991341992
Uttar Pradesh,Kasganj APMC,916,6,1977.5,1935.3286026200874
Gujarat,Savarkundla APMC,901,5,3605.0,3831.5105438401774
West Bengal,Siliguri APMC,896,5,2000.0,2280.0334821428573
Uttar Pradesh,Lucknow APMC,895,6,2050.0,2029.0256983240224
Uttar Pradesh,Bharthna APMC,894,6,2245.0,2112.980984340045
Karnataka,Shimoga APMC,888,8,3000.0,3188.09009009009
Uttar Pradesh,Ballia APMC,885,6,2000.0,2009.4745762711864
Uttar Pradesh,Firozabad APMC,860,7,2040.0,1949.9406976744185
Uttar Pradesh,Kayamganj APMC,859,6,2240.0,2056.990686845169
Uttar Pradesh,Chhibramau APMC,844,7,2130.0,2010.3613744075828
Uttar Pradesh,Fatehpur APMC,829,5,2150.0,1981.0615199034983
Uttar Pradesh,Achalda APMC,826,7,2237.5,2087.3861985472154
Uttar Pradesh,Haathras APMC,826,8,1980.0,2051.5665859564165
West Bengal,Kalyani APMC,825,3,3000.0,2766.909090909091
Uttar Pradesh,Prayagraj APMC,823,7,2100.0,2061.767922235723
Uttar Pradesh,Rampur APMC,822,6,1957.5,2057.4476885644767
Keralam,Anchal Market,820,3,4600.0,4718.658536585366
Gujarat,Mahuva(Station Road) APMC,819,6,2970.0,3277.5213675213677
Maharashtra,APMC Nagpur ,808,8,1679.0,1854.2524752475247
Uttar Pradesh,Bindki APMC,802,6,2187.5,2084.8640897755613
Uttar Pradesh,Gonda APMC,789,8,2020.0,2038.3143219264891
Keralam,Thalayolaparambu Market,788,3,3200.0,3334.6446700507613
Uttar Pradesh,Raibareilly APMC,787,5,2050.0,1976.0546378653114
Uttar Pradesh,Banda APMC,781,7,2050.0,2015.3393085787452
Tripura,Melaghar APMC,780,4,2725.0,2656.769230769231
Uttar Pradesh,Puranpur APMC,777,5,2325.0,2108.196911196911
West Bengal,Bolpur APMC,773,4,2360.0,2276.875808538163
Uttar Pradesh,Bangarmau APMC,771,7,2050.0,1992.1750972762645
Keralam,Kattappana Market,765,3,2800.0,3156.470588235294
Uttar Pradesh,Gazipur APMC,764,5,2165.0,2215.032722513089
Uttar Pradesh,Sitapur APMC,764,6,2160.0,2020.247382198953
Keralam,Kollam Market,763,3,3800.0,3903.681520314548
Gujarat,Vadodara APMC,761,5,2400.0,2453.1340341655714
Uttar Pradesh,Gorakhpur APMC,755,7,2025.0,2001.390728476821
Andhra Pradesh,Ravulapalem (Kothapeta APMC),753,1,300.0,1027.0252324037185
West Bengal,Ramkrishanpur(Howrah),753,4,2700.0,2609.110225763612
Uttar Pradesh,Etah APMC,750,7,2100.0,2226.0453333333335
Gujarat,JASDAN APMC,750,5,2737.5,3563.0093333333334
Uttar Pradesh,Jaunpur APMC,747,6,2020.0,2029.1231593038822
Uttar Pradesh,Muzzafarnagar APMC,746,6,1975.0,2064.231903485255
Uttar Pradesh,Mathura APMC,745,6,2100.0,2074.7422818791947
Keralam,Alappuzha Market,744,6,2950.0,3327.217741935484
West Bengal,Asansol APMC,742,5,2450.0,2452.6415094339623
West Bengal,Nimdhighi Market,741,3,2560.0,2479.527665317139
Maharashtra,APMC Solapur ,739,7,2505.0,2344.125845737483
Keralam,Vadakkenchery Market,739,3,3750.0,3778.213802435724
Maharashtra,APMC Pune ,738,9,2500.0,3093.6856368563685
Uttar Pradesh,Ghaziabad APMC,738,6,2300.0,2438.4078590785907
Uttar Pradesh,Basti APMC,738,5,2042.5,2212.2154471544713
Uttar Pradesh,Karvi APMC,736,6,2012.5,1986.3926630434783
West Bengal,Rampurhat APMC,736,4,2400.0,2259.6195652173915
West Bengal,Samsi APMC,732,7,2400.0,2422.773224043716
Uttar Pradesh,Mahoba APMC,732,7,2200.0,2386.9535519125684
Uttar Pradesh,Meerut APMC,722,6,2075.0,2116.1717451523546
Uttar Pradesh,Choubepur APMC,719,5,2015.0,1936.8581363004173
Uttar Pradesh,Bharuasumerpur APMC,718,7,2000.0,2085.4192200557104
Keralam,Pattambi Market,716,3,3500.0,3784.4972067039107
West Bengal,Kalipur(Arambagh Krishak Bazar)APMC,713,3,2400.0,2517.3071528751752
Uttar Pradesh,Naanpara APMC,711,6,2040.0,2025.028129395218
Uttar Pradesh,Agra APMC,709,8,2080.0,2139.400564174894
Uttar Pradesh,Akbarpur APMC,707,5,2210.0,2109.3338048090523
Keralam,Maranelloor VFPCK Market,700,1,3200.0,3423.714285714286
Karnataka,Gadag APMC,698,8,2920.5,3124.401146131805
Uttar Pradesh,Shahjahanpur APMC,690,6,2150.0,2106.7028985507245
Keralam,Kottayam Market,688,4,3500.0,3724.781976744186
Uttar Pradesh,Jafarganj APMC,686,6,2200.0,2144.4825072886297
Uttar Pradesh,Atarra APMC,686,6,1930.0,1912.9518950437318
Keralam,Aroor Market,684,4,3100.0,3667.251461988304
Uttar Pradesh,Sultanpur APMC,683,5,2015.0,1944.229868228404
Uttar Pradesh,Mauranipur APMC,678,7,1995.0,2275.5014749262536
West Bengal,Gajol APMC,674,7,2650.0,3118.5237388724036
Keralam,Kallachi Market,673,3,3400.0,3527.4888558692423
Keralam,Punalur Market,669,5,3600.0,3692.0777279521676
Gujarat,Bhavnagar APMC,667,6,3965.0,3798.655172413793
Keralam,Perinthalmanna Market,667,4,3000.0,3100.4527736131936
Uttar Pradesh,Mirzapur APMC,664,5,1975.0,1943.6415662650602
Uttar Pradesh,Charra APMC,662,6,2065.0,2009.1012084592146
Uttar Pradesh,Achnera APMC,662,5,2100.0,2061.2779456193352
Keralam,Madhavapuram Market,661,3,3600.0,3665.809379727685
Uttar Pradesh,Bishalpur APMC,656,5,2350.0,2128.626524390244
Maharashtra,APMC Chattrapati Sambhajinagar ,655,8,1650.0,1707.53893129771
Karnataka,Mysuru APMC,654,8,2500.0,2973.0626911314985
West Bengal,Tamluk (Medinipur E) APMC,653,3,2600.0,2584.862174578867
West Bengal,Kalna APMC,653,3,2450.0,2496.845329249617
Gujarat,Rajula APMC,648,5,3204.0,3553.168209876543
Uttar Pradesh,Ajuha APMC,646,6,1957.5,1950.3219814241486
Keralam,Chathanoor Market,644,3,4500.0,4529.037267080746
Keralam,Koduvayoor Market,643,3,3300.0,3575.5054432348365
West Bengal,Sainthia APMC,641,4,2250.0,2269.1185647425896
Keralam,Kanjangadu Market,636,3,4150.0,4136.163522012579
Uttar Pradesh,Partaval APMC,636,6,1932.5,1959.3584905660377
Uttar Pradesh,Bijnaur APMC,633,7,2030.0,2014.6161137440758
Uttar Pradesh,Raath APMC,632,7,1900.0,1916.0791139240507
Uttar Pradesh,Safdarganj APMC,631,6,2280.0,2167.486529318542
Gujarat,Porbandar APMC,628,7,2500.0,2891.5684713375795
Uttar Pradesh,Tundla APMC,625,6,2150.0,2104.4208
Uttar Pradesh,Sirsaganj APMC,622,6,1975.0,1884.1237942122186
Uttar Pradesh,Lalitpur APMC,616,8,1927.5,2326.650974025974
West Bengal,Jangipur APMC,610,5,2215.0,2277.1721311475408
Uttar Pradesh,Devariya APMC,609,7,1950.0,1947.0114942528735
Uttar Pradesh,Pratapgarh APMC,608,6,2042.5,2034.1282894736842
Uttar Pradesh,Orai APMC,606,7,1750.0,1760.9422442244224
Uttar Pradesh,Barabanki APMC,601,5,2150.0,2019.3752079866888
West Bengal,Burdwan APMC,600,3,2300.0,2266.858333333333
West Bengal,Birbhum APMC,600,4,2200.0,2238.7166666666667
Keralam,Thrissur Market,597,3,2650.0,3018.0067001675043
Keralam,Kottarakkara Market,594,3,4200.0,4540.723905723906
West Bengal,Diamond Harbour(South 24-pgs) APMC,592,3,2650.0,2824.6283783783783
Uttar Pradesh,Golagokarnath APMC,590,6,2115.0,2040.9440677966102
Karnataka,Kalaburagi APMC,589,7,2800.0,3094.60441426146
Keralam,Kothamangalam Market,589,3,3000.0,3401.69779286927
Uttar Pradesh,Shamli APMC,587,8,2320.0,2393.2333901192505
Uttar Pradesh,Jhansi APMC,586,7,2077.5,2490.6860068259384
Uttar Pradesh,Rura APMC,585,7,1880.0,1856.0153846153846
Uttar Pradesh,Wazirganj APMC,585,6,2250.0,2101.4837606837605
Uttar Pradesh,Azamgarh APMC,583,7,2125.0,2176.0720411663806
West Bengal,Baruipur(Canning) APMC,582,3,3000.0,2994.6134020618556
Uttar Pradesh,Nawabganj APMC,581,6,2150.0,2099.061962134251
Keralam,Manjeri Market,579,4,3450.0,3309.013816925734
Keralam,Payyannur Market,579,1,3800.0,3937.4784110535406
Uttar Pradesh,Hapur APMC,578,6,2140.0,2127.8737024221455
Karnataka,Davangere APMC,574,9,2050.0,2553.242160278746
West Bengal,Sheoraphuly APMC,574,3,2550.0,2385.043554006969
Uttar Pradesh,Kosikalan APMC,574,6,2155.0,2220.1620209059233
Rajasthan,Madanganj Kishangarh APMC,572,5,2000.0,2086.068181818182
West Bengal,English Bazar APMC,572,4,2300.0,2482.7272727272725
Uttar Pradesh,Badayoun APMC,569,7,2100.0,2071.1792618629174
Karnataka,Bidar APMC,569,5,3000.0,3246.8787346221443
Madhya Pradesh,Dhamnod APMC,566,6,1800.0,2500.3710247349823
Uttar Pradesh,Robertsganj APMC,565,5,2035.0,1977.4477876106196
Uttar Pradesh,Maudaha APMC,565,6,1940.0,1889.7061946902654
Uttar Pradesh,Shikohabad APMC,564,6,1845.0,1817.6755319148936
Gujarat,Morbi APMC,563,5,2822.5,3367.570159857904
Gujarat,Himatnagar APMC,562,5,2711.5,3724.7633451957295
Uttar Pradesh,Powayan APMC,561,6,2050.0,2013.2745098039215
Madhya Pradesh,Khargone APMC,559,7,1881.0,2598.567084078712
Keralam,Thrippunithura Market,557,3,3300.0,3576.7001795332135
West Bengal,Nadia APMC,556,4,2950.0,2646.81654676259
Uttar Pradesh,Jalaun APMC,555,7,1700.0,1679.6972972972974
Uttar Pradesh,Jayas APMC,555,6,1970.0,1898.8288288288288
Keralam,Athirampuzha Market,554,3,3150.0,3483.5740072202166
Uttar Pradesh,Buland Shahr APMC,551,6,2110.0,2135.24500907441
West Bengal,Katwa APMC,549,3,2375.0,2312.249544626594
Uttar Pradesh,Jahangirabad APMC,548,5,2287.5,2169.1423357664235
Karnataka,Chintamani APMC,547,7,2500.0,2986.7623400365633
Maharashtra,APMC Dhule ,546,5,2000.0,2397.1593406593406
Uttar Pradesh,Ghiraur APMC,542,6,2150.0,2088.9557195571956
Keralam,Pampady Market,541,3,2700.0,3197.0425138632163
Gujarat,Junagadh APMC,539,5,3600.0,3542.78293135436
Gujarat,Mangrol APMC,538,3,3100.0,3521.589219330855
Madhya Pradesh,Manawar APMC,535,6,1970.0,2476.5121495327103
Uttar Pradesh,Shahabad(New Mandi) APMC,535,8,2020.0,2033.3682242990653
Keralam,Attingal Market,534,1,4000.0,4056.2546816479403
West Bengal,Ranaghat APMC,530,3,2750.0,2825.933962264151
Uttar Pradesh,Purwa APMC,525,5,2170.0,2147.866666666667
Uttar Pradesh,Khair APMC,524,7,2128.0,2087.9790076335876
West Bengal,Khatra APMC,524,3,2200.0,2168.835877862595
Uttar Pradesh,Gurusarai APMC,523,6,1975.0,2049.321223709369
Gujarat,Jambusar APMC,520,5,2800.0,3209.8076923076924
Uttar Pradesh,Anandnagar APMC,520,5,2060.0,2055.528846153846
Madhya Pradesh,Neemuch APMC,520,6,2137.5,2504.5596153846154
West Bengal,Jhargram APMC,519,2,3300.0,3187.3603082851637
Keralam,ARWM Muvattupuzha,519,3,2800.0,3149.8073217726396
Uttar Pradesh,Varanasi APMC,518,8,2160.0,2192.1138996139
Uttar Pradesh,Rasda APMC,516,5,2335.0,2159.8507751937987
West Bengal,Alipurduar APMC,516,3,2400.0,2394.6317829457366
Karnataka,Raichur APMC,515,5,4171.0,3907.801941747573
Karnataka,Mangaluru APMC,512,5,2600.0,2569.4453125
Karnataka,Binny Mill (FF&V) Bengaluru APMC,511,1,1500.0,1722.8962818003913
Madhya Pradesh,Kukshi APMC,507,6,2200.0,3064.994082840237
Uttar Pradesh,Chorichora APMC,505,4,2015.0,1970.5247524752476
Keralam,Sasthamkotta Market,505,3,3800.0,3902.970297029703
Haryana,Gurgaon APMC,504,3,1750.0,1713.1944444444443
Odisha,Udala APMC,501,3,2700.0,2445.0898203592815
Haryana,Shahabad APMC,500,5,1800.0,1694.412
Uttarakhand,Haridwar Union APMC,500,5,1100.0,1270.65
Uttar Pradesh,Lalganj APMC,500,6,2000.0,2006.83
Punjab,Raman APMC,498,5,1750.0,2038.2730923694778
Keralam,Aluva Market,498,3,2750.0,3190.210843373494
Uttar Pradesh,Khairagarh APMC,497,5,1625.0,1648.8329979879275
Maharashtra,APMC Jalgaon ,496,7,1162.5,1290.475806451613
West Bengal,Purulia APMC,496,4,2400.0,2420.877016129032
Keralam,Parappanangadi Market,496,3,2500.0,2852.1370967741937
Uttar Pradesh,Sandila APMC,496,5,2035.0,2051.7237903225805
Uttar Pradesh,Ujhani APMC,495,5,1880.0,1845.6969696969697
Uttar Pradesh,Jhijhank APMC,495,6,2080.0,2009.2363636363636
Uttar Pradesh,Fatehpur Sikri APMC,494,6,2142.5,2079.635627530364
Uttar Pradesh,Mohamadabad APMC,492,6,2150.0,2026.6402439024391
Uttar Pradesh,Muskara APMC,492,6,2105.0,2071.04674796748
Gujarat,Ahmedabad(Chimanbhai Patal Market Vasana) APMC,489,2,1150.0,1359.5296523517382
Uttar Pradesh,Jasra APMC,487,7,1900.0,1836.8788501026695
West Bengal,Egra/contai APMC,485,3,2600.0,2743.855670103093
Punjab,Malout APMC,484,7,1800.0,2084.2913223140495
Uttar Pradesh,DADRI APMC,483,5,2360.0,2816.68115942029
Uttar Pradesh,Shahganj APMC,481,5,1890.0,1960.6964656964658
Uttar Pradesh,Siyana APMC,478,6,1525.0,1545.2050209205022
Rajasthan,Alwar FV,476,3,1600.0,1723.4453781512605
Uttarakhand,Rishikesh APMC,476,3,1250.0,1479.6596638655462
Uttar Pradesh,Khaga APMC,476,5,2170.0,2032.7100840336134
Uttar Pradesh,Bilsi APMC,474,6,1825.0,1784.2869198312237
Punjab,Mansa APMC,472,5,1700.0,2038.5614406779662
West Bengal,Balarampur APMC,469,4,2400.0,2550.6289978678037
Madhya Pradesh,Petlawad APMC,468,6,2060.5,2976.012884615385
Keralam,Nedumkandam Market,467,4,3300.0,3593.3618843683084
Haryana,Dhand APMC,464,4,1950.0,2138.717672413793
Punjab,Zira APMC,463,5,1700.0,1628.1749460043197
Madhya Pradesh,Badwaha APMC,462,7,2014.0,2864.45670995671
Madhya Pradesh,Mandsaur APMC,462,6,2085.0,2253.714285714286
Keralam,Perumbavoor Market,461,3,2500.0,2709.761388286334
Uttar Pradesh,Balrampur APMC,460,5,1940.0,1902.608695652174
Manipur,Imphal APMC,460,6,3250.0,3454.695652173913
Keralam,Harippad Market,460,3,4000.0,3881.7391304347825
Uttar Pradesh,Baberu APMC,458,6,1975.0,1935.7314410480349
West Bengal,Champadanga APMC,457,3,2800.0,2633.4135667396063
Keralam,Kottakkal Market,456,3,2550.0,2736.1381578947367
Rajasthan,Bijaynagar APMC,455,6,2050.0,2801.8747252747253
Gujarat,Vankaner APMC,455,4,3700.0,3971.6593406593406
Maharashtra,APMC Jalana ,454,7,2000.0,2078.1519823788544
Chattisgarh,Rajnandgaon APMC,454,6,2000.0,2201.0991189427314
Gujarat,Dhoraji APMC,453,7,4005.0,3917.1633554083887
Rajasthan,Udaipur (Grain) APMC,452,3,2050.0,2065.2522123893805
Rajasthan,Bhilwara APMC,451,7,1820.0,2101.518847006652
Madhya Pradesh,Bhikangaon APMC,450,5,2100.0,2844.097777777778
Maharashtra,APMC Malkapur ,450,6,1837.5,1831.7577777777778
Punjab,Rajpura APMC,447,5,1600.0,1635.592841163311
Uttar Pradesh,Divai APMC,447,6,1420.0,1498.0604026845638
Gujarat,Jamnagar APMC,445,6,3728.0,3697.973033707865
Uttar Pradesh,Chandoli APMC,444,4,2160.0,2108.84009009009
Punjab,Patti APMC,443,4,1400.0,1595.0090293453725
Keralam,Kanjirappally Market,442,3,4200.0,4532.805429864254
Madhya Pradesh,Sehore APMC,442,4,2375.5,2256.10407239819
Uttar Pradesh,Dhanaura APMC,442,4,975.0,1272.9298642533936
Maharashtra,APMC  Yawal,441,7,1300.0,1989.2721088435374
Haryana,Narwana APMC,441,5,1300.0,1711.700680272109
NCT of Delhi,APMC Azadpur,441,3,1295.0,1458.0975056689342
Uttar Pradesh,Mugrabaadshahpur APMC,440,5,1932.5,1943.1818181818182
Gujarat,Visavadar APMC,439,6,3500.0,3427.243735763098
Uttar Pradesh,Naugarh APMC,439,6,1930.0,2024.98861047836
Uttar Pradesh,Konch APMC,439,6,1800.0,1681.7289293849658
Maharashtra,APMC Lasalgaon ,438,6,1800.0,1942.8059360730595
Haryana,Ganaur APMC,438,5,2200.0,2361.9292237442924
Madhya Pradesh,Indore APMC,437,6,2025.0,2133.032585812357
Keralam,Thalasserry Market,437,3,4300.0,4516.336384439359
Odisha,Bonai APMC,437,4,2400.0,2506.5675057208236
Uttar Pradesh,Viswan APMC,437,5,2135.0,1986.949656750572
Gujarat,Dhrol APMC,435,4,3925.0,3947.1494252873563
Goa,Mapusa APMC,434,3,1525.0,1559.7308755760369
Madhya Pradesh,Anjad APMC,434,6,1975.0,2891.1682027649767
Haryana,Radaur APMC,429,4,1800.0,1761.8648018648018
Himachal Pradesh,PMY Hamirpur,429,3,2400.0,2362.097902097902
Uttar Pradesh,Hargaon (Laharpur) APMC,429,5,1150.0,1365.5128205128206
West Bengal,Kolaghat APMC,426,3,2700.0,2670.410798122066
Punjab,Dudhansadhan APMC,425,3,2100.0,2084.823529411765
Uttar Pradesh,Sehjanwa APMC,424,6,1860.0,1880.2735849056603
Keralam,Angamaly Market,424,3,2900.0,3190.330188679245
Haryana,Barwala(Hisar) APMC,422,5,1500.0,2178.1824644549765
Keralam,Koovapadi VFPCK Market,422,1,2800.0,2983.4123222748817
Uttar Pradesh,Paliakala APMC,421,5,2000.0,1949.0142517814727
Gujarat,Jetpur(Dist.Rajkot) APMC,421,4,4100.0,4255.515439429929
Punjab,Garh Shankar APMC,420,4,1600.0,1585.3809523809523
West Bengal,Pandua APMC,420,3,2850.0,2633.0714285714284
Maharashtra,APMC Akola ,419,7,2070.0,2319.3365155131264
Keralam,Chengannur Market,419,3,3000.0,3458.7112171837707
Assam,P.O. Uparhali Guwahati APMC,419,4,2800.0,3882.1670644391406
Uttar Pradesh,Khurja APMC,418,4,2300.0,2272.906698564593
West Bengal,Karimpur APMC,417,4,3060.0,2851.438848920863
Madhya Pradesh,Sailana APMC,417,5,2200.0,3096.165467625899
Haryana,Sadhaura APMC,417,5,1800.0,1780.2086330935251
Maharashtra,APMC Lasur Station ,413,5,1850.0,1916.1404358353511
West Bengal,Jalpaiguri Sadar APMC,413,3,2400.0,2403.1719128329296
Uttar Pradesh,Sahiyapur APMC,413,6,1845.0,1851.554479418886
Uttar Pradesh,Mohammdi APMC,413,6,2280.0,2129.3341404358353
Uttar Pradesh,Kopaganj APMC,413,5,1600.0,1699.8353510895884
Rajasthan,Ajmer(F&V) APMC,412,3,1600.0,1692.4150485436894
Karnataka,Basava Kalayana APMC,411,4,1975.0,2150.7615571776155
Keralam,Ettumanoor Market,409,3,3600.0,3805.8679706601465
Madhya Pradesh,Burhanpur APMC,409,4,1735.0,1978.437652811736
Gujarat,Siddhpur APMC,409,6,3812.0,3922.451100244499
Maharashtra,APMC Mumbai ,408,7,3250.0,3368.9338235294117
Haryana,Sirsa APMC,408,5,1600.0,2494.2107843137255
Madhya Pradesh,Sendhwa APMC,408,6,2360.0,3395.200980392157
Keralam,Thirurrangadi Market,407,3,2600.0,2829.97542997543
West Bengal,Bankura Sadar APMC,406,4,2312.5,2289.322660098522
West Bengal,Barasat APMC,404,3,2200.0,2121.1881188118814
Maharashtra,Lasalgaon(Niphad) ,404,5,1910.5,1855.3589108910892
Uttar Pradesh,Chitwadagaon APMC,403,5,2100.0,2116.3399503722085
Punjab,Bassi Pathana APMC,403,4,2200.0,2198.996923076923
Madhya Pradesh,Jhabua APMC,402,6,2246.5,3364.639303482587
Uttar Pradesh,Tamkuhi road APMC,402,6,1752.5,1979.266169154229
Himachal Pradesh,PMY Kather Solan,402,3,2050.0,2057.960199004975
Maharashtra,APMC Khamgaon ,402,5,1962.0,2931.3084577114428
Haryana,KALANWALIAPMC,401,6,2000.0,2255.9201995012468
Karnataka,Ballari APMC,399,7,2095.0,2753.654135338346
Gujarat,Jambusar(Kaavi) APMC,398,4,3000.0,3418.3417085427136
Punjab,Dinanagar APMC,398,4,2100.0,1956.8090452261306
Himachal Pradesh,PMY Kullu,397,3,2400.0,2430.390428211587
West Bengal,Ghatal APMC,396,3,2400.0,2332.159090909091
West Bengal,Mechua APMC,396,1,2300.0,2262.8535353535353
Maharashtra,APMC Nasik ,395,4,1250.0,1639.832911392405
Maharashtra,APMC Shirpur ,394,7,1951.0,2383.035532994924
West Bengal,Karsiyang(Matigara) APMC,394,3,2800.0,2962.56345177665
Karnataka,Belgaum APMC,393,3,1600.0,1867.0610687022902
Uttar Pradesh,Tulsipur APMC,393,5,2340.0,2255.4961832061067
Andhra Pradesh,Kurnool APMC,392,3,2149.0,2912.3214285714284
Madhya Pradesh,Khandwa APMC,391,6,2050.0,2722.013810741688
Uttar Pradesh,Moth APMC,391,5,1770.0,1743.455242966752
Punjab,Khanna APMC,391,5,1255.0,1238.8107416879795
Keralam,Vandiperiyar Market,391,3,3800.0,3656.9462915601025
Madhya Pradesh,Ashta APMC,391,5,2121.0,2079.1355498721227
Haryana,Naraingarh APMC,390,5,1200.0,1385.4794871794873
Uttarakhand,Roorkee APMC,390,6,950.0,1197.7692307692307
Manipur,Lamlong Bazaar APMC,389,6,3500.0,3621.6709511568124
NCT of Delhi,"APMC Shahdara, Fruit and Vegetable Market, Gazipur",389,2,1300.0,1530.3341902313625
Rajasthan,Deoli APMC,388,5,1907.5,1982.1443298969073
Karnataka,Vijayapura APMC,388,6,3200.0,3822.4123711340208
Punjab,Fazilka APMC,387,5,1300.0,1645.0025839793282
Uttar Pradesh,Bewar APMC,387,7,1990.0,2325.1162790697676
West Bengal,Medinipur(West) APMC,387,4,2500.0,2651.653746770026
Maharashtra,APMC Pachora ,386,5,1938.5,2042.6295336787564
Maharashtra,APMC Deoulgaon Raja ,385,5,2200.0,2851.1194805194805
Punjab,Abohar APMC,384,6,1845.0,2769.9619791666664
Uttar Pradesh,Baripaal APMC,384,7,1800.0,1832.6640625
West Bengal,Guskara APMC,383,2,2400.0,2371.2819843342036
Punjab,Budalada APMC,383,5,1600.0,1901.5404699738904
Maharashtra,APMC Jamkhed ,383,5,2200.0,2379.177545691906
Uttar Pradesh,Tilhar APMC,383,6,1600.0,1758.083550913838
Haryana,Ladwa APMC,382,5,2000.0,2024.4633507853403
Uttar Pradesh,Uttaripura APMC,381,6,2110.0,1903.3070866141732
Keralam,Pala Market,381,3,3800.0,4162.46719160105
Gujarat,Patan APMC,381,4,3175.0,3746.246719160105
Maharashtra,APMC Ahilyanagar ,381,7,1962.0,2032.5643044619424
Haryana,Jagadhri APMC,380,4,1500.0,1601.4421052631578
Haryana,Meham,379,5,1400.0,1666.9683377308706
Madhya Pradesh,Kalapipal APMC,379,6,1850.0,1864.778364116095
Himachal Pradesh,PMY Kangra,379,3,2500.0,2653.298153034301
Himachal Pradesh,SMY Dhanotu,378,3,2200.0,2300.185185185185
Manipur,Thoubal APMC,378,6,3500.0,3607.084656084656
West Bengal,Kandi APMC,378,3,2395.0,2276.137566137566
Maharashtra,APMC Kopargaon ,377,4,1825.0,1842.6790450928381
West Bengal,Falakata APMC,377,3,2150.0,2202.5862068965516
Keralam,Parassala Market,377,3,3700.0,3774.8010610079577
Maharashtra,APMC Amarawati ,375,7,2200.0,3026.0506666666665
Himachal Pradesh,SMY Nadaun,375,3,2400.0,2441.5466666666666
Uttarakhand,Dehradoon APMC,373,3,1000.0,1172.6273458445041
Himachal Pradesh,PMY Bilaspur,372,3,2300.0,2250.0
Madhya Pradesh,Ratlam APMC,372,5,2250.0,2622.7096774193546
Maharashtra,APMC Rahata ,372,5,1650.0,1776.1801075268818
West Bengal,Bethuadahari APMC,371,4,3050.0,2737.5471698113206
Madhya Pradesh,Bhopal(F&V) APMC,371,3,900.0,967.2911051212938
Madhya Pradesh,Betul APMC,370,6,1850.0,1838.1783783783783
Madhya Pradesh,Sanwer APMC,368,3,1050.0,1435.6005434782608
Gujarat,Dhansura APMC,368,4,2032.5,2947.907608695652
Rajasthan,Udaipur (F&V) APMC,368,3,1000.0,1144.1576086956522
Haryana,Rewari APMC,368,5,1500.0,1664.391304347826
Maharashtra,APMC Ulhasnagar ,366,7,3000.0,3119.3715846994537
Maharashtra,APMC Shevgaon ,364,5,1900.0,1870.4093406593406
Uttar Pradesh,Gadaura APMC,364,5,1600.0,1647.0741758241759
Uttar Pradesh,Jangipura APMC,363,4,2010.0,1964.7520661157025
Rajasthan,Pilibanga APMC,362,5,2227.0,3374.55635359116
Gujarat,Visnagar APMC,361,6,3562.0,3824.7728531855955
Madhya Pradesh,Ashoknagar APMC,361,4,2125.0,2255.3379501385043
Keralam,Kuruppanthura Market,360,3,2800.0,3319.7472222222223
Keralam,Ernakulam Market,359,4,3050.0,3128.272980501393
Uttar Pradesh,Amroha APMC,359,5,2370.0,2126.4066852367687
Himachal Pradesh,SMY Bhuntar,359,3,2430.0,2450.0
Uttar Pradesh,Vilthararoad APMC,358,5,1850.0,1773.2262569832403
Gujarat,Bhiloda APMC,358,5,2500.0,3197.893854748603
Maharashtra,APMC Sillod ,358,4,1825.0,2209.0977653631285
Manipur,Bishenpur APMC,357,6,3500.0,3687.2268907563025
Madhya Pradesh,Timarni APMC,356,4,1720.5,1729.9016853932585
Rajasthan,Sriganganagar (F&V) APMC,356,3,1500.0,1596.573033707865
Rajasthan,Pratapgarh APMC,356,4,1800.0,1813.3960674157304
Haryana,Mohindergarh APMC,356,3,1300.0,1612.6404494382023
Madhya Pradesh,Rajgarh APMC,356,6,1950.0,2216.0682584269666
Karnataka,Bangarpet APMC,355,5,2700.0,2629.8732394366198
Tripura,Bishalgarh APMC,355,4,3300.0,3308.450704225352
Keralam,Neeleswaram Market,355,4,3800.0,3987.042253521127
Punjab,Muktsar APMC,355,7,1600.0,1760.2281690140844
Rajasthan,Nimbahera APMC,354,5,2397.5,2617.3175141242937
Jammu and Kashmir,MAC F&V Market Narwal Jammu,353,3,2100.0,2224.71671388102
Haryana,Thanesar APMC,353,5,1800.0,1965.4249291784702
Madhya Pradesh,Katni APMC,353,7,1965.0,2183.929178470255
Uttar Pradesh,Mawana APMC,352,4,1860.0,1833.5738636363637
Uttar Pradesh,Nautnava APMC,352,5,2147.5,1972.53125
Haryana,Barara APMC,352,5,1385.5,1488.9232954545455
Punjab,Chamkaur Sahib APMC,350,3,2020.0,1988.8857142857144
West Bengal,Memari APMC,350,2,2350.0,2286.9857142857145
Gujarat,Mehsana(Mehsana Veg) APMC,350,3,1150.0,1369.2857142857142
Maharashtra,APMC Kalamb (Dharashiv) ,349,3,2150.0,2336.885386819484
Madhya Pradesh,Haatpipliya APMC,349,4,1310.0,1457.9255014326648
Telangana,Warangal APMC,348,6,3550.0,3849.2758620689656
Rajasthan,Hanumangarh Town APMC,348,6,2549.0,3645.580459770115
Punjab,Kharar APMC,348,4,1200.0,1512.0689655172414
Odisha,Karanjia APMC,348,1,2620.0,2784.4827586206898
Haryana,Shahzadpur APMC,347,5,1350.0,1542.0374639769452
Rajasthan,Kota APMC,347,4,2000.0,1990.1613832853027
Rajasthan,Rawatsar APMC,347,5,3340.0,3648.380403458213
Gujarat,Modasa APMC,346,5,2240.0,3086.335260115607
Haryana,Sonepat APMC,346,3,2000.0,2049.6531791907514
Maharashtra,APMC Manmad ,345,4,1670.0,1706.0869565217392
Keralam,Kasargod Market,345,1,3250.0,3545.942028985507
Karnataka,Laxmeshwar APMC,345,5,3403.0,3389.0898550724637
West Bengal,Beldanga APMC,345,3,2500.0,2221.9565217391305
Punjab,Patran APMC,343,4,1250.0,1347.0903790087464
Punjab,Jalalabad APMC,343,4,1750.0,1737.0991253644315
Madhya Pradesh,Sanawad APMC,343,6,1955.0,2747.2594752186587
Uttar Pradesh,Gopiganj APMC,343,5,2310.0,2126.6180758017495
Maharashtra,APMC Nandurbar ,342,7,1872.5,2149.2690058479534
Gujarat,APMC HALVAD,342,4,4750.0,4712.441520467836
Uttar Pradesh,Milak APMC,341,5,2065.0,1996.607038123167
Uttar Pradesh,Jasvantnagar APMC,341,6,1650.0,1789.3870967741937
West Bengal,Bara Bazar (Posta Bazar) APMC,339,2,1500.0,1817.1386430678467
Maharashtra,APMC Chalisgaon ,338,7,1700.0,1736.887573964497
Maharashtra,APMC Shrirampur ,337,6,1600.0,1588.7626112759644
Rajasthan,Kekri APMC,337,5,2200.0,2647.673590504451
Maharashtra,APMC Nandgaon ,336,5,1937.5,1993.1011904761904
Uttar Pradesh,Hasanpur APMC,336,6,1450.0,1569.907738095238
Maharashtra,APMC Malegaon ,336,5,1963.0,2091.2261904761904
West Bengal,Raiganj APMC,336,4,2800.0,2867.723214285714
Gujarat,Kapadvanj APMC,335,5,1875.0,2241.337313432836
Odisha,Bargarh APMC,335,3,1800.0,2033.2835820895523
Madhya Pradesh,Burhanpur(F&V) APMC,334,3,850.5,1001.5239520958083
West Bengal,Habra APMC,334,4,1700.0,2095.2095808383233
Jammu and Kashmir,Kathua (F&V),333,3,2500.0,2409.90990990991
West Bengal,Indus(Bankura Sadar) APMC,333,3,2500.0,2546.5615615615616
Madhya Pradesh,Deori APMC,332,5,1500.0,1439.7951807228915
Uttar Pradesh,Sirsa APMC,332,4,1660.0,1747.7650602409637
Jharkhand,Giridih APMC,331,5,2500.0,2596.918429003021
Uttar Pradesh,Mehmoodabad APMC,331,4,2010.0,1976.7371601208458
Madhya Pradesh,Dewas APMC,329,4,1960.0,2028.109422492401
Maharashtra,APMC Gevrai ,329,5,2050.0,2233.2705167173253
Uttar Pradesh,Gulavati APMC,329,6,1390.0,1348.9300911854104
Uttar Pradesh,Jagnair APMC,329,5,1670.0,1702.857142857143
Punjab,Bathinda APMC,328,4,1305.0,1580.5152439024391
Maharashtra,APMC Palghar ,328,4,3087.5,3111.246951219512
Punjab,Garh Shankar(Mahalpur) APMC,328,4,1500.0,1502.8658536585365
Madhya Pradesh,Dhar APMC,327,3,2215.0,2205.636085626911
Maharashtra,APMC Amalner ,327,5,2101.0,2242.4862385321103
West Bengal,Chakdah APMC,327,4,1700.0,2183.0581039755352
West Bengal,Garbeta(Medinipur) APMC,326,3,2800.0,2709.8619631901843
Uttarakhand,Haldwani APMC,325,7,1000.0,1420.493846153846
West Bengal,Islampur APMC,323,2,2600.0,2566.346749226006
Maharashtra,APMC Yeola ,323,4,1680.0,1712.0402476780187
Punjab,Dhuri APMC,321,4,1400.0,1512.2429906542056
Madhya Pradesh,Thandla APMC,320,6,2007.5,2911.6
Rajasthan,Sriganganagar (Grain) APMC,320,4,4235.5,4219.00625
Haryana,Barwala APMC,319,3,1100.0,1367.9153605015674
Uttar Pradesh,Sambhal APMC,319,5,1250.0,1329.0815047021943
Gujarat,Dahod(Veg. Market) APMC,318,3,1300.0,1510.1415094339623
Karnataka,Ranebennur APMC,317,7,2200.0,3221.167192429022
Uttarakhand,Kashipur APMC,316,4,1160.0,1284.0594620253164
Punjab,Firozepur City APMC,315,4,1300.0,1503.5619047619048
Haryana,Sohna APMC,315,4,1000.0,1390.7936507936508
Maharashtra,APMC Sangli ,315,5,3450.0,3561.4761904761904
Keralam,Chavakkad Market,315,3,3500.0,3636.8253968253966
West Bengal,Kasipur APMC,315,4,2300.0,2468.0
Punjab,Amritsar(Amritsar Mewa Mandi) APMC,314,3,900.0,977.2611464968153
Keralam,Cherthala Market,314,6,2900.0,3249.37898089172
Uttar Pradesh,Sandi APMC,313,5,2035.0,2002.6102236421725
Odisha,Keonjhar APMC,312,3,2700.0,2786.5384615384614
Madhya Pradesh,Kasrawad APMC,312,5,2215.0,2623.3615384615387
Telangana,Mahboob Manison APMC,312,2,1200.0,1403.0448717948718
Odisha,Bolangir APMC,312,3,2400.0,2534.2948717948716
Tripura,Pabiacherra APMC,311,4,2000.0,2159.1800643086817
Tamil Nadu,Vellore APMC,311,6,6000.0,5746.260450160772
Gujarat,Talod APMC,309,5,2627.0,3343.0388349514565
Punjab,Gurdaspur APMC,309,3,2000.0,1809.1423948220065
Haryana,Safidon APMC,309,4,2025.0,2041.116504854369
Punjab,Giddarbaha APMC,309,5,1600.0,2551.559870550162
Madhya Pradesh,Ganjbasoda APMC,309,4,2561.0,2726.1941747572814
Keralam,Kollengode Market,308,4,3800.0,9744.155844155845
Rajasthan,Goluwala APMC,308,6,3900.0,4049.3422077922073
Madhya Pradesh,Jobat APMC,307,5,2450.0,3671.514657980456
Uttar Pradesh,Chandausi APMC,307,7,1925.0,1879.9511400651465
Punjab,Mukerian(Talwara) APMC,307,3,1850.0,1943.4201954397395
Madhya Pradesh,Gandhwani APMC,306,3,2482.5,3462.9150326797385
Maharashtra,APMC Dondaicha ,305,5,1975.0,2335.4786885245903
Uttar Pradesh,Barhaj APMC,305,5,1920.0,1941.9016393442623
Assam,Howly APMC,304,4,2370.0,2660.4769736842104
Gujarat,Taleja APMC,304,6,4025.0,4151.8421052631575
Uttar Pradesh,Atrauli APMC,303,6,1690.0,1631.924092409241
Maharashtra,APMC Devala ,302,5,1627.5,1719.6622516556292
Punjab,Nabha APMC,302,3,1200.0,1348.2781456953642
Himachal Pradesh,PMY Chamba,301,3,2500.0,2473.3820598006646
Uttar Pradesh,Kamlaganj APMC,301,6,1650.0,1648.6578073089702
Uttar Pradesh,Baraut APMC,300,5,1565.0,1711.6166666666666
Uttar Pradesh,Aliganj APMC,299,5,1845.0,1668.0903010033444
Madhya Pradesh,Alirajpur APMC,299,4,3900.0,3733.598662207358
Rajasthan,Fatehnagar APMC,299,4,2014.0,2177.782608695652
Gujarat,Palanpur APMC,298,5,2706.0,3385.6963087248323
Haryana,Asandh APMC,298,4,1900.0,2011.5939597315437
Uttarakhand,Sitarganj APMC,298,5,1300.0,1441.023489932886
Maharashtra,APMC Barshi ,297,7,2300.0,2540.4444444444443
Uttar Pradesh,Chirgaon APMC,297,6,1910.0,2230.5286195286194
Uttar Pradesh,Maigalganj APMC,297,5,2070.0,2006.138047138047
Punjab,Barnala APMC,297,5,1175.0,1487.6919191919192
Punjab,Faridkot APMC,296,5,1600.0,1746.5135135135135
Madhya Pradesh,Chaurai APMC,296,3,1923.0,1911.8581081081081
Gujarat,Thara APMC,295,4,2677.5,3640.1406779661015
Maharashtra,APMC Satana ,295,4,1737.0,1789.284745762712
Odisha,Tusura APMC,295,3,2400.0,2512.2033898305085
Uttarakhand,Rudrapur APMC,294,6,1290.5,1432.4319727891157
Maharashtra,APMC Karjat(Raigad) ,294,6,2087.5,2310.374149659864
Rajasthan,Chittorgarh APMC,293,6,1500.0,1656.8259385665528
Maharashtra,APMC Karmala ,293,5,2300.0,2479.914675767918
Telangana,Bowenpally APMC,292,4,1400.0,1494.1780821917807
Uttarakhand,Khateema APMC,291,3,1044.0,1028.7903780068727
Punjab,Ropar APMC,291,4,1400.0,1623.316151202749
Rajasthan,Ramganjmandi APMC,291,4,2011.0,2321.951890034364
Madhya Pradesh,Karhi APMC,291,3,2100.0,2985.0756013745704
Tripura,Teliamura APMC,291,4,2800.0,2836.718213058419
Punjab,Bhawanigarh APMC,290,4,1300.0,1486.0172413793102
Himachal Pradesh,PMY Una,290,3,2100.0,2031.896551724138
Rajasthan,Hanumangarh APMC,290,7,2300.0,3395.441379310345
Madhya Pradesh,Pipariya APMC,289,5,1630.0,1763.8961937716263
Madhya Pradesh,Chhindwara APMC,289,3,2050.0,2031.0387197231832
Keralam,Kuttoor Market,289,1,2800.0,3150.1038062283737
Madhya Pradesh,Bhopal APMC,289,7,2134.0,2305.794982698962
Haryana,Chhachrauli APMC,289,4,1300.0,1606.6089965397923
Punjab,Malerkotla APMC,288,4,1300.0,1368.125
Uttar Pradesh,Shahaswan APMC,288,5,1250.0,1475.3125
Madhya Pradesh,Guna APMC,288,6,1995.0,2152.3229166666665
Karnataka,Bagalkot APMC,287,5,2100.0,2783.285714285714
Rajasthan,Malpura APMC,287,4,2350.0,2491.7665505226482
Punjab,Sirhind APMC,286,4,1300.0,1588.0153146853147
West Bengal,Kasimbazar APMC,286,2,2600.0,2579.6153846153848
Rajasthan,Sangriya APMC,286,4,2342.5,3410.867132867133
Jammu and Kashmir,Parimpore Srinagar (F&V),286,3,2700.0,2853.2762237762236
Maharashtra,APMC Vaijpur ,285,5,1675.0,1736.561403508772
Uttarakhand,Vikasnagar APMC,285,7,1000.0,1194.817543859649
Punjab,Dera Bassi APMC,284,2,1400.0,1619.806338028169
West Bengal,Kaliaganj APMC,284,3,2750.0,2829.4014084507044
Rajasthan,Jodhpur (F&V) APMC,284,3,1050.0,1157.0422535211267
Keralam,Munnar Market,283,4,4500.0,4806.360424028268
Uttar Pradesh,Ahirora APMC,282,5,1935.0,1836.9326241134752
Tripura,Kalyanpur APMC,281,4,2100.0,2323.0604982206405
Haryana,Sampla APMC,281,3,1700.0,1960.1423487544484
Haryana,Narnaul APMC,281,5,1500.0,1845.288256227758
Himachal Pradesh,SMY Palampur,281,3,2600.0,2733.6298932384343
Punjab,Mukerian APMC,281,3,2000.0,1993.202846975089
Uttar Pradesh,Gangoh APMC,280,6,1372.5,1599.0107142857144
Odisha,Jharsuguda APMC,280,3,2450.0,2535.1785714285716
Keralam,Mukkom Market,279,3,3400.0,3294.9820788530465
Uttar Pradesh,Khalilabad APMC,278,5,1725.0,1730.7014388489208
Assam,Dhing APMC,278,6,2000.0,2509.622302158273
Punjab,Morinda APMC,278,3,1400.0,1632.2769784172663
Punjab,Dasuya APMC,278,4,1250.0,1499.7841726618706
Maharashtra,APMC Beed ,277,3,2182.0,2185.6678700361012
Punjab,Lehra Gaga APMC,277,5,2300.0,2253.9350180505417
Punjab,Rayya APMC,277,4,1500.0,1549.6750902527076
Gujarat,Jam Jodhpur APMC,277,4,4100.0,4086.714801444043
Maharashtra,APMC Paithan ,276,4,1980.5,2020.9311594202898
Odisha,Sargipali APMC,276,2,1800.0,2112.31884057971
Madhya Pradesh,Harda APMC,275,3,1795.0,1808.4072727272728
Odisha,Saharpada APMC,275,3,2500.0,2699.6363636363635
Haryana,Farukh Nagar APMC,275,3,1500.0,1628.3272727272727
Uttar Pradesh,Dibiapur APMC,275,6,1550.0,1646.0945454545454
Rajasthan,Chomu FV APMC,274,2,1100.0,1349.8175182481752
Maharashtra,APMC Katol ,273,5,2570.0,3632.4468864468863
Odisha,Nilagiri APMC,273,4,1600.0,1736.970695970696
Punjab,Maur APMC,273,5,2500.0,3114.4505494505493
Punjab,Guru Har Sahai APMC,272,4,1800.0,1692.8308823529412
Rajasthan,Chaksu APMC,272,4,2450.0,2894.0036764705883
Madhya Pradesh,Vidisha APMC,272,4,2375.0,2485.948529411765
Punjab,Lalru APMC,271,4,1200.0,1420.3690036900368
Odisha,Hinjilicut APMC,271,2,2000.0,2281.180811808118
Odisha,Balugaon APMC,270,3,1850.0,2057.074074074074
Rajasthan,Beawar APMC,270,5,2100.0,2268.1925925925925
Rajasthan,Suratgarh APMC,270,4,2379.0,3386.7
Madhya Pradesh,Badwani APMC,269,5,1987.0,3077.3271375464683
Gujarat,Kalawad APMC,269,5,4065.0,4128.420074349442
Maharashtra,APMC Sinner ,268,7,1652.5,1703.5671641791046
Maharashtra,APMC Kille Dharur ,268,5,2675.5,3653.9888059701493
Punjab,Jagraon APMC,267,5,1400.0,1650.318352059925
Odisha,Keonjhar(Dhekikote) APMC,267,3,2500.0,2713.1086142322097
Madhya Pradesh,Berasia APMC,266,4,2026.5,2188.0
Maharashtra,APMC Gangapur ,266,4,1822.5,1894.327067669173
Tripura,Panisagar APMC,265,4,2300.0,2450.2264150943397
Rajasthan,Bayana APMC,265,3,1600.0,1592.2603773584906
Gujarat,Chotila APMC,265,5,2750.0,3820.2830188679245
Rajasthan,Bundi APMC,265,4,1875.0,1945.6377358490565
Madhya Pradesh,Khetia APMC,265,4,4450.0,4233.396226415094
Punjab,Phagwara APMC,265,4,1050.0,1318.9584905660377
West Bengal,Jiaganj APMC,264,3,2477.5,2437.0757575757575
Madhya Pradesh,Lashkar APMC,263,4,1980.0,2061.574144486692
Rajasthan,Baran APMC,263,3,1928.0,1912.2395437262358
Tripura,Sonamura APMC,263,3,3025.0,3149.1634980988592
Uttar Pradesh,Fatehabad APMC,263,5,1250.0,1452.9657794676807
Punjab,Sunam APMC,263,4,1100.0,1261.1216730038022
Madhya Pradesh,Seoni APMC,262,5,2045.0,1998.5534351145038
Rajasthan,Alwar APMC,262,7,2285.0,3286.0343511450383
Andhra Pradesh,Adoni APMC,261,2,5489.0,5862.203065134099
Haryana,Panipat APMC,261,4,1100.0,1384.0804597701149
Rajasthan,Rajsamand APMC,260,5,1450.0,1568.673076923077
Madhya Pradesh,Ujjain APMC,260,6,2039.0,1974.5288846153846
Maharashtra,APMC Pandharpur ,260,6,900.0,1090.446153846154
Haryana,Gharaunda APMC,260,4,2000.0,1733.9076923076923
Maharashtra,APMC Rahuri ,259,5,1650.0,1739.3281853281853
Maharashtra,APMC Mangal Wedha ,259,4,1900.0,1977.7528957528957
Madhya Pradesh,Narsinghgarh APMC,258,5,1655.0,1671.0077519379845
Madhya Pradesh,Badnawar APMC,258,5,2100.0,2439.015503875969
Madhya Pradesh,Jabalpur APMC,258,4,2082.5,2156.4767441860463
Madhya Pradesh,Itarsi APMC,257,6,1850.0,1876.784046692607
Madhya Pradesh,Indore(F&V) APMC,257,5,875.0,1077.4280155642023
Rajasthan,Tonk APMC,256,6,2020.0,2156.5703125
Uttar Pradesh,Khatauli APMC,256,6,1200.0,1350.390625
Karnataka,Mundaragi APMC,256,2,3371.0,3475.30078125
Maharashtra,APMC Nandura ,256,4,1708.0,1713.44140625
Madhya Pradesh,Mhow (Ambedkar Nagar) APMC,255,6,1801.0,1808.6980392156863
Madhya Pradesh,Lashkar(F&V) APMC,255,3,800.0,937.4117647058823
Madhya Pradesh,Niwadi APMC,255,2,2390.0,2804.8901568627452
Odisha,Kendrapara(Marshaghai) APMC,255,3,1500.0,1870.7843137254902
West Bengal,Haldibari APMC,255,2,2350.0,2000.3529411764705
Maharashtra,Rahuri(Vambori) ,255,5,1825.0,1835.1921568627452
Maharashtra,APMC Karad ,254,3,1400.0,1726.9685039370079
Odisha,Kendrapara APMC,254,3,1500.0,1744.0944881889764
Haryana,Pehowa APMC,254,3,1500.0,1428.763779527559
Maharashtra,APMC Savner ,254,5,2522.0,3797.3228346456694
Madhya Pradesh,Manasa APMC,254,4,1922.5,1887.3976377952756
Odisha,Khariar APMC,253,2,2000.0,2410.276679841897
Maharashtra,Chandrapur(Ganjwad) ,253,4,1400.0,1682.889328063241
Odisha,Khariar Road APMC,253,2,2000.0,2388.9328063241105
Jammu and Kashmir,Fruit and Vegetable Market Udhampur,253,3,2600.0,2468.102766798419
Punjab,Talwandi Sabo APMC,252,5,1300.0,1627.857142857143
Jammu and Kashmir,Akhnoor (F&V),252,3,2300.0,2294.6428571428573
Haryana,Ellanabad APMC,252,6,3887.5,3926.5476190476193
Keralam,Mattathur VFPCK Market,251,1,2800.0,3371.5139442231075
Punjab,Nawan Shahar(Subzi Mandi) APMC,251,3,1400.0,1918.8645418326694
Tripura,Dasda APMC,251,4,2750.0,2967.2509960159364
Rajasthan,Gulabpura APMC,250,4,1955.0,2106.548
Gujarat,Deesa(Deesa Veg Yard) APMC,250,3,1362.5,1675.804
Uttar Pradesh,Jahanabad APMC,250,5,1922.5,1774.696
Telangana,Gudimalkapur APMC,250,2,1000.0,1215.0
Uttar Pradesh,Baheri APMC,249,5,1240.0,1401.3253012048192
Keralam,Palayam Market,249,2,2000.0,2253.012048192771
Keralam,Kondotty Market,249,3,2500.0,2660.6425702811243
Jharkhand,Lohardaga APMC,248,5,2000.0,2175.7258064516127
Tamil Nadu,Ulundurpettai APMC,248,6,4754.5,4411.627016129032
Gujarat,Palitana APMC,247,7,2715.0,3423.97975708502
Madhya Pradesh,Ichhawar APMC,247,4,1890.0,1901.761133603239
Karnataka,Kottur APMC,247,4,2283.0,3245.724696356275
Haryana,"New Grain Market(main), Karnal APMC",246,4,1800.0,1706.5040650406504
Punjab,Tarantaran APMC,246,5,1400.0,1651.0162601626016
Keralam,Mazhuvannur VFPCK Market,246,1,2600.0,2656.5040650406504
Gujarat,Deesa APMC,246,4,3512.5,3731.589430894309
Odisha,Bargarh(Barapalli) APMC,246,2,1800.0,2161.5853658536585
Punjab,Ajnala APMC,246,3,1150.0,1361.581300813008
Punjab,Jalandhar City(Jalandhar) APMC,245,3,850.0,870.5102040816327
Madhya Pradesh,Umariya APMC,245,3,2100.0,2039.773469387755
Haryana,Madlauda APMC,245,4,1500.0,1602.3510204081633
Uttar Pradesh,Dankaur APMC,245,5,2080.0,2188.5183673469387
Haryana,Jakhal APMC,245,5,1500.0,1819.530612244898
Maharashtra,APMC Shahada ,245,4,1865.0,1943.0448979591836
Rajasthan,Jalore APMC,244,3,1400.0,1668.6475409836066
Odisha,Kamakhyanagar APMC,244,2,2000.0,2401.0245901639346
Madhya Pradesh,Kumbhraj APMC,243,2,1880.0,1883.1316872427983
Haryana,Mustafabad APMC,243,3,1400.0,1501.3991769547324
Maharashtra,APMC Karjat ,242,6,3000.0,3256.404958677686
Assam,North Lakhimpur APMC,242,2,2700.0,3424.1735537190084
Meghalaya,Shillong APMC,242,3,3500.0,3267.1487603305786
Madhya Pradesh,Jabalpur(F&V) APMC,241,3,1100.0,1140.4356846473029
Madhya Pradesh,Sagar(F&V) APMC,241,3,900.0,993.6929460580913
Chattisgarh,Durg APMC,241,4,1700.0,1874.701244813278
Gujarat,APMC Bagasara,240,4,4376.0,4439.375
Madhya Pradesh,Pandhana APMC,239,4,2040.0,2399.686192468619
Gujarat,Mansa APMC,239,3,2725.0,3558.4100418410044
Maharashtra,APMC Hinganghat ,239,3,2500.0,3992.8619246861927
Gujarat,Modasa(Tintoi) APMC,239,4,2275.0,3095.9623430962342
Punjab,Bhagta Bhai Ka APMC,238,4,2200.0,2213.109243697479
Odisha,Boudh APMC,238,2,2000.0,2410.5042016806724
Punjab,Bhucho APMC,238,5,1400.0,1637.9831932773109
Gujarat,"Anand(Veg,Yard,Anand) APMC",237,2,1250.0,1418.9662447257383
West Bengal,Baxirhat APMC,237,3,2300.0,2014.15611814346
Punjab,Hoshiarpur APMC,236,6,1250.0,1484.415254237288
Gujarat,Vadhvan APMC,236,7,1350.0,1681.2881355932204
Punjab,Samrala APMC,235,4,1300.0,1534.0
Madhya Pradesh,Khirkiya APMC,235,3,1925.0,1919.9021276595745
Madhya Pradesh,Sitamau APMC,235,5,2001.0,1992.3787234042554
Punjab,Mamdot APMC,235,3,1900.0,1869.787234042553
Punjab,Dhariwal APMC,235,3,1100.0,1300.0425531914893
Odisha,Pattamundai APMC,235,3,1500.0,1857.2340425531916
Himachal Pradesh,PMY Paonta Sahib,235,3,2500.0,10896.595744680852
Assam,Goalpara APMC,234,2,2585.0,3081.7948717948716
Uttar Pradesh,Anwala APMC,234,3,1100.0,1388.7820512820513
Karnataka,Haveri APMC,234,8,1910.0,3193.1153846153848
Haryana,Uklana APMC,234,5,1500.0,2612.3760683760684
Odisha,Dhenkanal APMC,233,2,2000.0,2388.8412017167384
Maharashtra,APMC Sangamner ,233,7,1606.0,1820.1201716738196
Rajasthan,Anupgarh APMC,233,2,4903.0,4633.767854077253
Odisha,Gopa APMC,232,2,1500.0,1800.646551724138
Madhya Pradesh,Khategaon APMC,232,4,1980.0,1935.0
Haryana,Yamuna Nagar APMC,232,3,1400.0,1550.8189655172414
Maharashtra,APMC Kaij ,232,3,1700.0,1979.0560344827586
Karnataka,Soundati APMC,232,5,2110.0,3167.0775862068967
Punjab,Bariwala APMC,232,6,1800.0,1691.1008620689656
Maharashtra,APMC Baramati ,231,7,2050.0,2335.3896103896104
Maharashtra,APMC  VASAI,231,4,3250.0,3039.978354978355
Madhya Pradesh,Maksudangarh APMC,231,3,1940.0,1965.878787878788
Haryana,Jhajjar APMC,231,3,1500.0,1531.5800865800866
Assam,Bongiagaon APMC,231,4,2620.0,2571.5151515151515
Maharashtra,APMC Kolhapur ,230,3,1025.0,1293.7391304347825
Madhya Pradesh,Karera APMC,229,3,2400.0,2816.362445414847
Karnataka,Chitradurga APMC,229,3,4775.0,4266.882096069869
Assam,Cachar APMC,228,3,2700.0,3000.219298245614
Odisha,Chandabali APMC,228,3,1800.0,2159.2982456140353
Gujarat,Vadodara(Sayajipura) APMC,228,2,1200.0,1416.3377192982457
Madhya Pradesh,Pandhurna APMC,228,5,2566.0,3298.1973684210525
Haryana,Ratia APMC,228,4,2275.0,2051.4561403508774
Maharashtra,APMC Alibagh ,227,1,2600.0,2866.519823788546
Assam,Dhekiajuli APMC,226,5,2400.0,2208.761061946903
Odisha,Chatta Krushak Bazar APMC,226,3,1500.0,1746.9026548672566
Tamil Nadu,Kallakurichi APMC,226,5,2321.0,4430.159292035398
Madhya Pradesh,Badnagar APMC,226,4,2205.0,2156.5176991150443
Himachal Pradesh,SMY Jaisinghpur,225,3,2750.0,2919.5555555555557
Maharashtra,APMC Chopda ,225,4,1950.0,2126.7733333333335
Madhya Pradesh,Bina APMC,225,4,2385.0,2457.097777777778
Madhya Pradesh,Agar APMC,224,7,1905.0,2056.1696428571427
Keralam,Pariyaram VFPCK Market,224,1,2400.0,2470.1473214285716
Madhya Pradesh,Dewas(F&V) APMC,224,2,700.0,805.9151785714286
Haryana,Ambala Cantt. APMC,224,3,1500.0,1574.5089285714287
Maharashtra,Mumbai-Onion & Potato Market ,223,2,1300.0,1571.6367713004483
Tamil Nadu,Thirukovilur APMC,223,2,5193.0,4911.991031390135
Maharashtra,APMC Kalvan ,223,4,1501.0,1681.1031390134528
Odisha,Jaleswar APMC,221,3,1700.0,1930.8597285067874
Madhya Pradesh,Datia APMC,221,4,2410.0,2680.3622624434392
Gujarat,Surat APMC,221,2,1212.0,1448.8099547511313
Madhya Pradesh,Dindori APMC,221,3,1800.0,1867.89592760181
Maharashtra,APMC Majalgaon ,221,4,2300.0,2299.1176470588234
Punjab,Phillaur(Apra Mandi) APMC,221,3,1100.0,1545.9276018099547
Uttar Pradesh,Sardhana APMC,220,4,1300.0,1401.4318181818182
Madhya Pradesh,Obedullaganj APMC,220,3,2050.0,2106.827272727273
Madhya Pradesh,Kolaras APMC,220,5,2390.0,2802.0045454545457
Keralam,Nedumangadu Market,220,1,4100.0,4165.909090909091
Gujarat,Khambhat(Veg Yard Khambhat) APMC,220,3,1100.0,1407.5454545454545
West Bengal,Mekhliganj APMC,220,3,1850.0,1978.8863636363637
West Bengal,Toofanganj APMC,220,2,2300.0,2067.818181818182
Haryana,Ch. Dadri APMC,220,4,2300.0,2443.6545454545453
Odisha,Khunthabandha APMC,219,2,2000.0,2386.75799086758
Punjab,Adampur APMC,219,5,1800.0,1749.2009132420092
Madhya Pradesh,Harsood APMC,219,3,1900.0,1919.4977168949772
Haryana,Gohana APMC,219,3,1100.0,1280.4109589041095
Himachal Pradesh,SMY Jassur,218,3,2400.0,2394.380733944954
Karnataka,Channapatna APMC,218,1,2000.0,2268.8073394495414
Madhya Pradesh,Biaora APMC,218,6,2002.5,1953.6880733944954
Maharashtra,APMC Akluj ,218,7,1475.0,1619.348623853211
Gujarat,Rajkot(Veg.Sub Yard) APMC,217,2,1050.0,1212.7649769585253
Punjab,Baghapurana APMC,217,4,1400.0,1657.3963133640552
Jammu and Kashmir,Reasi APMC,217,3,2900.0,2583.179723502304
Uttar Pradesh,Awagarh APMC,217,5,1300.0,1483.8248847926268
Madhya Pradesh,Shamgarh APMC,216,5,1965.0,2135.597222222222
Karnataka,Chikkamagaluru APMC,216,6,1800.0,1807.101851851852
West Bengal,Dinhata APMC,216,3,1900.0,1939.861111111111
Madhya Pradesh,Khilchipur APMC,216,5,1900.0,1947.462962962963
Madhya Pradesh,Banapura APMC,216,3,1880.0,1916.2314814814815
Rajasthan,Padampur APMC,215,4,2499.0,3574.390697674419
Odisha,Bhanjanagar APMC,215,3,2100.0,2061.6232558139536
Gujarat,Bodeliu APMC,215,4,5025.0,4879.581395348837
Keralam,Wadakkanchery Market,215,2,2800.0,3046.9767441860463
Gujarat,Padra APMC,215,2,1400.0,1666.1627906976744
Madhya Pradesh,Sonkatch APMC,215,5,1920.0,1983.0651162790698
Haryana,Narnaund APMC,214,6,2412.5,2704.9813084112147
Uttarakhand,Manglaur APMC,214,3,1100.0,1287.8504672897195
Odisha,Nawarangpur APMC,214,5,1400.0,1549.8971962616822
Rajasthan,Sri Vijayanagar APMC,214,3,4617.0,4521.813084112149
Punjab,Sangrur APMC,214,5,1000.0,1345.0467289719627
Madhya Pradesh,Shajapur APMC,214,6,1900.0,1999.8271028037384
Rajasthan,Sadulshahar APMC,214,3,4277.5,4241.107476635514
Odisha,Mottagaon APMC,213,2,2000.0,2384.507042253521
Uttarakhand,Ramnagar APMC,213,6,1000.0,1307.2769953051643
Keralam,Vamanapuram Market,213,3,4200.0,4502.816901408451
Rajasthan,Kawai Salpura - Atru APMC,213,3,1922.0,1973.5492957746478
Maharashtra,APMC Murud ,213,1,2600.0,2692.957746478873
Uttar Pradesh,Samsabad APMC,212,6,1200.0,1597.3349056603774
Haryana,Hissar APMC,212,6,1500.0,2434.2311320754716
NCT of Delhi,APMC Najafgarh,212,4,2361.0,2325.9622641509436
West Bengal,Lalbagh APMC,211,2,2860.0,2799.7156398104266
Punjab,Moga APMC,211,4,1225.0,1338.5308056872038
Rajasthan,Bikaner (Grain) APMC,211,2,3946.0,3824.8483412322275
Madhya Pradesh,Shujalpur APMC,211,5,1700.0,1805.7298578199052
Uttar Pradesh,Salon APMC,210,4,1875.0,1847.0428571428572
Rajasthan,Kherli APMC,210,2,2107.5,2237.8
Punjab,Dharamkot APMC,210,4,1200.0,1488.452380952381
Uttar Pradesh,Thanabhawan APMC,209,3,1100.0,1322.6076555023924
Gujarat,Bhanvad APMC,209,3,3850.0,3915.8086124401916
Madhya Pradesh,Krishi Upaj Mandi Samiti Bichhiya,209,3,1840.0,1989.7655502392345
Maharashtra,APMC Ambad (Vadigodri) ,209,3,2000.0,2052.976076555024
Odisha,Angul(Jarapada) APMC,208,3,2000.0,2172.596153846154
Karnataka,Sindhanur APMC,207,6,2400.0,3025.8792270531403
Rajasthan,Jhalarapatan APMC,207,5,1880.0,1921.729468599034
Odisha,Betnoti APMC,207,4,2200.0,2129.4685990338166
Rajasthan,Jaitsar APMC,206,4,4470.0,4287.519417475728
Assam,Dibrugarh APMC,206,5,2325.0,2538.349514563107
Maharashtra,APMC Partur ,206,3,2100.0,2325.7184466019417
Haryana,Bhiwani APMC,205,4,1200.0,1372.009756097561
Gujarat,Bhesan APMC,205,4,4330.0,4535.878048780488
Madhya Pradesh,Mandla APMC,204,3,1900.0,1954.362745098039
Telangana,Badepally APMC,204,4,2234.0,3320.1617647058824
Madhya Pradesh,Sagar APMC,204,4,2237.5,2340.176470588235
Haryana,Pataudi APMC,203,4,1400.0,1790.7142857142858
Punjab,GarhShankar (Kotfatuhi) APMC,203,4,1600.0,1671.0591133004925
Gujarat,Bharuch APMC,203,3,1200.0,1409.1133004926107
Rajasthan,Iklera APMC,203,2,1920.0,1875.295566502463
Haryana,Jind APMC,202,3,1000.0,1301.0940594059407
Rajasthan,Lalsot APMC,202,4,2425.0,2853.9158415841584
Rajasthan,Nadwai APMC,202,3,2035.0,2107.2425742574255
Gujarat,Botad APMC,201,3,2570.0,2769.8258706467664
Maharashtra,Amrawati(Frui & Veg. Market) ,201,3,1150.0,1352.9850746268658
Uttar Pradesh,Bharwari APMC,201,5,2000.0,1931.9402985074628
Punjab,Khanauri APMC,200,4,1300.0,1463.25
Rajasthan,Dausa APMC,200,4,2196.0,2456.92
Jammu and Kashmir,Batote (F&V),200,3,2700.0,2909.5
Jharkhand,Koderma APMC,199,5,2000.0,2135.175879396985
Uttarakhand,Kicchha APMC,199,6,1400.0,1414.1959798994974
Karnataka,Gangavathi APMC,199,6,2065.0,2281.7236180904524
Madhya Pradesh,Gautampura APMC,198,5,2012.5,1915.7171717171718
NCT of Delhi,APMC Keshopur,198,3,1262.5,1520.2272727272727
Madhya Pradesh,Aron APMC,197,4,2026.0,2066.4213197969543
Maharashtra,Shevgaon(Bodhegaon) ,197,3,2100.0,2119.548223350254
Gujarat,Vyra APMC,197,4,2550.0,3546.456852791878
West Bengal,Kalimpong APMC,197,3,2700.0,4087.56345177665
Madhya Pradesh,Jaora APMC,197,4,2000.0,1927.0659898477156
Himachal Pradesh,SMY Nagrota Bagwan,197,3,2900.0,2776.1421319796955
Madhya Pradesh,Pachaur APMC,196,4,2350.0,2284.311224489796
Maharashtra,"Sangli(Phale, Bhajipala Market) ",196,2,1200.0,1337.6785714285713
Uttarakhand,Gadarpur APMC,196,3,2356.0,2515.0969387755104
Madhya Pradesh,Lateri APMC,196,4,2000.0,2094.438775510204
Madhya Pradesh,A lot APMC,196,3,1885.0,1873.6938775510205
Maharashtra,APMC Chandwad ,196,2,1450.0,1614.142857142857
Maharashtra,Kolhapur(Laxmipuri) ,196,6,3000.0,4268.852040816327
Madhya Pradesh,Pichhour APMC,195,2,2430.0,2921.502564102564
Gujarat,Dhari APMC,195,7,4610.0,4422.948717948718
Tripura,Barpathari APMC,195,3,2400.0,2828.2051282051284
Maharashtra,APMC Bhokar ,194,5,1758.0,2333.278350515464
Punjab,Sahnewal APMC,194,5,1400.0,1584.3253608247423
Haryana,Panchkul(Kalka) APMC,194,3,1700.0,2113.659793814433
Uttar Pradesh,Chaandpur APMC,194,3,1100.0,1242.0103092783504
Tripura,Champaknagar APMC,194,4,2600.0,2564.1237113402062
Maharashtra,APMC Tasgaon ,193,3,2200.0,2299.663212435233
Punjab,Kurali APMC,193,5,1300.0,1660.823834196891
Tamil Nadu,Tindivanam APMC,193,6,5207.0,5398.756476683938
Keralam,Chalakudy Market,193,3,3400.0,3603.626943005181
Karnataka,Nargunda APMC,193,5,2020.0,2885.160621761658
Madhya Pradesh,Sheopurkalan APMC,192,3,1937.0,1968.9114583333333
Uttar Pradesh,Rudauli APMC,192,4,1625.0,1774.34375
Punjab,Tanda Urmur APMC,192,2,1300.0,1595.6770833333333
Rajasthan,Jaipur (F&V) APMC,191,3,1400.0,1475.2774869109949
Maharashtra,APMC Raver ,191,4,1755.0,1786.958115183246
Madhya Pradesh,Sarangpur APMC,191,4,2240.0,2111.2722513089006
Chattisgarh,Kondagoan APMC,191,1,1450.0,1503.848167539267
Tripura,Jampuijala APMC,190,3,2800.0,3080.7894736842104
Gujarat,Dhanera APMC,190,4,2518.5,3110.7157894736843
Punjab,Balachaur APMC,190,3,1575.0,1744.7368421052631
Madhya Pradesh,Tikamgarh APMC,190,3,2360.0,2512.357894736842
Uttar Pradesh,Tikonia APMC,190,5,1902.5,1894.4526315789474
Karnataka,Udupi APMC,190,4,2460.0,2587.4736842105262
Haryana,Rania APMC,190,3,1350.0,1394.157894736842
Punjab,Banur APMC,189,3,1200.0,1628.7301587301588
Maharashtra,APMC Pimpalgaon Baswant ,189,1,1250.0,1564.05291005291
Haryana,Faridabad APMC,189,3,1000.0,1178.4391534391534
Maharashtra,Lasalgaon(Vinchur) ,189,3,1950.0,1926.3597883597884
Madhya Pradesh,Khandwa(F&V) APMC,189,2,600.0,694.5079365079365
Madhya Pradesh,Chhpara APMC,188,2,2000.0,1909.1010638297873
Madhya Pradesh,Jeerapur APMC,188,4,1900.0,2015.4946808510638
Rajasthan,Niwai APMC,188,4,2561.5,3161.526595744681
West Bengal,Sealdah Koley Market APMC,188,1,2700.0,2785.6382978723404
Andhra Pradesh,Alur APMC,187,4,2460.0,2404.224598930481
Madhya Pradesh,Segaon APMC,187,3,2000.0,2392.561497326203
Rajasthan,Khairthal APMC,187,3,2520.0,3751.871657754011
Rajasthan,Chomu Grain APMC,187,2,4200.0,3898.0695187165775
Madhya Pradesh,Gadarwada APMC,187,7,1835.0,2028.2245989304813
Chandigarh,Chandigarh (Grain/F&V) APMC,187,2,1000.0,1199.9385026737968
West Bengal,Pundibari APMC,186,3,1600.0,1609.97311827957
Maharashtra,Pune(Moshi) ,186,3,1500.0,2055.1075268817203
Uttar Pradesh,Kishunpur APMC,185,5,1900.0,2063.2972972972975
Punjab,Doraha APMC,185,4,1375.0,1519.572972972973
Gujarat,Deesa(Bhildi) APMC,184,4,3875.0,3709.021739130435
Karnataka,Hassan APMC,184,5,1430.0,1675.9945652173913
Rajasthan,Kapasan APMC,184,4,1912.5,2264.5597826086955
Rajasthan,Lunkaransar APMC,184,3,3862.5,3919.6684782608695
Odisha,Nimapara APMC,184,2,2300.0,2291.304347826087
Assam,Hailakandi APMC,184,3,2700.0,2761.9565217391305
Rajasthan,Atru APMC,183,3,1900.0,1950.8688524590164
Chattisgarh,Keshkal APMC,183,2,1350.0,1500.9562841530055
Tamil Nadu,Virudhachalam APMC,183,2,5506.0,4836.475409836065
Gujarat,APMCKHEDBRAHMA,183,5,2475.0,3217.090163934426
Madhya Pradesh,Chhatarpur APMC,182,3,2400.0,2718.631868131868
Maharashtra,APMC Tuljapur ,182,4,2600.0,2742.686813186813
Punjab,Kotkapura APMC,182,5,1800.0,2043.8241758241759
Telangana,Sadasivpet APMC,182,4,1582.5,1772.8131868131868
Keralam,Chelakkara Market,182,2,2900.0,3031.3186813186812
Maharashtra,APMC Mangaon ,182,1,3500.0,3307.4175824175823
Uttar Pradesh,Yusufpur APMC,182,4,1627.5,1568.598901098901
Telangana,Jammikunta APMC,181,2,5900.0,5563.39226519337
Madhya Pradesh,Saunsar APMC,181,5,4025.0,3922.3712707182317
Madhya Pradesh,Chhindwara(F&V) APMC,181,4,900.0,1052.6519337016575
Gujarat,Amirgadh APMC,181,5,2775.0,3588.2872928176794
Rajasthan,Gajsinghpur APMC,180,2,4774.5,4581.361111111111
Madhya Pradesh,Sironj APMC,180,4,2450.0,2615.266666666667
Telangana,Bhainsa APMC,180,5,2322.0,3834.2722222222224
Maharashtra,APMC Umared ,179,4,4200.0,4571.284916201117
Odisha,Jajpur APMC,179,4,1450.0,1721.145251396648
Rajasthan,Bassi APMC,179,4,2335.0,2588.078212290503
Madhya Pradesh,Narsinghpur APMC,179,4,2000.0,2230.7374301675977
Uttar Pradesh,Doharighat APMC,179,4,1850.0,2137.63687150838
Madhya Pradesh,Gotegaon APMC,178,3,2112.5,2205.6404494382023
West Bengal,Dhupguri APMC,178,2,1300.0,1657.5842696629213
Assam,Baharihat APMC,178,6,2250.0,2595.1404494382023
Rajasthan,Sawai Madhopur APMC,178,4,1966.0,2019.438202247191
Punjab,Sardulgarh APMC,178,5,1900.0,2125.983146067416
Odisha,Angul APMC,177,3,2400.0,2280.225988700565
Maharashtra,APMC Kannad ,177,5,2000.0,2047.1581920903955
West Bengal,Moynaguri APMC,176,2,1600.0,2009.403409090909
Uttarakhand,Bazpur APMC,176,6,2200.0,2263.9261363636365
Keralam,Kannur Market,175,1,2300.0,2572.0
West Bengal,Belacoba APMC,175,2,1600.0,1932.0
Odisha,Kendupatna APMC,175,5,1667.0,1826.38
Maharashtra,APMC Pathardi ,175,4,1810.0,2090.24
Keralam,Kunnathukkal VFPCK Market,174,1,3000.0,3355.1724137931033
Madhya Pradesh,Jatara APMC,174,3,2125.0,2155.396551724138
Odisha,Hindol APMC,173,2,2000.0,2328.323699421965
Keralam,Pulpally Market,173,1,2700.0,2955.375722543353
Telangana,Khammam APMC,172,5,4425.0,4428.290697674419
Jharkhand,Pakur APMC,172,5,2000.0,2109.796511627907
Rajasthan,HanumangarhTown APMC,172,4,2200.0,3317.1802325581393
Tripura,Panichowki,172,3,1800.0,2081.8662790697676
Karnataka,Ramdurga APMC,172,5,2100.0,2777.25
Telangana,Kesamudram APMC,171,3,4380.0,4456.80701754386
Madhya Pradesh,Narmadapuram APMC,171,5,1650.0,1778.4502923976609
Punjab,Quadian APMC,171,4,1700.0,1507.1345029239767
Rajasthan,Raisingh Nagar APMC,171,2,2585.0,3862.0233918128656
Gujarat,Kalol APMC,170,2,2450.0,2571.0588235294117
West Bengal,Gangarampur(Dakshin Dinajpur) APMC,170,3,1200.0,1405.8823529411766
Himachal Pradesh,SMY Nahan,170,3,2200.0,2163.823529411765
Madhya Pradesh,Susner APMC,169,5,1890.0,1966.284023668639
Telangana,Wanaparthy town APMC,169,2,4717.0,4413.822485207101
Rajasthan,Barodamev APMC,169,3,2150.0,2716.420118343195
Madhya Pradesh,Piplya APMC,169,4,2350.0,2292.9526627218934
Maharashtra,APMC Wardha ,168,4,2675.0,4116.071428571428
Madhya Pradesh,Rewa APMC,168,3,2297.5,2408.154761904762
West Bengal,Coochbehar APMC,168,3,1600.0,1723.0654761904761
Madhya Pradesh,Baikunthpur APMC,167,2,2270.0,2232.0
Gujarat,Dehgam APMC,167,2,2167.0,2171.5389221556884
Uttar Pradesh,Khandhla APMC,167,3,1150.0,1459.2814371257484
Maharashtra,APMC Satara ,167,2,1500.0,1632.4850299401198
Rajasthan,Begu APMC,166,2,2015.0,1960.7228915662652
Maharashtra,APMC Chikali ,166,3,1675.5,1736.4397590361446
Madhya Pradesh,Nalkheda APMC,166,5,1970.0,2189.259036144578
Uttar Pradesh,Bachranwa APMC,166,4,2345.0,2311.2509638554216
Madhya Pradesh,Lakhnadon APMC,165,3,1800.0,1791.7151515151515
Uttar Pradesh,Shadabad APMC,165,4,1250.0,1462.5636363636363
Keralam,Irityy Market,164,1,4200.0,4252.4390243902435
Rajasthan,Nohar APMC,164,5,4353.0,4152.493902439024
Gujarat,Mandvi APMC,164,3,1837.5,2865.0914634146343
Telangana,Choppadandi APMC,164,3,2308.0,3109.8231707317073
Madhya Pradesh,Panna APMC,164,3,2172.5,2244.060975609756
Madhya Pradesh,Binaganj APMC,164,2,1817.5,1886.469512195122
Maharashtra,APMC Ahmedpur ,164,5,2161.0,2593.1524390243903
Assam,Gauripur Jute/Pineapple Market,163,4,2500.0,2968.8957055214723
Rajasthan,Gharsana APMC,163,3,4501.0,4442.435582822086
Himachal Pradesh,SMY Takoli,163,2,1800.0,2006.7484662576687
Keralam,Mannar Market,163,3,3300.0,3690.1840490797545
Himachal Pradesh,SMY Baijnath,163,3,2500.0,2567.7914110429447
Punjab,Pathankot APMC,162,3,1100.0,1411.820987654321
Tripura,Kadamtala,162,3,2312.5,2672.3765432098767
Maharashtra,APMC Dound ,162,4,1800.0,1900.932098765432
Rajasthan,Bhawani Mandi APMC,162,2,1820.0,1836.8950617283951
Gujarat,Babra APMC,162,3,5850.0,5853.024691358025
Madhya Pradesh,Ujjain(F&V) APMC,162,3,701.0,855.4012345679013
Karnataka,Rona APMC,162,5,2243.0,2826.7901234567903
Madhya Pradesh,Bherunda (Nasrullaganj) APMC,161,3,2000.0,2052.9006211180126
Andhra Pradesh,Chintalapudi APMC,161,2,1650.0,2334.6894409937886
Madhya Pradesh,Guna(F&V) APMC,161,3,750.0,844.0062111801242
Madhya Pradesh,Gorakhpur APMC,161,3,1650.0,1927.2919254658384
Tripura,Boxonagar,161,2,3000.0,3047.391304347826
Karnataka,Dharwar APMC,161,7,1800.0,2493.4347826086955
Maharashtra,Sindi (Selu),161,3,4900.0,4744.198757763975
Punjab,Batala APMC,161,3,1200.0,1300.1552795031057
Punjab,Ferozepur Cantt. APMC,160,3,1300.0,1421.9
Telangana,Gadwal APMC,160,2,4500.0,4652.925
Madhya Pradesh,Satna APMC,160,5,2400.0,2436.09375
Assam,Jorhat APMC,160,4,2387.5,2705.875
Punjab,Ludhiana APMC,160,3,1000.0,1181.1125
Punjab,Patiala APMC,160,3,1600.0,1660.625
Punjab,Banga APMC,159,4,1498.0,1535.2389937106918
Karnataka,Kustagi APMC,159,4,1600.0,2367.4088050314467
Maharashtra,APMC Tumsar ,159,3,2551.0,2732.421383647799
Uttar Pradesh,Sikandraraau APMC,159,3,1845.0,1715.377358490566
Maharashtra,APMC Sakri ,159,5,1721.0,2244.2704402515724
Maharashtra,APMC Karanja ,159,3,2160.0,2778.7421383647797
Madhya Pradesh,Badamalhera APMC,158,3,2100.0,2106.9113924050635
Maharashtra,APMC Parali Vaijyanath ,158,4,1750.0,2213.0822784810125
Keralam,Kuthuparambu Market,158,1,5400.0,5255.06329113924
Rajasthan,Bhadara APMC,158,4,1690.0,1844.3037974683543
Chattisgarh,Raigarh APMC,158,6,1225.0,1532.4050632911392
Madhya Pradesh,Bhander APMC,158,4,2404.5,2616.3354430379745
Uttar Pradesh,Anoop Shahar APMC,157,5,1820.0,1817.9235668789809
Maharashtra,APMC Parbhani ,157,4,2200.0,3207.458598726115
Gujarat,Upleta APMC,157,4,4200.0,4184.484076433121
Gujarat,Nadiyad(Piplag) APMC,157,3,1100.0,1318.312101910828
Madhya Pradesh,Raghogarh APMC,156,2,1908.5,1917.8589743589744
Madhya Pradesh,Daloda APMC,156,4,2250.0,2266.9166666666665
Maharashtra,Pune(Khadiki) ,156,2,1300.0,1412.820512820513
Maharashtra,Barshi(Vairag) ,156,4,2280.0,2579.1923076923076
Uttar Pradesh,Shahpur APMC,156,6,1040.0,1393.570512820513
Haryana,Ambala City(Subji Mandi) APMC,156,5,1607.5,1819.5485256410257
Madhya Pradesh,Mahidpur APMC,156,3,1998.0,1983.621794871795
Madhya Pradesh,Khachrod APMC,156,2,1982.5,2073.7051282051284
Punjab,Rampuraphul(Nabha Mandi) APMC,155,5,910.0,1275.7096774193549
Gujarat,Hadad     APMC,155,3,5200.0,4871.322580645161
Maharashtra,APMC Navapur ,155,8,1809.0,2145.3161290322582
Madhya Pradesh,Kurawar APMC,154,4,2113.5,2115.844155844156
Odisha,Birmaharajpur APMC,154,3,2000.0,2568.7662337662337
Keralam,Ranniangadi Market,154,1,2150.0,2847.4025974025976
Punjab,Makhu APMC,154,3,950.0,1287.564935064935
Punjab,Goraya APMC,154,2,1000.0,1421.7532467532467
Uttar Pradesh,Jalalabad APMC,154,6,2035.0,2111.4188311688313
Madhya Pradesh,Rajnagar APMC,154,2,1975.0,2131.974025974026
Madhya Pradesh,Shahagarh APMC,154,2,2200.0,2092.746753246753
Uttar Pradesh,Bhehjoi APMC,154,5,1570.0,1421.8116883116884
Madhya Pradesh,Pohari APMC,153,3,2360.0,2716.4901960784314
Odisha,Barikpur APMC,153,3,2400.0,2170.424836601307
Madhya Pradesh,Sidhi APMC,153,4,1850.0,1955.2418300653594
Keralam,Adimali Market,153,1,4300.0,4342.483660130719
Andhra Pradesh,Ambajipeta APMC,153,1,600.0,748.9215686274509
West Bengal,Balurghat APMC,152,4,1300.0,1529.8684210526317
Rajasthan,Bandikui APMC,152,3,1882.0,1997.75
Gujarat,Thara(Shihori) APMC,152,4,2957.5,3915.3125
Uttar Pradesh,Payagpur APMC,152,6,1645.0,1640.8223684210527
Madhya Pradesh,Begamganj APMC,152,3,2012.5,2264.5986842105262
Uttar Pradesh,Khekda APMC,151,2,1200.0,1457.8145695364237
Uttar Pradesh,Panchpedwa APMC,151,5,1975.0,2176.4900662251657
Madhya Pradesh,Morena APMC,151,5,1985.0,2044.0529801324503
Rajasthan,Chhabra APMC,151,2,1817.0,1861.8940397350993
Madhya Pradesh,Shamshabad APMC,151,4,2061.0,2052.245033112583
Keralam,Perambra Market,150,3,2600.0,2939.3333333333335
Odisha,Jatni APMC,149,3,2200.0,2011.8791946308725
Madhya Pradesh,Kannod APMC,149,3,1851.0,1886.9060402684563
Maharashtra,APMC Kurdwadi ,149,4,1850.0,1827.5302013422818
Madhya Pradesh,Sirali APMC,149,3,1965.0,1992.4832214765102
Haryana,"New Grain Market , Panchkula APMC",149,5,2500.0,3041.2080536912754
Odisha,Kendupatna(Niali) APMC,149,4,1600.0,2007.751677852349
Rajasthan,Mandawari APMC,148,1,2090.0,2088.8445945945946
Madhya Pradesh,Shajapur(F&V) APMC,148,2,700.0,825.0337837837837
Uttar Pradesh,Noida APMC,148,5,1750.0,1869.277027027027
Madhya Pradesh,Nainpur APMC,148,2,1855.0,1892.418918918919
Rajasthan,Chandpole - Jaipur Grain APMC,148,5,1910.0,2563.8445945945946
Punjab,Bilga APMC,148,4,1419.56,1515.5075675675675
Madhya Pradesh,Javera APMC,148,3,1903.0,2011.9324324324325
Madhya Pradesh,Dabra APMC,147,4,2083.0,2112.1292517006805
Tripura,Bishramganj,147,4,3400.0,3422.4489795918366
Andhra Pradesh,Banaganapalli APMC,147,3,2200.0,2421.4625850340135
Tripura,Masli,147,2,2800.0,3206.122448979592
Madhya Pradesh,Taal APMC,147,2,2018.0,2030.1360544217687
Madhya Pradesh,Paatan APMC,147,2,2200.0,2173.5374149659865
Odisha,Parlakhemundi APMC,147,7,3000.0,3080.374149659864
Madhya Pradesh,Sevda APMC,147,2,2200.0,2116.8231292517007
Rajasthan,Khanpur APMC,146,2,1989.0,2013.0616438356165
Keralam,Irinjalakkuda Market,146,3,4000.0,4088.3561643835615
Madhya Pradesh,Maihar APMC,146,4,2049.0,2043.7054794520548
Odisha,Bhawanipatna APMC,146,6,2000.0,2663.5616438356165
Haryana,Kharkhoda APMC,146,3,1650.0,1848.150684931507
Madhya Pradesh,Nagda APMC,146,2,2096.0,2089.109589041096
Maharashtra,APMC Morshi ,146,5,1642.5,1723.5890410958905
Haryana,Siwan APMC,145,3,1500.0,1569.9655172413793
Uttar Pradesh,Bilaspur APMC,145,6,2000.0,1903.344827586207
Karnataka,Chickkaballapura APMC,145,7,1900.0,2109.6620689655174
Rajasthan,Barisadri APMC,145,3,2215.0,2775.448275862069
Odisha,Bampada APMC,145,3,2100.0,2104.9655172413795
Madhya Pradesh,Kareli APMC,145,3,1950.0,2207.5103448275863
Assam,Nalbari APMC,145,4,3250.0,3349.655172413793
Maharashtra,Kurdwadi(Modnimb) ,145,4,2030.0,2028.6620689655172
Rajasthan,Keshoraipatan APMC,144,2,1927.5,1941.8333333333333
Telangana,Suryapeta APMC,144,4,4354.0,4257.173611111111
Uttar Pradesh,Deoband APMC,144,4,1100.0,1221.2708333333333
Gujarat,Gogamba APMC,144,4,2250.0,2690.8680555555557
Haryana,Bahadurgarh APMC,144,5,1300.0,1538.0902777777778
Haryana,Cheeka APMC,144,4,1717.5,1579.9722222222222
Maharashtra,APMC Gangakhed ,143,4,2400.0,2907.097902097902
Chattisgarh,Bhatapara APMC,142,3,2002.5,2281.6654929577467
Maharashtra,APMC Washim ,142,2,2000.0,1903.1690140845071
Madhya Pradesh,Multai APMC,142,4,1590.0,1676.338028169014
Madhya Pradesh,Lahar APMC,142,2,1925.0,2001.1478873239437
Telangana,Narsampet APMC,142,2,3218.0,3592.6830985915494
Madhya Pradesh,Gohad APMC,141,3,1970.0,2191.3475177304963
Karnataka,Gundlupet APMC,141,6,2000.0,2659.8794326241136
Madhya Pradesh,Loharda APMC,141,4,2005.0,2091.8368794326243
Odisha,Chuliaposi APMC,141,2,2300.0,2626.1702127659573
West Bengal,Mathabhanga APMC,141,2,1225.0,1347.7659574468084
Keralam,Parakkodu Market,141,1,3500.0,4221.985815602837
Gujarat,Dehgam(Rekhiyal) APMC,140,1,2125.0,2063.25
Madhya Pradesh,Bhind APMC,139,4,2274.0,2133.776978417266
Haryana,Kosli APMC,139,4,2000.0,1723.7410071942445
Madhya Pradesh,Harpalpur APMC,139,2,2365.0,2745.9208633093526
Maharashtra,APMC Shegaon ,139,4,1600.0,1767.5611510791366
Uttarakhand,Lakshar APMC,139,7,1735.0,1883.1151079136691
Odisha,Baripada APMC,138,4,1810.0,2107.753623188406
Uttar Pradesh,CHHUTMALPUR APMC,138,5,1425.0,1455.1304347826087
Maharashtra,APMC Sonpeth ,138,3,5197.0,5061.217391304348
Punjab,Raikot APMC,138,3,900.0,1210.8695652173913
Haryana,Bhattu Kalan APMC,138,3,4780.5,4936.347826086957
Telangana,Karimnagar APMC,137,4,3700.0,3723.7372262773724
Odisha,Jeypore APMC,137,4,1900.0,2284.832116788321
Maharashtra,APMC Ramtek ,137,5,1700.0,1877.8832116788321
Rajasthan,Nokha APMC,137,2,2516.0,3207.883211678832
Madhya Pradesh,Sehora APMC,137,3,2186.0,2276.6204379562046
Punjab,Jaitu APMC,136,5,1800.0,2301.250882352941
Madhya Pradesh,Keolari APMC,136,2,1648.0,1748.0036764705883
Uttar Pradesh,Najibabad APMC,136,4,1200.0,1396.0661764705883
Madhya Pradesh,Sheopurbadod APMC,136,2,1974.0,2020.014705882353
Rajasthan,Dei APMC,136,3,2178.0,2299.639705882353
Madhya Pradesh,Badod APMC,135,2,1840.0,1893.5555555555557
Maharashtra,APMC Shrigonda ,135,6,1995.0,2446.6
Maharashtra,Pimpalgaon Baswant(Saykheda) ,135,1,1150.0,1404.4222222222222
Gujarat,Vadgam APMC,135,2,2825.0,3616.222222222222
Madhya Pradesh,Nagod APMC,135,2,2390.0,2332.9851851851854
West Bengal,Darjeeling APMC,135,3,2700.0,2678.5185185185187
Rajasthan,Abu Road APMC,135,4,1500.0,1670.0
Gujarat,Rajpipla APMC,134,2,1200.0,2257.679104477612
Madhya Pradesh,Khujner APMC,134,4,2066.0,2156.8880597014927
Tamil Nadu,Villupuram APMC,134,3,5097.5,4742.126865671642
Madhya Pradesh,Raisen APMC,134,4,2258.5,2233.9626865671644
Haryana,Nuh APMC,134,3,1100.0,1199.2537313432836
Karnataka,H.B. Halli APMC,134,5,1510.0,1999.4776119402984
Rajasthan,Bikaner (F&V) APMC,134,3,2000.0,1787.313432835821
Tamil Nadu,Gangavalli APMC,134,3,2258.0,3096.268656716418
NCT of Delhi,APMC Narela,133,4,2017.0,1999.7744360902257
Uttarakhand,Jaspur(UC) APMC,133,3,1000.0,1200.6165413533834
Tripura,Nutanbazar APMC,133,2,3150.0,3230.8270676691727
Himachal Pradesh,SMY Santoshgarh,133,3,1750.0,1842.4812030075188
Gujarat,Kadi APMC,133,3,2400.0,2446.0526315789475
Maharashtra,APMC Kamthi ,133,2,1500.0,1823.5112781954888
Madhya Pradesh,Khaniadhana APMC,133,3,2175.0,2236.2406015037595
Karnataka,Kolar APMC,133,5,2400.0,3022.2406015037595
Uttar Pradesh,Muradnagar APMC,132,4,1550.0,1676.4772727272727
Telangana,Mahbubnagar APMC,132,4,3458.0,3381.598484848485
Haryana,Iamailabad APMC,132,3,2200.0,2122.7272727272725
Maharashtra,APMC Telhara ,132,4,1837.5,2403.0757575757575
Maharashtra,Dindori(Vani) ,132,1,1285.0,1605.371212121212
Madhya Pradesh,Gadakota APMC,132,4,1950.0,2097.621212121212
Tamil Nadu,Vikkiravandi APMC,132,3,5214.5,5073.575757575758
Karnataka,Savanur APMC,132,4,4623.5,4462.280303030303
Maharashtra,APMC Pathari ,132,3,2100.0,2200.1136363636365
Tamil Nadu,Udumalpet APMC,131,5,3600.0,4050.763358778626
Maharashtra,APMC  Latur,131,3,2000.0,2089.8091603053435
Himachal Pradesh,PMY Dhalli Shimla,131,3,2000.0,2226.335877862595
Rajasthan,Sri Karanpur APMC,131,2,4555.0,4416.1908396946565
Madhya Pradesh,Khurai APMC,131,4,2350.0,2511.946564885496
Keralam,Neduvathoor  VFPCK Market,131,1,4200.0,4357.7099236641225
Chattisgarh,Mungeli APMC,130,3,2085.0,2523.353846153846
Maharashtra,Pune(Pimpri) ,130,5,1300.0,1553.5615384615385
Uttar Pradesh,Maharajganj APMC,130,4,1900.0,1847.4615384615386
Uttar Pradesh,Dudhi APMC,130,4,1100.0,1411.923076923077
Tamil Nadu,Kolathur APMC,130,3,5125.0,5674.4384615384615
Madhya Pradesh,Alampur APMC,130,3,1980.0,2051.576923076923
Uttar Pradesh,Babrala APMC,130,3,1865.0,1930.1923076923076
Rajasthan,Itawa APMC,129,2,1981.0,2057.720930232558
Uttar Pradesh,Bisoli APMC,129,3,1300.0,1411.7364341085272
Madhya Pradesh,Amarwda APMC,129,2,2017.0,2001.5503875968993
Rajasthan,Laxmangarh - Barodamev  APMC,129,3,2080.0,2471.6976744186045
Madhya Pradesh,Sabalgarh APMC,129,2,1992.0,2020.7519379844962
Madhya Pradesh,Beohari APMC,129,2,1950.0,2013.8682170542636
Maharashtra,APMC Bhandara ,129,3,2875.0,2975.968992248062
Madhya Pradesh,Damoh(F&V) APMC,128,3,700.0,877.03125
Madhya Pradesh,Amarpatan APMC,128,2,2145.0,2097.109375
Maharashtra,APMC Arvi ,128,1,5572.5,6111.8828125
Punjab,Khamano APMC,128,3,1200.0,1742.5
Gujarat,Bilimora APMC,128,2,1412.5,1660.7421875
Madhya Pradesh,Rahatgarh APMC,128,3,2025.0,2111.96875
Punjab,Goniana APMC,128,3,1200.0,1656.5859375
Uttar Pradesh,Kairana APMC,128,3,1080.0,1242.3046875
Maharashtra,APMC Parola ,127,3,1525.0,1710.8582677165355
Maharashtra,APMC Bhusaval ,127,5,1500.0,1563.3464566929133
Maharashtra,APMC Mangrulpeer ,127,3,2300.0,2969.968503937008
Madhya Pradesh,Naugaon APMC,127,2,2430.0,2921.51968503937
Keralam,Piravam Market,127,2,3200.0,3595.2755905511813
Maharashtra,APMC Dudhani ,127,3,2345.0,2351.551181102362
Keralam,Mananthavady Market,126,1,2500.0,2879.3650793650795
Odisha,Kesinga APMC,126,7,2500.0,3185.9523809523807
Rajasthan,Phalodi APMC,126,3,5400.0,5493.5
Maharashtra,APMC Lonar ,126,3,1950.0,2002.8650793650793
Karnataka,Manvi APMC,126,5,1850.0,2709.9285714285716
Uttarakhand,Kotadwara APMC,126,4,1400.0,1485.5555555555557
Madhya Pradesh,Tarana APMC,126,2,2105.0,2110.2063492063494
Karnataka,Koppal APMC,126,5,3047.0,3246.8492063492063
Tamil Nadu,Thirupathur APMC,126,5,4000.0,4382.6984126984125
Assam,Golaghat APMC,126,4,2400.0,2647.1428571428573
Madhya Pradesh,Gairatganj APMC,125,3,2150.0,2303.72
Madhya Pradesh,Chaakghat APMC,125,1,2300.0,2201.712
Odisha,Deogarh APMC,125,3,2500.0,2316.0
Keralam,Alengad  VFPCK Market,125,1,3200.0,3384.0
Maharashtra,APMC Vai ,125,2,1420.0,1555.92
Assam,Lanka APMC,125,4,1825.0,2415.12
Punjab,Machhiwara APMC,125,3,1100.0,1367.84
Maharashtra,APMC Kalmeshwar ,125,2,5650.0,6130.08
Keralam,Ezhamkulam Market,125,1,3500.0,3927.2
Karnataka,Gauribidanur APMC,125,5,1500.0,1723.24
Rajasthan,Rawla APMC,125,2,5050.0,4767.744
Maharashtra,Jalgaon(Masawat) ,124,3,1655.5,1736.9274193548388
Maharashtra,APMC Nanded ,124,3,1923.0,2197.6935483870966
Karnataka,Tumakuru APMC,123,6,1980.0,2366.4227642276423
Madhya Pradesh,Jawar APMC,123,3,2196.0,2169.3658536585367
Telangana,Nagarkurnool APMC,123,2,2055.0,3014.837398373984
Maharashtra,Khed(Chakan) ,123,2,1400.0,1554.2682926829268
Tamil Nadu,Tiruvannamalai(Uzhavar Sandhai ),123,5,5000.0,5163.414634146341
Maharashtra,APMC Yavatmal ,123,4,2100.0,2772.60162601626
Rajasthan,Gangapur City APMC,123,3,1980.0,2049.5528455284552
Madhya Pradesh,Shahpura Niwas APMC,123,3,1750.0,1807.4227642276423
Gujarat,Morva Hafad APMC,122,2,2050.0,1925.5
Uttar Pradesh,Banthara APMC,122,2,2547.5,2433.1311475409834
Uttar Pradesh,Rampurmaniharan APMC,122,3,1281.5,1549.672131147541
Maharashtra,APMC BHOKARDAN ,122,4,1645.0,1841.72131147541
Madhya Pradesh,Isagarh APMC,122,2,2160.0,2225.2049180327867
Karnataka,Shiggoan APMC,122,5,2255.0,3247.065573770492
Keralam,Thamarassery Market,121,3,2200.0,2436.3636363636365
Maharashtra,APMC Paranda ,121,4,2150.0,2161.9834710743803
Rajasthan,Choumahla APMC,121,2,1875.0,1929.6776859504132
Rajasthan,Hindoun APMC,121,2,1908.0,1977.6280991735537
Rajasthan,Dooni APMC,121,4,2333.0,2427.438016528926
Jammu and Kashmir,Ashahipora (Anantnagh) APMC,121,3,3100.0,3037.190082644628
Gujarat,S.Mandvi APMC,121,3,1740.0,2596.0413223140495
Telangana,Enkoor APMC,120,1,5500.0,6178.1375
Tamil Nadu,Vaniyampadi(Uzhavar Sandhai ),120,5,5000.0,4462.5
Karnataka,Challakere APMC,120,3,4247.0,3892.6
Tamil Nadu,Tiruchengode APMC,120,7,3125.0,4164.716666666666
Uttar Pradesh,Ait APMC,120,1,2052.5,2119.475
Madhya Pradesh,Bareli APMC,120,3,2315.5,2225.05
Tamil Nadu,Anaiyur(Uzhavar Sandhai ),120,5,4000.0,4372.5
Odisha,Bhadrak APMC,120,2,1375.0,1610.4166666666667
Madhya Pradesh,Shahpura Bhitoni APMC,120,3,1986.5,2236.4333333333334
Haryana,Hansi APMC,119,5,1800.0,2627.252100840336
Rajasthan,Bharatpur APMC,119,4,2049.0,2054.7563025210084
Maharashtra,APMC Ausa ,119,4,2151.0,2262.0084033613443
Odisha,Bahadajholla APMC,119,2,1400.0,1646.890756302521
Keralam,Varandarappilly  VFPCK Market,119,1,2800.0,3069.159663865546
Uttar Pradesh,Sikarpur APMC,119,5,1100.0,1356.3025210084033
Madhya Pradesh,Badarwas APMC,118,5,2350.0,2448.228813559322
Odisha,Jeypore(Kotpad) APMC,118,3,3250.0,2868.64406779661
Haryana,Fatehabad APMC,118,6,1500.0,2283.2457627118642
Tamil Nadu,Sankarapuram(Uzhavar Sandhai ),118,5,4000.0,4483.8983050847455
Keralam,Aralamoodu Market,118,2,4000.0,4101.6949152542375
Maharashtra,APMC Chandur Bazar ,118,3,1950.0,1905.5677966101696
Gujarat,Kalediya APMC,118,1,5437.5,5763.016949152542
Jharkhand,Sahebganj APMC,118,6,2075.0,2298.3474576271187
Madhya Pradesh,Shivpuri APMC,118,5,2205.0,2312.865254237288
Madhya Pradesh,Suvasra APMC,118,3,1905.0,1935.550847457627
Haryana,Adampur APMC,118,2,5630.5,5776.4915254237285
Haryana,Rohtak APMC,118,4,1200.0,1356.5677966101696
Tamil Nadu,Ranipettai(Uzhavar Sandhai ),117,5,5000.0,5754.7008547008545
Madhya Pradesh,Rehati APMC,117,2,1850.0,1861.6068376068376
Telangana,Gandhari APMC,117,3,1870.0,2094.188034188034
Uttar Pradesh,Varanasi(F&V) APMC,117,3,1340.0,1491.923076923077
Maharashtra,APMC Shirur ,117,4,1665.0,1742.820512820513
Jammu and Kashmir,Rajouri (Phaliana) (F&V),117,3,3100.0,3240.6837606837607
Maharashtra,APMC Varora ,117,3,5537.0,5897.786324786325
Odisha,Dungurapalli APMC,117,2,1750.0,2185.128205128205
Gujarat,Modasar APMC,117,1,5425.0,5757.478632478633
Madhya Pradesh,Bagli APMC,117,2,1776.0,1819.4102564102564
Tamil Nadu,Chokkikulam(Uzhavar Sandhai ),116,5,4000.0,4330.603448275862
Rajasthan,Kota (F&V) APMC,116,3,1400.0,1394.1810344827586
Madhya Pradesh,Balwadi APMC,116,5,2175.0,3218.862068965517
Uttar Pradesh,Badda APMC,116,4,1840.0,1766.9568965517242
Madhya Pradesh,Ghansour APMC,116,3,1900.0,1902.698275862069
Maharashtra,APMC Jamner ,116,3,1650.0,2908.7672413793102
Tamil Nadu,Chinnasalem APMC,116,2,1725.0,2005.7068965517242
Tamil Nadu,Ariyalur Market APMC,115,6,1776.0,2343.817391304348
Rajasthan,Jaisalmer APMC,115,3,1200.0,1487.0434782608695
Rajasthan,Kesarisinghpur APMC,115,3,4500.0,4314.991304347826
Madhya Pradesh,Mow APMC,115,3,2036.0,2033.8869565217392
Madhya Pradesh,Udaipura APMC,114,2,2225.0,2498.0877192982457
Punjab,Sangat APMC,114,2,5260.0,5434.736842105263
Tamil Nadu,Krishnagiri(Uzhavar Sandhai ),114,5,4500.0,5055.263157894737
Madhya Pradesh,Rehli APMC,114,3,1950.0,2039.921052631579
Tamil Nadu,Thalaivasal APMC,114,3,2190.0,3111.0526315789475
Tripura,Garjee APMC,114,3,2160.0,2232.4122807017543
Gujarat,Botad(Haddad) APMC,113,1,5490.0,5785.973451327433
Uttar Pradesh,Bhinga APMC,113,5,2420.0,2342.522123893805
Keralam,Taliparamba Market,113,3,5400.0,5285.840707964602
Maharashtra,APMC Manwat ,113,4,4961.0,4715.221238938053
Gujarat,Mehsana APMC,113,1,2300.0,2264.6017699115046
Madhya Pradesh,Banda APMC,113,3,2000.0,2102.8407079646017
Chattisgarh,Tiphra APMC,113,2,1900.0,1975.6637168141592
Uttar Pradesh,Richha APMC,112,3,2470.0,2189.0178571428573
Madhya Pradesh,Ajaygarh APMC,112,5,2155.0,2124.9375
Tamil Nadu,Cheyyar APMC,112,5,6956.0,7099.660714285715
Karnataka,HarappanaHalli APMC,112,2,1444.0,1556.580357142857
Madhya Pradesh,Bijawar APMC,112,2,2205.0,2274.098214285714
Tamil Nadu,Kallakurichi(Uzhavar Sandhai ),112,5,5750.0,5198.214285714285
Uttar Pradesh,Sikanderabad APMC,112,5,1100.0,1309.1160714285713
Maharashtra,APMC Hingoli ,112,4,2310.0,2919.3035714285716
Madhya Pradesh,Barad APMC,111,5,2633.0,3261.891891891892
Tripura,Silachhari APMC,111,3,3300.0,3263.063063063063
Odisha,Jagatsinghpur APMC,111,2,1800.0,2043.873873873874
Madhya Pradesh,Chhapiheda APMC,111,3,1864.0,1979.2612612612613
Rajasthan,Anta APMC,111,2,2028.0,2054.3423423423424
Madhya Pradesh,Damoh APMC,111,3,2200.0,2260.045045045045
Chattisgarh,Pharasgaon APMC,111,1,1650.0,1568.1531531531532
Tripura,Gondatwisa APMC,111,3,2930.0,3201.126126126126
Madhya Pradesh,Kailaras APMC,111,1,1950.0,1990.4144144144145
Madhya Pradesh,Soyatkalan APMC,111,6,1730.0,1948.873873873874
Tamil Nadu,Hosur(Uzhavar Sandhai ),111,5,6000.0,5462.612612612613
Maharashtra,APMC Mehekar ,111,3,1800.0,1915.1891891891892
Karnataka,Doddaballapur APMC,110,4,1700.0,2010.418181818182
Keralam,Kadakkal  VFPCK Market,110,1,4600.0,4555.454545454545
Rajasthan,Sumerpur APMC,110,6,2313.0,3087.8704545454543
Rajasthan,Mandalgarh APMC,110,3,1560.0,1581.1363636363637
Gujarat,Mehsana(Jornang) APMC,110,1,2250.0,2248.4545454545455
Punjab,Moonak APMC,110,3,925.0,1099.2727272727273
Odisha,Kasinagar APMC,110,4,3000.0,3100.909090909091
Madhya Pradesh,Bankhedi APMC,109,2,1900.0,1946.1467889908256
Rajasthan,Bilara APMC,109,3,4980.0,4754.899082568807
Haryana,Uchana APMC,109,2,5390.0,5631.385321100917
Madhya Pradesh,Hanumana APMC,109,1,1910.0,2015.119266055046
Karnataka,Hospet APMC,109,6,1200.0,1506.605504587156
Madhya Pradesh,Shyampur APMC,109,2,1921.0,2002.0825688073394
Andhra Pradesh,Nandyal APMC,108,3,2500.0,2924.4074074074074
Telangana,Kamareddy APMC,108,2,1425.0,1696.5462962962963
Karnataka,Annigeri APMC,108,3,5000.0,4687.240740740741
Tamil Nadu,Panruti APMC,108,5,5000.5,4843.787037037037
Tamil Nadu,Pallavaram(Uzhavar Sandhai ),108,5,5000.0,5208.333333333333
Madhya Pradesh,Badnawar(F&V) APMC,108,2,600.0,751.1944444444445
Tamil Nadu,Ammapet(Uzhavar Sandhai ),108,5,5000.0,4965.277777777777
Tamil Nadu,Gingee APMC,108,6,5394.5,5324.37037037037
Maharashtra,APMC Bhivandi ,108,4,2250.0,2312.5
Tamil Nadu,Mettupalayam(Uzhavar Sandhai ),107,5,5000.0,5500.467289719626
Tamil Nadu,Jameenrayapettai(Uzhavar Sandhai ),107,5,5500.0,5364.485981308411
Rajasthan,Sridungargarh APMC,107,2,3926.0,3799.392523364486
Maharashtra,APMC Narkhed ,106,1,5237.5,5840.424528301887
Madhya Pradesh,Harda(F&V) APMC,106,3,700.0,932.5283018867924
Uttar Pradesh,Colonelganj APMC,106,6,1455.0,1522.5943396226414
Keralam,Amalapuram  VFPCK Market,106,1,3500.0,3599.056603773585
Keralam,Muriyad  VFPCK Market,105,1,3800.0,4096.190476190476
Keralam,Malayattoor  VFPCK Market,105,1,3800.0,3818.1809523809525
Maharashtra,APMC Taloda ,105,4,1800.0,2272.3714285714286
Tamil Nadu,Thathakapatti(Uzhavar Sandhai ),105,5,6250.0,5595.714285714285
Telangana,Zaheerabad APMC,105,3,2062.0,2111.0857142857144
Maharashtra,Pune(Manjri) ,105,2,1500.0,1642.3809523809523
Odisha,Nabarangpur(Umerkote) APMC,105,3,1400.0,1513.0380952380951
Maharashtra,APMC Vadvani ,105,4,5200.0,5176.171428571429
Gujarat,Idar APMC,105,4,1762.0,2706.190476190476
Tamil Nadu,Polur(Uzhavar Sandhai ),105,5,4600.0,4151.428571428572
Keralam,Chenkal  VFPCK Market,105,1,4500.0,4311.428571428572
Gujarat,Becharaji APMC,105,2,2200.0,3321.0
Odisha,Sarankul APMC,104,2,1450.0,1649.5192307692307
Maharashtra,APMC Pulgaon ,104,2,5750.0,6096.192307692308
Madhya Pradesh,Chanderi APMC,104,2,2241.5,2128.8076923076924
Madhya Pradesh,Patharia APMC,104,3,2187.0,2296.5576923076924
Tamil Nadu,RSPuram(Uzhavar Sandhai ),104,5,5300.0,5175.4807692307695
Tamil Nadu,Tamarainagar(Uzhavar Sandhai ),104,5,5000.0,5036.057692307692
Uttarakhand,Bhagwanpur(Naveen Mandi Sthal) APMC,104,3,700.0,720.0961538461538
Karnataka,Bagepalli APMC,104,5,1445.0,2034.201923076923
Gujarat,Kodinar APMC,104,3,4027.5,4167.990384615385
Telangana,Jagtial APMC,104,2,1775.0,1731.7307692307693
Telangana,Parkal APMC,104,1,5665.0,6149.778846153846
Keralam,Irikkur Market,104,1,3950.0,3890.3846153846152
Punjab,F.G.Churian APMC,103,3,1010.0,1425.4368932038835
Odisha,Sahidngar APMC,103,2,1400.0,1495.4368932038835
Uttar Pradesh,Kiratpur APMC,103,2,900.0,1076.8446601941748
Madhya Pradesh,Jaisinagar APMC,103,2,1965.0,1998.0582524271845
Punjab,Kot ise Khan APMC,103,3,900.0,962.9805825242719
Rajasthan,Neem Ka Thana APMC,103,2,800.0,1206.8446601941748
Rajasthan,Mahuwa APMC,103,2,1950.0,1993.5436893203882
Punjab,Anandpur Sahib APMC,102,3,1500.0,1621.2745098039215
Tamil Nadu,Kumarapalayam(Uzhavar Sandhai ),102,5,4000.0,3875.4901960784314
Maharashtra,APMC Pen ,102,3,4080.0,3727.450980392157
Uttar Pradesh,Madhogarh APMC,102,2,2300.0,2206.5
Haryana,Samalkha APMC,102,4,1350.0,1483.0
Gujarat,Dhandhuka APMC,102,1,5562.5,5827.696078431372
Tamil Nadu,Chengam(Uzhavar Sandhai ),102,5,4000.0,4015.6862745098038
Madhya Pradesh,Singroli APMC,102,5,1750.5,1752.9607843137255
Karnataka,Holenarsipura APMC,101,3,1500.0,1593.3663366336634
Uttar Pradesh,Bansi APMC,101,4,1805.0,1557.920792079208
Gujarat,Manavdar APMC,101,1,5600.0,6118.168316831683
Keralam,Puramattom VFPCK Market,101,1,3500.0,3693.069306930693
Rajasthan,Bhagat Ki Kothi APMC,101,2,2150.0,2401.732673267327
Madhya Pradesh,Anuppur APMC,100,5,1750.0,1766.46
Andhra Pradesh,Atmakur (Nandyal District) APMC,100,1,1850.0,1745.48
Madhya Pradesh,Javad APMC,100,4,1902.5,2332.03
Rajasthan,Sumerganj APMC,100,4,1912.5,2016.14
Odisha,Champua APMC,100,2,1550.0,1817.2
Tripura,Bachaibari APMC,100,2,1750.0,1737.65
Maharashtra,APMC Mantha ,99,3,2200.0,2657.313131313131
Madhya Pradesh,Mungawali APMC,99,3,2020.0,2153.252525252525
Chattisgarh,Sambalpur APMC,99,1,1400.0,1530.050505050505
Tamil Nadu,Sangarapuram APMC,99,5,1602.0,1944.7171717171718
Haryana,Hassanpur APMC,99,4,1500.0,1307.828282828283
Maharashtra,APMC Nampur,99,4,1500.0,1595.3636363636363
Punjab,Banur (Kheragaju) APMC,99,3,1000.0,1260.79797979798
Maharashtra,APMC Dharangaon ,98,3,1630.0,1716.4285714285713
Karnataka,Mundgod APMC,98,4,1527.5,1714.8163265306123
Madhya Pradesh,Kesli APMC,98,2,2010.0,2041.0816326530612
Odisha,Rahama APMC,98,1,2550.0,2797.4489795918366
Madhya Pradesh,Magroni APMC,98,2,2439.5,3197.1938775510203
Andhra Pradesh,Mylavaram APMC,98,2,4009.0,3039.0714285714284
Haryana,Ballabhgarh APMC,98,6,1600.0,1793.6224489795918
Haryana,Ding APMC,98,3,5200.0,5212.061224489796
Keralam,Pandalam Market,98,1,2900.0,3257.1428571428573
Tripura,Santir Bazar APMC,97,2,2650.0,2590.2061855670104
Tamil Nadu,Vadavalli(Uzhavar Sandhai ),97,5,5000.0,5076.80412371134
Maharashtra,APMC Achalpur ,97,3,1925.0,1976.1340206185566
Madhya Pradesh,Bamora APMC,97,3,2050.0,2248.9896907216494
Odisha,Damana Hat APMC,97,2,1500.0,1885.7731958762886
Maharashtra,APMC Manchar ,97,2,1250.0,1528.8247422680413
Odisha,Champua(Jhumpura) APMC,97,2,1550.0,1819.0721649484535
Tamil Nadu,Avalurpet APMC,97,1,6961.0,7439.659793814433
Madhya Pradesh,Prithvipur APMC,97,2,2280.0,2348.773195876289
Gujarat,Nizar APMC,97,4,3975.0,4084.2680412371133
Gujarat,Vadali APMC,96,5,2559.5,2962.7916666666665
Madhya Pradesh,Momanbadodiya APMC,96,2,1927.5,2090.7291666666665
Telangana,L B Nagar APMC,96,2,1275.0,1378.6458333333333
Gujarat,Limkheda APMC,96,2,2115.0,1979.0625
Tamil Nadu,Sevur APMC,96,1,5650.0,5843.75
Punjab,Samana APMC,96,3,1300.0,1387.1875
Maharashtra,APMC Dharashiv ,96,4,1600.0,1967.5520833333333
Odisha,Aiginia Mandi APMC,96,2,1400.0,1772.2395833333333
Uttar Pradesh,Nagina APMC,96,2,762.5,1061.5625
Karnataka,Arakalgud APMC,96,4,1500.0,1574.8958333333333
Gujarat,Vijapur APMC,96,3,2450.0,2938.0729166666665
Jharkhand,Simdega APMC,96,4,2100.0,2405.6770833333335
Madhya Pradesh,Khargapur APMC,95,2,2300.0,2309.136842105263
Uttar Pradesh,Billsadda APMC,95,4,1000.0,1314.3157894736842
Jharkhand,Jamtara APMC,95,4,2550.0,2493.5789473684213
Punjab,Noor Mehal APMC,95,4,800.0,942.8842105263158
Gujarat,Khambhat(Grain Market) APMC,95,1,2030.0,2072.684210526316
Madhya Pradesh,Shivpuri(F&V) APMC,95,2,600.0,686.578947368421
Uttar Pradesh,Bagpat APMC,94,2,1000.0,1324.5744680851064
Tamil Nadu,Palani(Uzhavar Sandhai ),94,5,4500.0,4594.148936170212
Keralam,Manjeswaram Market,94,1,2800.0,2843.0851063829787
Tamil Nadu,Hasthampatti(Uzhavar Sandhai ),94,5,5875.0,5321.276595744681
Maharashtra,APMC Vaduj ,94,5,2150.0,2307.925531914894
Tamil Nadu,Mettur(Uzhavar Sandhai ),94,5,5000.0,4635.63829787234
Telangana,Achampet APMC,94,4,4529.0,3998.3829787234044
Tamil Nadu,Jalagandapuram(Uzhavar Sandhai ),93,5,5400.0,4946.774193548387
Tamil Nadu,Rasipuram(Uzhavar Sandhai ),93,5,5200.0,5113.440860215053
Telangana,Asifabad APMC,93,2,4950.0,5022.817204301075
Himachal Pradesh,SMY Nalagarh,93,3,1600.0,1993.010752688172
Tamil Nadu,Namakkal(Uzhavar Sandhai ),93,5,3400.0,3925.8064516129034
Telangana,Mahabubabad APMC,92,3,4485.0,4221.25
Tamil Nadu,Cuddalore(Uzhavar Sandhai ),92,4,6250.0,5725.0
Keralam,Omalloor Market,92,1,3900.0,4611.739130434783
Karnataka,Hanagal APMC,92,4,1410.0,1494.3260869565217
Maharashtra,APMC Dharni ,91,5,1550.0,2361.5384615384614
Tamil Nadu,Sirkali(Uzhavar Sandhai ),91,4,4000.0,4514.285714285715
Karnataka,Honnali APMC,91,3,1470.0,1621.923076923077
Tamil Nadu,Kahithapattarai(Uzhavar Sandhai ),91,5,5500.0,4956.593406593406
Punjab,Kapurthala APMC,91,5,900.0,1100.3296703296703
Madhya Pradesh,Ratlam(F&V) APMC,91,2,892.0,1057.6483516483515
Tamil Nadu,Pennagaram(Uzhavar Sandhai ),91,5,4900.0,4697.802197802198
Madhya Pradesh,Palera APMC,91,3,2140.0,2141.813186813187
Maharashtra,APMC Aurad Shahajani ,91,2,2150.0,2106.4285714285716
Haryana,Indri APMC,91,4,1800.0,1812.9120879120878
Madhya Pradesh,Dhar(F&V) APMC,90,3,1450.0,1557.088888888889
Telangana,Pargi APMC,90,3,1557.5,1868.3555555555556
Maharashtra,APMC Lonand ,90,4,1450.0,1525.0
Rajasthan,Old Lal mandi - Gangapurcity,90,2,1870.0,1962.2555555555555
Maharashtra,APMC Samudrapur ,90,1,6175.0,6358.844444444445
Maharashtra,APMC Kada ,90,4,2100.0,2116.9777777777776
Maharashtra,Shrirampur(Belapur) ,90,3,1650.0,1636.111111111111
Punjab,Ghanaur APMC,90,3,1200.0,1268.7777777777778
Madhya Pradesh,Ramnagar APMC,90,3,1900.0,2003.0222222222221
Keralam,Kattakkada  VFPCK Market,89,1,5000.0,4425.842696629214
Maharashtra,APMC Indapur ,89,6,1510.0,1605.2359550561798
Andhra Pradesh,Kothavalasa APMC,89,2,1375.0,1869.5505617977528
Maharashtra,Newasa(Ghodegaon) ,89,1,1100.0,1407.3033707865168
Jammu and Kashmir,Samba APMC,89,3,1900.0,1986.5168539325844
Uttar Pradesh,Mehrauni APMC,89,2,2200.0,2279.752808988764
Gujarat,Veraval APMC,88,3,3262.5,4037.1022727272725
Karnataka,Shikaripura APMC,88,3,1410.0,1557.6931818181818
Uttar Pradesh,Manjhanpur APMC,88,5,2540.0,2429.7727272727275
Telangana,Siddipet APMC,88,2,1605.5,1817.159090909091
Tamil Nadu,Sooramangalam(Uzhavar Sandhai ),87,5,5000.0,4997.126436781609
Maharashtra,APMC Bhadrawati ,87,1,5500.0,6065.793103448276
Maharashtra,APMC Manora ,87,3,2295.0,2899.080459770115
Chattisgarh,Dhanora APMC,87,1,1850.0,1744.3103448275863
Tamil Nadu,Konganapuram APMC,87,3,5400.0,5726.494252873563
Madhya Pradesh,Unhel APMC,87,2,2090.0,2100.4942528735633
Tamil Nadu,Tuticorin(Uzhavar Sandhai ),87,4,3000.0,3399.425287356322
Madhya Pradesh,Silvani APMC,87,2,2200.0,2141.390804597701
Maharashtra,APMC Jintur ,86,4,3275.0,3636.8255813953488
Telangana,Bhadrachalam APMC,86,3,4320.0,4915.395348837209
Tamil Nadu,Dharmapuri(Uzhavar Sandhai ),86,5,4200.0,4050.5813953488373
Haryana,Pipli APMC,86,4,807.5,955.5348837209302
Telangana,Adilabad APMC,86,2,5425.0,5881.395348837209
Maharashtra,APMC Sailu ,86,3,4610.0,4280.2558139534885
Telangana,Chityal APMC,86,1,6080.0,6049.011627906977
Chattisgarh,Vishrampur APMC,86,2,1775.0,1669.3023255813953
Gujarat,Vijapur(Gojjariya) APMC,86,3,2650.0,3310.1162790697676
Andhra Pradesh,Vijayanagaram APMC,86,2,1350.0,1283.6627906976744
Karnataka,Yadgir APMC,86,1,5101.0,5217.802325581395
Andhra Pradesh,Pusapatirega APMC,86,2,1370.0,2016.9186046511627
Rajasthan,Jodhpur (Grain) APMC,86,4,2650.0,3150.2558139534885
Keralam,Marottichal  VFPCK Market,86,1,2916.665,3198.6898837209305
Madhya Pradesh,Semriharchand APMC,86,2,1978.0,2015.2558139534883
Madhya Pradesh,Sheopurkalan (F&V) APMC,85,5,750.0,1052.164705882353
Keralam,Kodungalloor Market,85,2,2200.0,2405.294117647059
Chattisgarh,Pratappur APMC,85,3,4030.0,3594.2235294117645
Haryana,Raipur Rani APMC,85,3,1000.0,1062.3529411764705
Tamil Nadu,Gudiyatham(Uzhavar Sandhai ),85,5,5500.0,5355.294117647059
Maharashtra,APMC Murum ,85,4,2351.0,2509.9882352941177
Uttar Pradesh,Charkhari APMC,85,3,2450.0,2976.235294117647
Madhya Pradesh,Mehgaon APMC,85,3,1850.0,1975.5294117647059
Karnataka,Kalaghatagi APMC,85,4,1430.0,1631.8235294117646
Keralam,Sasthamkotta VFPCK Market,85,1,4400.0,4270.588235294118
Chattisgarh,Gamhari APMC,85,1,1825.0,1681.1764705882354
Maharashtra,APMC Anajngaon ,85,5,1700.0,1726.1764705882354
Andhra Pradesh,Yemmiganur APMC,84,3,4102.5,3737.190476190476
Madhya Pradesh,Garoth APMC,84,4,1972.5,1865.142857142857
Tamil Nadu,Pudukottai(Uzhavar Sandhai ),84,5,6000.0,6163.690476190476
Maharashtra,"Omchatinya Multi State Agro Purpose Co-Op Society, Dist Ahilyanagar",84,6,2450.0,2850.595238095238
Telangana,Boath APMC,84,4,5130.0,5131.452380952381
Gujarat,Kadi(Kadi cotton Yard) APMC,84,1,6250.0,6449.107142857143
Keralam,Nooluvally  VFPCK Market,84,1,3150.0,3346.0714285714284
Maharashtra,APMC Dhadgaon ,84,3,1362.5,1467.7380952380952
Maharashtra,APMC Loha ,84,3,1850.5,2179.0714285714284
Andhra Pradesh,Tiruvuru APMC,84,3,4550.0,4529.928571428572
Andhra Pradesh,Pattikonda APMC,83,1,2300.0,2337.9518072289156
Maharashtra,APMC  Chimur,83,1,5550.0,6324.361445783133
Tamil Nadu,Sathiyamagalam(Uzhavar Sandhai ),83,5,3800.0,3669.879518072289
Tamil Nadu,Palacode(Uzhavar Sandhai ),83,5,3400.0,3636.144578313253
Maharashtra,APMC Kalyan ,83,5,3000.0,3146.4457831325303
Telangana,Tirumalagiri APMC,83,2,2152.0,3332.132530120482
Odisha,Pandkital APMC,82,2,1800.0,2256.0975609756097
Gujarat,Viramgam APMC,82,3,2648.5,3478.231707317073
Haryana,Tosham APMC,82,3,4205.0,4240.024390243902
Maharashtra,Sillod(Bharadi) ,82,3,1700.0,1781.3658536585365
Tamil Nadu,Katpadi (Uzhavar Sandhai ),82,5,6000.0,5476.829268292683
Karnataka,Arasikere APMC,82,6,1675.0,2440.609756097561
Assam,Karimganj APMC,82,2,2400.0,3024.390243902439
Maharashtra,APMC Parner ,82,1,1287.5,1551.121951219512
Karnataka,Kudchi APMC,82,5,1450.0,1660.121951219512
Tamil Nadu,Musiri(Uzhavar Sandhai ),82,4,4000.0,4074.390243902439
Karnataka,Kadur APMC,82,7,1666.0,2208.109756097561
Chattisgarh,Makdi APMC,82,1,1500.0,1532.0731707317073
Maharashtra,APMC Murtizapur ,81,2,2100.0,2130.4938271604938
Rajasthan,Deeg APMC,81,2,2230.0,2160.8395061728397
Gujarat,Gondal(Veg.market Gondal) APMC,81,2,1600.0,1345.4938271604938
Keralam,Punalur VFPCK Market,81,1,4000.0,4433.333333333333
Maharashtra,APMC Mohol ,81,3,2100.0,2033.7654320987654
Tamil Nadu,Nagapattinam(Uzhavar Sandhai ),81,4,5000.0,5004.320987654321
Keralam,Thalappara  VFPCK Market,80,1,2700.0,2825.0
Gujarat,Harij APMC,80,2,2820.0,3578.4
Jammu and Kashmir,Kulgam (F&V),80,3,2760.0,2795.375
Haryana,Jullana APMC,80,3,5320.0,4944.1125
Tamil Nadu,Perambalur(Uzhavar Sandhai ),80,4,6000.0,6178.125
Telangana,Yellandu APMC,80,2,4000.0,3589.75
Karnataka,Jamakhandi APMC,80,6,1462.5,1893.8125
Telangana,Jangaon APMC,80,3,2099.5,2489.05
Haryana,Tauru APMC,79,3,2000.0,1920.253164556962
Maharashtra,APMC Parshiwani ,79,1,5675.0,6123.2405063291135
Andhra Pradesh,Krosuru APMC,79,1,4300.0,4240.126582278481
Madhya Pradesh,Malthone APMC,79,2,2030.0,2060.4430379746836
Telangana,Gajwel APMC,79,2,4100.0,4298.797468354431
Karnataka,Ramanagara APMC,79,5,3000.0,3602.9113924050635
Madhya Pradesh,Mandsaur(F&V) APMC,79,2,905.0,1003.8227848101266
Madhya Pradesh,Suthalia APMC,78,2,1677.5,1747.948717948718
Tamil Nadu,Natrampalli(Uzhavar Sandhai ),78,5,4000.0,4435.897435897436
Tamil Nadu,Athur(Uzhavar Sandhai ),78,5,6000.0,5354.48717948718
Telangana,Narayanpet APMC,78,3,3985.0,4012.1666666666665
Uttar Pradesh,Kurara APMC,78,2,2025.0,2163.269230769231
Haryana,Dabwali APMC,78,5,1425.0,2315.9615384615386
Madhya Pradesh,Shahdol APMC,78,2,1867.5,1943.320512820513
Rajasthan,Kama APMC,78,1,2016.0,2021.9871794871794
Rajasthan,Bagru APMC,78,4,2150.0,2756.7948717948716
Karnataka,Sira APMC,78,3,3853.5,3882.9102564102564
Tamil Nadu,AJattihalli(Uzhavar Sandhai ),77,5,4500.0,4289.61038961039
Madhya Pradesh,LavKush Nagar(Laundi) APMC,77,5,2350.0,2303.883116883117
Keralam,Pothencode Market,77,2,4200.0,12304.155844155845
Maharashtra,APMC Buldhana ,77,1,1500.0,1506.5844155844156
Tamil Nadu,Dindigul(Uzhavar Sandhai ),77,4,5000.0,5337.662337662337
Chattisgarh,Bandhabazar APMC,77,1,1500.0,1573.8051948051948
Karnataka,Haliyala APMC,76,2,1575.0,1989.921052631579
Tamil Nadu,Melur(Uzhavar Sandhai ),76,3,4200.0,5069.736842105263
Karnataka,Periyapatna APMC,76,1,1300.0,1359.5131578947369
Keralam,Thiruvaniyoor  VFPCK Market,76,1,3850.0,3686.842105263158
Haryana,Khanina APMC,76,5,1600.0,1957.171052631579
Tripura,Mohanpur APMC,76,2,2900.0,2831.842105263158
Karnataka,Belur APMC,75,5,1500.0,1874.84
Gujarat,Limdi APMC,75,1,5375.0,5695.586666666667
Keralam,Vengannore  VFPCK Market,75,1,5000.0,4641.333333333333
Bihar,Shekhpura APMC,75,5,2150.0,1977.3333333333333
Telangana,Nizamabad APMC,75,4,1378.0,1477.2933333333333
Gujarat,Unava APMC,75,1,5500.0,5628.333333333333
Rajasthan,Gangapur APMC,75,4,1650.0,2503.9333333333334
Gujarat,Borsad APMC,75,3,1925.0,1964.2733333333333
Gujarat,"Ahmedabad(Fruit Market, Naroda) APMC",75,1,1400.0,1311.6
Maharashtra,Buldhana(Dhad) ,75,3,1600.0,1623.7333333333333
Maharashtra,APMC Junnar ,74,2,1450.0,1847.972972972973
Maharashtra,APMC Ralegaon ,74,1,5585.0,6157.72972972973
Haryana,Babain APMC,74,4,795.0,959.8378378378378
Punjab,Gehri(Jandiala mandi) APMC,74,4,1350.0,1362.6232432432432
Keralam,Mankada VFPCK Market,74,1,1750.0,1870.2702702702702
Rajasthan,Mandawar APMC,74,2,1805.0,1970.5405405405406
Uttar Pradesh,Dataganj APMC,74,5,1986.0,1944.7567567567567
Rajasthan,Sikar APMC,74,4,1532.0,1686.7702702702702
Andhra Pradesh,Kandukur APMC,74,1,3900.0,4015.0
Rajasthan,Sujangarh APMC,74,4,1500.0,1973.5135135135135
Maharashtra,APMC Akot ,74,4,1700.0,2677.4594594594596
Madhya Pradesh,Bhanpura APMC,74,3,2015.0,2016.9594594594594
Gujarat,Zalod(Sanjeli) APMC,73,4,2450.0,2667.246575342466
Madhya Pradesh,Devandranagar APMC,73,2,2023.0,2092.4931506849316
Tamil Nadu,Tiruppur (North) (Uzhavar Sandhai ),73,5,5000.0,4445.890410958904
Maharashtra,APMC Umarga ,73,4,2300.0,2368.6164383561645
Rajasthan,Kotputli APMC,73,3,1750.0,1799.1780821917807
Karnataka,Gokak APMC,73,5,1950.0,3283.4794520547944
Keralam,Vellarada  VFPCK Market,73,1,4600.0,4230.13698630137
Telangana,Nirmal APMC,73,2,7200.0,6428.109589041096
Telangana,RYTHU BAZAR MEHDIPATNAM,73,2,2300.0,2487.671232876712
Haryana,Siwani APMC,73,2,6600.0,6401.986301369863
Haryana,Tarori APMC,73,4,1735.0,1605.4794520547946
Telangana,Nekkonda APMC,72,2,4595.0,4567.319444444444
Madhya Pradesh,Simariya APMC,72,1,2130.0,2125.4861111111113
Rajasthan,Sojat Road APMC,72,4,1600.0,1768.236111111111
Andhra Pradesh,Kondapi APMC,72,1,3900.0,3976.3888888888887
Keralam,Puthur  VFPCK Market,72,1,3000.0,3236.1111111111113
Madhya Pradesh,Palari APMC,72,2,2200.0,2109.7916666666665
Karnataka,Malur APMC,72,5,2000.0,2237.902777777778
Haryana,Pundri APMC,72,3,1325.0,1528.375
Maharashtra,Dondaicha (Sindhkheda) ,71,3,1730.0,1833.7605633802816
Tamil Nadu,Sampath Nagar(Uzhavar Sandhai ),71,5,4500.0,4058.450704225352
Chattisgarh,Pakhanjur APMC,71,2,1600.0,1682.394366197183
Karnataka,Santhesargur APMC,71,2,1100.0,2708.2676056338028
Gujarat,Godhra APMC,71,3,1880.0,1971.6901408450703
Gujarat,APMC KHAMBHA,71,4,5350.0,5752.042253521126
Tamil Nadu,Dharapuram(Uzhavar Sandhai ),71,5,4000.0,4328.87323943662
Andhra Pradesh,Darsi APMC,71,1,4000.0,3931.6901408450703
Tripura,Kalsi APMC,71,3,2900.0,2946.478873239437
Meghalaya,Tura APMC,70,4,2575.0,3213.5714285714284
Punjab,Ahmedgarh APMC,70,6,2500.0,2524.5714285714284
Maharashtra,Junnar(Alephata) ,70,1,1400.0,2175.3714285714286
Punjab,Bareta APMC,70,2,5000.0,4737.357142857143
Gujarat,Songadh APMC,70,4,4265.0,3893.2
Assam,Srirampur APMC,70,4,1800.0,2025.4285714285713
Telangana,Husnabad APMC,70,2,2075.0,2912.5714285714284
Andhra Pradesh,Sattenapalli APMC,69,1,4300.0,4469.289855072464
Telangana,Medchal APMC,69,2,1962.0,1867.4347826086957
Andhra Pradesh,Ongole APMC,69,1,4050.0,3985.6521739130435
Odisha,Rayagada APMC,69,4,2300.0,3077.4057971014495
Maharashtra,APMC Digras ,69,3,2185.0,2576.521739130435
Karnataka,Kollegal APMC,69,4,1700.0,2499.5652173913045
Gujarat,Jam Khambalia APMC,69,4,3750.0,3825.8695652173915
Gujarat,Anjar APMC,69,4,4800.0,4993.710144927536
Assam,Tinsukia Market,69,5,1800.0,1864.3478260869565
Telangana,Charla APMC,69,3,4100.0,4110.333333333333
Madhya Pradesh,Budhar APMC,69,2,1705.0,1822.536231884058
Odisha,Angul(Atthamallick) APMC,69,2,1900.0,2115.942028985507
Gujarat,Dholka(Koth) APMC,68,4,1425.0,1995.5882352941176
Keralam,Moothedam  VFPCK Market,68,1,2950.0,3144.1176470588234
Madhya Pradesh,Shadora APMC,68,2,2237.5,2199.1470588235293
Telangana,Kukatpally Rythu Bazar APMC,68,2,2400.0,2576.470588235294
Andhra Pradesh,Divi (HQ-Avanigadda) APMC,68,1,3100.0,2951.470588235294
Tamil Nadu,Arcot(Uzhavar Sandhai ),68,4,5000.0,5237.5
Bihar,Barbigha APMC,67,4,2150.0,1957.8358208955224
Karnataka,K.R.Nagar APMC,67,3,1400.0,1540.3731343283582
Tamil Nadu,Thalavadi(Uzhavar Sandhai ),67,4,4400.0,3923.8805970149256
Punjab,Nawanshahar APMC,67,2,1530.0,1581.7611940298507
Chattisgarh,Ramanujganj APMC,67,3,1925.0,2119.507462686567
Assam,Silapathar APMC,66,5,3000.0,3749.242424242424
Andhra Pradesh,Chilakaluripet APMC,66,1,4400.0,4553.106060606061
Tamil Nadu,Vadaseri APMC,66,4,5000.0,4964.363636363636
Rajasthan,Dholpur APMC,66,2,1920.0,1942.0454545454545
Karnataka,Hirekerur APMC,66,4,1545.0,1914.5757575757575
Keralam,Pramadom VFPCK Market,66,1,4300.0,4095.4545454545455
Gujarat,Davgadbaria(Piplod) APMC,66,1,1480.0,1542.2727272727273
Keralam,Mookkannur  VFPCK Market,66,1,3450.0,3150.0
Maharashtra,APMC Dhamngaon-Railway ,66,2,2200.0,3168.4848484848485
Tamil Nadu,Gobichettipalayam(Uzhavar Sandhai ),66,4,4800.0,4563.636363636364
Tamil Nadu,Kurinchipadi APMC,65,2,7705.0,7114.661538461539
Gujarat,Bayad APMC,65,4,1675.0,2814.846153846154
Tamil Nadu,Perundurai(Uzhavar Sandhai ),65,5,4400.0,4433.076923076923
Keralam,vadakarapathy Market,65,2,2400.0,2823.076923076923
Telangana,Sathupally APMC,65,4,1450.0,1914.076923076923
Maharashtra,APMC Ashti ,65,2,5330.0,5740.2307692307695
Telangana,Ichoda APMC,65,2,7400.0,6819.753846153846
Tamil Nadu,Tiruthuraipoondi(Uzhavar Sandhai ),65,4,5000.0,5038.461538461538
Gujarat,Derol(Vejalpur) APMC,64,2,1465.0,1490.9375
Telangana,Kothagudem APMC,64,2,4250.0,5183.078125
Karnataka,Athani APMC,64,3,1422.5,1516.578125
Uttarakhand,Tanakpur APMC,64,5,2100.0,1807.578125
Jharkhand,Hazaribagh APMC,64,5,2365.0,2305.15625
Madhya Pradesh,Mohgaon APMC,64,2,2020.0,1972.140625
Karnataka,Sindagi APMC,63,6,4250.0,3403.4285714285716
Gujarat,Sanad APMC,63,2,2052.0,2191.5714285714284
Odisha,Banki APMC,63,2,1500.0,1812.6984126984128
Rajasthan,Khajuwala APMC,63,3,2276.0,4171.0
Telangana,Burgampadu APMC,63,2,4500.0,5189.523809523809
Keralam,Mukkam  VFPCK Market,63,1,3800.0,3663.4920634920636
Maharashtra,APMC Hingna,63,3,3800.0,4508.714285714285
Chattisgarh,Kawardha APMC,63,2,2042.0,2243.063492063492
Maharashtra,Jamner(Neri) ,63,3,1425.0,1985.2380952380952
Keralam,Quilandy Market,63,2,2400.0,2600.0
Telangana,Jogipet APMC,63,5,3927.0,3786.190476190476
Keralam,Anyara(EEC) Market,63,3,3800.0,3858.7301587301586
Bihar,Aarah APMC,62,5,2100.0,2711.048387096774
Gujarat,Navsari APMC,62,3,1712.5,1846.774193548387
Tamil Nadu,Anna nagar(Uzhavar Sandhai ),62,4,5000.0,5858.870967741936
Tamil Nadu,Periyar Nagar(Uzhavar Sandhai ),62,3,4500.0,3741.1290322580644
Telangana,Narayankhed APMC,62,2,4325.0,5569.193548387097
Karnataka,Bhadravathi APMC,62,3,1756.5,1954.4516129032259
Odisha,Junagarh APMC,62,3,2100.0,2256.451612903226
Madhya Pradesh,Akodiya APMC,62,3,1830.0,2147.3387096774195
Andhra Pradesh,Repalli APMC,62,1,3500.0,3491.935483870968
Karnataka,Badami APMC,62,3,1342.0,1724.467741935484
Andhra Pradesh,Parvathipuram APMC,61,4,571.0,1867.5737704918033
Tamil Nadu,Aruppukottai(Uzhavar Sandhai ),61,3,4000.0,4146.7213114754095
Bihar,Sheohar APMC,61,2,2300.0,2606.55737704918
Tamil Nadu,Viruthachalam(Uzhavar Sandhai ),61,3,5000.0,4532.786885245901
Bihar,Bahadurganj APMC,61,4,2100.0,2198.3606557377047
Tamil Nadu,Kumbakonam (Uzhavar Sandhai ),61,3,6000.0,5211.475409836065
Tamil Nadu,Mayiladuthurai(Uzhavar Sandhai ),61,3,4000.0,3813.934426229508
Tamil Nadu,Denkanikottai(Uzhavar Sandhai ),61,3,5000.0,4784.426229508197
Tamil Nadu,Sivakasi(Uzhavar Sandhai ),61,3,4500.0,4506.55737704918
Maharashtra,APMC Korpana ,61,1,5570.0,6050.11475409836
Bihar,Hajipur APMC,61,3,580.0,762.6229508196722
Andhra Pradesh,Visakhapatnam APMC,61,5,3400.0,3514.098360655738
Tamil Nadu,Elampillai(Uzhavar Sandhai ),61,5,5000.0,5527.049180327869
Tripura,Kanchanpur,61,4,2800.0,2764.754098360656
Andhra Pradesh,Chirala APMC,61,1,3950.0,3924.9180327868853
Gujarat,Vijapur(Kukarvada) APMC,61,2,2075.0,2274.5081967213114
Tamil Nadu,Bodinayakanur(Uzhavar Sandhai ),61,3,5500.0,5002.459016393443
Keralam,Balarampuram Market,61,3,6000.0,5737.704918032787
Tamil Nadu,Papanasam(Uzhavar Sandhai ),61,3,5000.0,5122.950819672131
Tamil Nadu,Thammampati APMC,61,7,2260.0,4232.524590163935
Tamil Nadu,Rajapalayam(Uzhavar Sandhai ),61,3,4000.0,4077.8688524590166
Gujarat,Devgadhbaria APMC,61,2,1420.0,1634.5901639344263
Keralam,Kizhakkancheri VFPCK Market,61,1,2979.0,3105.065573770492
Tamil Nadu,Pattukottai(Uzhavar Sandhai ),61,3,3500.0,3898.3606557377047
Rajasthan,Nagaur APMC,61,1,2300.0,2418.032786885246
Karnataka,Channarayapatna APMC,60,4,1550.0,1920.4666666666667
Tamil Nadu,Sulur(Uzhavar Sandhai ),60,3,6000.0,5815.0
Keralam,Kalanjoor  VFPCK Market,60,1,4400.0,4345.0
Tamil Nadu,Srivilliputhur(Uzhavar Sandhai ),60,3,4000.0,4129.166666666667
Tamil Nadu,Ariyalur(Uzhavar Sandhai),60,3,5400.0,5096.666666666667
Tamil Nadu,Thalavaipuram(Uzhavar Sandhai ),60,4,4000.0,4181.666666666667
Maharashtra,APMC Chandrapur ,60,4,1200.0,1215.8333333333333
Andhra Pradesh,Ichapuram APMC,59,6,1400.0,1519.4915254237287
Tamil Nadu,Gudalur(Uzhavar Sandhai ),59,3,5000.0,5080.5084745762715
Bihar,Jahajharpur APMC,59,2,2000.0,2298.3050847457625
Tamil Nadu,Udhagamandalam(Uzhavar Sandhai ),59,3,5000.0,5037.28813559322
Madhya Pradesh,Morena(F&V) APMC,59,3,500.0,649.5932203389831
Maharashtra,Junnar(Otur) ,59,2,1200.0,1552.2033898305085
Tamil Nadu,Jeyankondam (Uzhavar Sandhai ),59,3,5000.0,4970.338983050848
Telangana,Indravelly Utnoor APMC,59,3,6000.0,5729.627118644068
Gujarat,Karjan APMC,59,1,4901.0,4690.118644067797
Tamil Nadu,Singanallur(Uzhavar Sandhai ),59,5,6500.0,6155.932203389831
Madhya Pradesh,Alirajpur(F&V) APMC,59,2,1500.0,1521.1864406779662
Keralam,Kovilnada  VFPCK Market,59,1,5400.0,4818.64406779661
Telangana,Shadnagar APMC,59,3,1487.0,1655.050847457627
Maharashtra,Sangrampur(Varvatbakal) ,59,3,1600.0,1571.1864406779662
Odisha,Digapahandi APMC,58,6,2500.0,2855.862068965517
Telangana,Madnoor APMC,58,4,5405.0,5762.051724137931
Maharashtra,APMC Phaltan ,58,5,1400.0,1557.4137931034484
Tamil Nadu,Mohanur(Uzhavar Sandhai ),58,5,5000.0,5162.931034482759
Haryana,Ambala City APMC,58,5,1800.0,1668.3793103448277
Telangana,Ghanpur APMC,58,3,4800.0,4861.224137931034
Chattisgarh,Bhanupratappur APMC,58,1,1800.0,1676.8103448275863
Nagaland,Kohima APMC,58,2,3100.0,2884.4827586206898
Meghalaya,Wahiajer APMC,58,2,3500.0,3843.9655172413795
Nagaland,Longleng APMC,58,3,4450.0,5175.862068965517
Maharashtra,APMC Varud ,58,4,4850.0,4515.913793103448
Keralam,Kuzhur  VFPCK Market,58,1,3550.0,3560.344827586207
Gujarat,Derol APMC,58,2,1392.5,1459.396551724138
Karnataka,Sankeshwar APMC,57,5,2300.0,2389.5438596491226
Haryana,"New Grain Market , Jind APMC",57,2,5450.0,5423.0
Tamil Nadu,Attayampatti(Uzhavar Sandhai ),57,3,4500.0,4604.3859649122805
Gujarat,Radhanpur APMC,57,2,2600.0,2561.9298245614036
Maharashtra,Shrigonda(Ghogargaon) ,57,4,2050.0,2516.2280701754385
Keralam,Kollayil  VFPCK Market,57,1,5200.0,4864.912280701755
Tamil Nadu,Paramakudi(Uzhavar Sandhai ),57,3,5000.0,5084.210526315789
Maharashtra,APMC Sironcha,57,3,2100.0,4046.315789473684
Punjab,Nihal Singh Wala APMC,57,3,1200.0,1269.122807017544
Karnataka,Hunsur APMC,57,5,1100.0,1762.0877192982457
Odisha,Kalahandi(Dharamagarh) APMC,57,3,2200.0,2175.438596491228
Tamil Nadu,Lalgudi(Uzhavar Sandhai ),57,3,4500.0,4892.982456140351
Rajasthan,Uniyara APMC,57,3,1950.0,1936.859649122807
Andhra Pradesh,Bobbili APMC,57,4,1380.0,1684.122807017544
Gujarat,Umreth APMC,56,1,1740.0,1827.3214285714287
Tamil Nadu,Chinnalapatti(Uzhavar Sandhai ),56,4,5000.0,4726.785714285715
Andhra Pradesh,Macharla APMC,56,1,4300.0,4339.732142857143
Tamil Nadu,Devaram(Uzhavar Sandhai ),56,3,4900.0,4403.571428571428
Karnataka,Lingasugur APMC,56,4,2445.0,3252.6785714285716
Tamil Nadu,Theni APMC,56,6,6700.0,6307.982142857143
Tamil Nadu,NGO Colony(Uzhavar Sandhai ),56,3,6000.0,6446.428571428572
Tamil Nadu,Karaikudi(Uzhavar Sandhai ),56,3,4000.0,4621.428571428572
Telangana,Dammapet APMC,56,3,1350.0,1755.2142857142858
Keralam,Balaramapuram  VFPCK Market,56,1,5000.0,4594.642857142857
Maharashtra,APMC ZariZamini ,55,1,5407.0,6025.872727272727
Maharashtra,APMC Dindori ,55,3,1000.0,1120.4
Madhya Pradesh,Khatora APMC,55,3,2276.0,2191.601818181818
Tamil Nadu,Namakkal APMC,55,7,5400.0,5352.909090909091
Haryana,Tohana(New Veg Market) APMC,55,2,1200.0,1392.909090909091
Madhya Pradesh,Vijaypur APMC,55,1,2350.0,2223.6363636363635
Haryana,"New Grain Market , Faridabad APMC",55,2,1300.0,1418.1818181818182
Gujarat,Gogamba(Similiya) APMC,55,2,2000.0,2344.181818181818
Rajasthan,Bijolia APMC,55,2,1553.0,1656.418181818182
Punjab,Bhikhi APMC,55,2,4600.0,4271.636363636364
Karnataka,Madhugiri APMC,55,3,2780.0,2870.7818181818184
Maharashtra,APMC Akole ,54,3,1450.0,1470.3703703703704
Tamil Nadu,Harur(Uzhavar Sandhai ),54,5,4000.0,4102.777777777777
Tamil Nadu,Thammampatti (Uzhavar Sandhai ),54,4,4500.0,4410.185185185185
Tamil Nadu,Gingee(Uzhavar Sandhai ),54,4,5000.0,4412.962962962963
Maharashtra,APMC Akhadabalapur ,54,4,4175.0,3868.703703703704
Madhya Pradesh,Tendukheda APMC,54,3,2180.0,2297.425925925926
Telangana,Huzzurabad APMC,54,2,3025.0,3484.777777777778
Tamil Nadu,Pallapatti (Uzhavar Sandhai ),54,2,4000.0,4833.333333333333
Madhya Pradesh,Bhitarwar APMC,54,1,2392.5,2302.5
Tamil Nadu,Thanjavur(Uzhavar Sandhai ),53,4,6000.0,6011.320754716981
Telangana,Kuber APMC,53,2,5500.0,6117.924528301887
Tamil Nadu,Coonoor(Uzhavar Sandhai ),53,3,6000.0,5947.169811320755
Keralam,Neyyattinkara  VFPCK Market,53,1,4500.0,4209.433962264151
Haryana,Ateli APMC,53,5,1500.0,1706.0377358490566
Maharashtra,APMC  Rajura,53,1,4975.0,5046.1509433962265
Madhya Pradesh,Hata APMC,53,3,1890.0,2086.698113207547
Tamil Nadu,Kaveripattinam(Uzhavar Sandhai ),53,3,4000.0,4240.566037735849
Tamil Nadu,Anthiyur APMC,53,3,5209.0,4784.66037735849
Madhya Pradesh,Porsa APMC,53,3,1883.0,1833.188679245283
Tripura,Chowmanu APMC,53,2,2500.0,2520.811320754717
Telangana,Tanduru APMC,53,3,3888.0,3770.4716981132074
Telangana,Peddapalli APMC,53,1,4951.0,5681.981132075472
Telangana,Jainath APMC,53,3,3986.0,3341.8867924528304
Tamil Nadu,Thuraiyur APMC,53,3,4000.0,4114.830188679245
Karnataka,Hoovinahadagali APMC,53,5,1400.0,1549.0754716981132
Haryana,"New Grain Market , Sirsa APMC",53,2,7100.0,6512.169811320755
Karnataka,Somvarpet APMC,53,3,1000.0,1361.4716981132076
Tamil Nadu,Andipatti(Uzhavar Sandhai ),53,3,5000.0,4669.811320754717
Telangana,Vemulawada APMC,53,2,6200.0,5696.773584905661
Madhya Pradesh,Bakswaha APMC,52,2,2000.0,2006.7692307692307
Tamil Nadu,Panruti(Uzhavar Sandhai ),52,3,4500.0,4687.5
Maharashtra,Sangli(Miraj) ,52,1,1550.0,1643.4615384615386
Bihar,Aurangabad APMC,52,6,2200.0,2661.0576923076924
Gujarat,Una APMC,52,2,4950.0,5644.115384615385
Tamil Nadu,Devakottai (Uzhavar Sandhai ),52,3,4000.0,4292.307692307692
Tamil Nadu,Vandavasi APMC,52,1,7129.5,7088.692307692308
Gujarat,Sami APMC,52,1,2000.0,2089.7115384615386
Tamil Nadu,Melapalayam(Uzhavar Sandhai ),52,4,6500.0,6829.807692307692
Tamil Nadu,Cheyyar(Uzhavar Sandhai ),52,5,5000.0,4695.192307692308
Tamil Nadu,Shrimushnam APMC,52,2,6473.5,5653.076923076923
Tamil Nadu,Pollachi(Uzhavar Sandhai ),52,3,6000.0,6142.307692307692
Rajasthan,Sardar Shahar APMC,52,2,4587.5,4289.038461538462
Tamil Nadu,Sundarapuram(Uzhavar Sandhai ),52,4,6000.0,5648.076923076923
Maharashtra,APMC Kinwat ,51,3,5450.0,5982.254901960784
Maharashtra,APMC Vani ,51,4,4949.0,4638.901960784314
Tamil Nadu,Boothapadi APMC,51,4,2324.0,11205.058823529413
Tamil Nadu,Sivagangai (Uzhavar Sandhai ),51,3,4000.0,4333.333333333333
Tamil Nadu,Velayuthampalayam(Uzhavar Sandhai ),51,3,6000.0,5306.862745098039
Tamil Nadu,Vedasanthur(Uzhavar Sandhai ),51,3,5000.0,4642.156862745098
Madhya Pradesh,Shahpura Bhitoni (F&V) APMC,51,2,2307.0,2252.450980392157
Tamil Nadu,Palanganatham(Uzhavar Sandhai ),51,4,4000.0,4350.0
Maharashtra,APMC Patur ,51,2,1800.0,1786.6666666666667
Tamil Nadu,Kovilpatti(Uzhavar Sandhai ),51,3,3000.0,3690.1960784313724
Manipur,Kakching Market APMC,51,5,4750.0,4714.705882352941
Tamil Nadu,Paruthipattu(Uzhavar Sandhai ),51,3,4000.0,3852.9411764705883
Tamil Nadu,Padappai(Uzhavar Sandhai ),51,5,4500.0,4803.921568627451
Tamil Nadu,Paramathivelur(Uzhavar Sandhai ),51,3,3500.0,3864.705882352941
Telangana,Gangadhara APMC,51,2,3969.0,3271.372549019608
Rajasthan,Jaipur (Grain) APMC,51,3,1650.0,1773.5294117647059
Keralam,Nedumpaikulam  VFPCK Market,51,1,4200.0,4272.549019607844
Maharashtra,Bhokardan(Pimpalgaon Renu) ,51,3,1735.0,1754.9019607843138
Tamil Nadu,Myladi(Uzhavar Sandhai ),51,3,5500.0,5291.176470588235
Telangana,RYTHU BAZAR ERRAGADDA,51,2,2000.0,1965.9803921568628
Maharashtra,APMC Fulmbri ,51,3,4700.0,4199.21568627451
Chattisgarh,Korar APMC,50,1,1800.0,1740.5
Gujarat,Dhragradhra APMC,50,3,5850.0,5216.92
Haryana,Hodal APMC,50,6,1350.0,1606.5
Rajasthan,Chhotisadri APMC,50,2,2560.5,2450.98
Punjab,Jalandhar City APMC,50,2,1815.0,1741.14
Tamil Nadu,Periyakulam(Uzhavar Sandhai ),50,3,5000.0,4788.0
Andhra Pradesh,Kovvur APMC,50,2,1500.0,1676.0
Keralam,Anchal VFPCK Market,50,1,3950.0,4454.0
Bihar,Muzaffarpur APMC,50,5,2530.0,2393.1
Tamil Nadu,Kundrathur(Uzhavar Sandhai ),50,3,4500.0,4825.0
Keralam,Parappanangadi VFPCK Market,50,1,2150.0,2545.0
Tamil Nadu,Guduvancheri(Uzhavar Sandhai ),50,5,4000.0,4146.0
Chattisgarh,Ambikapur APMC,49,2,1875.0,1928.9591836734694
Tamil Nadu,Theni(Uzhavar Sandhai ),49,3,6000.0,5237.755102040816
Tamil Nadu,Tirupatthur(Uzhavar Sandhai ),49,3,4000.0,4515.306122448979
Tamil Nadu,Manachanallur(Uzhavar Sandhai ),49,3,5000.0,4763.265306122449
Maharashtra,APMC Bhiwapur ,49,2,5600.0,5788.163265306122
Tamil Nadu,Edapadi (Uzhavar Sandhai ),49,3,5200.0,5722.448979591837
Tamil Nadu,Tiruvallur(Uzhavar Sandhai ),49,3,4500.0,4257.142857142857
Tamil Nadu,Tiruppur (South) (Uzhavar Sandhai ),49,3,4000.0,3903.061224489796
Tamil Nadu,Kambam(Uzhavar Sandhai ),49,3,5400.0,5242.857142857143
Telangana,Medipally APMC,49,2,2000.0,2546.734693877551
Madhya Pradesh,Pawai APMC,49,1,2100.0,2135.530612244898
Karnataka,Nanjangud APMC,49,6,2800.0,2971.5102040816328
Tamil Nadu,Arani(Uzhavar Sandhai ),49,3,5000.0,4570.408163265306
Tamil Nadu,Kulithalai(Uzhavar Sandhai ),49,3,5000.0,4534.693877551021
Nagaland,Tuensang APMC,49,3,4300.0,5354.897959183673
Tamil Nadu,Mannargudi II(Uzhavar Sandhai ),49,3,6000.0,5385.714285714285
Tamil Nadu,Manapparai(Uzhavar Sandhai ),49,3,5000.0,4677.551020408163
Tamil Nadu,Mannargudi I(Uzhavar Sandhai ),49,3,6000.0,5385.714285714285
Tamil Nadu,Karur(Uzhavar Sandhai ),49,3,6000.0,5382.65306122449
Tamil Nadu,Tenkasi(Uzhavar Sandhai ),49,3,4000.0,4204.081632653061
Tamil Nadu,Palayamkottai(Uzhavar Sandhai ),49,3,6000.0,6755.102040816327
Tamil Nadu,Singampunari(Uzhavar Sandhai ),49,3,4000.0,4360.2040816326535
Meghalaya,Jowai APMC,49,4,2700.0,2928.5714285714284
Bihar,Jehanabad APMC,49,3,2000.0,2202.0408163265306
Madhya Pradesh,Kurwai APMC,48,2,1910.0,2205.5833333333335
Chattisgarh,Hirapur APMC,48,1,1600.0,1578.3333333333333
Tamil Nadu,Chinnamanur(Uzhavar Sandhai ),48,5,4000.0,4372.916666666667
Tamil Nadu,Chidambaram(Uzhavar Sandhai ),48,3,4000.0,4015.625
Tamil Nadu,Sankarankoil(Uzhavar Sandhai ),48,3,5000.0,4938.541666666667
Gujarat,Panthawada APMC,48,2,3252.5,3949.7395833333335
Bihar,Danapur APMC,48,2,2000.0,2520.8333333333335
Punjab,Nakodar APMC,48,4,1385.0,1429.1458333333333
Andhra Pradesh,Kadapa,48,1,5311.5,5145.833333333333
Uttar Pradesh,Jhansi Grain APMC,48,3,3160.0,3718.9583333333335
Chattisgarh,Antagarh APMC,48,1,1500.0,1526.0416666666667
Maharashtra,APMC Sindi ,47,2,5258.0,5334.446808510638
Rajasthan,Nagar APMC,47,3,1692.0,1808.1063829787233
Maharashtra,Washim(Ansing) ,47,2,1900.0,1962.5531914893618
Chattisgarh,Bededonger APMC,47,1,1700.0,1644.2553191489362
Chattisgarh,Bilaspur APMC,47,3,2180.0,2152.127659574468
Tripura,Kamalghat,47,2,2900.0,2920.851063829787
Tamil Nadu,Tiruvarur(Uzhavar Sandhai ),47,3,5000.0,6289.36170212766
Maharashtra,APMC Maregoan ,46,1,5500.0,5704.630434782609
Himachal Pradesh,SMY Dharamshala,46,3,2600.0,3005.5108695652175
Tamil Nadu,Nanganallur(Uzhavar Sandhai ),46,4,4000.0,4804.347826086957
Telangana,Sardarnagar APMC,46,3,1450.0,1447.0652173913043
Telangana,Bichkunda APMC,46,3,1962.0,3000.6739130434785
Keralam,Pallikkal  VFPCK Market,46,1,5300.0,5234.782608695652
Tamil Nadu,Palladam(Uzhavar Sandhai ),46,3,4500.0,4297.826086956522
Bihar,Jamui APMC,46,2,1750.0,1931.5217391304348
Odisha,Kuchinda APMC,46,2,2225.0,2659.782608695652
Tamil Nadu,Cuddalore APMC,46,5,7012.0,6437.652173913043
Gujarat,Derol(Adadara) APMC,46,2,1522.5,1524.0217391304348
Maharashtra,Junnar(Narayangaon) ,46,2,1350.0,1427.391304347826
Odisha,Mukhiguda APMC,45,2,1500.0,2080.0
Keralam,Nedungapra  VFPCK Market,45,1,4000.0,3995.5555555555557
Keralam,Mallappally  VFPCK Market,45,1,3500.0,3680.5555555555557
Keralam,Kodikulam  VFPCK Market,45,1,3700.0,3693.3333333333335
Jharkhand,Ramgarh APMC,45,4,1400.0,1820.0
Keralam,Chengamanad  VFPCK Market,45,1,6000.0,5574.444444444444
Punjab,Nawan Shahar(MandiRaho) APMC,45,4,1000.0,1206.3333333333333
Tripura,Kulai APMC,45,3,2400.0,2525.5555555555557
Maharashtra,APMC Chakur ,45,3,2145.0,2221.711111111111
Punjab,Tapa(Tapa Mandi) APMC,45,3,4770.0,4492.533333333334
Gujarat,Bhuj APMC,45,5,1650.0,1991.9555555555555
Maharashtra,APMC Umrane,45,1,1650.0,1886.1555555555556
Tamil Nadu,Kangayam(Uzhavar Sandhai ),45,2,3500.0,3715.5555555555557
Tamil Nadu,Keelpennathur(Uzhavar Sandhai ),45,3,4000.0,4655.555555555556
Maharashtra,APMC Sindkhed Raja ,45,3,2100.0,2094.6666666666665
Keralam,Mezhuveli  VFPCK Market,44,1,3800.0,3895.4545454545455
Gujarat,Zalod(Zalod) APMC,44,2,2417.0,2406.7045454545455
Telangana,Kagaznagar APMC,44,3,4535.0,4997.5
Keralam,Udumbannoor  VFPCK Market,44,1,3750.0,4002.2727272727275
Gujarat,Ankleshwar APMC,44,2,1200.0,1684.8863636363637
Chattisgarh,Narayanpur APMC,44,1,1200.0,1350.5681818181818
Pondicherry,Thattanchavady APMC,44,3,4914.0,5064.5
Tamil Nadu,Karambakkudi(Uzhavar Sandhai ),44,3,5000.0,4789.772727272727
Rajasthan,Nawalgarh APMC,44,3,1400.0,1708.0681818181818
Tamil Nadu,Viralimalai(Uzhavar Sandhai ),44,2,6500.0,6267.045454545455
Andhra Pradesh,Tadepalligudem APMC,44,1,1150.0,1386.3636363636363
Tamil Nadu,Kariyapatti(Uzhavar Sandhai ),44,3,4250.0,4404.545454545455
Madhya Pradesh,Ichhawar(F&V) APMC,44,3,2655.5,2542.8636363636365
Tamil Nadu,Virudhunagar(Uzhavar Sandhai ),44,3,4600.0,4607.954545454545
Telangana,Vantamamidi APMC,44,2,2250.0,2030.6818181818182
Telangana,Miryalguda(Rythu Bazar) ,43,2,3000.0,2848.8372093023254
Rajasthan,Sambhar - Kishangarh renwal APMC,43,3,2225.0,2355.232558139535
Chattisgarh,Pathalgaon APMC,43,3,2090.0,2172.953488372093
Tamil Nadu,Gandarvakottai(Uzhavar Sandhai ),43,3,4000.0,3773.2558139534885
Madhya Pradesh,Mundi APMC,43,3,2500.0,3084.460465116279
Keralam,Elamad  VFPCK Market,43,1,5600.0,5374.186046511628
Gujarat,K.Mandvi APMC,43,6,4768.0,4425.186046511628
Haryana,Mullana APMC,43,4,1525.0,1453.3953488372092
Uttar Pradesh,Parikshitgarh APMC,43,2,1050.0,1065.6976744186047
Nagaland,Mokokchung Town APMC,43,3,3000.0,3674.4186046511627
Tamil Nadu,Avallapalli(Uzhavar Sandhai ),43,3,4500.0,4855.813953488372
Punjab,Boha APMC,43,2,4630.0,4460.0
Madhya Pradesh,Berachha APMC,43,2,1860.0,1797.5581395348838
Odisha,Talcher APMC,43,5,2200.0,2573.953488372093
Tamil Nadu,Manalurpettai APMC,42,2,2155.5,3027.5238095238096
Bihar,Forbesganj APMC,42,3,1425.0,1558.8095238095239
Keralam,Chazhur VFPCK Market,42,1,3000.0,3083.3333333333335
Mizoram,Super Market Lungli-Bara Bazar APMC,42,4,4000.0,4209.523809523809
Haryana,Palwal APMC,42,4,2425.0,3154.5238095238096
Bihar,Barahat APMC,42,2,2650.0,2710.714285714286
Bihar,Piro APMC,42,2,2110.0,2430.8333333333335
Gujarat,Godhra(Timbaroad) APMC,42,2,1925.0,1959.1666666666667
Rajasthan,Lalgarh Jatan - Sri Ganganagar Grain APMC,42,2,2325.5,3409.309523809524
Madhya Pradesh,Machalpur APMC,42,3,2275.0,2162.690476190476
Maharashtra,Jalgaon Jamod(Aasalgaon) ,42,3,1500.0,1539.2857142857142
Gujarat,Borsad(Veg Yard Barsad) APMC,42,2,862.5,967.2619047619048
Maharashtra,APMC Jawala-Bajar ,41,3,4900.0,4525.073170731707
Uttar Pradesh,Sultanpurchilkana APMC,41,2,550.0,699.7560975609756
Odisha,Attabira APMC,41,2,1800.0,1960.9756097560976
Tamil Nadu,Ramanathapuram(Uzhavar Sandhai ),41,3,5000.0,4719.512195121952
Tamil Nadu,Kancheepuram(Uzhavar Sandhai ),41,3,5000.0,4691.463414634146
Maharashtra,APMC Himayatnagar ,41,3,4850.0,5026.09756097561
Punjab,Lohian Khas APMC,41,2,500.0,532.9268292682926
Haryana,Nilokheri APMC,41,3,2000.0,1881.219512195122
Telangana,Pitlam APMC,41,3,2000.0,3426.6341463414633
Keralam,Edackattuvayal  VFPCK Market,41,1,2500.0,2903.170731707317
Uttar Pradesh,Mau(Chitrakut) APMC,41,2,1825.0,1880.4878048780488
Gujarat,Bayad(Sadamba) APMC,41,3,1550.0,1922.8048780487804
Telangana,Bhiknoor APMC,41,1,1310.0,1381.219512195122
Andhra Pradesh,Markapur APMC,41,3,4150.0,4029.0243902439024
Maharashtra,APMC Mandhal ,41,2,5254.0,5395.09756097561
Rajasthan,Todaraisingh APMC,41,3,1900.0,2055.682926829268
Gujarat,Vadodara(Navapura) APMC,40,1,1400.0,1527.5
Haryana,Kaithal APMC,40,4,1400.0,1447.3625
Maharashtra,KISAN MARKET YARD,40,4,2612.5,4027.0
Odisha,Godbhaga APMC,40,2,2000.0,2190.0
Chattisgarh,Kusmee APMC,40,2,2100.0,2013.375
Andhra Pradesh,Palamaner APMC,40,1,1500.0,1602.5
Nagaland,Tsemenyu APMC,40,2,4550.0,4890.0
Rajasthan,Geejgarh -Bandikui,40,2,1574.0,1798.75
Odisha,Koraput(Semilguda) APMC,40,6,1330.0,1799.75
Gujarat,Nasvadi APMC,40,2,4315.0,4012.375
Bihar,Murliganj APMC,39,2,1850.0,2090.5128205128203
Maharashtra,Latur(Murud) ,39,3,1625.0,1804.6410256410256
Karnataka,Sorabha APMC,39,1,1350.0,1524.2307692307693
Madhya Pradesh,Shamgarh(F&V) APMC,39,1,900.0,984.8205128205128
Gujarat,Bavla APMC,39,1,2410.0,2437.1794871794873
Rajasthan,Kumher APMC,39,2,1818.0,1896.6666666666667
Maharashtra,Indapur(Nimgaon Ketki) ,39,3,2080.0,2052.051282051282
Karnataka,Mulbagal APMC,39,3,3500.0,3304.74358974359
Rajasthan,Nagour FV APMC,39,2,1450.0,1295.2564102564102
Gujarat,Uchhal APMC,39,3,3890.0,3610.25641025641
Karnataka,Harihara APMC,39,1,1440.0,1574.051282051282
Tamil Nadu,Kurichi(Uzhavar Sandhai ),39,5,5000.0,5002.5641025641025
Rajasthan,Balotra APMC,39,3,1400.0,1650.128205128205
Rajasthan,Raniwara APMC,39,2,4750.0,4748.717948717948
Haryana,Punhana APMC,39,4,1600.0,2176.923076923077
Nagaland,Mangkolemba APMC,39,4,3000.0,3197.4358974358975
Telangana,Banswada APMC,38,2,1585.0,1778.8947368421052
Tamil Nadu,Aranthangi(Uzhavar Sandhai ),38,2,5000.0,4651.315789473684
Haryana,FerozpurZirkha(Nagina) APMC,38,3,1450.0,1543.421052631579
Tamil Nadu,Madhuranthagam(Uzhavar Sandhai ),38,4,4000.0,4269.736842105263
Telangana,Vikarabad APMC,38,5,1650.0,1799.2631578947369
Tamil Nadu,Thirukalukundram(Uzhavar Sandhai ),38,2,5000.0,4585.526315789473
Punjab,Jalandhar City(Kartar Pur Dana mandi) APMC,38,2,1742.5,1690.2105263157894
Maharashtra,APMC Badnapur,38,3,5100.0,4523.921052631579
Keralam,Annamanada  VFPCK Market,38,1,2980.0,3404.5263157894738
Karnataka,Bailahongal APMC,38,2,5402.0,4668.315789473684
Maharashtra,APMC Newasa ,38,4,1687.5,1798.5526315789473
Gujarat,Vagodiya APMC,38,4,2300.0,2946.5789473684213
Gujarat,Jetpur-Pavi APMC,38,2,4950.0,4930.263157894737
Telangana,Sarangapur APMC161,38,2,4475.0,4806.394736842105
Odisha,Koraput APMC,38,4,1347.5,1554.6052631578948
Maharashtra,APMC Vita ,38,2,1000.0,1325.9736842105262
Bihar,Siwan APMC,38,3,1550.0,1856.578947368421
Tamil Nadu,Thiruppur APMC,38,3,2700.0,2967.1052631578946
Karnataka,Tarikere APMC,37,6,1601.0,2456.9189189189187
Telangana,Nagarkurnool(Talkapalli) APMC,37,3,1962.0,2373.054054054054
Rajasthan,Jhunjhunu APMC,37,3,1300.0,1543.7837837837837
Maharashtra,Nira(Saswad) ,37,4,2850.0,2744.5405405405404
Andhra Pradesh,"Eluru-II,RBZ APMC",37,2,1400.0,1518.3783783783783
Telangana,Jainoor APMC,37,1,6700.0,6499.081081081081
Chattisgarh,Baikunthpur APMC,37,2,1930.0,1855.0
Keralam,Seethathode  VFPCK Market,37,1,3800.0,3962.162162162162
Chattisgarh,Bemetara APMC,37,3,1750.0,1997.3513513513512
Bihar,Thakurganj APMC,37,3,1800.0,2510.2702702702704
Maharashtra,APMC Balapur ,37,3,1800.0,1942.7027027027027
Telangana,"Ramakrisnapuram,RBZ APMC",37,2,2100.0,2394.5945945945946
Keralam,Pananchery VFPCK Market,37,1,2800.0,3072.972972972973
Bihar,Chhapra APMC,37,3,3000.0,2807.837837837838
Tripura,Halahali,37,4,2500.0,2429.7297297297296
Odisha,Gunpur APMC,36,5,4250.0,4274.457222222222
Maharashtra,APMC Pusad ,36,4,2285.5,2618.027777777778
Maharashtra,APMC Ghatanji ,36,1,5350.0,5541.111111111111
Chattisgarh,Manendragarh APMC,36,3,1930.5,2030.0
Keralam,Vengeri(Kozhikode) Market,36,3,2200.0,2458.3333333333335
Madhya Pradesh,Ambaha APMC,36,1,1987.5,1939.9166666666667
Chattisgarh,Saja APMC,36,2,1700.0,1772.7777777777778
Karnataka,Chamarajanagar APMC,36,5,1320.0,1716.0277777777778
Rajasthan,Samraniyan APMC,36,2,2357.5,2235.3333333333335
Rajasthan,Rani APMC,36,3,4786.5,4609.333333333333
Tamil Nadu,Sathur(Uzhavar Sandhai ),35,3,4000.0,4300.0
Keralam,Veliyam  VFPCK Market,35,1,5750.0,5042.857142857143
Keralam,Othayi  VFPCK Market,35,1,3600.0,3722.8571428571427
Bihar,Buxur APMC,35,2,1600.0,1860.0
Bihar,Nokha APMC,35,4,1650.0,1875.0
Odisha,Rairakhol APMC,35,2,1500.0,1891.4285714285713
Andhra Pradesh,Dhone APMC,35,2,3650.0,2873.942857142857
Telangana,Kallur APMC,35,3,2950.0,2523.1428571428573
Arunachal Pradesh,Khonsa APMC,35,3,2800.0,2708.5714285714284
Chattisgarh,Devbhog APMC,35,1,1580.0,1554.9714285714285
Keralam,Kuriem  VFPCK Market,35,1,3600.0,4000.0
Odisha,Malkanagiri APMC,35,4,2700.0,2708.5714285714284
Gujarat,Nadiyad(Chaklasi) APMC,35,1,1100.0,1213.5714285714287
Gujarat,Godhra Kakanpur APMC,34,3,1942.5,2047.0588235294117
Karnataka,Holalkere APMC,34,2,1500.0,1423.235294117647
Telangana,Luxettipet APMC,34,2,7500.0,7207.794117647059
Karnataka,Indi APMC,34,3,1800.0,1659.7058823529412
Madhya Pradesh,Jora APMC,34,2,1820.0,1873.6176470588234
Jharkhand,Deoghar APMC,34,5,1950.0,2138.235294117647
Maharashtra,APMC Ghansawangi ,34,3,4200.0,4244.117647058823
Madhya Pradesh,Babai (Makhan Nagar) APMC,34,2,2163.5,2145.6470588235293
Bihar,"Jaitipir Mandi, Lalganj block APMC",34,2,1800.0,2108.823529411765
Keralam,North Paravur Market,34,2,4500.0,5061.764705882353
Keralam,Pothanikkadu VFPCK Market,33,1,2800.0,2989.3939393939395
Tamil Nadu,Dindigul APMC,33,6,4550.0,4116.030303030303
Telangana,Wanaparthy Road APMC,33,1,5006.0,5177.266666666666
Assam,Pamohi(Garchuk) APMC,33,2,1700.0,1961.3636363636363
Maharashtra,APMC Nilanga ,33,2,2300.0,2423.3333333333335
Telangana,Kalwakurthy APMC,33,3,2350.0,2947.6057575757577
Maharashtra,Indapur(Bhigwan) ,33,5,1750.0,1878.7878787878788
Telangana,Chennur APMC,33,1,5400.0,5873.818181818182
Karnataka,Mandya APMC,33,5,2400.0,2307.2727272727275
Karnataka,Shorapur APMC,33,2,4970.0,4857.636363636364
Karnataka,APMC Kundagol,33,5,1620.0,2982.757575757576
Keralam,Pandalam Thekkekkara  VFPCK Market,33,1,5800.0,5130.30303030303
Keralam,Karalam VFPCK Market,33,1,3000.0,3345.4545454545455
Odisha,Sakhigopal APMC,32,3,1500.0,1661.5625
Telangana,Hanmarkonda Rythu Bazar APMC,32,2,2800.0,3292.1875
Haryana,Loharu APMC,32,5,2750.0,3172.1875
Tamil Nadu,Alangudi(Uzhavar Sandhai ),32,3,6000.0,5054.6875
Tamil Nadu,Valangaiman APMC,32,3,4815.5,4313.03125
Tamil Nadu,Vazhapadi APMC,32,3,4650.0,4432.625
Odisha,Athagarh APMC,32,2,2300.0,2737.5
Nagaland,Tuli APMC,32,1,2200.0,5006.875
Telangana,Yellareddy APMC,32,2,1425.0,2177.03125
Uttar Pradesh,Kadaura APMC,32,1,1962.5,2027.25
Bihar,Motihari APMC,32,2,1625.0,1532.8125
Keralam,Kannamangalam  VFPCK Market,32,1,2500.0,2771.875
Bihar,Saidpurhat APMC,32,4,2150.0,2123.4375
Bihar,Tajpur APMC,32,1,2000.0,2479.6875
Andhra Pradesh,Vijayawada APMC,32,1,1550.0,1618.75
Gujarat,Jhagadiya APMC,32,6,1632.5,1948.28125
Telangana,Siddipet(Rythu Bazar) ,32,2,2500.0,2540.625
Keralam,Keezhparamba  VFPCK Market,31,1,4250.0,4053.2258064516127
Bihar,Chakia APMC,31,2,1600.0,1706.4516129032259
Maharashtra,APMC Ambejogai ,31,3,2250.0,2435.1612903225805
Tamil Nadu,Pethappampatti APMC,31,2,1900.0,1932.4193548387098
Meghalaya,Khliehriat APMC,31,3,5500.0,5112.903225806452
Chattisgarh,Chhinari APMC,31,1,1800.0,1711.9354838709678
Telangana,Halia APMC,31,2,6025.0,5132.580645161291
Karnataka,Kanakapura APMC,31,2,2200.0,2066.1290322580644
Chattisgarh,Dongargaon APMC,31,2,1419.0,1519.258064516129
Tamil Nadu,Usilampatty APMC,31,3,4910.0,4342.967741935484
Rajasthan,Nahargarh APMC,31,2,2442.0,2321.5806451612902
Telangana,Madhira APMC,31,2,4059.0,3638.6129032258063
Rajasthan,Churu APMC,31,2,1500.0,1563.225806451613
Keralam,Elamkur  VFPCK Market,31,1,3400.0,3506.451612903226
Keralam,Sooranad  VFPCK Market,31,1,3400.0,3587.0967741935483
Nagaland,Jalukie APMC,31,4,4200.0,6487.096774193548
Keralam,Naranganam  VFPCK Market,31,1,4800.0,4683.870967741936
Telangana,Makthal APMC,31,3,3329.0,3514.935483870968
Jharkhand,Jamshedpur APMC,31,4,1890.0,1873.5483870967741
Madhya Pradesh,Mhow (Ambedkar Nagar) (F&V) APMC,30,4,1550.0,1692.3
Tamil Nadu,Muthupettai(Uzhavar Sandhai ),30,2,4000.0,4226.666666666667
Keralam,Kunnukara  VFPCK Market,30,1,4600.0,4936.666666666667
Gujarat,"Petlad(Veg Yard, Petlad) APMC",30,2,700.0,902.3333333333334
Andhra Pradesh,Dharmavaram APMC,30,1,4350.0,4513.333333333333
Uttar Pradesh,Shahabad APMC,30,1,2150.0,2105.0
Karnataka,Yalburga APMC,30,3,1462.5,2580.4
Bihar,Supaul APMC,30,2,1750.0,1656.6666666666667
Bihar,Madhuban APMC,30,2,1550.0,1526.6666666666667
Gujarat,Lakhani APMC,30,3,4825.0,4634.016666666666
Keralam,Puthur VFPCK Market,30,1,4500.0,4353.333333333333
Himachal Pradesh,SMY Chail Chowk,30,2,1200.0,1381.6666666666667
Tamil Nadu,Chengalpet(Uzhavar Sandhai ),30,3,4000.0,3923.3333333333335
Madhya Pradesh,Bhensdehi APMC,29,2,1990.0,1997.344827586207
Maharashtra,APMC Akkalkuwa ,29,3,1540.0,1622.103448275862
Keralam,Pazhayarikandam  VFPCK Market,29,1,3700.0,3412.0689655172414
Rajasthan,Degana APMC,29,2,2400.0,2345.0
Keralam,Thiruvali  VFPCK Market,29,1,4150.0,4112.068965517241
Maharashtra,APMC Kandhar ,29,4,1800.0,2044.8275862068965
Maharashtra,APMC Nandgaon Khandeshwar ,29,1,1870.0,1902.2758620689656
Keralam,Vayala  VFPCK Market,29,1,5800.0,5451.724137931034
Telangana,Mancherial APMC,29,2,7020.0,6477.482758620689
Keralam,Kodassery VFPCK Market,28,1,3650.0,3226.785714285714
Chattisgarh,Boraee APMC,28,1,1590.0,1557.142857142857
Odisha,Jhumpura APMC,28,2,1400.0,1605.357142857143
Tamil Nadu,Sunguvarchatram(Uzhavar Sandhai ),28,4,4000.0,4516.071428571428
Tripura,Biokhora,28,2,2500.0,2500.0
Tamil Nadu,Medavakkam(Uzhavar Sandhai ),28,2,3500.0,3537.5
Himachal Pradesh,SMY Rampur,28,2,2050.0,2082.1428571428573
Rajasthan,Pugal Road Grain APMC,28,2,4908.5,4283.321428571428
Punjab,Sadiq APMC,28,4,1475.0,1419.107142857143
Karnataka,Hosadurga APMC,28,2,1550.0,2216.0714285714284
Madhya Pradesh,Baktara APMC,28,2,1960.5,1959.5714285714287
Assam,Kharupetia APMC,28,3,1320.0,1160.0
Himachal Pradesh,SMY Rohroo,28,3,2150.0,2830.9523875
Nagaland,Ghathashi APMC,27,2,4200.0,4207.407407407408
Meghalaya,Mawiong Regulated Market APMC,27,1,1300.0,1425.1851851851852
Andhra Pradesh,Ongole(Rythu Bazar) APMC,27,3,1700.0,1611.111111111111
Telangana,Venkateswarnagar APMC,27,1,2000.0,2200.0
Odisha,Angaura APMC,27,4,2000.0,2375.925925925926
Bihar,Birpur APMC,27,2,1800.0,1833.3333333333333
Nagaland,Baghty APMC,27,2,5100.0,4881.481481481482
Meghalaya,Garobadha APMC,27,3,2500.0,2579.6296296296296
Nagaland,Phek APMC,27,2,4000.0,4440.740740740741
Keralam,Kadungallur  VFPCK Market,27,1,4500.0,4929.62962962963
Keralam,Amballur  VFPCK Market,27,1,4800.0,4951.851851851852
Keralam,Alacode  VFPCK Market,27,1,4400.0,4529.62962962963
Rajasthan,Raipur - Bhawani Mandi,27,2,1501.0,1465.0740740740741
Karnataka,Koppa APMC,27,2,2000.0,2014.8148148148148
Chattisgarh,Jagdalpur APMC,27,2,1800.0,1648.3703703703704
Uttar Pradesh,Jamanian APMC,27,4,2000.0,1711.851851851852
Tamil Nadu,Ambattur(Uzhavar Sandhai ),27,2,4000.0,3907.4074074074074
Telangana,Mulugu APMC,27,1,7000.0,6699.592592592592
Gujarat,Vijaynagar(Kundlakap) APMC,27,4,2500.0,3107.3703703703704
Maharashtra,APMC Mahagaon ,27,3,5050.0,5035.185185185185
Madhya Pradesh,Narmadapuram (F&V) APMC,27,5,1730.0,1793.5185185185185
Rajasthan,Ajmer (Grain) APMC,27,3,1540.0,1581.4814814814815
Gujarat,Meghraj APMC,27,3,2625.0,3397.222222222222
Gujarat,Nadiad APMC,27,1,1500.0,1722.2222222222222
Odisha,Rayagada(Muniguda) APMC,27,6,2600.0,3940.740740740741
Arunachal Pradesh,Naharlagun APMC,27,2,3000.0,3309.259259259259
Keralam,Kulathoopuzha VFPCK Market,26,1,3650.0,4142.307692307692
Tamil Nadu,Oddunchairum APMC,26,2,5600.0,4707.307692307692
Telangana,Shankarapally APMC,26,3,1200.0,1354.576923076923
Keralam,Koodali  VFPCK Market,26,1,4750.0,4636.538461538462
Keralam,Kamakshi VFPCK Market,26,1,4000.0,3930.769230769231
Keralam,Padinjarathara  VFPCK Market,26,1,2800.0,2959.6153846153848
Andhra Pradesh,Nandikotkur APMC,26,1,1340.0,1383.8461538461538
Telangana,Koratla APMC,26,2,1760.0,2688.153846153846
Rajasthan,Osiyan Mathania APMC,26,3,3550.0,3896.3846153846152
Maharashtra,Ashti(Karanja) ,26,2,2025.0,2644.076923076923
Telangana,Kodakandal APMC,26,1,7000.0,7265.384615384615
Madhya Pradesh,Jaithari APMC,26,2,1800.0,1920.1923076923076
Maharashtra,Hadgaon(Tamsa) ,26,2,4850.0,4858.076923076923
Gujarat,Bayad(Demai) APMC,26,3,1555.0,2005.1923076923076
Madhya Pradesh,Banmorkalan APMC,26,2,2400.0,2430.346153846154
Chattisgarh,Surajpur APMC,26,3,1975.0,2012.5
Madhya Pradesh,Chhpara (F&V) APMC,26,2,2205.0,2248.4615384615386
Madhya Pradesh,Gotegaon(F&V) APMC,26,2,2487.5,2489.0
Rajasthan,Sanchore APMC,26,5,1000.0,1491.5384615384614
Uttar Pradesh,Kalpi APMC,26,2,1980.0,1997.3076923076924
Keralam,Kallara  VFPCK Market,26,1,5500.0,5573.076923076923
Keralam,Chavassery VFPCK Market,26,1,3650.0,3869.230769230769
Andhra Pradesh,Koilkunta APMC,26,2,1500.0,2305.0
Haryana,Tohana APMC,26,5,2430.0,3710.346153846154
Himachal Pradesh,SMY Jwalaji,25,3,2100.0,2310.0
Uttarakhand,Nanakmatta APMC,25,3,2015.0,1954.0
Gujarat,Gadada APMC,25,1,4850.0,4853.88
Bihar,Jainagar APMC,25,2,3100.0,3172.0
Jharkhand,Gumla APMC,25,4,2750.0,2865.6
Maharashtra,Hingoli(Kanegoan Naka) ,25,1,1900.0,1889.0
Gujarat,Jhalod APMC,25,4,1650.0,1828.0
Rajasthan,Kuchaman City APMC,25,1,1720.0,1790.32
Telangana,Kataram APMC,25,1,7200.0,7306.4
Tamil Nadu,Moolanur APMC,25,1,6200.0,6462.4
Bihar,Arreria APMC,25,2,1500.0,1462.0
Gujarat,Tarapur APMC,25,2,1873.0,2045.6
Punjab,Bhulath APMC,25,3,800.0,880.0
Bihar,Balliah APMC,25,2,1550.0,1459.8
Bihar,Nawada APMC,25,2,1700.0,1679.0
Rajasthan,Fatehpur APMC,25,1,1725.0,1766.8
Chattisgarh,Mardapal APMC,25,1,1900.0,1691.8
Chattisgarh,Kheragarh APMC,25,1,1600.0,1626.0
Tamil Nadu,Namagiripettai APMC,24,3,2287.5,4523.208333333333
Bihar,Arwal APMC,24,4,1925.0,2556.25
Telangana,Mallial(Cheppial) APMC,24,2,2000.0,3090.3333333333335
Madhya Pradesh,Manawar(F&V) APMC,24,3,1297.0,1555.4583333333333
Rajasthan,Bansoor APMC,24,1,2555.0,2680.625
Maharashtra,APMC Barshi Takli ,24,2,4555.0,5019.541666666667
Punjab,Tapa APMC,24,2,700.0,844.7083333333334
Maharashtra,APMC Sengoan ,24,3,4825.0,4268.75
Karnataka,Karatagi APMC,24,1,2887.5,3006.625
Chattisgarh,Raipur APMC,24,2,1804.0,1766.0
Chattisgarh,Gariyaband APMC,24,1,1440.0,1498.9583333333333
Tamil Nadu,Salem APMC,24,4,5481.0,5039.125
Telangana,Narsapur APMC,24,3,1870.0,2625.4166666666665
Madhya Pradesh,Mahidpur(F&V) APMC,23,1,2500.0,2552.1304347826085
Tamil Nadu,Alangeyam APMC,23,2,2025.0,2082.3478260869565
Jharkhand,Bokaro (Chas) APMC,23,4,2450.0,2165.217391304348
Andhra Pradesh,Gajapathinagaram APMC,23,2,1370.0,2057.8260869565215
Keralam,Thottippal VFPCK Market,23,1,4100.0,3569.5652173913045
Haryana,Rania(Jiwan nagar) APMC,23,2,950.0,1223.695652173913
Tamil Nadu,Arani APMC,23,4,5799.0,5023.913043478261
Tamil Nadu,Vedachandur APMC,23,2,4550.0,4563.260869565217
Keralam,Nedumpana  VFPCK Market,23,1,4000.0,4678.260869565217
Rajasthan,Galla Chhipabarod - Chhabra APMC,23,2,2001.0,1920.5217391304348
Andhra Pradesh,Vinukonda APMC,23,1,4000.0,3932.608695652174
Andhra Pradesh,Chittor(Rythu Bazar) APMC,23,2,2000.0,1689.391304347826
Andhra Pradesh,Hiramandalam APMC,23,3,4100.0,3938.695652173913
Andhra Pradesh,Kurupam APMC,22,4,1495.0,2403.181818181818
Jharkhand,Ranchi APMC,22,5,2220.0,2542.2727272727275
Madhya Pradesh,Sailana(F&V) APMC,22,4,2310.0,2406.5454545454545
Punjab,Garhshankar(Saila Khurd) APMC,22,2,1400.0,1440.9272727272728
Keralam,Piravanthoor VFPCK Market,22,1,3500.0,3345.4545454545455
Keralam,Pazhayannur VFPCK Market,22,1,3240.0,3534.5454545454545
Keralam,Sulthanbathery  VFPCK Market,22,1,3000.0,3345.4545454545455
Keralam,Valakom  VFPCK Market,22,1,3500.0,3754.5454545454545
Madhya Pradesh,Kareli(F&V) APMC,22,2,2531.0,2450.1363636363635
Karnataka,Hoskote APMC,22,7,2650.0,2798.5454545454545
Gujarat,Kodinar(Dollasa) APMC,22,1,7212.5,7747.727272727273
Punjab,Amloh APMC,22,2,2125.0,2060.681818181818
Karnataka,K.R. Pet APMC,22,3,1950.0,1726.0454545454545
Keralam,Mattannur  VFPCK Market,22,1,5300.0,5027.272727272727
Gujarat,Rapar APMC,22,4,3027.5,3183.409090909091
Haryana,Bhuna APMC,22,5,1875.0,2945.5
Chattisgarh,Nagari APMC,22,1,1200.0,1236.3636363636363
Chattisgarh,Karpawand APMC,22,1,1275.0,1487.1363636363637
Maharashtra,APMC Lakhandur ,22,2,1832.5,1816.3636363636363
Telangana,Mahabubnagar(Rythu Bazar),22,1,3000.0,3127.2727272727275
Haryana,Bapauli APMC,22,3,2312.5,2550.909090909091
Keralam,Sultan bathery Market,21,1,2550.0,2600.0
Karnataka,Mahalingapur APMC,21,2,1310.0,1451.4285714285713
Maharashtra,APMC Umarkhed ,21,3,4100.0,3490.0
Keralam,Thuravoor VFPCK Market,21,1,4200.0,3628.5619047619048
Keralam,Edamon VFPCK Market,21,1,2200.0,3152.3809523809523
Keralam,Mylachal VFPCK Market,21,1,4500.0,4014.285714285714
Rajasthan,Kishangarh Renwal APMC,21,3,1650.0,2107.3809523809523
Rajasthan,Gudhagorji APMC,21,2,2500.0,3116.6666666666665
Punjab,Bhogpur APMC,21,2,700.0,825.7142857142857
Bihar,Natwar APMC,21,2,1300.0,1490.4761904761904
Maharashtra,APMC Jafrabad,21,3,2000.0,2816.5714285714284
Keralam,Erath  VFPCK Market,21,1,5200.0,5176.190476190476
Tamil Nadu,Sathur APMC,21,4,2200.0,2429.0476190476193
Rajasthan,Palsana APMC,21,2,2500.0,3487.1428571428573
Telangana,Armoor APMC,21,2,1420.0,2233.3333333333335
Gujarat,Malpur APMC,21,3,2262.5,2281.7619047619046
Madhya Pradesh,Jobat(F&V) APMC,21,4,2500.0,3184.5714285714284
Rajasthan,Baparwarkala - Kota Grain,21,2,1570.0,1586.4285714285713
Chattisgarh,Gharghoda APMC,21,2,1750.0,2075.9523809523807
Bihar,Raxaul APMC,21,2,1600.0,1497.6190476190477
Keralam,Vaniyamkulam  VFPCK Market,21,1,2200.0,2500.0
Keralam,Mavoor  VFPCK Market,21,1,4300.0,4030.4761904761904
Bihar,Bhagwanpur Mandi APMC,21,2,1800.0,2047.6190476190477
Gujarat,Jasdan(Vichhiya) APMC,21,1,6875.0,6810.238095238095
Assam,Goreswar APMC,21,2,1600.0,2286.6666666666665
Andhra Pradesh,Gannavaram APMC,20,1,3900.0,3967.5
Odisha,Tileibani APMC,20,3,2500.0,2765.0
Telangana,Pudur APMC,20,2,2050.0,3044.75
Maharashtra,"Jagdamba Agrocare Pvt Ltd, Pandharkawada, Dist Yeotmal",20,1,6950.0,7027.5
Madhya Pradesh,Sabalgarh(F&V) APMC,20,2,800.0,887.5
Haryana,Jui APMC,20,1,4850.0,5183.5
Tamil Nadu,Gopalpatti APMC,20,2,1600.0,1826.5
Maharashtra, PACHORA(BHADGAON),20,2,1280.5,1443.3
Andhra Pradesh,Allagadda APMC,20,4,1400.0,1653.5
Keralam,Mannackanad  VFPCK Market,20,1,5500.0,5195.0
Keralam,Kattampak  VFPCK Market,20,1,5500.0,5170.0
Bihar,Munghair APMC,20,2,2100.0,1920.0
Gujarat,Diyodar APMC,20,2,2350.0,2591.35
Karnataka,Humanabad APMC,20,4,1275.0,1701.25
Bihar,Bettiah APMC,20,2,1700.0,1947.5
Maharashtra,APMC Purna ,20,4,3600.0,3671.55
Maharashtra,APMC Umari ,20,2,1462.5,1520.45
Rajasthan,Bahror APMC,20,2,6800.0,6572.5
Haryana,Nissing APMC,20,2,825.0,982.5
Nagaland,Wokha Town APMC,20,4,5500.0,5315.0
Madhya Pradesh,Petlawad(F&V) APMC,20,4,1548.5,1620.5
Gujarat,Tharad APMC,20,2,4925.0,4716.95
Karnataka,T. Narasipura APMC,20,5,1525.0,1612.55
Maharashtra,APMC Pandhakawada ,20,3,5303.5,5439.4
Andhra Pradesh,Rayachoti APMC,20,1,3400.0,4195.0
Karnataka,Chittapur APMC,20,1,2600.0,2752.35
Telangana,Khanapur APMC,20,2,1730.0,2771.3
Karnataka,Srinivasapur APMC,20,4,1626.5,2421.65
Chattisgarh,Bastar APMC,20,1,1325.0,1550.35
Madhya Pradesh,Katni(F&V) APMC,20,4,1000.0,1000.0
Gujarat,KUKARMUNDA APMC,20,3,2260.0,4144.5
Punjab,Khadur Sahib(Fetehabad) APMC,19,1,450.0,436.8421052631579
Nagaland,Pfatsero APMC,19,2,3200.0,5157.894736842105
Keralam,Karuvannur VFPCK Market,19,1,4000.0,3310.5263157894738
Keralam,Inchakkad VFPCK Market,19,1,3800.0,3789.4736842105262
Haryana,Dharsul APMC,19,3,1500.0,1581.5263157894738
Telangana,Nawabpet APMC,19,2,2160.0,2088.157894736842
Rajasthan,Bhusawar Bair APMC,19,1,2525.0,2578.684210526316
Bihar,Patna (Musallahpur) APMC,19,3,1450.0,1594.7368421052631
Tamil Nadu,Rasipuram APMC,19,5,7750.0,6252.526315789473
Keralam,Broadway market Market,19,2,3800.0,3710.5263157894738
Gujarat,Kosamba(Vankal) APMC,19,4,2100.0,2556.5789473684213
Tamil Nadu,Andimadom APMC,19,2,9411.0,7721.736842105263
Keralam,Venmony  VFPCK Market,19,1,65.0,404.2631578947368
Rajasthan,Merta City APMC,19,1,2400.0,2328.2631578947367
Chattisgarh,Muli APMC,19,1,1300.0,1470.6315789473683
Tamil Nadu,Tittakudi APMC,19,2,1490.0,1901.6842105263158
Maharashtra,APMC Tadkalas ,19,3,2300.0,2663.2631578947367
Gujarat,Nizar(Rumkitalav) APMC,19,4,2265.0,3717.3684210526317
Punjab,Shahkot APMC,19,3,1050.0,1106.0526315789473
Karnataka,Channagiri APMC,19,1,1450.0,1617.4736842105262
Gujarat,Matar(Limbasi) APMC,19,1,2430.0,2223.4210526315787
Odisha,Gabadkunda APMC,19,2,1600.0,1657.3684210526317
Punjab,Talwandi Bhai APMC,19,2,1735.0,1481.578947368421
Odisha,Saraskana APMC,19,4,2400.0,2268.4210526315787
Andhra Pradesh,Tirupati APMC,19,1,8500.0,7881.578947368421
Bihar,Bhagalpur APMC,18,3,2750.0,2563.8888888888887
Tamil Nadu,Papanasam APMC,18,4,6677.5,5655.944444444444
Gujarat,Idar(Jadar) APMC,18,2,1696.0,1681.4444444444443
Karnataka,Hiriyur APMC,18,3,3552.0,3462.6111111111113
Telangana,Gollapally APMC,18,2,1375.5,1936.1666666666667
Gujarat,Balasinor APMC,18,2,4675.0,4269.444444444444
Chattisgarh,Lohandiguda APMC,18,1,1477.5,1536.9444444444443
Bihar,"Parsoniya Mandi, Mahua block APMC",18,2,1500.0,1572.2222222222222
Meghalaya,Dadengiri APMC,18,3,2300.0,2902.777777777778
Keralam,Kilmannur VFPCK Market,18,1,4300.0,4550.0
Keralam,Mutholy  VFPCK Market,18,1,3650.0,3555.5555555555557
Bihar,Naugachiya APMC,18,2,1375.0,1472.2222222222222
Keralam,Vembayam VFPCK Market,18,1,4350.0,4250.0
Tripura,Machmara,18,4,3000.0,2977.777777777778
Bihar,Mansi Mandi APMC,18,2,1800.0,2055.5555555555557
Keralam,Aymanam VFPCK Market,18,1,3200.0,3522.222222222222
Keralam,Avarma  VFPCK Market,18,1,6000.0,5500.0
Keralam,Thondernad  VFPCK Market,18,1,2850.0,3027.777777777778
Tamil Nadu,Annur APMC,18,3,1800.0,2739.4444444444443
Gujarat,Ahmedabad(Manekchowk) APMC,18,1,1500.0,1627.7777777777778
Tamil Nadu,Punjaipuliyampatti APMC,18,3,5500.0,5216.666666666667
Telangana,Nalgonda APMC,18,1,7150.0,7269.333333333333
Punjab,Mehta APMC,17,3,1735.0,1560.190588235294
Karnataka,Nippani APMC,17,4,1430.0,1584.2941176470588
Telangana,Amrabad APMC,17,3,6547.0,5880.764705882353
Karnataka,Kundapura APMC,17,3,3100.0,3065.0588235294117
Bihar,Sasaram APMC,17,1,2500.0,2752.9411764705883
Madhya Pradesh,Satna(F&V) APMC,17,2,600.0,800.6470588235294
Keralam,Kadambazhi puram  VFPCK Market,17,1,340.0,741.1764705882352
Bihar,Kaimur APMC,17,2,1250.0,1320.5882352941176
Nagaland,Kipheri APMC,17,3,4400.0,4137.058823529412
Meghalaya,Rongram APMC,17,3,2200.0,2850.0
Tamil Nadu,Pongalur APMC,17,1,1600.0,1812.3529411764705
Telangana,Thorrur APMC,17,2,4300.0,4801.470588235294
Tamil Nadu,Thiruvarur APMC,17,4,4875.0,4135.823529411765
Chattisgarh,Bhavarpur APMC,17,1,3600.0,3808.823529411765
Maharashtra,APMC Vadgaonpeth ,17,2,1600.0,1823.5294117647059
Madhya Pradesh,Piprai APMC,17,3,1780.0,2133.6470588235293
Chattisgarh,Jaitgiri APMC,17,1,1160.0,1392.7058823529412
Gujarat,Sayala APMC,17,1,7000.0,6628.35294117647
Andhra Pradesh,Narasaraopet APMC,17,1,4100.0,4088.235294117647
Gujarat,Savli APMC,17,2,1975.0,3020.294117647059
Keralam,Pattazhy North VFPCK Market,17,1,2000.0,3076.470588235294
Bihar,"Gerabari, Korha Block APMC",17,2,3400.0,3600.0
Odisha,Pallahara APMC,17,4,2600.0,2564.705882352941
Bihar,Bihariganj APMC,17,3,2000.0,1982.3529411764705
Andhra Pradesh,Penugonda APMC,17,1,140.0,140.0
Madhya Pradesh,Maksi APMC,16,2,1745.0,1705.0
Punjab,Sidhwan Bet APMC,16,2,2012.5,1909.0625
Andhra Pradesh,Nuzvid APMC,16,3,1325.0,1418.75
Telangana,Sadashivnagar APMC,16,1,4320.0,4260.0
Karnataka,Gubbi APMC,16,2,2000.0,2031.25
Keralam,Kalikavu VFPCK Market,16,1,2725.0,2656.25
Andhra Pradesh,Gooti APMC,16,2,4200.0,4400.0
Rajasthan,Sri Madhopur APMC,16,2,4895.0,4196.625
Rajasthan,Pali APMC,16,3,1325.0,1526.5625
Madhya Pradesh,Barghat APMC,16,2,1822.5,1769.6875
Keralam,Aryanad VFPCK Market,16,1,4500.0,4243.75
Haryana,Kalayat APMC,16,4,4720.0,4109.0625
Rajasthan,Manohar Thana APMC,16,2,2465.0,2490.1875
Bihar,Darbhanga APMC,16,2,1375.0,1506.25
Bihar,Begusarai APMC,16,2,1575.0,1756.25
Punjab,Dhilwan APMC,16,4,1995.0,1819.5625
Himachal Pradesh,SMY Chauri Bihal,16,2,1640.0,1759.0625
Madhya Pradesh,Tikamgarh(F&V) APMC,16,2,2555.0,2648.625
Maharashtra,Shivsiddha Govind Producer Company Ltd Sanchalit Khajgi Krushi Utpann Bajar Samati-Abhona-Kalwan,16,2,2268.0,2323.125
Bihar,Gopalganj APMC,16,2,1750.0,1968.75
Punjab,Hoshiarpur(Sham Churasi) APMC,16,1,975.0,1313.75
Telangana,Amangal APMC,16,2,7000.0,6840.3125
Tamil Nadu,Sivagiri APMC,16,2,5864.5,5772.5
Gujarat,Valod(Buhari) APMC,16,1,5384.5,5024.5625
Karnataka,Shahapur APMC,16,2,4840.5,5511.125
Bihar,Saharsa APMC,16,2,1600.0,1592.1875
Keralam,Vakathanam VFPCK Market,16,1,3300.0,3743.75
Gujarat,Valsad APMC,16,1,1100.0,1367.1875
Andaman and Nicobar,Bathubasti Vegetable Market,15,2,8000.0,6933.333333333333
Karnataka,Hungund APMC,15,3,1800.0,1848.4
Maharashtra,Karjat(Rashin) ,15,3,2100.0,2055.3333333333335
Madhya Pradesh,Gulabganj APMC,15,1,2400.0,2253.6666666666665
Maharashtra,APMC Basmat ,15,4,5080.0,4469.133333333333
Keralam,Karumaloor VFPCK Market,15,1,3900.0,3760.0
Keralam,Kurumassery VFPCK Market,15,1,3200.0,3026.6666666666665
Tamil Nadu,Needamangalam(Uzhavar Sandhai ),15,1,3000.0,3706.6666666666665
Uttar Pradesh,Hamirpur APMC,15,5,1600.0,1505.0
Tamil Nadu,Naravarikuppam(Uzhavar Sandhai ),15,1,3500.0,3906.6666666666665
Odisha,Kandhamal APMC,15,2,1250.0,1200.6666666666667
Bihar,Lakhisarai APMC,15,2,1400.0,1553.3333333333333
Jharkhand,Dhanbad APMC,15,4,2965.0,3090.0
Meghalaya,Nongpoh (R-Bhoi) APMC,15,2,800.0,1908.8886666666667
Madhya Pradesh,Varaseoni APMC,15,2,1710.0,1723.0
Keralam,Parassala VFPCK Market,15,1,5400.0,5106.666666666667
Tamil Nadu,Perambakkam(Uzhavar Sandhai ),15,1,3500.0,3800.0
Haryana,Hathin APMC,15,5,6000.0,4388.333333333333
Madhya Pradesh,Rannod APMC,15,2,2000.0,1949.9333333333334
Punjab,Kahnuwan APMC,15,1,1925.0,1885.3333333333333
Jharkhand,Madhupur APMC,15,5,2080.0,1921.3333333333333
Bihar,Vikramganj APMC,15,2,1900.0,1856.6666666666667
Bihar,Samastipur APMC,15,2,1400.0,1653.3333333333333
Keralam,Thompramkudi VFPCK Market,15,1,3700.0,3820.0
Tamil Nadu,Thirumangalam(Uzhavar Sandhai ),15,1,3300.0,4166.666666666667
Chattisgarh,Gandai APMC,15,2,2015.0,1823.6666666666667
Chattisgarh,Baramkela APMC,15,1,2100.0,2035.0
Maharashtra,APMC Mahur ,15,1,4650.0,4793.333333333333
Tripura,Manubazar,15,3,3800.0,3650.0
Haryana,Bilaspur APMC,15,2,2125.0,2322.6666666666665
Telangana,Kollapur APMC,15,2,2378.0,3398.8
Chattisgarh,Devda APMC,15,1,1750.0,1724.0
Telangana,Sircilla APMC,15,1,6380.0,6428.0
Madhya Pradesh,Pipariya(F&V) APMC,15,3,1400.0,1563.3333333333333
Chattisgarh,Khamhariya APMC,15,1,1800.0,1856.0
Madhya Pradesh,Porsa(F&V) APMC,15,3,600.0,680.0
Maharashtra,"Mahesh Krushi Utpanna Bazar, Digras, Dist Yeotmal",15,2,2405.0,2320.6
Telangana,Atmakur APMC,15,1,4440.0,4461.266666666666
Telangana,Bodhan APMC,15,5,1350.0,4073.133333333333
Telangana,Alampur APMC,15,2,2225.0,2644.3333333333335
Chattisgarh,Pendraroad APMC,15,3,1615.0,1802.3333333333333
Keralam,Vellannur  VFPCK Market,15,1,4000.0,3806.6666666666665
Keralam,Mala VFPCK Market,14,1,3500.0,3607.1428571428573
Maharashtra,APMC Jalkot ,14,1,1325.0,1471.4285714285713
Bihar,Dehri APMC,14,2,1550.0,1575.0
Maharashtra,APMC Islampur ,14,2,1975.0,2382.1428571428573
Telangana,Wyra APMC,14,1,4000.0,4069.285714285714
Tamil Nadu,Kumbakonam APMC,14,4,4274.5,3728.687142857143
Bihar,Benipatti APMC,14,2,1700.0,1796.4285714285713
Bihar,Gulabbagh APMC,14,3,1775.0,1839.2857142857142
Bihar,Kishanganj APMC,14,2,1600.0,1664.2857142857142
Gujarat,Botad(Bhabarkot) APMC,14,1,4482.5,4718.214285714285
Gujarat,Kosamba(Zangvav) APMC,14,3,2050.0,2796.4285714285716
Madhya Pradesh,Kotma APMC,14,1,1965.0,2000.7142857142858
Rajasthan,Surajgarh APMC,14,2,5337.5,5375.571428571428
Maharashtra,"Hari Har Khajagi Bazar Parisar, Gangakhed, Dist Parbhani",14,1,7055.5,7110.0199999999995
Madhya Pradesh,Balaghat APMC,14,2,1775.0,1825.357142857143
Odisha,Malkangiri(Korakunda) APMC,14,2,2250.0,2321.4285714285716
Andhra Pradesh,Tadikonda APMC,14,1,3800.0,3824.5
Keralam,Ks Mangalam VFPCK Market,14,1,2200.0,2928.5714285714284
Andhra Pradesh,Rajam APMC,14,2,3850.0,2847.8571428571427
Gujarat,Mehmadabad APMC,14,2,2062.5,2073.214285714286
Karnataka,Jevargi APMC,14,1,4325.0,4477.142857142857
Madhya Pradesh,Kalapipal(F&V) APMC,14,2,902.5,1361.0714285714287
Telangana,Nelakondapally APMC,14,2,4228.0,3787.1428571428573
Gujarat,Talod(Harsol) APMC,14,1,5273.0,5790.357142857143
Telangana,Adilabad (Rythu Bazar) ,14,3,2450.0,2585.714285714286
Keralam,Vellanad VFPCK Market,14,1,5000.0,4464.285714285715
Karnataka,Mudigere APMC,14,2,1960.0,2333.285714285714
Keralam,Rajakkad  VFPCK Market,14,1,4000.0,4071.4285714285716
Keralam,Kadukutty VFPCK Market,14,1,2500.0,2864.285714285714
Bihar,Raniganj APMC,14,2,1550.0,1583.9285714285713
Keralam,Athanikkal VFPCK Market,14,1,2600.0,2607.1428571428573
Punjab,Naushera Pannuan APMC,13,1,1925.0,1923.076923076923
Telangana,Devarakadra APMC,13,2,4359.0,3879.769230769231
Rajasthan,Samod - Ramgang Mandi APMC,13,1,1585.0,1604.6153846153845
Punjab,Rampura Phul APMC,13,2,4175.0,3801.153846153846
Gujarat,Kapadanj(Moti Jaher) APMC,13,1,4437.0,4649.923076923077
Maharashtra,Bori ,13,2,1500.0,1537.6153846153845
Gujarat,Bachau APMC,13,2,2050.0,2864.3846153846152
Maharashtra,APMC Darwha ,13,2,5325.0,4980.0
Pondicherry,Karaikal APMC,13,2,4400.0,4576.076923076923
Tamil Nadu,Palladam APMC,13,5,4500.0,4230.7692307692305
Karnataka,Pavagada APMC,13,2,2450.0,2596.6923076923076
Gujarat,Thalkala APMC,13,1,5240.0,5044.615384615385
Chattisgarh,Jashpur APMC,13,3,1962.0,2195.923076923077
Punjab,Malout (Kilianwali) APMC,13,2,1975.0,1847.3076923076924
Chattisgarh,Tokapal APMC,13,1,1650.0,1601.1538461538462
Tamil Nadu,Virudhunagar APMC,13,5,2050.0,2023.5384615384614
Tamil Nadu,Thirumangalam APMC,13,3,3700.0,3061.6923076923076
Maharashtra,Umarked(Danki) ,13,3,2100.0,2261.5384615384614
Bihar,Singheswarsthan APMC,13,2,1700.0,1719.2307692307693
Maharashtra,Varud(Rajura Bazar) ,13,3,2200.0,2038.1538461538462
Maharashtra,APMC Mukhed ,13,1,1600.0,1657.6923076923076
Maharashtra,APMC Koregaon ,13,4,950.0,1034.6153846153845
Maharashtra,APMC Ner Parasopant ,13,2,6300.0,5743.076923076923
Bihar,Mohana APMC,13,2,1600.0,1430.7692307692307
Tamil Nadu,Karamadai APMC,13,2,2200.0,2390.769230769231
Keralam,Pullur Periya  VFPCK Market,13,1,4000.0,4269.2307692307695
Jammu and Kashmir,Prichoo Pulwama (F&V),13,3,2200.0,2243.269230769231
Telangana,Marapally APMC,13,2,7400.0,4932.692307692308
Haryana,Pillukhera APMC,13,2,2015.0,2225.0
Telangana,Vatpally APMC,13,1,7500.0,7492.307692307692
Meghalaya,Sohra APMC,13,2,10000.0,18576.923076923078
Punjab,Dera Baba Nanak APMC,13,1,700.0,730.7692307692307
Punjab,Amargarh APMC,12,1,1995.0,2011.6666666666667
Punjab,Bhadson APMC,12,1,1995.0,1971.625
Keralam,Pallikkal VFPCK Market,12,1,2950.0,2800.0
Keralam,Karimpuzha VFPCK Market,12,1,3250.0,3179.1666666666665
Keralam,Kodenchery VFPCK Market,12,1,3950.0,3900.0
Keralam,Koorad Wandoor VFPCK Market,12,1,2750.0,2708.3333333333335
Bihar,Kaswa APMC,12,2,1250.0,1479.1666666666667
Uttar Pradesh,Tanda(Rampur) APMC,12,2,637.5,650.0
Telangana,Kammarpally APMC,12,2,1337.5,2166.6666666666665
Madhya Pradesh,Paraswada APMC,12,1,2015.0,2017.0833333333333
Keralam,Vempally  VFPCK Market,12,1,2500.0,2884.25
Karnataka,Jagalur APMC,12,2,1791.5,3236.5833333333335
Keralam,Alenellur  VFPCK Market,12,1,3350.0,3304.1666666666665
Tamil Nadu,Thiryagadurgam APMC,12,2,2119.5,2756.4166666666665
Punjab,Majitha APMC,12,2,1950.0,1904.5833333333333
Punjab,Mehatpur APMC,12,3,950.0,1058.3333333333333
Tamil Nadu,Kudavasal APMC,12,1,4455.5,4848.916666666667
Uttar Pradesh,Haldaur APMC,12,1,1700.0,1750.0
Tamil Nadu,Sirkali APMC,12,5,4312.0,4434.75
Gujarat,Chansama APMC,12,1,6290.0,6312.0
Maharashtra,"Laxmi-Sopan Agriculture Produce Marketing Co Ltd, Barshi, Dist Solapur",12,1,1450.0,1366.6666666666667
Punjab,Nawan Shahar(Mandi Jadla) APMC,12,2,1487.5,1482.9166666666667
Punjab,Amritsar APMC,12,2,1527.5,1602.6666666666667
Karnataka,Kunigal APMC,12,2,1477.0,1519.0833333333333
Maharashtra,APMC Chandur Railway ,12,2,2350.0,2789.6666666666665
Jammu and Kashmir,Zaloosa-Chararishrief (F&V),12,2,1225.0,1212.5
Jharkhand,Bermo APMC,12,4,2300.0,3016.6666666666665
Rajasthan,Jayal - Nagaur APMC,12,2,2150.0,2239.5833333333335
Haryana,Rohtak(Kalanaur) APMC,12,2,450.0,829.1666666666666
Keralam,Chittar  VFPCK Market,12,1,3250.0,3312.5
Keralam,Thalavoor VFPCK Market,12,1,6250.0,5608.333333333333
Maharashtra,APMC Aheri ,12,3,2000.0,2954.1666666666665
Maharashtra,APMC Mudkhed ,12,1,1880.0,1788.3333333333333
Haryana,Mullana(saha) APMC,12,2,2015.0,1987.9166666666667
Rajasthan,Kishangarhbas APMC,11,2,6900.0,5836.818181818182
Rajasthan,Barmer APMC,11,2,700.0,1380.909090909091
Rajasthan,Dudu APMC,11,3,2500.0,2539.5454545454545
Keralam,Mangattidom VFPCK Market,11,1,5400.0,5400.0
Rajasthan,Dablirathan APMC,11,4,1750.0,2248.2727272727275
Rajasthan,Deedwana APMC,11,2,3550.0,2673.6363636363635
Haryana,"New Grain Market , Sonipat APMC",11,1,2275.0,2255.0
Bihar,Triveniganj APMC,11,2,1500.0,1422.7272727272727
Punjab,Mehal Kalan APMC,11,1,2125.0,2044.5454545454545
Maharashtra,"Cottoncity Agro Foods Pvt Ltd, Dist Yavatmal",11,2,2245.0,4349.545454545455
Maharashtra,"Bsk Krishi Bazar Private Limited, Mehkar, Dist Buldhana",11,1,2329.0,2319.090909090909
Maharashtra,APMC Hadgaon ,11,2,4500.0,4459.090909090909
Madhya Pradesh,Rewa(F&V) APMC,11,3,1200.0,1181.8181818181818
Keralam,Thottuva  VFPCK Market,11,1,3600.0,3620.181818181818
Keralam,Thariyode VFPCK Market,11,1,2500.0,2518.181818181818
Telangana,Dubbak APMC,11,2,4100.0,3346.818181818182
Karnataka,Maddur APMC,11,2,1600.0,1914.5454545454545
Jharkhand,Gadhwah APMC,11,5,1725.0,1910.6363636363637
Maharashtra,APMC Babhulgaon ,11,2,2250.0,2930.7272727272725
Jharkhand,Chaibasa APMC,11,5,2050.0,2386.3636363636365
Meghalaya,Laskein APMC,11,1,4000.0,3881.818181818182
Bihar,Bihta APMC,11,2,1300.0,1381.8181818181818
Punjab,Mullanpur APMC,11,2,1580.0,1553.6363636363637
Keralam,Nedumbram VFPCK Market,11,1,4300.0,4218.181818181818
Keralam,Kolayad VFPCK Market,11,1,4800.0,4763.636363636364
Tamil Nadu,Kilpennathur APMC,11,2,2169.0,2755.6363636363635
Tamil Nadu,Attur APMC,11,5,1440.0,1999.4545454545455
Gujarat,Thasara APMC,11,1,1800.0,1777.2727272727273
Gujarat,Prantij(Salala) APMC,11,2,4875.0,3977.3636363636365
Gujarat,Bhatiya APMC,11,3,3500.0,3407.7272727272725
Mizoram,Lunglei Bara Bazar,11,2,4000.0,4254.545454545455
Madhya Pradesh,Khurai(F&V) APMC,11,2,1300.0,1672.7272727272727
Telangana,Dharmaram APMC,11,2,4000.0,2893.3636363636365
Madhya Pradesh,Banapura(F&V) APMC,11,2,2165.0,2223.6363636363635
Bihar,Biharsharif APMC,10,2,1700.0,1855.0
Maharashtra,Partur(Vatur) ,10,1,4900.0,4878.1
Chattisgarh,Bazar Atriya  APMC,10,1,1600.0,1640.0
Punjab,Malout (Panniwala) APMC,10,1,2125.0,2106.5
Andhra Pradesh,RAYADURG APMC,10,1,1700.0,1702.5
Karnataka,Nagamangala APMC,10,2,1337.5,1610.0
Uttar Pradesh,Lediyari APMC,10,2,2450.0,2444.0
Bihar,Rajauli APMC,10,2,1750.0,1630.0
Chattisgarh,Sarangarh APMC,10,1,1900.0,1902.0
Andhra Pradesh,"Eluru(P.Sri.Mkt),RBZ APMC",10,2,1450.0,1367.0
Telangana,Gadwal(Lezza) APMC,10,2,2237.5,3131.5
Tamil Nadu,Vandavasi(Uzhavar Sandhai ),10,3,3500.0,3805.0
Maharashtra,APMC Ashti(Jalna) ,10,2,1662.5,1622.9
Maharashtra,APMC Akkalkot ,10,3,2550.0,2515.2
Maharashtra,APMC Udgir ,10,2,1222.5,1297.0
Keralam,Angadippuram VFPCK Market,10,1,3300.0,3370.0
Tamil Nadu,Thalavadi APMC,10,4,1000.0,1227.6
Tamil Nadu,Jayamkondam APMC,10,5,2122.5,3831.4
Madhya Pradesh,Obedullaganj(F&V) APMC,10,1,2590.0,2566.4
Keralam,Bharananganam VFPCK,10,1,4350.0,4350.0
Tamil Nadu,Pudupalayam APMC,10,3,6800.0,5395.0
Chattisgarh,Pandariya APMC,10,1,1800.0,1791.7
Gujarat,Bhabhar APMC,10,2,5600.0,4670.4
Keralam,Payam VFPCK Market,10,1,4900.0,4370.0
Tamil Nadu,Kovilpatti APMC,10,6,2200.0,1988.0
Tamil Nadu,Pollachi APMC,10,4,1470.0,1689.3
Bihar,Daunagar APMC,10,2,1450.0,1445.0
Keralam,Parathode VFPCK Market,10,1,3700.0,3650.0
Bihar,Bahadurpur (Ekmi Ghat) APMC,9,1,2400.0,2761.1111111111113
Keralam,Melocr VFPCK Market,9,1,3300.0,3022.222222222222
Tamil Nadu,Nagapattinam APMC,9,5,4554.0,4257.333333333333
Andhra Pradesh,Chipurupalli APMC,9,1,1400.0,1432.7777777777778
Odisha,Panposh APMC,9,2,1600.0,1375.5555555555557
Nagaland,Tenning APMC,9,2,5100.0,5077.777777777777
Tamil Nadu,Mailaduthurai APMC,9,4,4433.0,4146.444444444444
Bihar,Kochas (Balthari) APMC,9,1,2300.0,2248.4444444444443
Keralam,Poothadi VFPCK Market,9,1,2400.0,2238.8888888888887
Keralam,Plappally VFPCK Market,9,1,6500.0,6022.222222222223
Gujarat,Thasara(Dokar) APMC,9,1,1800.0,1752.7777777777778
Maharashtra,APMC Washi (Dharashiv) ,9,3,2350.0,2266.6666666666665
Gujarat,Mandal APMC,9,1,2220.0,2101.8888888888887
Gujarat,Dasada Patadi APMC,9,2,3050.0,4258.722222222223
Punjab,Nawan Shahar(Mandi Aur) APMC,9,1,450.0,495.55555555555554
Chattisgarh,Pipriya APMC,9,1,1624.0,1824.6666666666667
Chattisgarh,KRISHI UPAJ MANDI SAMITI (APMC) KANKER,9,1,1150.0,1218.3333333333333
Keralam,Kanjoor VFPCK Market,9,1,3200.0,3277.777777777778
Chattisgarh,Champa APMC,9,1,2000.0,2000.0
Maharashtra,"M/S Kalpana Agri Commodities Marketing, Nagpur",9,1,7450.0,7725.0
Bihar,Amba APMC,9,2,1500.0,1505.5555555555557
Punjab,Dhanaula APMC,9,1,1925.0,1973.888888888889
Bihar,Maharjganj APMC,9,2,1700.0,1655.5555555555557
Chattisgarh,Bariya APMC,9,2,2200.0,2133.3333333333335
Tamil Nadu,Kuthalam APMC,9,1,6283.0,6560.444444444444
Tamil Nadu,Madathukulam APMC,9,1,1725.0,1771.111111111111
Madhya Pradesh,Thandla(F&V) APMC,9,4,1400.0,1579.4444444444443
Telangana,Mothkur APMC,9,1,9200.0,8609.0
Telangana,Wardhannapet APMC,9,2,6900.0,6143.888888888889
Maharashtra,APMC Malegaon(Washim) ,9,1,1700.0,1711.111111111111
Maharashtra,APMC Khultabad ,9,2,4150.0,3027.777777777778
Himachal Pradesh,SMY Jogindernagar,9,3,1900.0,2155.5555555555557
Keralam,Sreekandapuram VFPCK Market,9,1,4500.0,4444.444444444444
Madhya Pradesh,Lalbarra APMC,9,1,1840.0,1826.6666666666667
Keralam,Agali VFPCK Market,9,1,3000.0,2922.222222222222
Rajasthan,Tijara APMC,9,2,2540.0,2847.777777777778
Telangana,Bhongir APMC,9,1,6300.0,6736.333333333333
Keralam,Vazhayur VFPCK Market,9,1,3300.0,3255.5555555555557
Tamil Nadu,Dharapuram APMC,9,5,3500.0,4008.0
Odisha,Puri(Brahmagiri) APMC,9,2,1000.0,1633.3333333333333
Tamil Nadu,Sathyamangalam APMC,8,4,2150.0,1960.375
Keralam,Kannakunnu VFPCK Market,8,1,4100.0,3875.0
Madhya Pradesh,Badwani(F&V) APMC,8,2,1350.0,1425.0
Telangana,Cherial APMC,8,2,4079.5,3502.375
West Bengal,Bishnupur APMC,8,4,3375.0,3185.0
Goa,Ponda APMC,8,1,1500.0,1487.5
Bihar,Barsoi APMC,8,2,1650.0,1787.5
Punjab,Chanarthal APMC,8,2,2120.0,2028.6399999999999
Punjab,Attari APMC,8,1,1930.0,1891.875
Keralam,Vengapally VFPCK Market,8,1,2300.0,2312.5
Maharashtra,"Gopal Krishna Agro Product Pvt Ltd, Tal Jamner, Dist Jalgaon",8,1,7155.5,7305.25
Punjab,Bilga (Talwan ) APMC,8,1,1950.0,2051.875
Bihar,Katihar APMC,8,2,1750.0,1875.0
Andhra Pradesh,Tanuku APMC,8,1,140.0,138.75
Odisha,Kantabaji APMC,8,2,2000.0,2262.5
Keralam,Elamkulam VFPCK Market,8,1,3700.0,3537.5
Maharashtra,"Shri Rameshwar Krushi Market, M.Nagar, Tal Deola, Dist Nashik",8,1,3103.225,2781.76625
Bihar,Ramnagar APMC,8,2,1500.0,1468.75
Tamil Nadu,Sankarankovil APMC,8,3,1325.0,1525.625
Keralam,Kunnamangalam  VFPCK Market,8,1,4500.0,4237.5
Meghalaya,Mawkyrwat APMC,8,2,5250.0,7143.75
Bihar,Madhubani APMC,8,2,1900.0,1887.5
Maharashtra,APMC Mauda,8,1,6895.0,7198.75
Maharashtra,APMC Naigaon ,8,3,2925.0,3142.5
Chattisgarh,Basana APMC,8,1,3400.0,3472.5
Gujarat,Vijapur(Vegetable) APMC,8,2,637.5,810.0
Tamil Nadu,Kandiyaperi(Uzhavar Sandhai ),8,2,5600.0,5337.5
Keralam,Thamarakkulam VFPCK Market,8,1,534.0,1394.125
Telangana,Manakodur APMC,8,2,7950.0,5875.0
Tamil Nadu,Paramakudi APMC,8,4,3610.0,2583.125
Chattisgarh,Chura APMC,8,1,1425.0,1447.25
Madhya Pradesh,Itarsi(F&V) APMC,8,4,1757.5,1748.25
Punjab,Rayya(Sathiala) APMC,8,1,1950.0,1953.125
Tamil Nadu,Thiruppananthal APMC,8,1,5400.0,5490.0
Keralam,Ramapuram VFPCK Market,8,1,3450.0,3900.0
Keralam,Ranni VFPCK Market,8,1,4400.0,4125.0
Maharashtra,APMC Kalamnuri ,8,3,3100.0,3023.75
Maharashtra,APMC Dharmabad ,8,2,4650.0,4093.75
Punjab,Mansa(Ubha Buraj Dhilwan) APMC,8,1,1975.0,1943.125
Maharashtra,APMC Palam ,8,2,2327.0,2517.75
Keralam,Cheeral VFPCK Market,8,1,2400.0,2331.25
Maharashtra,APMC Daryapur ,8,2,2257.5,2421.25
Punjab,Hathur APMC,7,1,1840.0,1889.2857142857142
Rajasthan,Pahary APMC,7,2,6572.0,6305.142857142857
Madhya Pradesh,Sanawad(F&V) APMC,7,2,1800.0,2128.5714285714284
Chattisgarh,Katghora APMC,7,2,1500.0,1864.2857142857142
Tamil Nadu,Kodumudi APMC,7,1,4900.0,5330.571428571428
Andhra Pradesh,Paderu APMC,7,2,4000.0,3450.0
Karnataka,Talikot APMC,7,2,4200.0,5507.714285714285
Chattisgarh,Kotba APMC,7,3,4030.0,3455.0
Chattisgarh,Takhatpur APMC,7,2,1510.0,1691.4285714285713
Maharashtra,"Marathawada Shetkari Khajgi Bazar Parisar, Vasmat, Dist Hingoli",7,1,7016.0,7018.428571428572
Nagaland,Zunheboto APMC,7,2,5800.0,5342.857142857143
Gujarat,Dhari(Chalala) APMC,7,3,1300.0,2371.4285714285716
Bihar,Brahmpur APMC,7,2,1800.0,2028.5714285714287
Punjab,Chabhal APMC,7,1,1975.0,1912.0
Karnataka,Madikeri APMC,7,1,2680.0,2253.5714285714284
Maharashtra,Mumbai- Fruit Market ,7,1,4000.0,4000.0
Karnataka,Srirangapattana APMC,7,2,2500.0,3414.1428571428573
Tamil Nadu,Vaniyambadi APMC,7,6,3000.0,2817.1428571428573
Chattisgarh,Rajpur APMC,7,2,2200.0,2185.714285714286
Punjab,Noor Mehal(Kot Badal Khan) APMC,7,1,1975.0,1906.2857142857142
Gujarat,Meghraj(Rellavada) APMC,7,1,2500.0,2535.714285714286
Punjab,Fazilka (Ladhuka) APMC,7,2,750.0,820.0
Bihar,Sitamarhi APMC,7,2,2000.0,2100.0
Chattisgarh,Ambagarh Chowki APMC,7,1,1440.0,1398.5714285714287
Keralam,Kodiyathur VFPCK Market,7,1,4100.0,4057.1428571428573
Madhya Pradesh,Saunsar (F&V) APMC,7,4,2500.0,3680.1428571428573
Punjab,Jalandhar City(Faintan Ganj) APMC,7,2,2130.0,2127.8571428571427
Rajasthan,Dungarpur APMC,7,2,2250.0,2142.8571428571427
Bihar,Teghra APMC,7,2,1500.0,1692.857142857143
Haryana,Chhachhrauli(Khizrabad) APMC,7,1,2125.0,1935.7142857142858
Maharashtra,Shetkari Krushi Utapanna Bazar Roshankheda Tal Varud Dist Amravati,7,2,2550.0,2849.8571428571427
Maharashtra,APMC Armori ,7,1,4890.0,4519.857142857143
Andhra Pradesh,Chintapally APMC,7,2,1200.0,2342.8571428571427
Tamil Nadu,Poonthottam APMC,7,1,4768.0,4654.142857142857
Rajasthan,Fulera - Kishangarh Renwal APMC,7,1,2525.0,2542.8571428571427
Maharashtra,APMC Kalamb ,7,2,4750.0,4707.142857142857
Keralam,Madikai  VFPCK Market,7,1,3500.0,3342.8571428571427
Tamil Nadu,Palani APMC,7,5,2150.0,2179.285714285714
Madhya Pradesh,Jhabua(F&V) APMC,7,3,2550.0,3108.0
Karnataka,Hosanagar APMC,7,2,2345.0,2375.0
Madhya Pradesh,Timarni(F&V) APMC,7,2,1150.0,1650.0
Keralam,Thengamam VFPCK Market,7,1,5000.0,5157.142857142857
Rajasthan,Rajdhanai Mandi KukarKheda APMC,6,2,4500.0,4775.0
Andhra Pradesh,Palakole APMC,6,1,4100.0,4016.6666666666665
Keralam,Thiruvambady VFPCK Market,6,1,4050.0,3966.6666666666665
Chattisgarh,Neora APMC,6,2,2275.0,2210.0
Maharashtra,"Jaykissan Krushi Uttpan Khajgi Bazar, Khamgaon, Dist Buldhana",6,2,1932.0,1913.5
Tamil Nadu,Chetpet APMC,6,1,9095.0,9031.333333333334
Odisha,Bolangir(Patnagarh) APMC,6,2,4375.0,4066.6666666666665
Punjab,Dakala APMC,6,1,1907.5,1955.0
Tamil Nadu,Vellakoil APMC,6,1,5056.0,5153.166666666667
Chattisgarh,Gidam APMC,6,1,1250.0,1243.3333333333333
Nagaland,Naginimora APMC,6,2,2230.0,2048.3333333333335
Punjab,Bhulath (Nadala) APMC,6,2,1100.0,1295.8333333333333
Chattisgarh,Lormi APMC,6,2,1600.0,1675.0
Bihar,Bhawanipur APMC,6,2,2550.0,2291.6666666666665
Keralam,Kakkur VFPCK Market,6,1,3600.0,3533.3333333333335
Punjab,Nakodar(Sarih) APMC,6,2,2275.0,2267.0
Keralam,Maloor VFPCK Market,6,1,2900.0,3233.3333333333335
Tamil Nadu,Polur(Thiruvannamalai) APMC,6,5,1020.0,1853.3333333333333
Tamil Nadu,Rajapalayam APMC,6,1,1700.0,1683.3333333333333
Bihar,Rajaun APMC,6,2,1100.0,1183.3333333333333
Haryana,Jundla APMC,6,1,1982.5,1956.6666666666667
Maharashtra,"Shetkari Khajgi Bajar Parisar, Tal Bhokar, Dist Nanded",6,1,7463.5,7359.666666666667
Punjab,Jalandhar Cantt. APMC,6,1,2050.0,2038.3333333333333
Punjab,Jalandhar Cantt (Jamshedpur Dana Mandi) APMC,6,1,1950.0,1955.0
Haryana,Kunjpura APMC,6,1,1732.5,1781.6666666666667
Tamil Nadu,Krishnagiri APMC,6,5,1530.0,3107.3333333333335
Punjab,Patiala(New Anaj Mandi) APMC,6,1,1950.0,1957.5
Gujarat,Dholka APMC,6,2,2527.5,2903.3333333333335
Maharashtra,"J S K Agro Market Produce Pvt Ltd, Dharangaon, Dist Jalgaon",6,2,2270.0,3677.6666666666665
Tamil Nadu,Chengam APMC,6,5,1524.0,2519.6666666666665
Chattisgarh,Sitapur APMC,6,2,4040.0,3835.8333333333335
Madhya Pradesh,Anjad(F&V) APMC,6,2,2142.5,3608.8333333333335
Karnataka,Shimogga(Theertahalli) APMC,6,2,2449.0,2349.3333333333335
Karnataka,Nandagada APMC,6,1,1307.5,1300.0
Keralam,Koodaranji VFPCK Market,6,1,4000.0,3916.6666666666665
Punjab,Sultanpur APMC,6,2,1787.5,1702.5
Bihar,Kahalgaon APMC,6,2,950.0,1050.0
Chattisgarh,Dharamjaygarh APMC,6,1,1750.0,1775.0
Chattisgarh,Charama APMC,6,1,1075.0,1093.3333333333333
Chattisgarh,Gattasilli APMC,6,1,1450.0,1408.3333333333333
Gujarat,Lakhtar APMC,6,1,6864.0,6889.5
Rajasthan,Ridmalsar APMC,6,2,2393.5,3151.6666666666665
Tamil Nadu,Ambasamudram(Uzhavar Sandhai ),6,1,4500.0,4700.0
Tamil Nadu,Thiruvannamalai APMC,6,5,1285.0,2778.3333333333335
Punjab,Sidhwan Bet (Lodhiwala) APMC,6,2,2055.0,2095.8333333333335
Karnataka,Bagalkot(Bilagi) APMC,6,3,2750.0,2875.0
Gujarat,Mansa(Manas Veg Yard) APMC,6,1,750.0,934.1666666666666
Punjab,Talwandi Bhai(Mudki) APMC,6,1,2125.0,2102.5
Meghalaya,Baghmara APMC,6,2,6000.0,6000.0
Tamil Nadu,Karumanturai APMC,6,2,1995.0,1849.1666666666667
Madhya Pradesh,Shujalpur(F&V) APMC,6,1,1200.0,1175.0
Rajasthan,Khandar APMC,6,1,2595.0,2606.6666666666665
Tamil Nadu,Hosur APMC,6,5,1280.0,2607.5
Tamil Nadu,Sembanarkoil APMC,6,1,5413.0,6824.5
Telangana,Manthani APMC,6,1,3950.0,3950.0
Keralam,Elanad  VFPCK Market,6,1,4350.0,4383.333333333333
Telangana,Sadasivpet Sangareddy APMC,6,2,950.0,1250.0
Keralam,Kaithepalam VFPCK Market,5,1,6000.0,5760.0
Karnataka,SIRGUPPA APMC,5,3,1500.0,2800.4
Karnataka,Tiptur APMC,5,2,1500.0,1870.0
Punjab,Bhadaur(Sehna) APMC,5,1,1735.0,1932.0
Keralam,Melechinnar VFPCK Market,5,1,3200.0,3480.0
Punjab,Budhlada (Phaphre Bhaike) APMC,5,1,2275.0,2305.0
Punjab,Faridkot (Machakikalan) APMC,5,1,1840.0,1820.0
Karnataka,Kumta APMC,5,2,3708.0,3258.6
Maharashtra,"Deulgaon Raja Balaji Agro Marketing Pvt Market, Deulgaon Raja, Dist Buldhana",5,1,6900.0,7067.2
Tamil Nadu,Arcot APMC,5,4,50.0,2427.8
Tamil Nadu,Chinnamanur APMC,5,3,42.0,1054.8
Madhya Pradesh,Karera(F&V) APMC,5,3,1600.0,1660.0
Tamil Nadu,Tiruthuraipoondi APMC,5,4,40.0,1823.0
Karnataka,Belthangdi APMC,5,1,3000.0,3180.0
Karnataka,Aurad APMC,5,1,2700.0,2684.2
Madhya Pradesh,Nalkheda(F&V) APMC,5,1,2670.0,2618.8
Meghalaya,Gasuapara APMC,5,2,5500.0,4940.0
Gujarat,Lunavada APMC,5,2,1330.0,1290.0
Punjab,Sherpur APMC,5,1,2125.0,2095.0
Punjab,Sri Har Gobindpur APMC,5,1,1625.0,1635.0
Punjab,Sri Har Gobindpur(Harechowal) APMC,5,1,1625.0,1635.0
Gujarat,Valia APMC,5,1,4950.0,4785.0
Rajasthan,Banswara APMC,5,2,1735.0,1542.0
Tamil Nadu,Sulur APMC,5,4,90.0,2442.0
Keralam,Kodakkad  VFPCK Market,5,1,3350.0,3350.0
Chattisgarh,Bageecha APMC,5,2,1311.0,1851.6
Tamil Nadu,Katpadi(Uzhavar Santhai),5,4,60.0,2828.0
Tamil Nadu,Pennagaram APMC,5,4,2200.0,2640.8
Gujarat,Vav APMC,5,2,1605.0,2405.0
Madhya Pradesh,Sendhwa(F&V) APMC,5,1,800.0,1180.0
Keralam,Neezhoor VFPCK Market,5,1,5300.0,4700.0
Tamil Nadu,Karur APMC,5,4,75.0,1576.0
Gujarat,Matar APMC,5,1,2230.0,2076.0
Madhya Pradesh,Bichhiya (F&V) APMC,5,2,2425.0,2397.0
Maharashtra,"Acf Agro Marketing, Malkapur, Dist Buldhana",5,1,6796.0,6724.2
Punjab,Jaitu(Bajakhana) APMC,5,1,2275.0,2248.0
Punjab,Khadur Sahib APMC,5,1,1735.0,1792.0
Keralam,Errattayar VFPCK Market,5,1,4000.0,3500.0
Himachal Pradesh,SMY Theog,5,2,1600.0,1520.0
Chattisgarh,Bemetara(Navagarh) APMC,5,1,2000.0,1980.0
Chattisgarh,Berla APMC,5,1,1600.0,1730.0
Bihar,Surjyagarha APMC,5,2,1450.0,1309.0
Meghalaya,Nongstoin APMC,5,3,3500.0,4000.0
Punjab,Khem karan APMC,5,2,2125.0,2090.0
Tamil Nadu,Gudiyatham APMC,5,4,60.0,2629.0
Andhra Pradesh,Gudur APMC,5,1,6820.0,6770.0
Keralam,Chelakkara VFPCK Market,5,1,5500.0,5020.0
Tamil Nadu,Gobichettipalayam APMC,5,4,55.0,2129.4
Andaman and Nicobar,Diglipur Vegetable Market (Subhashgram),5,3,3700.0,3880.0
Tamil Nadu,Pudukottai APMC,5,4,60.0,2431.0
Tamil Nadu,Palakode APMC,5,4,50.0,1426.0
Bihar,Amarpur APMC,5,2,1300.0,1560.0
Andhra Pradesh,Atmakur (SPSR Nellore District) APMC,5,1,7521.0,7521.0
Tamil Nadu,Melur APMC,4,3,2021.0,2520.5
Himachal Pradesh,PMY Kangni Mandi,4,3,2150.0,2175.0
Keralam,Thavinjal VFPCK Market,4,1,2750.0,2775.0
Tamil Nadu,Dharampuri APMC,4,3,46.0,1134.0
Tamil Nadu,Devakottai APMC,4,3,52.0,884.5
Tamil Nadu,Denkanikottai APMC,4,3,47.5,1285.0
Tamil Nadu,Mannargudi APMC,4,3,50.0,1286.5
Tamil Nadu,Mannarkudi APMC,4,3,50.0,1286.5
Punjab,Amloh(Gobind Garh Mandi) APMC,4,2,2119.0,2109.5
Rajasthan,Dag APMC,4,1,2296.0,2301.25
Rajasthan,Govindgarh APMC,4,2,4872.5,4943.0
Andhra Pradesh,Narsipatnam APMC,4,1,110.0,122.5
Jammu and Kashmir,Bumhama Kupwara (F&V),4,1,3400.0,3550.0
Maharashtra,APMC Khalapur (Shil-Phata) ,4,2,3350.0,3325.0
Haryana,Naneola APMC,4,1,2202.5,2141.25
Maharashtra,"Shree Salasar Krushi Bazar, Dist Parbhani",4,2,4545.0,4612.5
Chattisgarh,Bagbahra APMC,4,1,1850.0,1850.0
Andhra Pradesh,Nandigama APMC,4,1,4468.0,4471.25
Tamil Nadu,Chidambaram APMC,4,3,45.0,780.0
Karnataka,Sakaleshpura APMC,4,1,2490.0,2563.75
Keralam,Muttil VFPCK Market,4,1,2500.0,2525.0
Telangana,Birkur APMC,4,1,1447.5,1432.5
Keralam,Ettumanoor VFPCK Market,4,1,3900.0,3650.0
Maharashtra,APMC Gondpimpri ,4,1,7787.5,7237.5
Tamil Nadu,Thanjavur APMC,4,3,63.0,2042.5
Haryana,Bass APMC,4,1,2425.0,2387.5
Maharashtra,APMC Bodwad ,4,2,1085.0,1242.5
Maharashtra,"Shantilal Jain Agro Produce Market Pvt Ltd, Bodwad, Dist Jalgaon",4,2,6830.0,5745.0
Maharashtra,APMC Tiwasa ,4,1,4900.0,4900.0
Punjab,Mallanwala APMC,4,1,1950.0,1906.25
Punjab,Ludhiana(Salem Tabri) APMC,4,1,1787.5,1862.5
Bihar,Mokama APMC,4,2,1750.0,2025.0
Telangana,Velpur APMC,4,2,1362.5,2008.75
Tamil Nadu,Thenkasi APMC,4,4,47.5,597.5
Rajasthan,Manohararthana APMC,4,2,2037.5,2010.0
Tamil Nadu,Manachanallur APMC,4,3,50.0,1287.0
Tamil Nadu,Lalgudi APMC,4,3,49.0,1034.5
Meghalaya,Williamnagar APMC,4,3,4375.0,4750.0
Keralam,Peravoor VFPCK Market,4,1,4550.0,4625.0
Keralam,Peria VFPCK Market,4,1,2750.0,2750.0
Tamil Nadu,Karaikudi APMC,4,3,53.0,1161.5
Keralam,Kelakam VFPCK Market,4,1,4550.0,4625.0
Tamil Nadu,Perundurai APMC,4,3,50.0,1386.25
Maharashtra,Rahuri(Songaon) ,4,1,2050.0,2025.0
Maharashtra,"Ramdev Krushi Bazaar, Digras road, Manora, Dist Washim",4,2,3644.0,3733.5
Telangana,Metpally APMC,4,1,2125.0,2000.0
Madhya Pradesh,Sitamau(F&V) APMC,4,2,2700.0,2637.5
Rajasthan,Khatauli APMC,4,1,2445.0,2444.75
Maharashtra,APMC Bhor ,4,1,4150.0,4150.0
Karnataka,Devadurga APMC,4,2,4353.0,4226.5
Madhya Pradesh,Palari(F&V) APMC,4,2,2250.0,2272.5
Tamil Nadu,Kanchipuram APMC,4,3,50.0,1335.0
Tamil Nadu,Sivagangai APMC,4,3,52.0,783.5
Gujarat,Prantij APMC,4,1,1727.5,1926.25
Tamil Nadu,Singampuneri APMC,4,3,42.5,905.0
Tamil Nadu,Manapparai APMC,4,3,50.0,1287.5
Punjab,Sultanpur Lodhi (Tibba) APMC,4,2,1245.0,1332.5
Tamil Nadu,Pattukottai APMC,4,3,46.0,780.5
Maharashtra,"Kai Madhavrao Pawar Khajgi Krushi Utappan Bazar, Georai, Dist Beed",4,1,9860.0,9845.0
Maharashtra,Kada(Ashti) ,4,1,2000.0,2025.0
Chattisgarh,Mahasamund APMC,4,1,1934.0,1904.5
Tamil Nadu,Vanapuram APMC,4,1,6237.0,6477.75
Tamil Nadu,Uthangarai APMC,4,1,5500.0,5525.0
Punjab,Phillaur APMC,4,3,2425.0,2562.5
Tamil Nadu,Bodinayakkanur APMC,4,3,47.0,1284.0
Gujarat,Mundra APMC,4,3,2550.0,2725.0
Telangana,Ibrahimpatnam APMC,4,1,2125.0,2125.0
Punjab,Rampuraphul(Chowke) APMC,4,1,1575.0,1583.75
Punjab,Rampuraphul(Mehraj) APMC,4,1,1575.0,1583.75
Tamil Nadu,Chengalpattu APMC,4,3,49.0,1285.75
Punjab,Mehal Kallan (ChananWal) APMC,4,1,2275.0,2275.0
Punjab,Patran(Ghagga Mandi) APMC,4,1,2145.0,2172.5
Keralam,Adithyapuram  VFPCK Market,4,1,4700.0,4800.0
Tamil Nadu,Anaimalai APMC,4,2,4875.0,4150.0
Tamil Nadu,Cumbum APMC,4,3,46.0,1533.5
Tamil Nadu,Thoothukudi APMC,4,3,50.0,908.75
Tamil Nadu,Thondamuthur APMC,4,1,1750.0,1755.0
Madhya Pradesh,Betul(F&V) APMC,4,2,1450.0,1425.0
Punjab,Samana(Gajewas) APMC,4,1,1725.0,1706.25
Karnataka,Karwar APMC,4,2,3700.0,3825.0
Maharashtra,"Jai Gajanan Krushi Bazar, Washim",4,1,2287.5,2279.25
Maharashtra,"Maharaja Agresen Pvt Krushi Utappan Bazar Samati, Dist Buldhana",4,1,6850.5,6904.75
Punjab,Bhadaur APMC,4,1,1680.0,1808.75
Keralam,Mudakkal VFPCK Market,4,1,5350.0,4925.0
Tamil Nadu,Edappadi APMC,4,3,75.0,1800.0
Telangana,Gaddiannaram APMC,4,1,1100.0,1100.0
Maharashtra,"Mankameshwr Fpc Sanchalit Mankameshwar Khajagi Krushi Utpanna Bajar Ltd, Nifad Nashik",4,1,2256.69,2127.6475
Chattisgarh,Kurud APMC,4,1,1788.5,1759.0
Tamil Nadu,Natham APMC,3,1,2350.0,2350.0
Rajasthan,Chirawa APMC,3,2,4600.0,3704.3333333333335
Keralam,Kurichy VFPCK Market,3,1,4000.0,4500.0
Tamil Nadu,Ramanathapuram APMC,3,2,50.0,1531.6666666666667
Punjab,Ajnala (Sudhar) APMC,3,1,1625.0,1661.6666666666667
Keralam,Kodumon VFPCK Market,3,1,3500.0,4666.666666666667
Tamil Nadu,Sethiathoppu APMC,3,2,6815.0,5260.666666666667
Tamil Nadu,Kangeyam APMC,3,2,43.0,1024.3333333333333
Madhya Pradesh,Gadarwada (F&V) APMC,3,2,2719.0,2575.6666666666665
Jammu and Kashmir,Batengoo Anantnag (F&V),3,3,1600.0,1900.0
Rajasthan,Bhinmal APMC,3,1,1400.0,1316.6666666666667
Keralam,Enadimangalam VFPCK Market,3,1,4000.0,4500.0
Telangana,Ramayampet APMC,3,1,3750.0,3833.3333333333335
Rajasthan,Bajju APMC,3,1,5400.0,5066.666666666667
Maharashtra,"Vitthal Krushi Utpanna Bazar Pvt Ltd, Washim",3,1,2146.0,2149.3333333333335
Maharashtra,APMC Palus ,3,2,2500.0,2416.6666666666665
Meghalaya,Ampati APMC,3,2,6000.0,6333.333333333333
Tamil Nadu,Harur APMC,3,2,4000.0,3718.0
Rajasthan,Chechat,3,2,1650.0,1416.6666666666667
Punjab,Mansa (Khiala kalan) APMC,3,1,2125.0,2125.0
Punjab,Kila Raipur APMC,3,1,1735.0,1733.3333333333333
Tamil Nadu,Thirupoondi APMC,3,1,5050.0,5400.0
Keralam,Thrikkodithanam  VFPCK Market,3,1,4200.0,4733.333333333333
Gujarat,Valia(Nethrang) APMC,3,1,5375.0,4975.0
Tamil Nadu,Kamuthi(Uzhavar Sandhai ),3,2,5000.0,4500.0
Madhya Pradesh,Kukshi(F&V) APMC,3,2,950.0,950.0
Madhya Pradesh,Multai(F&V) APMC,3,2,800.0,833.3333333333334
Punjab,Sulargharat APMC,3,1,2015.0,2021.6666666666667
Tamil Nadu,Bhavani APMC,3,1,6700.0,6616.666666666667
Bihar,Biraul APMC,3,3,2600.0,2466.6666666666665
Nagaland,Nuiland APMC,3,2,4600.0,4600.0
Punjab,Rampuraphul(Bhai Rupan) APMC,3,1,1525.0,1570.0
Punjab,Rampuraphul(Dhapali) APMC,3,1,1525.0,1570.0
Chattisgarh,Gaurella APMC,3,1,1450.0,1466.6666666666667
Punjab,Sandaur APMC,3,1,1625.0,1628.3333333333333
Gujarat,Hasot APMC,3,1,3500.0,3866.6666666666665
Gujarat,Khedbrahma(Lambadia) APMC,3,1,2350.0,2341.6666666666665
Keralam,Veloorkkara VFPCK Market,3,1,3500.0,3500.0
Chattisgarh,Dongargarh APMC,3,1,1800.0,1900.0
Gujarat,Dholka(Market Yard Veg) APMC,3,2,1200.0,1183.3333333333333
Madhya Pradesh,Ashta (F&V) APMC,3,1,750.0,1130.0
Tamil Nadu,Vedaranyam APMC,3,1,5250.0,5466.666666666667
Maharashtra,Lohara APMC,3,1,2021.0,2028.6666666666667
Chattisgarh,Sariya APMC,3,1,1600.0,1666.6666666666667
Tamil Nadu,Alangudi APMC,3,2,4000.0,3546.6666666666665
Madhya Pradesh,Badwaha (F&V) APMC,3,1,1500.0,1600.0
Telangana,Dharmapuri APMC,3,1,2100.0,2090.0
Tamil Nadu,Aranthangi APMC,3,2,50.0,1698.3333333333333
Maharashtra,"Mahavir Agri Market, Pachora, Dist Jalgaon",3,2,2040.0,3610.3333333333335
Chattisgarh,Kharora APMC,3,2,2500.0,3253.3333333333335
Karnataka,Yellapur APMC,3,1,15190.0,12668.0
Tamil Nadu,Chengeri APMC,3,1,1600.0,1633.3333333333333
Karnataka,Siddapur APMC,3,1,2960.0,2920.0
Chattisgarh,Komakhan APMC,3,1,1900.0,1883.3333333333333
Punjab,Narot J Singh APMC,3,1,1525.0,1570.0
Punjab,Ajitwal APMC,3,1,2125.0,1900.0
Pondicherry,Madagadipet APMC,3,2,1749.0,2169.0
Punjab,Ahemadpur APMC,2,1,2425.0,2425.0
Andhra Pradesh,Lakkireddipally APMC,2,1,6783.0,6783.0
Andhra Pradesh,Rapur APMC,2,2,4825.0,4825.0
Andhra Pradesh,Kadiri APMC,2,2,4650.0,4650.0
Assam,Barpeta Road APMC,2,1,3000.0,3000.0
Andhra Pradesh,Guntakal APMC,2,1,4200.0,4200.0
Odisha,Sohela APMC,2,1,2150.0,2150.0
Punjab,Naushera Pannua (Dhotian) APMC,2,1,2057.5,2057.5
Punjab,Mullanpur Dakha (Sawadi) APMC,2,1,1877.5,1877.5
Chattisgarh,Narharpur APMC,2,1,1150.0,1150.0
Andhra Pradesh,Bhimadole APMC,2,1,1380.0,1380.0
Chattisgarh,Naila APMC,2,1,1245.5,1245.5
Andhra Pradesh,Kanchekacherla APMC,2,1,4091.5,4091.5
Gujarat,APMC ANAND,2,1,1812.5,1812.5
Gujarat,Gariyadar APMC,2,1,5325.0,5325.0
Punjab,Samana(Kakrala) APMC,2,1,1925.0,1925.0
Chattisgarh,Dondi APMC,2,1,2650.0,2650.0
Chattisgarh,Bheemkhoj APMC,2,1,1900.0,1900.0
Chattisgarh,Biranpur kalan (Sahaspur Lohra) APMC,2,1,2375.0,2375.0
Gujarat,Ranpur APMC,2,1,4160.0,4160.0
Chattisgarh,Bhopalpattnam APMC,2,1,5950.0,5950.0
Gujarat,Jamkandorna APMC,2,1,4000.0,4000.0
Chattisgarh,Gurur APMC,2,2,2000.0,2000.0
Chattisgarh,Kharsiya APMC,2,1,1985.0,1985.0
Chattisgarh,Dadhi APMC,2,1,2050.0,2050.0
Maharashtra,"Malharshree Khajgi Krushi Utpann Bajar, Chandanpuri Tal Malegaon, Nashik",2,1,1834.5,1834.5
Chattisgarh,Tendukona APMC,2,1,1900.0,1900.0
Chattisgarh,Sakti APMC,2,1,2330.0,2330.0
Gujarat,Amod APMC,2,1,3950.0,3950.0
Punjab,Kankwal Chahlan APMC,2,1,2425.0,2425.0
Haryana,Pai APMC,2,1,2350.0,2350.0
Rajasthan,Behror APMC,2,1,6500.0,6500.0
Haryana,Israna APMC,2,1,2425.0,2425.0
Chattisgarh,Arang APMC,2,1,1317.5,1317.5
Punjab,Khemkaran (Amarkot) APMC,2,2,2637.5,2637.5
Telangana,Wanaparthy Road Prbbair APMC,2,1,4086.5,4086.5
Maharashtra,"Shri Gajanan Maharaj Khajagi Krushi Utpanna Bazar, Akot, Dist Akola",2,1,7514.0,7514.0
Maharashtra,"Pratap Nana Mahale Khajgi Krushi Uttpana Bazar, Samati-Dhule",2,1,645.0699999999999,645.0699999999999
Jammu and Kashmir,APMC/MAC Shopian,2,2,2450.0,2450.0
Telangana,Sultanabad APMC,2,1,1300.0,1300.0
Punjab,Ludhiana(Mandi gill Road) APMC,2,1,2132.5,2132.5
Keralam,Ezhamkulam VFPCK Market,2,1,6125.0,6125.0
Himachal Pradesh,SMY Takarla,2,2,1500.0,1500.0
Haryana,Sirsa(Malekan) APMC,2,1,2132.5,2132.5
Himachal Pradesh,SMY Bandrol,2,1,1450.0,1450.0
Haryana,Rajound APMC,2,1,1937.5,1937.5
Maharashtra,APMC Devani,2,1,2423.0,2423.0
Haryana,Beri APMC,2,2,1925.0,1925.0
Haryana,Adampur(Agroha) APMC,2,1,2220.0,2220.0
Haryana,Nigdu APMC,2,1,2080.0,2080.0
Chattisgarh,Belargaon APMC,2,1,2005.0,2005.0
Bihar,Sonpur APMC,2,2,1650.0,1650.0
Punjab,Mansa (Bhamekalan) APMC,2,1,1787.5,1787.5
Punjab,Maloud APMC,2,1,1950.0,1950.0
Maharashtra,APMC Murbad ,2,2,1050.0,1050.0
Keralam,Pandalam VFPCK Market,2,1,6250.0,6250.0
Maharashtra,APMC Panvel ,2,1,1150.0,1150.0
Tamil Nadu,Kinathukadavu APMC,2,1,1425.0,1425.0
Keralam,Keerampara VFPCK Market,2,1,3250.0,3250.0
Rajasthan,Arnod APMC,2,1,2662.5,2662.5
Gujarat,"Patan(Veg,Yard Patan) APMC",2,1,1000.0,1000.0
Maharashtra,"Bhagyoday Cotton And Agri Market, Vaijapur, Chattrapati Sambhajinagar",2,1,1251.5,1251.5
Tamil Nadu,Omalur APMC,2,1,7967.5,7967.5
Karnataka,Puttur APMC,2,2,2175.0,2175.0
Punjab,Badhni Kalan APMC,2,1,1787.5,1787.5
Madhya Pradesh,A lot (F&V) APMC,2,2,2102.5,2102.5
Tamil Nadu,Vettavalam APMC,2,1,2165.5,2165.5
Tamil Nadu,Chithode APMC,2,1,8160.0,8160.0
Telangana,Aler APMC,2,2,3010.5,3010.5
Punjab,Cheema APMC,2,1,1680.0,1680.0
Punjab,Banga (Kataria) APMC,2,1,1882.5,1882.5
Bihar,Barari APMC,2,1,1250.0,1250.0
Punjab,Bhikhiwind APMC,2,1,2005.0,2005.0
Punjab,Bhikhiwind (Basarke) APMC,2,1,2350.0,2350.0
Tamil Nadu,Mylampadi APMC,2,1,2200.0,2200.0
Andhra Pradesh,Pakala APMC,2,1,4900.0,4900.0
Odisha,Anandapur APMC,2,1,4060.0,4060.0
Bihar,Dumarao APMC,2,1,1250.0,1250.0
Rajasthan,Mohangarh APMC,2,1,6300.0,6300.0
Karnataka,Bantwala APMC,2,1,4150.0,4150.0
Rajasthan,Sojat City APMC,2,2,800.0,800.0
Madhya Pradesh,Bareli(F&V) APMC,2,2,1600.0,1600.0
Telangana,Gopalraopet APMC,2,1,5337.5,5337.5
Punjab,Dirba APMC,2,1,1645.0,1645.0
Karnataka,Gonikappal APMC,2,1,1430.0,1430.0
Karnataka,Huliyar APMC,2,2,5968.5,5968.5
Keralam,Thalakulathur VFPCK Market,2,1,3400.0,3400.0
Madhya Pradesh,Pandhana(F&V) APMC,2,1,406.0,406.0
Rajasthan,Pipar City APMC,2,1,2458.5,2458.5
Madhya Pradesh,Maihar(F&V) APMC,2,1,1100.0,1100.0
Jharkhand,Daltenganj APMC,2,1,1952.5,1952.5
Telangana,Nuguru Charla APMC,2,1,7730.0,7730.0
Maharashtra,APMC Aatpadi ,2,1,1850.0,1850.0
Telangana,Nakrekal APMC,2,1,4050.0,4050.0
Tamil Nadu,Ambasamudram APMC,2,2,970.0,970.0
Karnataka,Malavalli APMC,2,2,2350.0,2350.0
Tamil Nadu,Avalpoonthurai APMC,2,1,6134.0,6134.0
Andhra Pradesh,Eluru APMC,1,1,20.0,20.0
Gujarat,Malia Hatina APMC,1,1,1450.0,1450.0
Gujarat,Khedbrahma(Posina) APMC,1,1,2350.0,2350.0
Chattisgarh,Dhamtari APMC,1,1,1800.0,1800.0
Chattisgarh,Bharamgarh APMC,1,1,5400.0,5400.0
Gujarat,Halol APMC,1,1,1480.0,1480.0
Chattisgarh,Saraypali APMC,1,1,1650.0,1650.0
Chattisgarh,Sambalpur (Bemetra) APMC,1,1,1800.0,1800.0
Gujarat,Bardoli(Madhi) APMC,1,1,1321.0,1321.0
Chattisgarh,Sarona APMC,1,1,1300.0,1300.0
Chattisgarh,Kedar APMC,1,1,2500.0,2500.0
Maharashtra,Nashik(Devlali) ,1,1,1000.0,1000.0
Punjab,Patiala(Anaj Mandi Sanaur Road) APMC,1,1,1925.0,1925.0
Odisha,Padampur APMC,1,1,1600.0,1600.0
Andhra Pradesh,Venkatagiri APMC,1,1,6400.0,6400.0
Assam,Bilasipara APMC,1,1,1000.0,1000.0
Andhra Pradesh,Rajampet APMC,1,1,500.0,500.0
Punjab,Ajitwal (Chogawan) APMC,1,1,1625.0,1625.0
Punjab,Ajitwal (Dala) APMC,1,1,2125.0,2125.0
Andhra Pradesh,Martur APMC,1,1,4100.0,4100.0
Andaman and Nicobar,Mayabander Vegetable Market,1,1,40.0,40.0
Andaman and Nicobar,Perka Vegetable Market,1,1,10000.0,10000.0
Maharashtra,"Krushna Krishi Bazar, Washim",1,1,1925.0,1925.0
Punjab,Nihal Singh Wala (Himmatpura) APMC,1,1,1840.0,1840.0
Punjab,Nihal Singh Wala (Rautan) APMC,1,1,1840.0,1840.0
Chattisgarh,Rajim APMC,1,1,1211.0,1211.0
Chattisgarh,Kota APMC,1,1,2500.0,2500.0
Chattisgarh,Kunkuri APMC,1,1,4440.0,4440.0
Gujarat,Damnagar APMC,1,1,5000.0,5000.0
Maharashtra,Basmat(Kurunda) ,1,1,5350.0,5350.0
Chattisgarh,Bilha APMC,1,1,1855.0,1855.0
Chattisgarh,Bhoring APMC,1,1,230.0,230.0
Chattisgarh,Bijapur APMC,1,1,5400.0,5400.0
Haryana,Panipat(Babarpur) APMC,1,1,2425.0,2425.0
Bihar,Sikandara APMC,1,1,2120.0,2120.0
Keralam,Chungathara VFPCK Market,1,1,2900.0,2900.0
Telangana,Varni APMC,1,1,1325.0,1325.0
Chattisgarh,Amoda APMC,1,1,1600.0,1600.0
Chattisgarh,Amandula APMC,1,1,1850.0,1850.0
Haryana,Dabwali(Chautala) APMC,1,1,1450.0,1450.0
Haryana,Kalawali(Odhan) APMC,1,1,2425.0,2425.0
Maharashtra,"Shree Sairaj Krushi Market, Dist Ahilyanagar",1,1,1500.0,1500.0
Keralam,Puthupariyaram  VFPCK Market,1,1,4600.0,4600.0
Chattisgarh,Belarbahara APMC,1,1,1200.0,1200.0
Maharashtra,APMC Motala ,1,1,1950.0,1950.0
Maharashtra,"Premium Krushi Utpanna Bazar, Nashik",1,1,2000.0,2000.0
Chattisgarh,Bardewri APMC,1,1,1050.0,1050.0
Tamil Nadu,Katpadi APMC,1,1,5000.0,5000.0
Tamil Nadu,Kilvelur APMC,1,1,8454.0,8454.0
Punjab,Talwandi Sabo(Shekhupura) APMC,1,1,1735.0,1735.0
Maharashtra,APMC Pavani,1,1,2400.0,2400.0
Punjab,kum Kalan APMC,1,1,2425.0,2425.0
Punjab,lakhowal APMC,1,1,2425.0,2425.0
Punjab,Mallanwala (KhosaDalSinghwala) APMC,1,1,2275.0,2275.0
Maharashtra,APMC Ratnagiri (Nachane) ,1,1,1700.0,1700.0
Punjab,Tapa(Sadar Bazar) APMC,1,1,1735.0,1735.0
Haryana,Behal APMC,1,1,6300.0,6300.0
Maharashtra,APMC Nagbhid ,1,1,2000.0,2000.0
Punjab,Mamdot(Tibbi Khurd) APMC,1,1,1840.0,1840.0
Chattisgarh,Bhaisma APMC,1,1,1762.0,1762.0
Punjab,Talwandi Sabo(Kot Fatta) APMC,1,1,1450.0,1450.0
Telangana,Thoguta APMC,1,1,4100.0,4100.0
Maharashtra,APMC Jalgaon(Jamod) ,1,1,1125.0,1125.0
Maharashtra,APMC Jawali ,1,1,2500.0,2500.0
Tamil Nadu,Ammoor APMC,1,1,6750.0,6750.0
Madhya Pradesh,Nagda(F&V) APMC,1,1,2541.0,2541.0
Rajasthan,Tibbi APMC,1,1,6975.0,6975.0
Madhya Pradesh,Katangi APMC,1,1,2200.0,2200.0
Madhya Pradesh,Keolari (F&V) APMC,1,1,2255.0,2255.0
Tamil Nadu,Kamuthi APMC,1,1,5200.0,5200.0
Madhya Pradesh,Soyatkalan(F&V) APMC,1,1,2750.0,2750.0
Rajasthan,Jayal APMC,1,1,2200.0,2200.0
Maharashtra,APMC Aarni ,1,1,4400.0,4400.0
Tamil Nadu,Papparapatti APMC,1,1,5500.0,5500.0
Karnataka,Alanda APMC,1,1,1300.0,1300.0
Madhya Pradesh,Rehli(F&V) APMC,1,1,1000.0,1000.0
Punjab,Gehri APMC,1,1,1500.0,1500.0
Keralam,Adimali VFPCK Market,1,1,2700.0,2700.0
Punjab,Bhagta Bhai Ka(Kotha Guru Ka) APMC,1,1,1450.0,1450.0
Tamil Nadu,Usilampatti(Uzhavar Sandhai ),1,1,3300.0,3300.0
Assam,Mariani APMC,1,1,1400.0,1400.0
Uttarakhand,Chakrata APMC,1,1,1800.0,1800.0
Madhya Pradesh,Akodiya(F&V) APMC,1,1,1000.0,1000.0
Punjab,Badhni Kallan (Bilaspur) APMC,1,1,2275.0,2275.0
Karnataka,Sagar APMC,1,1,2750.0,2750.0
Andhra Pradesh,Penukonda APMC,1,1,4100.0,4100.0
Andhra Pradesh,Penamaluru (HQ-Kankipadu) APMC,1,1,1300.0,1300.0
Andhra Pradesh,Pathapatnam APMC,1,1,1410.0,1410.0
Andhra Pradesh,Palakonda APMC,1,1,4300.0,4300.0
Punjab,Bhikhiwind (Algo) APMC,1,1,2275.0,2275.0
Andhra Pradesh,Pidugurala(Palnadu) APMC,1,1,3950.0,3950.0
Punjab,Bhikhiwind (Sursingh) APMC,1,1,2275.0,2275.0
Punjab,Bhikhiwind(Khalra) APMC,1,1,2275.0,2275.0
