Crop,Month_Start,Median_Price,Mean_Price,Min_Price,Max_Price,Price_Observations,Markets,States,Varieties,Extreme_Observations,Very_Extreme_Observations,Anomaly_Observations,Year,Month,Quarter,Season,Price_Lag_1M,Price_Lag_2M,Price_Lag_3M,Price_Lag_6M,Price_Lag_12M,Price_Change_1M,Price_Change_3M,Price_Change_12M,Price_Difference_1M,Rolling_Mean_3M,Rolling_Mean_6M,Rolling_Mean_12M,Rolling_Median_3M,Rolling_Median_6M,Rolling_Median_12M,Rolling_Std_3M,Rolling_Std_6M,Rolling_Std_12M,Rolling_Min_6M,Rolling_Max_6M,Momentum_3M,Momentum_6M,Momentum_12M,Same_Month_Last_Year,YoY_Price_Change,Historical_Mean_Price,Historical_Median_Price,Historical_Std_Price,Historical_Month_Mean,Historical_Month_Median,Deviation_From_Rolling_Mean_6M,Deviation_From_Rolling_Median_6M,Rolling_CV_6M,Observation_Intensity,Market_Count_Log,State_Count_Log,Variety_Count_Log,Extreme_Rate,Anomaly_Rate,Time_Index,Time_Index_Squared,Month_Sin,Month_Cos,Quarter_Sin,Quarter_Cos,Target_Next_Month_Price,Target_Next_Month_Log_Price,Target_Next_Month_Change,Target_Date,_Split
Banana,2015-01-01,2050.0,2225.4681528662422,190.0,5200.0,471,215,20,16,0,0,0,2015,1,1,Winter,,,,,,,,,,,,,,,,,,,,,,,,,,,,,,,,,,6.156978985585555,5.375278407684165,3.044522437723423,2.833213344056216,0.0,0.0,1,1,0.4999999999999999,0.8660254037844387,1.0,6.123233995736766e-17,2000.0,7.601402334583733,-0.024390243902439,2015-02-01,train
Banana,2015-02-01,2000.0,1982.352,575.0,4000.0,125,75,13,9,0,0,0,2015,2,1,Winter,2050.0,,,,,-0.024390243902439,,,-50.0,,,,,,,,,,,,,,,,,,,,,,,,,4.836281906951478,4.330733340286331,2.6390573296152584,2.302585092994046,0.0,0.0,2,4,0.8660254037844386,0.5000000000000001,1.0,6.123233995736766e-17,1960.0,7.581209826196346,-0.02,2015-03-01,train
Banana,2015-03-01,1960.0,1901.7676056338028,275.0,3600.0,142,93,15,10,0,0,0,2015,3,1,Spring,2000.0,2050.0,,,,-0.02,,,-40.0,2025.0,,,2025.0,,,35.35533905932738,,,,,,,,,,,,,,,,,,4.962844630259907,4.543294782270004,2.772588722239781,2.3978952727983707,0.0,0.0,3,9,1.0,6.123233995736766e-17,1.0,6.123233995736766e-17,1910.0,7.555381944240273,-0.0255102040816326,2015-04-01,train
Banana,2015-04-01,1910.0,1954.3903002309469,85.0,5000.0,433,230,22,21,0,0,0,2015,4,2,Spring,1960.0,2000.0,2050.0,,,-0.0255102040816326,-0.0682926829268292,,-50.0,2003.3333333333333,2003.3333333333333,,2000.0,2000.0,,45.09249752822891,45.09249752822891,,1960.0,2050.0,-90.0,,,,,2003.3333333333333,2000.0,45.09249752822891,,,-43.33333333333326,-40.0,0.0225087342071026,6.073044534100405,5.442417710521793,3.1354942159291497,3.091042453358316,0.0,0.0,4,16,0.8660254037844387,-0.4999999999999998,1.2246467991473532e-16,-1.0,1900.0,7.550135342488429,-0.0052356020942407,2015-05-01,train
Banana,2015-05-01,1900.0,1932.347619047619,90.0,6000.0,420,224,21,23,0,0,0,2015,5,2,Summer,1910.0,1960.0,2000.0,,,-0.0052356020942407,-0.05,,-10.0,1956.6666666666667,1980.0,,1960.0,1980.0,,45.09249752822891,59.44184833375667,,1910.0,2050.0,-90.0,,,,,1980.0,1980.0,59.44184833375667,,,-70.0,-70.0,0.0300211355220993,6.042632833682381,5.41610040220442,3.091042453358316,3.1780538303479458,0.0,0.0,5,25,0.4999999999999999,-0.8660254037844387,1.2246467991473532e-16,-1.0,1900.0,7.550135342488429,0.0,2015-06-01,train
Banana,2015-06-01,1900.0,2025.6174757281556,95.0,6300.0,515,229,22,22,0,0,0,2015,6,2,Summer,1900.0,1910.0,1960.0,,,0.0,-0.0306122448979592,,0.0,1923.3333333333333,1964.0,,1910.0,1960.0,,32.145502536643164,62.689712074629895,,1900.0,2050.0,-60.0,,,,,1964.0,1960.0,62.689712074629895,,,-64.0,-60.0,0.0319194053333146,6.246106765481563,5.438079308923196,3.1354942159291497,3.1354942159291497,0.0,0.0,6,36,1.2246467991473532e-16,-1.0,1.2246467991473532e-16,-1.0,1900.0,7.550135342488429,0.0,2015-07-01,train
Banana,2015-07-01,1900.0,2076.2198852772467,65.0,5300.0,523,246,21,23,0,0,0,2015,7,3,Monsoon,1900.0,1900.0,1910.0,2050.0,,0.0,-0.0052356020942407,,0.0,1903.3333333333333,1953.3333333333333,1953.3333333333333,1900.0,1935.0,1935.0,5.773502691895955,61.86005711819755,61.86005711819755,1900.0,2050.0,-10.0,-150.0,,,,1953.3333333333333,1935.0,61.86005711819755,,,-53.33333333333326,-35.0,0.0316689712209202,6.261491684321042,5.5093883366279774,3.091042453358316,3.1780538303479458,0.0,0.0,7,49,-0.4999999999999997,-0.8660254037844388,-1.0,-1.8369701987210294e-16,1800.0,7.496097345175956,-0.0526315789473684,2015-08-01,train
Banana,2015-08-01,1800.0,1987.9904498977503,90.0,5100.0,489,235,22,19,0,0,0,2015,8,3,Monsoon,1900.0,1900.0,1900.0,2000.0,,-0.0526315789473684,-0.0526315789473684,,-100.0,1900.0,1928.3333333333333,1945.7142857142856,1900.0,1905.0,1910.0,0.0,42.15052391924282,59.96030432909835,1900.0,2000.0,0.0,-100.0,,,,1945.7142857142856,1910.0,59.96030432909835,,,-28.333333333333258,-5.0,0.0218585258008173,6.194405391104672,5.4638318050256105,3.1354942159291497,2.995732273553991,0.0,0.0,8,64,-0.8660254037844385,-0.5000000000000004,-1.0,-1.8369701987210294e-16,1900.0,7.550135342488429,0.0555555555555555,2015-09-01,train
Banana,2015-09-01,1900.0,2031.226345083488,80.0,6000.0,539,243,21,22,0,0,0,2015,9,3,Monsoon,1800.0,1900.0,1900.0,1960.0,,0.0555555555555555,0.0,,100.0,1866.6666666666667,1895.0,1927.5,1900.0,1900.0,1905.0,57.73502691896261,52.05766033928141,75.73449864965288,1800.0,1960.0,-100.0,-160.0,,,,1927.5,1905.0,75.73449864965288,,,-95.0,-100.0,0.0274710608650561,6.29156913955832,5.497168225293202,3.091042453358316,3.1354942159291497,0.0,0.0,9,81,-1.0,-1.8369701987210294e-16,-1.0,-1.8369701987210294e-16,1800.0,7.496097345175956,-0.0526315789473684,2015-10-01,train
Banana,2015-10-01,1800.0,2004.6045197740116,85.0,5200.0,531,236,24,21,0,0,0,2015,10,4,Autumn,1900.0,1800.0,1900.0,1910.0,,-0.0526315789473684,-0.0526315789473684,,-100.0,1866.6666666666667,1885.0,1924.4444444444443,1900.0,1900.0,1900.0,57.7350269189626,41.833001326703695,71.43372997245605,1800.0,1910.0,0.0,-10.0,,,,1924.4444444444443,1900.0,71.43372997245605,,,15.0,0.0,0.0221925736481186,6.2766434893416445,5.468060141135132,3.218875824868201,3.091042453358316,0.0,0.0,10,100,-0.8660254037844386,0.5000000000000001,-2.4492935982947064e-16,1.0,1525.0,7.330405211844402,-0.1527777777777778,2015-11-01,train
Banana,2015-11-01,1525.0,1529.1084337349398,80.0,4000.0,166,95,16,14,0,0,0,2015,11,4,Autumn,1800.0,1900.0,1800.0,1900.0,,-0.1527777777777778,-0.1527777777777778,,-275.0,1833.3333333333333,1866.6666666666667,1912.0,1800.0,1900.0,1900.0,57.7350269189626,51.63977794943217,78.00284895081995,1800.0,1900.0,0.0,-100.0,,,,1912.0,1900.0,78.00284895081995,,,-66.66666666666674,-100.0,0.0276641667586243,5.117993812416755,4.564348191467836,2.833213344056216,2.70805020110221,0.0,0.0,11,121,-0.5000000000000004,0.8660254037844384,-2.4492935982947064e-16,1.0,1800.0,7.496097345175956,0.180327868852459,2015-12-01,train
Banana,2015-12-01,1800.0,1828.849315068493,90.0,4500.0,511,239,23,21,0,0,0,2015,12,4,Winter,1525.0,1800.0,1900.0,1900.0,,0.180327868852459,-0.0526315789473684,,275.0,1741.6666666666667,1804.1666666666667,1876.8181818181815,1800.0,1850.0,1900.0,194.1863366288508,145.27273201350164,138.17150081099803,1525.0,1900.0,-375.0,-375.0,,,,1876.8181818181815,1900.0,138.17150081099803,,,-279.16666666666674,-325.0,0.0805206828712249,6.238324625039508,5.480638923341991,3.1780538303479458,3.091042453358316,0.0,0.0,12,144,-2.4492935982947064e-16,1.0,-2.4492935982947064e-16,1.0,1782.5,7.486333004798946,-0.0097222222222221,2016-01-01,train
Banana,2016-01-01,1782.5,1860.1277056277056,80.0,4500.0,462,218,22,22,0,0,0,2016,1,1,Winter,1800.0,1525.0,1800.0,1900.0,2050.0,-0.0097222222222221,-0.0097222222222221,-0.1304878048780487,-17.5,1708.3333333333333,1787.5,1870.4166666666667,1800.0,1800.0,1900.0,158.7713240271472,137.61358944522885,133.59467758405597,1525.0,1900.0,0.0,-100.0,-250.0,2050.0,-0.1304878048780487,1870.4166666666667,1900.0,133.59467758405597,,,12.5,0.0,0.0769866234658623,6.137727054086234,5.389071729816501,3.1354942159291497,3.1354942159291497,0.0,0.0,13,169,0.4999999999999999,0.8660254037844387,1.0,6.123233995736766e-17,1700.0,7.438971592395862,-0.0462833099579242,2016-02-01,train
Banana,2016-02-01,1700.0,1896.233261339093,80.0,5000.0,463,228,22,22,0,0,0,2016,2,1,Winter,1782.5,1800.0,1525.0,1800.0,2000.0,-0.0462833099579242,0.1147540983606556,-0.15,-82.5,1702.5,1767.9166666666667,1848.125,1782.5,1800.0,1900.0,153.9683409016283,126.29743333364564,122.78549755199468,1525.0,1900.0,257.5,-17.5,-217.5,2000.0,-0.15,1863.6538461538464,1900.0,130.21062818490535,,,14.583333333333258,-17.5,0.071438567051791,6.139884552226255,5.43372200355424,3.1354942159291497,3.1354942159291497,0.0,0.0,14,196,0.8660254037844386,0.5000000000000001,1.0,6.123233995736766e-17,1700.0,7.438971592395862,0.0,2016-03-01,train
Banana,2016-03-01,1700.0,1906.0593220338983,80.0,5500.0,472,241,23,22,0,0,0,2016,3,1,Spring,1700.0,1782.5,1800.0,1900.0,1960.0,0.0,-0.0555555555555555,-0.1326530612244898,0.0,1760.8333333333333,1751.25,1823.125,1782.5,1791.25,1850.0,53.40489990004059,127.8060053362126,119.54993726472624,1525.0,1900.0,-100.0,-200.0,-260.0,1960.0,-0.1326530612244898,1851.9642857142856,1900.0,132.52785836101867,,,-51.25,-91.25,0.0729798745674304,6.159095388491933,5.488937726156687,3.1780538303479458,3.1354942159291497,0.0,0.0,15,225,1.0,6.123233995736766e-17,1.0,6.123233995736766e-17,1800.0,7.496097345175956,0.0588235294117647,2016-04-01,train
Banana,2016-04-01,1800.0,2066.675675675676,80.0,7000.0,407,209,22,21,0,0,0,2016,4,2,Spring,1700.0,1700.0,1782.5,1800.0,1910.0,0.0588235294117647,0.0098176718092566,-0.0575916230366492,100.0,1727.5,1717.9166666666667,1801.4583333333333,1700.0,1741.25,1800.0,47.631397208144335,105.36148094378072,115.99597530896826,1525.0,1800.0,-82.5,-100.0,-210.0,1910.0,-0.0575916230366492,1841.8333333333333,1900.0,133.5987685286842,,,-17.916666666666742,-41.25,0.0613309615001391,6.0112671744041615,5.3471075307174685,3.1354942159291497,3.091042453358316,0.0,0.0,16,256,0.8660254037844387,-0.4999999999999998,1.2246467991473532e-16,-1.0,1600.0,7.378383712996714,-0.1111111111111111,2016-05-01,train
Banana,2016-05-01,1600.0,1689.0058823529412,80.0,6000.0,170,98,15,15,0,0,0,2016,5,2,Summer,1800.0,1700.0,1700.0,1525.0,1900.0,-0.1111111111111111,-0.0588235294117647,-0.1578947368421053,-200.0,1733.3333333333333,1717.9166666666667,1792.2916666666667,1700.0,1741.25,1800.0,57.73502691896261,105.36148094378072,110.87184623644892,1525.0,1800.0,100.0,275.0,-100.0,1900.0,-0.1578947368421053,1839.21875,1850.0,129.491694553486,,,82.08333333333326,58.75,0.0613309615001391,5.14166355650266,4.59511985013459,2.772588722239781,2.772588722239781,0.0,0.0,17,289,0.4999999999999999,-0.8660254037844387,1.2246467991473532e-16,-1.0,2120.0,7.659642954564682,0.3249999999999999,2016-06-01,train
Banana,2016-06-01,2120.0,2463.7992766726943,85.0,6200.0,553,237,20,23,0,0,0,2016,6,2,Summer,1600.0,1800.0,1700.0,1800.0,1900.0,0.3249999999999999,0.2470588235294117,0.1157894736842104,520.0,1700.0,1730.4166666666667,1767.2916666666667,1700.0,1741.25,1800.0,100.00000000000004,79.06352930818777,117.97273535812748,1600.0,1800.0,-100.0,-200.0,-300.0,1900.0,0.1157894736842104,1825.1470588235293,1800.0,138.1531944873473,,,-130.41666666666674,-141.25,0.0456904575823863,6.317164686747284,5.472270673671475,3.044522437723423,3.1780538303479458,0.0,0.0,18,324,1.2246467991473532e-16,-1.0,1.2246467991473532e-16,-1.0,2300.0,7.741099090035366,0.0849056603773585,2016-07-01,train
Banana,2016-07-01,2300.0,2762.5900990099008,100.0,7100.0,505,231,23,23,0,0,0,2016,7,3,Monsoon,2120.0,1600.0,1800.0,1782.5,1900.0,0.0849056603773585,0.2777777777777777,0.2105263157894736,180.0,1840.0,1783.75,1785.625,1800.0,1741.25,1800.0,262.29754097208,179.51148988295986,152.50977986524487,1600.0,2120.0,320.0,337.5,220.0,1900.0,0.2105263157894736,1841.5277777777776,1850.0,150.97511211164627,,,336.25,378.75,0.100637135183159,6.226536669287466,5.44673737166631,3.1780538303479458,3.1780538303479458,0.0,0.0,19,361,-0.4999999999999997,-0.8660254037844388,-1.0,-1.8369701987210294e-16,2500.0,7.824445930877619,0.0869565217391303,2016-08-01,train
Banana,2016-08-01,2500.0,2993.315596330275,110.0,7700.0,545,235,24,22,0,0,0,2016,8,3,Monsoon,2300.0,2120.0,1600.0,1700.0,1800.0,0.0869565217391303,0.5625,0.3888888888888888,200.0,2006.6666666666667,1870.0,1818.9583333333333,2120.0,1750.0,1800.0,363.5014901390823,276.76705006196096,211.92156121088905,1600.0,2300.0,700.0,600.0,500.0,1800.0,0.3888888888888888,1865.657894736842,1900.0,180.52747194999145,,,430.0,550.0,0.1480037700866101,6.302618975744905,5.4638318050256105,3.218875824868201,3.1354942159291497,0.0,0.0,20,400,-0.8660254037844385,-0.5000000000000004,-1.0,-1.8369701987210294e-16,2500.0,7.824445930877619,0.0,2016-09-01,train
Banana,2016-09-01,2500.0,2934.030710172745,130.0,7800.0,521,225,23,20,0,0,0,2016,9,3,Monsoon,2500.0,2300.0,2120.0,1700.0,1900.0,0.0,0.179245283018868,0.3157894736842106,0.0,2306.6666666666665,2003.3333333333333,1877.2916666666667,2300.0,1960.0,1800.0,190.0876990584433,358.9800365851375,288.67144412205926,1600.0,2500.0,380.0,800.0,600.0,1900.0,0.3157894736842106,1897.375,1900.0,225.81937792706896,,,496.66666666666674,540.0,0.1791913660158756,6.257667587882639,5.420534999272286,3.1780538303479458,3.044522437723423,0.0,0.0,21,441,-1.0,-1.8369701987210294e-16,-1.0,-1.8369701987210294e-16,2000.0,7.601402334583733,-0.1999999999999999,2016-10-01,train
Banana,2016-10-01,2000.0,2360.1600928074245,100.0,6400.0,431,212,19,22,0,0,0,2016,10,4,Autumn,2500.0,2500.0,2300.0,1800.0,1800.0,-0.1999999999999999,-0.1304347826086956,0.1111111111111111,-500.0,2433.333333333333,2136.6666666666665,1927.2916666666667,2500.0,2210.0,1800.0,115.47005383792512,372.111094522411,340.30644334009884,1600.0,2500.0,200.0,700.0,700.0,1800.0,0.1111111111111111,1926.071428571429,1900.0,256.39394911514023,,,363.3333333333335,290.0,0.1741549584348257,6.068425588244111,5.3612921657094255,2.995732273553991,3.1354942159291497,0.0,0.0,22,484,-0.8660254037844386,0.5000000000000001,-2.4492935982947064e-16,1.0,2100.0,7.650168700845001,0.05,2016-11-01,train
Banana,2016-11-01,2100.0,2568.5205183585317,100.0,9000.0,463,210,21,22,0,0,0,2016,11,4,Autumn,2000.0,2500.0,2500.0,1600.0,1525.0,0.05,-0.16,0.3770491803278688,100.0,2333.333333333333,2170.0,1943.9583333333333,2500.0,2210.0,1800.0,288.67513459481296,343.80226875342174,338.3977258099312,1600.0,2500.0,-500.0,400.0,475.0,1525.0,0.3770491803278688,1929.4318181818185,1900.0,250.7108130825968,,,-170.0,-210.0,0.1584342252319915,6.139884552226255,5.351858133476067,3.091042453358316,3.1354942159291497,0.0,0.0,23,529,-0.5000000000000004,0.8660254037844384,-2.4492935982947064e-16,1.0,2000.0,7.601402334583733,-0.0476190476190476,2016-12-01,train
Banana,2016-12-01,2000.0,2442.8818380743983,150.0,7700.0,457,209,21,22,0,0,0,2016,12,4,Winter,2100.0,2000.0,2500.0,2120.0,1800.0,-0.0476190476190476,-0.1999999999999999,0.1111111111111111,-100.0,2200.0,2253.333333333333,1991.875,2100.0,2210.0,1900.0,264.5751311064592,214.1650453894536,313.47235089035735,2000.0,2500.0,-400.0,-20.0,300.0,1800.0,0.1111111111111111,1936.8478260869565,1900.0,247.51517101265307,,,-153.33333333333348,-110.0,0.095043659196503,6.126869184114185,5.3471075307174685,3.091042453358316,3.1354942159291497,0.0,0.0,24,576,-2.4492935982947064e-16,1.0,-2.4492935982947064e-16,1.0,1500.0,7.313886831633462,-0.25,2017-01-01,train
Banana,2017-01-01,1500.0,1823.04,90.0,6000.0,150,89,16,17,0,0,0,2017,1,1,Winter,2000.0,2100.0,2000.0,2300.0,1782.5,-0.25,-0.25,-0.1584852734922861,-500.0,2033.3333333333333,2233.333333333333,2008.5416666666667,2000.0,2200.0,2000.0,57.735026918963065,233.8090388900025,307.6052265140954,2000.0,2500.0,0.0,-300.0,217.5,1782.5,-0.1584852734922861,1939.4791666666667,1900.0,242.41760048594304,1916.25,1916.25,-233.33333333333348,-200.0,0.1046906144283593,5.017279836814924,4.499809670330265,2.833213344056216,2.8903717578961645,0.0,0.0,25,625,0.4999999999999999,0.8660254037844387,1.0,6.123233995736766e-17,2100.0,7.650168700845001,0.3999999999999999,2017-02-01,train
Banana,2017-02-01,2100.0,2438.468817204301,100.0,6500.0,465,208,23,22,0,0,0,2017,2,1,Winter,1500.0,2000.0,2100.0,2500.0,1700.0,0.3999999999999999,0.0,0.2352941176470588,600.0,1866.6666666666667,2100.0,1985.0,2000.0,2050.0,2000.0,321.455025366432,374.1657386773942,335.978895441095,1500.0,2500.0,-600.0,-1000.0,-200.0,1700.0,0.2352941176470588,1921.9,1900.0,253.06792566423735,1850.0,1850.0,-600.0,-550.0,0.1781741612749496,6.144185634125646,5.342334251964811,3.1780538303479458,3.1354942159291497,0.0,0.0,26,676,0.8660254037844386,0.5000000000000001,1.0,6.123233995736766e-17,2150.0,7.67368812926773,0.0238095238095237,2017-03-01,train
Banana,2017-03-01,2150.0,2497.0776515151515,100.0,11000.0,528,226,22,22,1,0,0,2017,3,1,Spring,2100.0,1500.0,2000.0,2500.0,1700.0,0.0238095238095237,0.0749999999999999,0.2647058823529411,50.0,1866.6666666666667,2033.3333333333333,2018.3333333333333,2000.0,2050.0,2050.0,321.455025366432,320.4163957519445,324.78897577947265,1500.0,2500.0,100.0,-400.0,400.0,1700.0,0.2647058823529411,1928.75,1900.0,250.4029253024013,1830.0,1830.0,66.66666666666674,50.0,0.1575818339763661,6.270988431858299,5.424950017481403,3.1354942159291497,3.1354942159291497,0.0018939393939393,0.0,27,729,1.0,6.123233995736766e-17,1.0,6.123233995736766e-17,2200.0,7.696667081526462,0.0232558139534884,2017-04-01,train
Banana,2017-04-01,2200.0,2475.2853828306265,120.0,6500.0,431,203,20,22,0,0,0,2017,4,2,Spring,2150.0,2100.0,1500.0,2000.0,1800.0,0.0232558139534884,0.4666666666666665,0.2222222222222223,50.0,1916.6666666666667,1975.0,2055.833333333333,2100.0,2050.0,2100.0,361.70890690351183,240.3122968139584,310.35048613208954,1500.0,2150.0,650.0,150.0,350.0,1800.0,0.2222222222222223,1936.9444444444443,1900.0,249.2048251374657,1855.0,1855.0,175.0,100.0,0.121677112310865,6.068425588244111,5.318119993844216,3.044522437723423,3.1354942159291497,0.0,0.0,28,784,0.8660254037844387,-0.4999999999999998,1.2246467991473532e-16,-1.0,2200.0,7.696667081526462,0.0,2017-05-01,train
Banana,2017-05-01,2200.0,2369.8615023474176,135.0,6500.0,426,204,23,23,0,0,0,2017,5,2,Summer,2200.0,2150.0,2100.0,2100.0,1600.0,0.0,0.0476190476190476,0.375,0.0,2150.0,2008.3333333333333,2089.1666666666665,2150.0,2100.0,2110.0,50.00000000000043,257.7143121106523,301.7361379909556,1500.0,2200.0,100.0,100.0,600.0,1600.0,0.375,1946.3392857142856,1905.0,249.54818630549047,1750.0,1750.0,191.66666666666677,100.0,0.1283224790592459,6.056784013228625,5.3230099791384085,3.1780538303479458,3.1780538303479458,0.0,0.0,29,841,0.4999999999999999,-0.8660254037844387,1.2246467991473532e-16,-1.0,2340.0,7.75833346749091,0.0636363636363637,2017-06-01,train
Banana,2017-06-01,2340.0,2581.5042918454938,135.0,7700.0,466,207,24,22,0,0,0,2017,6,2,Summer,2200.0,2200.0,2150.0,2000.0,2120.0,0.0636363636363637,0.0883720930232558,0.1037735849056604,140.0,2183.333333333333,2025.0,2139.1666666666665,2200.0,2125.0,2135.0,28.86751345948201,267.8619047195776,260.1558390773896,1500.0,2200.0,50.0,200.0,80.0,2120.0,0.1037735849056604,1955.086206896552,1910.0,249.5375032279545,2010.0,2010.0,175.0,75.0,0.132277483812137,6.1463292576688975,5.337538079701318,3.218875824868201,3.1354942159291497,0.0,0.0,30,900,1.2246467991473532e-16,-1.0,1.2246467991473532e-16,-1.0,2205.0,7.698936199813447,-0.0576923076923077,2017-07-01,train
Banana,2017-07-01,2205.0,2490.1568181818184,150.0,7500.0,440,214,20,20,0,0,0,2017,7,3,Monsoon,2340.0,2200.0,2200.0,1500.0,2300.0,-0.0576923076923077,0.0022727272727272,-0.0413043478260869,-135.0,2246.6666666666665,2081.6666666666665,2157.5,2200.0,2175.0,2175.0,80.82903768654768,296.0011261239841,266.3601458039984,1500.0,2340.0,140.0,840.0,40.0,2300.0,-0.0413043478260869,1967.9166666666667,1935.0,255.0693645797677,2100.0,2100.0,258.3333333333335,165.0,0.1421942959762934,6.089044875446846,5.3706380281276624,3.044522437723423,3.044522437723423,0.0,0.0,31,961,-0.4999999999999997,-0.8660254037844388,-1.0,-1.8369701987210294e-16,2260.0,7.72356247227797,0.0249433106575964,2017-08-01,train
Banana,2017-08-01,2260.0,2794.2495667244366,200.0,8500.0,577,263,21,21,0,0,0,2017,8,3,Monsoon,2205.0,2340.0,2200.0,2100.0,2500.0,0.0249433106575964,0.0272727272727273,-0.0959999999999999,55.0,2248.333333333333,2199.1666666666665,2149.583333333333,2205.0,2200.0,2175.0,79.42501704962584,80.15089935033005,263.1319953363653,2100.0,2340.0,5.0,105.0,-295.0,2500.0,-0.0959999999999999,1975.564516129032,1960.0,254.37153738627688,2150.0,2150.0,5.833333333333485,5.0,0.0364460322926851,6.359573868672378,5.575949103146316,3.091042453358316,3.091042453358316,0.0,0.0,32,1024,-0.8660254037844385,-0.5000000000000004,-1.0,-1.8369701987210294e-16,2200.0,7.696667081526462,-0.0265486725663717,2017-09-01,train
Banana,2017-09-01,2200.0,2823.161403508772,190.0,9500.0,570,270,23,20,0,0,0,2017,9,3,Monsoon,2260.0,2205.0,2340.0,2150.0,2500.0,-0.0265486725663717,-0.0598290598290598,-0.12,-60.0,2268.333333333333,2225.833333333333,2129.583333333333,2260.0,2202.5,2175.0,67.8847061813878,65.91029257002839,242.3789138493444,2150.0,2340.0,-80.0,110.0,-240.0,2500.0,-0.12,1984.453125,1980.0,255.2368716214032,2200.0,2200.0,34.166666666666515,57.5,0.0296115129479723,6.3473892096560105,5.602118820879701,3.1780538303479458,3.044522437723423,0.0,0.0,33,1089,-1.0,-1.8369701987210294e-16,-1.0,-1.8369701987210294e-16,1850.0,7.523481312573497,-0.159090909090909,2017-10-01,train
Banana,2017-10-01,1850.0,1951.2471042471043,180.0,6000.0,259,139,16,16,0,0,0,2017,10,4,Autumn,2200.0,2260.0,2205.0,2200.0,2000.0,-0.159090909090909,-0.1609977324263038,-0.0749999999999999,-350.0,2221.6666666666665,2234.1666666666665,2104.583333333333,2205.0,2202.5,2175.0,33.2916405923973,56.9575865593578,214.57630909362405,2200.0,2340.0,-5.0,0.0,200.0,2000.0,-0.0749999999999999,1990.9848484848485,2000.0,254.003828860428,1900.0,1900.0,-34.166666666666515,-2.5,0.0254938843234723,5.560681631015528,4.941642422609304,2.833213344056216,2.833213344056216,0.0,0.0,34,1156,-0.8660254037844386,0.5000000000000001,-2.4492935982947064e-16,1.0,2100.0,7.650168700845001,0.1351351351351351,2017-11-01,train
Banana,2017-11-01,2100.0,2474.481081081081,200.0,7400.0,555,265,23,22,0,0,0,2017,11,4,Autumn,1850.0,2200.0,2260.0,2200.0,2100.0,0.1351351351351351,-0.0707964601769911,0.0,250.0,2103.333333333333,2175.833333333333,2092.083333333333,2200.0,2202.5,2175.0,221.4347157365651,168.65398503049596,225.3225802078328,1850.0,2340.0,-410.0,-350.0,-250.0,2100.0,0.0,1986.8382352941176,1980.0,251.2915944942411,1812.5,1812.5,-325.8333333333335,-352.5,0.0775123638592857,6.320768294250582,5.583496308781699,3.1780538303479458,3.1354942159291497,0.0,0.0,35,1225,-0.5000000000000004,0.8660254037844384,-2.4492935982947064e-16,1.0,2200.0,7.696667081526462,0.0476190476190476,2017-12-01,train
Banana,2017-12-01,2200.0,2453.663003663004,100.0,8500.0,546,245,23,21,0,0,0,2017,12,4,Winter,2100.0,1850.0,2200.0,2340.0,2000.0,0.0476190476190476,0.0,0.1,100.0,2050.0,2159.1666666666665,2092.083333333333,2100.0,2202.5,2175.0,180.2775637731997,170.71662680203926,225.3225802078328,1850.0,2340.0,-100.0,-240.0,100.0,2000.0,0.1,1990.071428571429,2000.0,248.30638518646623,1900.0,1900.0,-59.16666666666652,-102.5,0.0790659792213227,6.304448802421981,5.5053315359323625,3.1780538303479458,3.091042453358316,0.0,0.0,36,1296,-2.4492935982947064e-16,1.0,-2.4492935982947064e-16,1.0,2200.0,7.696667081526462,0.0,2018-01-01,train
Banana,2018-01-01,2200.0,2432.6372912801485,120.0,9000.0,539,244,21,21,0,0,0,2018,1,1,Winter,2200.0,2100.0,1850.0,2205.0,1500.0,0.0,0.1891891891891892,0.4666666666666665,0.0,2050.0,2135.833333333333,2108.75,2100.0,2200.0,2200.0,180.2775637731997,149.27882189603028,225.28895586859932,1850.0,2260.0,350.0,-5.0,700.0,1500.0,0.4666666666666665,1995.9027777777776,2000.0,247.22181536438785,1777.5,1782.5,64.16666666666652,0.0,0.0698925424405916,6.29156913955832,5.501258210544727,3.091042453358316,3.091042453358316,0.0,0.0,37,1369,0.4999999999999999,0.8660254037844387,1.0,6.123233995736766e-17,2200.0,7.696667081526462,0.0,2018-02-01,train
Banana,2018-02-01,2200.0,2437.0522522522524,150.0,7624.0,555,241,21,21,0,0,0,2018,2,1,Winter,2200.0,2200.0,2100.0,2260.0,2100.0,0.0,0.0476190476190476,0.0476190476190476,0.0,2166.6666666666665,2135.0,2167.083333333333,2200.0,2200.0,2200.0,57.7350269189633,148.8287606613724,118.79046360051068,1850.0,2260.0,100.0,-60.0,100.0,2100.0,0.0476190476190476,2001.418918918919,2000.0,246.0624218881572,1933.3333333333333,2000.0,65.0,0.0,0.0697090213870596,6.320768294250582,5.488937726156687,3.091042453358316,3.091042453358316,0.0,0.0,38,1444,0.8660254037844386,0.5000000000000001,1.0,6.123233995736766e-17,2300.0,7.741099090035366,0.0454545454545454,2018-03-01,train
Banana,2018-03-01,2300.0,2500.5823970037454,130.0,7500.0,534,245,22,21,0,0,0,2018,3,1,Spring,2200.0,2200.0,2200.0,2200.0,2150.0,0.0454545454545454,0.0454545454545454,0.069767441860465,100.0,2200.0,2125.0,2175.4166666666665,2200.0,2200.0,2200.0,0.0,140.53469322555222,117.15293682217536,1850.0,2200.0,0.0,0.0,50.0,2150.0,0.069767441860465,2006.6447368421047,2000.0,244.84294215456129,1936.6666666666667,1960.0,75.0,0.0,0.0661339732826128,6.282266746896006,5.5053315359323625,3.1354942159291497,3.091042453358316,0.0,0.0,39,1521,1.0,6.123233995736766e-17,1.0,6.123233995736766e-17,1960.0,7.581209826196346,-0.1478260869565217,2018-04-01,train
Banana,2018-04-01,1960.0,1956.687165775401,287.5,6300.0,187,110,13,11,0,0,0,2018,4,2,Spring,2300.0,2200.0,2200.0,1850.0,2200.0,-0.1478260869565217,-0.1090909090909091,-0.1090909090909091,-340.0,2233.333333333333,2141.6666666666665,2187.9166666666665,2200.0,2200.0,2200.0,57.73502691896251,156.2583331111232,122.09270571118812,1850.0,2300.0,100.0,450.0,100.0,2200.0,-0.1090909090909091,2014.1666666666667,2000.0,246.1241218030718,1970.0,1910.0,158.33333333333348,100.0,0.0729610893904077,5.236441962829949,4.709530201312334,2.6390573296152584,2.4849066497880004,0.0,0.0,40,1600,0.8660254037844387,-0.4999999999999998,1.2246467991473532e-16,-1.0,2200.0,7.696667081526462,0.1224489795918366,2018-05-01,train
Banana,2018-05-01,2200.0,2296.875,294.0,5800.0,480,245,20,17,0,0,0,2018,5,2,Summer,1960.0,2300.0,2200.0,2100.0,2200.0,0.1224489795918366,0.0,0.0,240.0,2153.333333333333,2160.0,2167.9166666666665,2200.0,2200.0,2200.0,174.73789896108212,116.61903789690636,138.48955217129583,1960.0,2300.0,-240.0,-140.0,-240.0,2200.0,0.0,2012.8125,2000.0,243.0991062936457,1900.0,1900.0,-200.0,-240.0,0.0539902953226418,6.175867270105761,5.5053315359323625,3.044522437723423,2.8903717578961645,0.0,0.0,41,1681,0.4999999999999999,-0.8660254037844387,1.2246467991473532e-16,-1.0,2200.0,7.696667081526462,0.0,2018-06-01,train
Banana,2018-06-01,2200.0,2448.271484375,295.0,7800.0,512,254,22,18,0,0,0,2018,6,2,Summer,2200.0,1960.0,2300.0,2200.0,2340.0,0.0,-0.0434782608695651,-0.0598290598290598,0.0,2153.333333333333,2176.6666666666665,2167.9166666666665,2200.0,2200.0,2200.0,174.73789896108212,113.4313301811574,138.48955217129583,1960.0,2300.0,-100.0,0.0,-140.0,2340.0,-0.0598290598290598,2017.378048780488,2000.0,241.81472195897743,2120.0,2120.0,23.333333333333485,0.0,0.0521124028397354,6.240275845170769,5.541263545158426,3.1354942159291497,2.9444389791664403,0.0,0.0,42,1764,1.2246467991473532e-16,-1.0,1.2246467991473532e-16,-1.0,2000.0,7.601402334583733,-0.0909090909090909,2018-07-01,train
Banana,2018-07-01,2000.0,1947.169696969697,315.0,5000.0,165,99,15,12,0,0,0,2018,7,3,Monsoon,2200.0,2200.0,1960.0,2200.0,2205.0,-0.0909090909090909,0.0204081632653061,-0.09297052154195,-200.0,2120.0,2176.6666666666665,2156.25,2200.0,2200.0,2200.0,138.56406460551028,113.4313301811574,128.188869889848,1960.0,2300.0,240.0,0.0,-5.0,2205.0,-0.09297052154195,2021.7261904761904,2025.0,240.50409971610785,2135.0,2205.0,23.333333333333485,0.0,0.0521124028397354,5.111987788356544,4.605170185988092,2.772588722239781,2.5649493574615367,0.0,0.0,43,1849,-0.4999999999999997,-0.8660254037844388,-1.0,-1.8369701987210294e-16,2100.0,7.650168700845001,0.05,2018-08-01,train
Banana,2018-08-01,2100.0,2377.513698630137,290.0,8000.0,584,274,22,18,0,0,0,2018,8,3,Monsoon,2000.0,2200.0,2200.0,2200.0,2260.0,0.05,-0.0454545454545454,-0.0707964601769911,100.0,2133.333333333333,2143.333333333333,2139.1666666666665,2200.0,2200.0,2200.0,115.47005383792522,132.9160135825129,134.60098158046347,1960.0,2300.0,-200.0,-200.0,-260.0,2260.0,-0.0707964601769911,2021.2209302325584,2000.0,237.64680431075456,2186.6666666666665,2260.0,-143.33333333333348,-200.0,0.0620136921846872,6.371611847231857,5.616771097666572,3.1354942159291497,2.9444389791664403,0.0,0.0,44,1936,-0.8660254037844385,-0.5000000000000004,-1.0,-1.8369701987210294e-16,2000.0,7.601402334583733,-0.0476190476190476,2018-09-01,train
Banana,2018-09-01,2000.0,2240.430735930736,27.0,7100.0,462,242,20,17,0,0,0,2018,9,3,Monsoon,2100.0,2000.0,2200.0,2300.0,2200.0,-0.0476190476190476,-0.0909090909090909,-0.0909090909090909,-100.0,2100.0,2126.6666666666665,2125.833333333333,2100.0,2150.0,2200.0,100.00000000000011,130.6394529484365,129.36617046433005,1960.0,2300.0,-100.0,-200.0,-100.0,2200.0,-0.0909090909090909,2023.011363636364,2025.0,235.1672954400949,2200.0,2200.0,-26.666666666666515,-50.0,0.061429209850362,6.137727054086234,5.493061443340548,3.044522437723423,2.8903717578961645,0.0,0.0,45,2025,-1.0,-1.8369701987210294e-16,-1.0,-1.8369701987210294e-16,2100.0,7.650168700845001,0.05,2018-10-01,train
Banana,2018-10-01,2100.0,2278.508865248227,160.0,6600.0,564,273,19,17,0,0,0,2018,10,4,Autumn,2000.0,2100.0,2000.0,1960.0,1850.0,0.05,0.05,0.1351351351351351,100.0,2033.3333333333333,2076.6666666666665,2109.1666666666665,2000.0,2050.0,2150.0,57.735026918962745,106.14455552060475,131.80276816884287,1960.0,2200.0,0.0,40.0,150.0,1850.0,0.1351351351351351,2022.5,2000.0,232.50488753416076,1883.3333333333333,1850.0,-76.66666666666652,-50.0,0.0511129480837583,6.336825731146441,5.613128106388071,2.995732273553991,2.8903717578961645,0.0,0.0,46,2116,-0.8660254037844386,0.5000000000000001,-2.4492935982947064e-16,1.0,2332.5,7.75512456538987,0.1107142857142857,2018-11-01,train
Banana,2018-11-01,2332.5,2566.6063596491226,226.0,7500.0,456,235,24,17,0,0,0,2018,11,4,Autumn,2100.0,2000.0,2100.0,2200.0,2100.0,0.1107142857142857,0.1107142857142857,0.1107142857142857,232.5,2066.6666666666665,2100.0,2130.0,2100.0,2100.0,2150.0,57.7350269189628,89.44271909999206,103.92304845413278,2000.0,2200.0,0.0,-100.0,0.0,2100.0,0.1107142857142857,2024.184782608696,2025.0,230.1907749550276,1908.3333333333333,2100.0,0.0,0.0,0.0425917709999962,6.124683390894205,5.4638318050256105,3.218875824868201,2.8903717578961645,0.0,0.0,47,2209,-0.5000000000000004,0.8660254037844384,-2.4492935982947064e-16,1.0,2100.0,7.650168700845001,-0.0996784565916398,2018-12-01,train
Banana,2018-12-01,2100.0,2264.1323529411766,215.0,6500.0,510,245,22,18,0,0,0,2018,12,4,Winter,2332.5,2100.0,2000.0,2200.0,2200.0,-0.0996784565916398,0.05,-0.0454545454545454,-232.5,2144.1666666666665,2122.083333333333,2149.375,2100.0,2100.0,2200.0,170.59332734117527,127.3814808622774,118.47575989128836,2000.0,2332.5,332.5,132.5,132.5,2200.0,-0.0454545454545454,2030.744680851064,2050.0,232.07412778314816,2000.0,2000.0,210.4166666666665,232.5,0.0600266157607433,6.236369590203704,5.5053315359323625,3.1354942159291497,2.9444389791664403,0.0,0.0,48,2304,-2.4492935982947064e-16,1.0,-2.4492935982947064e-16,1.0,2000.0,7.601402334583733,-0.0476190476190476,2019-01-01,train
Banana,2019-01-01,2000.0,2155.8838582677167,260.0,5200.0,508,251,20,16,0,0,0,2019,1,1,Winter,2100.0,2332.5,2100.0,2000.0,2200.0,-0.0476190476190476,-0.0476190476190476,-0.0909090909090909,-100.0,2177.5,2105.4166666666665,2141.0416666666665,2100.0,2100.0,2150.0,134.2339375865882,121.55674258002615,118.1075123338774,2000.0,2332.5,0.0,100.0,-100.0,2200.0,-0.0909090909090909,2032.1875,2075.0,229.80948689285532,1883.125,1916.25,-5.416666666666515,0.0,0.0577352428640536,6.2324480165505225,5.529429087511423,3.044522437723423,2.833213344056216,0.0,0.0,49,2401,0.4999999999999999,0.8660254037844387,1.0,6.123233995736766e-17,2200.0,7.696667081526462,0.1,2019-02-01,train
Banana,2019-02-01,2200.0,2397.939044481054,180.0,8200.0,607,260,22,17,0,0,0,2019,2,1,Winter,2000.0,2100.0,2332.5,2100.0,2200.0,0.1,-0.0568060021436227,0.0,200.0,2144.1666666666665,2105.4166666666665,2124.375,2100.0,2100.0,2100.0,170.59332734117527,121.55674258002615,123.039743209627,2000.0,2332.5,-332.5,-100.0,-200.0,2200.0,0.0,2031.530612244898,2050.0,227.44952297532012,2000.0,2050.0,-105.41666666666652,-100.0,0.0577352428640536,6.410174881966167,5.564520407322694,3.1354942159291497,2.8903717578961645,0.0,0.0,50,2500,0.8660254037844386,0.5000000000000001,1.0,6.123233995736766e-17,2180.0,7.687538766201629,-0.009090909090909,2019-03-01,train
Banana,2019-03-01,2180.0,2426.874149659864,210.0,6100.0,588,268,21,20,0,0,0,2019,3,1,Spring,2200.0,2000.0,2100.0,2000.0,2300.0,-0.009090909090909,0.0380952380952381,-0.0521739130434782,-20.0,2100.0,2122.083333333333,2124.375,2100.0,2100.0,2100.0,100.00000000000011,127.3814808622774,123.039743209627,2000.0,2332.5,100.0,200.0,-100.0,2300.0,-0.0521739130434782,2034.9,2075.0,226.37390056528795,2027.5,2055.0,77.91666666666652,100.0,0.0600266157607433,6.3784261836515865,5.594711379601839,3.091042453358316,3.044522437723423,0.0,0.0,51,2601,1.0,6.123233995736766e-17,1.0,6.123233995736766e-17,2200.0,7.696667081526462,0.0091743119266054,2019-04-01,train
Banana,2019-04-01,2200.0,2442.2094801223243,175.0,11000.0,654,278,20,20,1,0,0,2019,4,2,Spring,2180.0,2200.0,2000.0,2100.0,1960.0,0.0091743119266054,0.1,0.1224489795918366,20.0,2126.6666666666665,2152.083333333333,2114.375,2180.0,2140.0,2100.0,110.15141094572216,113.2962561899851,111.8345216258056,2000.0,2332.5,180.0,80.0,220.0,1960.0,0.1224489795918366,2037.745098039216,2100.0,225.01791867646944,1967.5,1935.0,27.916666666666515,40.0,0.0526449205916678,6.484635235635252,5.631211781821365,3.044522437723423,3.044522437723423,0.0015290519877675,0.0,52,2704,0.8660254037844387,-0.4999999999999998,1.2246467991473532e-16,-1.0,2150.0,7.67368812926773,-0.0227272727272727,2019-05-01,train
Banana,2019-05-01,2150.0,2285.279359430605,190.0,6700.0,562,280,23,21,0,0,0,2019,5,2,Summer,2200.0,2180.0,2200.0,2332.5,2200.0,-0.0227272727272727,-0.0227272727272727,-0.0227272727272727,-50.0,2193.333333333333,2168.75,2134.375,2200.0,2190.0,2140.0,11.547005383794296,111.44224961835646,102.81340666911647,2000.0,2332.5,0.0,-132.5,0.0,2200.0,-0.0227272727272727,2040.8653846153843,2100.0,223.9342321908556,1975.0,2050.0,31.25,10.0,0.0513854753283488,6.333279628139691,5.638354669333745,3.1780538303479458,3.091042453358316,0.0,0.0,53,2809,0.4999999999999999,-0.8660254037844387,1.2246467991473532e-16,-1.0,2310.0,7.745435610274381,0.0744186046511627,2019-06-01,train
Banana,2019-06-01,2310.0,2619.7749003984063,245.0,7800.0,502,258,21,21,0,0,0,2019,6,2,Summer,2150.0,2200.0,2180.0,2100.0,2200.0,0.0744186046511627,0.0596330275229357,0.05,160.0,2176.6666666666665,2138.333333333333,2130.208333333333,2180.0,2165.0,2125.0,25.166114784236605,77.56717518813441,100.90757659933942,2000.0,2200.0,-30.0,50.0,-50.0,2200.0,0.05,2042.9245283018868,2100.0,222.27664667261655,2140.0,2160.0,11.666666666666517,-15.0,0.0362745947879038,6.220590170099739,5.556828061699537,3.091042453358316,3.091042453358316,0.0,0.0,54,2916,1.2246467991473532e-16,-1.0,1.2246467991473532e-16,-1.0,2500.0,7.824445930877619,0.0822510822510822,2019-07-01,train
Banana,2019-07-01,2500.0,2885.970409711684,235.0,8600.0,659,280,19,19,0,0,0,2019,7,3,Monsoon,2310.0,2150.0,2200.0,2000.0,2000.0,0.0822510822510822,0.1363636363636364,0.25,190.0,2220.0,2173.333333333333,2139.375,2200.0,2190.0,2125.0,81.85352771872473,100.73066398404572,112.18959703028712,2000.0,2310.0,110.0,310.0,310.0,2000.0,0.25,2047.8703703703704,2100.0,223.14931089872812,2101.25,2102.5,136.66666666666652,120.0,0.0463484650233339,6.492239835020471,5.638354669333745,2.995732273553991,2.995732273553991,0.0,0.0,55,3025,-0.4999999999999997,-0.8660254037844388,-1.0,-1.8369701987210294e-16,2535.0,7.8383433155571165,0.014,2019-08-01,train
Banana,2019-08-01,2535.0,2870.978187919463,200.0,9500.0,596,259,22,20,0,0,0,2019,8,3,Monsoon,2500.0,2310.0,2150.0,2200.0,2100.0,0.014,0.1790697674418604,0.207142857142857,35.0,2320.0,2256.6666666666665,2181.0416666666665,2310.0,2200.0,2165.0,175.21415467935242,130.94528119282012,144.0464663561622,2150.0,2500.0,350.0,300.0,400.0,2100.0,0.207142857142857,2056.090909090909,2100.0,229.3255830996033,2165.0,2180.0,243.33333333333348,300.0,0.0580259739406883,6.391917113392602,5.560681631015528,3.1354942159291497,3.044522437723423,0.0,0.0,56,3136,-0.8660254037844385,-0.5000000000000004,-1.0,-1.8369701987210294e-16,2200.0,7.696667081526462,-0.1321499013806706,2019-09-01,train
Banana,2019-09-01,2200.0,2554.7793103448275,500.0,8000.0,290,154,16,19,0,0,0,2019,9,3,Monsoon,2535.0,2500.0,2310.0,2180.0,2000.0,-0.1321499013806706,-0.0476190476190476,0.1,-335.0,2448.333333333333,2312.5,2217.2916666666665,2500.0,2255.0,2190.0,121.07160415776012,168.0996728134831,173.51793964540911,2150.0,2535.0,225.0,355.0,535.0,2000.0,0.1,2064.6428571428573,2100.0,236.07126647930468,2150.0,2100.0,222.5,280.0,0.0726917504058305,5.673323267171493,5.043425116919247,2.833213344056216,2.995732273553991,0.0,0.0,57,3249,-1.0,-1.8369701987210294e-16,-1.0,-1.8369701987210294e-16,2400.0,7.783640596221253,0.0909090909090908,2019-10-01,train
Banana,2019-10-01,2400.0,2787.0788461538464,200.0,8200.0,520,253,21,19,0,0,0,2019,10,4,Autumn,2200.0,2535.0,2500.0,2200.0,2100.0,0.0909090909090908,-0.04,0.1428571428571428,200.0,2411.6666666666665,2315.833333333333,2233.958333333333,2500.0,2255.0,2200.0,184.14215523158543,165.11864421278034,159.8133084589829,2150.0,2535.0,-300.0,0.0,100.0,2100.0,0.1428571428571428,2067.0175438596493,2100.0,234.6399400622816,1937.5,1925.0,-115.83333333333348,-55.0,0.0712998823516863,6.255750041753367,5.537334267018537,3.091042453358316,2.995732273553991,0.0,0.0,58,3364,-0.8660254037844386,0.5000000000000001,-2.4492935982947064e-16,1.0,2400.0,7.783640596221253,0.0,2019-11-01,train
Banana,2019-11-01,2400.0,2728.8118811881186,270.0,8100.0,606,269,23,19,0,0,0,2019,11,4,Autumn,2400.0,2200.0,2535.0,2150.0,2332.5,0.0,-0.0532544378698225,0.0289389067524115,0.0,2378.333333333333,2349.1666666666665,2258.958333333333,2400.0,2355.0,2200.0,168.54771826795314,157.04829405844157,160.4165682801742,2150.0,2535.0,-135.0,250.0,67.5,2332.5,0.0289389067524115,2072.758620689656,2100.0,236.6467543151368,2014.375,2100.0,50.833333333333485,45.0,0.0668527679567683,6.408528791059498,5.598421958998375,3.1780538303479458,2.995732273553991,0.0,0.0,59,3481,-0.5000000000000004,0.8660254037844384,-2.4492935982947064e-16,1.0,2200.0,7.696667081526462,-0.0833333333333333,2019-12-01,train
Banana,2019-12-01,2200.0,2199.2569169960475,500.0,6800.0,253,137,16,17,0,0,0,2019,12,4,Winter,2400.0,2400.0,2200.0,2310.0,2100.0,-0.0833333333333333,0.0,0.0476190476190476,-200.0,2333.333333333333,2390.833333333333,2264.583333333333,2400.0,2400.0,2200.0,115.47005383792506,123.14287095348531,164.36459380587294,2200.0,2535.0,200.0,90.0,300.0,2100.0,0.0476190476190476,2078.3050847457625,2100.0,238.4348392326644,2025.0,2050.0,9.166666666666517,0.0,0.0515062548428659,5.537334267018537,4.927253685157205,2.833213344056216,2.8903717578961645,0.0,0.0,60,3600,-2.4492935982947064e-16,1.0,-2.4492935982947064e-16,1.0,2300.0,7.741099090035366,0.0454545454545454,2020-01-01,train
Banana,2020-01-01,2300.0,2487.392045454545,400.0,7600.0,352,193,15,16,0,0,0,2020,1,1,Winter,2200.0,2400.0,2400.0,2500.0,2000.0,0.0454545454545454,-0.0416666666666666,0.1499999999999999,100.0,2333.333333333333,2372.5,2272.9166666666665,2400.0,2400.0,2200.0,115.47005383792522,144.00520823914692,157.65985154083677,2200.0,2535.0,-200.0,-300.0,200.0,2000.0,0.1499999999999999,2080.333333333333,2100.0,236.92703708938504,1906.5,2000.0,-172.5,-200.0,0.0606976641682389,5.8664680569332965,5.267858159063328,2.772588722239781,2.833213344056216,0.0,0.0,61,3721,0.4999999999999999,0.8660254037844387,1.0,6.123233995736766e-17,2300.0,7.741099090035366,0.0,2020-02-01,train
Banana,2020-02-01,2300.0,2339.948051948052,352.0,7200.0,385,202,17,17,0,0,0,2020,2,1,Winter,2300.0,2200.0,2400.0,2535.0,2200.0,0.0,-0.0416666666666666,0.0454545454545454,0.0,2300.0,2339.1666666666665,2297.9166666666665,2300.0,2350.0,2250.0,100.00000000000011,131.16465479185595,132.17513060903332,2200.0,2535.0,-100.0,-235.0,100.0,2200.0,0.0454545454545454,2083.934426229508,2100.0,236.6218233702927,2040.0,2100.0,-39.16666666666652,-50.0,0.0560732403812708,5.955837369464831,5.313205979041787,2.8903717578961645,2.8903717578961645,0.0,0.0,62,3844,0.8660254037844386,0.5000000000000001,1.0,6.123233995736766e-17,2225.0,7.70796153183549,-0.0326086956521739,2020-03-01,train
Banana,2020-03-01,2225.0,2322.711956521739,700.0,7000.0,184,105,12,12,0,0,0,2020,3,1,Spring,2300.0,2300.0,2200.0,2200.0,2180.0,-0.0326086956521739,0.0113636363636364,0.0206422018348624,-75.0,2266.6666666666665,2300.0,2306.25,2300.0,2300.0,2300.0,57.7350269189628,89.44271909999195,128.54297123742435,2200.0,2400.0,100.0,100.0,120.0,2180.0,0.0206422018348624,2087.4193548387098,2110.0,236.273133025617,2058.0,2150.0,0.0,0.0,0.0388881387391269,5.220355825078324,4.663439094112067,2.5649493574615367,2.5649493574615367,0.0,0.0,63,3969,1.0,6.123233995736766e-17,1.0,6.123233995736766e-17,2400.0,7.783640596221253,0.0786516853932584,2020-04-01,train
Banana,2020-04-01,2400.0,2349.5274390243903,150.0,6000.0,328,184,14,16,0,0,0,2020,4,2,Spring,2225.0,2300.0,2300.0,2400.0,2200.0,0.0786516853932584,0.0434782608695651,0.0909090909090908,175.0,2275.0,2304.1666666666665,2310.0,2300.0,2300.0,2300.0,43.30127018922193,84.28621872326892,125.13628933722926,2200.0,2400.0,-75.0,-175.0,25.0,2200.0,0.0909090909090908,2089.6031746031745,2120.0,235.00008851628672,2014.0,1960.0,-79.16666666666652,-75.0,0.0365799140932812,5.796057750765372,5.220355825078324,2.70805020110221,2.833213344056216,0.0,0.0,64,4096,0.8660254037844387,-0.4999999999999998,1.2246467991473532e-16,-1.0,2350.0,7.762596048540069,-0.0208333333333333,2020-05-01,train
Banana,2020-05-01,2350.0,2416.21325648415,500.0,7600.0,347,194,15,16,0,0,0,2020,5,2,Summer,2400.0,2225.0,2300.0,2400.0,2150.0,-0.0208333333333333,0.0217391304347827,0.0930232558139534,-50.0,2308.333333333333,2304.1666666666665,2326.6666666666665,2300.0,2300.0,2305.0,87.7971146071061,84.28621872326892,122.44355533234108,2200.0,2400.0,100.0,0.0,250.0,2150.0,0.0930232558139534,2094.453125,2135.0,236.3342185279615,2010.0,2150.0,95.83333333333348,100.0,0.0365799140932812,5.8522024797744745,5.272999558563747,2.772588722239781,2.833213344056216,0.0,0.0,65,4225,0.4999999999999999,-0.8660254037844387,1.2246467991473532e-16,-1.0,2240.0,7.714677473800927,-0.0468085106382978,2020-06-01,train
Banana,2020-06-01,2240.0,2416.5995623632384,375.0,6800.0,457,216,18,17,0,0,0,2020,6,2,Summer,2350.0,2400.0,2225.0,2200.0,2310.0,-0.0468085106382978,0.0067415730337079,-0.0303030303030302,-110.0,2325.0,2295.833333333333,2343.333333333333,2350.0,2300.0,2330.0,90.13878188659967,74.86098227158607,109.09406561089826,2200.0,2400.0,125.0,150.0,40.0,2310.0,-0.0303030303030302,2098.3846153846152,2150.0,236.61324206839188,2174.0,2200.0,54.16666666666652,50.0,0.0326073244014167,6.126869184114185,5.37989735354046,2.9444389791664403,2.8903717578961645,0.0,0.0,66,4356,1.2246467991473532e-16,-1.0,1.2246467991473532e-16,-1.0,2200.0,7.696667081526462,-0.0178571428571429,2020-07-01,train
Banana,2020-07-01,2200.0,2429.3525179856115,300.0,9000.0,417,212,17,16,0,0,0,2020,7,3,Monsoon,2240.0,2350.0,2400.0,2300.0,2500.0,-0.0178571428571429,-0.0833333333333333,-0.12,-40.0,2330.0,2302.5,2337.5,2350.0,2300.0,2325.0,81.85352771872444,65.85969936159785,112.84542927868516,2225.0,2400.0,-160.0,-60.0,-260.0,2500.0,-0.12,2100.530303030303,2150.0,235.43230088152373,2181.0,2205.0,-62.5,-60.0,0.0286035610690978,6.035481432524756,5.3612921657094255,2.8903717578961645,2.833213344056216,0.0,0.0,67,4489,-0.4999999999999997,-0.8660254037844388,-1.0,-1.8369701987210294e-16,2062.5,7.632158849192637,-0.0625,2020-08-01,train
Banana,2020-08-01,2062.5,2273.615702479339,400.0,9000.0,242,158,15,13,0,0,0,2020,8,3,Monsoon,2200.0,2240.0,2350.0,2300.0,2535.0,-0.0625,-0.1223404255319149,-0.1863905325443786,-137.5,2263.333333333333,2285.833333333333,2312.5,2240.0,2270.0,2300.0,77.67453465154027,78.12916655556184,106.63233348968014,2200.0,2400.0,-150.0,-100.0,-335.0,2535.0,-0.1863905325443786,2102.0149253731342,2150.0,233.95773009419395,2239.0,2260.0,-85.83333333333348,-70.0,0.0341797301737784,5.493061443340548,5.068904202220232,2.772588722239781,2.6390573296152584,0.0,0.0,68,4624,-0.8660254037844385,-0.5000000000000004,-1.0,-1.8369701987210294e-16,2260.0,7.72356247227797,0.0957575757575757,2020-09-01,train
Banana,2020-09-01,2260.0,2610.826747720365,350.0,7000.0,329,192,16,16,0,0,0,2020,9,3,Monsoon,2062.5,2200.0,2240.0,2225.0,2200.0,0.0957575757575757,0.0089285714285713,0.0272727272727273,197.5,2167.5,2246.25,2273.125,2200.0,2232.5,2270.0,93.1061222476804,118.99317207302298,104.21309571345456,2062.5,2400.0,-177.5,-162.5,-137.5,2200.0,0.0272727272727273,2101.433823529412,2150.0,232.254651551378,2160.0,2200.0,-183.75,-170.0,0.0529741444955027,5.799092654460526,5.262690188904886,2.833213344056216,2.833213344056216,0.0,0.0,69,4761,-1.0,-1.8369701987210294e-16,-1.0,-1.8369701987210294e-16,2330.0,7.754052639035757,0.0309734513274335,2020-10-01,train
Banana,2020-10-01,2330.0,2570.06157635468,275.0,6100.0,406,203,19,17,0,0,0,2020,10,4,Autumn,2260.0,2062.5,2200.0,2400.0,2400.0,0.0309734513274335,0.059090909090909,-0.0291666666666666,70.0,2174.1666666666665,2252.083333333333,2278.125,2200.0,2250.0,2280.0,101.25257198379384,118.600344294048,101.79706304925682,2062.5,2400.0,60.0,-140.0,-140.0,2400.0,-0.0291666666666666,2103.731884057971,2150.0,231.3295265434353,2030.0,2000.0,7.916666666666515,10.0,0.0526625025542488,6.008813185442595,5.318119993844216,2.995732273553991,2.8903717578961645,0.0,0.0,70,4900,-0.8660254037844386,0.5000000000000001,-2.4492935982947064e-16,1.0,2150.0,7.67368812926773,-0.0772532188841201,2020-11-01,train
Banana,2020-11-01,2150.0,2344.411458333333,500.0,7500.0,192,102,13,11,0,0,0,2020,11,4,Autumn,2330.0,2260.0,2062.5,2350.0,2400.0,-0.0772532188841201,0.0424242424242424,-0.1041666666666666,-180.0,2217.5,2240.4166666666665,2272.2916666666665,2260.0,2250.0,2280.0,138.72184399005087,103.6389968432092,96.01999278874862,2062.5,2350.0,267.5,-20.0,-70.0,2400.0,-0.1041666666666666,2106.964285714286,2165.0,231.23404483036848,2091.5,2100.0,89.58333333333348,80.0,0.0462588046166453,5.262690188904886,4.634728988229636,2.6390573296152584,2.4849066497880004,0.0,0.0,71,5041,-0.5000000000000004,0.8660254037844384,-2.4492935982947064e-16,1.0,2200.0,7.696667081526462,0.0232558139534884,2020-12-01,train
Banana,2020-12-01,2200.0,2420.3882978723404,280.0,7800.0,376,196,15,17,0,0,0,2020,12,4,Winter,2150.0,2330.0,2260.0,2240.0,2200.0,0.0232558139534884,-0.0265486725663717,0.0,50.0,2246.6666666666665,2207.083333333333,2251.458333333333,2260.0,2220.0,2250.0,90.73771725877468,92.9572034146183,92.86144574612447,2062.5,2330.0,-110.0,-90.0,-50.0,2200.0,0.0,2107.5704225352115,2150.0,229.63323701338948,2060.0,2100.0,-57.083333333333485,-70.0,0.0421176681508559,5.932245187448011,5.2832037287379885,2.772588722239781,2.8903717578961645,0.0,0.0,72,5184,-2.4492935982947064e-16,1.0,-2.4492935982947064e-16,1.0,2100.0,7.650168700845001,-0.0454545454545454,2021-01-01,train
Banana,2021-01-01,2100.0,2281.526754385965,325.0,6600.0,456,222,15,18,0,0,0,2021,1,1,Winter,2200.0,2150.0,2330.0,2200.0,2300.0,-0.0454545454545454,-0.0987124463519313,-0.0869565217391304,-100.0,2226.6666666666665,2200.4166666666665,2251.458333333333,2200.0,2200.0,2250.0,92.91573243177568,91.54802928882046,92.86144574612447,2062.5,2330.0,-130.0,0.0,-100.0,2300.0,-0.0869565217391304,2108.8541666666665,2165.0,228.2704171868884,1972.0833333333333,2025.0,-0.4166666666665151,0.0,0.0416048608773279,6.124683390894205,5.407171771460119,2.772588722239781,2.9444389791664403,0.0,0.0,73,5329,0.4999999999999999,0.8660254037844387,1.0,6.123233995736766e-17,2100.0,7.650168700845001,0.0,2021-02-01,train
Banana,2021-02-01,2100.0,2215.6085011185683,275.0,7600.0,447,223,17,17,0,0,0,2021,2,1,Winter,2100.0,2200.0,2150.0,2062.5,2300.0,0.0,-0.0232558139534884,-0.0869565217391304,0.0,2150.0,2183.75,2234.7916666666665,2150.0,2175.0,2232.5,49.99999999999987,100.3213586431128,100.95261227052136,2062.5,2330.0,-50.0,37.5,-200.0,2300.0,-0.0869565217391304,2108.732876712329,2150.0,226.6820319882717,2083.333333333333,2150.0,-83.75,-75.0,0.0459399467169377,6.104793232414985,5.41164605185504,2.8903717578961645,2.8903717578961645,0.0,0.0,74,5476,0.8660254037844386,0.5000000000000001,1.0,6.123233995736766e-17,2250.0,7.719129840906732,0.0714285714285714,2021-03-01,train
Banana,2021-03-01,2250.0,2364.614314115308,300.0,7100.0,503,236,17,17,0,0,0,2021,3,1,Spring,2100.0,2100.0,2200.0,2260.0,2225.0,0.0714285714285714,0.0227272727272727,0.0112359550561798,150.0,2133.333333333333,2190.0,2218.125,2100.0,2175.0,2212.5,57.7350269189625,92.08691546577104,105.610374189108,2100.0,2330.0,-100.0,-160.0,-125.0,2225.0,0.0112359550561798,2108.614864864865,2150.0,225.126350327156,2085.833333333333,2165.0,-90.0,-75.0,0.042048819847384,6.222576268071369,5.468060141135132,2.8903717578961645,2.8903717578961645,0.0,0.0,75,5625,1.0,6.123233995736766e-17,1.0,6.123233995736766e-17,2300.0,7.741099090035366,0.0222222222222221,2021-04-01,train
Banana,2021-04-01,2300.0,2365.488997555012,400.0,6300.0,409,213,19,17,0,0,0,2021,4,2,Spring,2250.0,2100.0,2100.0,2330.0,2400.0,0.0222222222222221,0.0952380952380953,-0.0416666666666666,50.0,2150.0,2188.333333333333,2220.208333333333,2100.0,2175.0,2220.0,86.60254037844386,90.64583093924796,106.00417194477178,2100.0,2330.0,150.0,-80.0,-150.0,2400.0,-0.0416666666666666,2110.5,2150.0,224.1952575624952,2078.333333333333,2080.0,61.66666666666652,75.0,0.0414223142144316,6.016157159698354,5.365976015021851,2.995732273553991,2.8903717578961645,0.0,0.0,76,5776,0.8660254037844387,-0.4999999999999998,1.2246467991473532e-16,-1.0,2440.0,7.80016307039296,0.0608695652173914,2021-05-01,train
Banana,2021-05-01,2440.0,2617.6802973977697,401.0,6800.0,269,161,13,16,0,0,0,2021,5,2,Summer,2300.0,2250.0,2100.0,2150.0,2350.0,0.0608695652173914,0.161904761904762,0.0382978723404254,140.0,2216.6666666666665,2183.333333333333,2211.875,2250.0,2175.0,2220.0,104.08329997330668,81.64965809277297,93.81512889236292,2100.0,2300.0,200.0,150.0,-50.0,2350.0,0.0382978723404254,2112.993421052632,2165.0,223.7539644851171,2066.6666666666665,2175.0,116.66666666666652,125.0,0.0373967899661555,5.598421958998375,5.087596335232384,2.6390573296152584,2.833213344056216,0.0,0.0,77,5929,0.4999999999999999,-0.8660254037844387,1.2246467991473532e-16,-1.0,2400.0,7.783640596221253,-0.0163934426229508,2021-06-01,train
Banana,2021-06-01,2400.0,2466.391011235955,476.0,7500.0,445,212,15,16,0,0,0,2021,6,2,Summer,2440.0,2300.0,2250.0,2200.0,2240.0,-0.0163934426229508,0.0666666666666666,0.0714285714285714,-40.0,2330.0,2231.6666666666665,2219.375,2300.0,2225.0,2220.0,98.48857801796116,129.6790910928463,108.33515441359724,2100.0,2440.0,190.0,240.0,200.0,2240.0,0.0714285714285714,2117.24025974026,2180.0,225.3792798932387,2185.0,2220.0,208.33333333333348,215.0,0.0581086293171828,6.100318952020064,5.3612921657094255,2.772588722239781,2.833213344056216,0.0,0.0,78,6084,1.2246467991473532e-16,-1.0,1.2246467991473532e-16,-1.0,2400.0,7.783640596221253,0.0,2021-07-01,train
Banana,2021-07-01,2400.0,2576.5033860045146,815.0,8100.0,443,204,15,15,0,0,0,2021,7,3,Monsoon,2400.0,2440.0,2300.0,2100.0,2200.0,0.0,0.0434782608695651,0.0909090909090908,0.0,2380.0,2265.0,2232.708333333333,2400.0,2275.0,2225.0,72.11102550927995,144.7411482613015,120.29064392192484,2100.0,2440.0,100.0,300.0,200.0,2200.0,0.0909090909090908,2120.8653846153848,2190.0,226.1883577945563,2184.1666666666665,2202.5,135.0,125.0,0.0639033767158064,6.095824562432225,5.3230099791384085,2.772588722239781,2.772588722239781,0.0,0.0,79,6241,-0.4999999999999997,-0.8660254037844388,-1.0,-1.8369701987210294e-16,2400.0,7.783640596221253,0.0,2021-08-01,train
Banana,2021-08-01,2400.0,2573.525925925926,936.0,7000.0,135,79,13,11,0,0,0,2021,8,3,Monsoon,2400.0,2400.0,2440.0,2100.0,2062.5,0.0,-0.0163934426229508,0.1636363636363635,0.0,2413.333333333333,2315.0,2249.375,2400.0,2350.0,2255.0,23.094010767585576,127.08265027138862,128.89444677367106,2100.0,2440.0,-40.0,300.0,337.5,2062.5,0.1636363636363635,2124.3987341772154,2200.0,226.9174759594621,2209.583333333333,2180.0,85.0,50.0,0.0548953132921765,4.912654885736052,4.382026634673881,2.6390573296152584,2.4849066497880004,0.0,0.0,80,6400,-0.8660254037844385,-0.5000000000000004,-1.0,-1.8369701987210294e-16,2410.0,7.787796878181171,0.0041666666666666,2021-09-01,train
Banana,2021-09-01,2410.0,2593.593220338983,400.0,6200.0,472,227,16,16,0,0,0,2021,9,3,Monsoon,2400.0,2400.0,2400.0,2250.0,2260.0,0.0041666666666666,0.0041666666666666,0.0663716814159292,10.0,2400.0,2365.0,2277.5,2400.0,2400.0,2280.0,0.0,73.14369419163943,120.99023251335709,2250.0,2440.0,0.0,150.0,140.0,2260.0,0.0663716814159292,2127.84375,2200.0,227.57240597322655,2176.6666666666665,2200.0,35.0,0.0,0.0309275662543929,6.159095388491933,5.429345628954441,2.833213344056216,2.833213344056216,0.0,0.0,81,6561,-1.0,-1.8369701987210294e-16,-1.0,-1.8369701987210294e-16,2400.0,7.783640596221253,-0.0041493775933609,2021-10-01,train
Banana,2021-10-01,2400.0,2534.943137254902,450.0,9200.0,510,237,17,18,0,0,0,2021,10,4,Autumn,2410.0,2400.0,2400.0,2300.0,2330.0,-0.0041493775933609,0.0,0.0300429184549355,-10.0,2403.333333333333,2391.6666666666665,2290.0,2400.0,2400.0,2315.0,5.773502691896192,47.50438576244023,126.63476472266017,2300.0,2440.0,10.0,110.0,80.0,2330.0,0.0300429184549355,2131.3271604938277,2200.0,228.3083463281324,2080.0,2050.0,18.333333333333485,10.0,0.019862460945968,6.236369590203704,5.472270673671475,2.8903717578961645,2.9444389791664403,0.0,0.0,82,6724,-0.8660254037844386,0.5000000000000001,-2.4492935982947064e-16,1.0,2350.0,7.762596048540069,-0.0208333333333333,2021-11-01,train
Banana,2021-11-01,2350.0,2468.861855670103,300.0,6000.0,485,220,16,17,0,0,0,2021,11,4,Autumn,2400.0,2410.0,2400.0,2440.0,2150.0,-0.0208333333333333,-0.0208333333333333,0.0930232558139534,-50.0,2403.333333333333,2408.333333333333,2295.833333333333,2400.0,2400.0,2350.0,5.773502691896192,16.020819787599432,130.20671211111866,2400.0,2440.0,0.0,-40.0,250.0,2150.0,0.0930232558139534,2134.603658536585,2200.0,228.82633635285973,2101.25,2125.0,-8.333333333333485,0.0,0.0066522435104219,6.186208623900494,5.3981627015177525,2.833213344056216,2.8903717578961645,0.0,0.0,83,6889,-0.5000000000000004,0.8660254037844384,-2.4492935982947064e-16,1.0,2300.0,7.741099090035366,-0.0212765957446808,2021-12-01,train
Banana,2021-12-01,2300.0,2480.04,250.0,7000.0,475,213,15,16,0,0,0,2021,12,4,Winter,2350.0,2400.0,2410.0,2400.0,2200.0,-0.0212765957446808,-0.0456431535269709,0.0454545454545454,-50.0,2386.6666666666665,2393.333333333333,2312.5,2400.0,2400.0,2375.0,32.1455025366431,21.60246899469457,122.40952131713766,2350.0,2410.0,-60.0,-50.0,150.0,2200.0,0.0454545454545454,2137.1987951807228,2200.0,228.65240074047853,2083.333333333333,2150.0,-43.333333333333485,-50.0,0.0090261012512651,6.16541785423142,5.365976015021851,2.772588722239781,2.833213344056216,0.0,0.0,84,7056,-2.4492935982947064e-16,1.0,-2.4492935982947064e-16,1.0,2100.0,7.650168700845001,-0.0869565217391304,2022-01-01,train
Banana,2022-01-01,2100.0,2432.805555555556,300.0,6500.0,540,249,20,22,0,0,0,2022,1,1,Winter,2300.0,2350.0,2400.0,2400.0,2100.0,-0.0869565217391304,-0.125,0.0,-200.0,2350.0,2376.6666666666665,2320.833333333333,2350.0,2400.0,2375.0,49.99999999999992,43.20493798938656,117.35403570806406,2300.0,2410.0,-100.0,-100.0,200.0,2100.0,0.0,2139.1369047619046,2200.0,227.9639100477968,1990.357142857143,2050.0,-76.66666666666652,-100.0,0.0181787957879606,6.293419278846481,5.521460917862246,3.044522437723423,3.1354942159291497,0.0,0.0,85,7225,0.4999999999999999,0.8660254037844387,1.0,6.123233995736766e-17,2200.0,7.696667081526462,0.0476190476190476,2022-02-01,train
Banana,2022-02-01,2200.0,3265.5970588235296,300.0,350000.0,680,288,22,22,7,1,0,2022,2,1,Winter,2100.0,2300.0,2350.0,2400.0,2100.0,0.0476190476190476,-0.0638297872340425,0.0476190476190476,100.0,2250.0,2326.6666666666665,2320.833333333333,2300.0,2375.0,2375.0,132.2875655532295,118.60297916438158,117.35403570806406,2100.0,2410.0,-250.0,-300.0,0.0,2100.0,0.0476190476190476,2138.676470588235,2200.0,226.64267694148973,2085.714285714286,2100.0,-226.6666666666665,-275.0,0.0509754924775279,6.523562306149512,5.666426688112432,3.1354942159291497,3.1354942159291497,0.0102941176470588,0.0,86,7396,0.8660254037844386,0.5000000000000001,1.0,6.123233995736766e-17,2300.0,7.741099090035366,0.0454545454545454,2022-03-01,train
Banana,2022-03-01,2300.0,2728.1968,300.0,8500.0,625,288,22,22,0,0,0,2022,3,1,Spring,2200.0,2100.0,2300.0,2410.0,2250.0,0.0454545454545454,0.0,0.0222222222222221,100.0,2200.0,2293.333333333333,2329.1666666666665,2200.0,2325.0,2375.0,99.99999999999996,121.92894105447948,102.90846182482473,2100.0,2410.0,-100.0,-210.0,-50.0,2250.0,0.0222222222222221,2139.389534883721,2200.0,225.40256015513003,2109.285714285714,2180.0,-93.33333333333348,-125.0,0.0531666894132904,6.439350371100098,5.666426688112432,3.1354942159291497,3.1354942159291497,0.0,0.0,87,7569,1.0,6.123233995736766e-17,1.0,6.123233995736766e-17,2500.0,7.824445930877619,0.0869565217391303,2022-04-01,train
Banana,2022-04-01,2500.0,3182.670382165605,400.0,42000.0,628,289,23,19,3,0,0,2022,4,2,Spring,2300.0,2200.0,2100.0,2400.0,2300.0,0.0869565217391303,0.1904761904761904,0.0869565217391303,200.0,2200.0,2275.0,2333.333333333333,2200.0,2300.0,2375.0,99.99999999999996,108.39741694339432,100.393166494477,2100.0,2400.0,200.0,-100.0,0.0,2300.0,0.0869565217391303,2141.235632183908,2200.0,224.748849999392,2110.0,2200.0,25.0,0.0,0.0476472162388546,6.444131256700441,5.66988092298052,3.1780538303479458,2.995732273553991,0.0047770700636942,0.0,88,7744,0.8660254037844387,-0.4999999999999998,1.2246467991473532e-16,-1.0,2100.0,7.650168700845001,-0.16,2022-05-01,train
Banana,2022-05-01,2100.0,2595.0,400.0,7900.0,230,125,14,17,0,0,0,2022,5,2,Summer,2500.0,2300.0,2200.0,2350.0,2440.0,-0.16,-0.0454545454545454,-0.139344262295082,-400.0,2333.333333333333,2291.6666666666665,2350.0,2300.0,2300.0,2400.0,152.7525231651946,135.70801990548216,110.45361017187228,2100.0,2500.0,300.0,150.0,60.0,2440.0,-0.139344262295082,2145.3125,2200.0,226.7026295739578,2120.0,2200.0,208.33333333333348,200.0,0.0592180450496649,5.442417710521793,4.836281906951478,2.70805020110221,2.8903717578961645,0.0,0.0,89,7921,0.4999999999999999,-0.8660254037844387,1.2246467991473532e-16,-1.0,2635.0,7.877017895622398,0.2547619047619047,2022-06-01,train
Banana,2022-06-01,2635.0,3403.469320066335,525.0,55000.0,603,269,22,19,4,1,0,2022,6,2,Summer,2100.0,2500.0,2300.0,2300.0,2400.0,0.2547619047619047,0.1456521739130434,0.0979166666666666,535.0,2300.0,2250.0,2321.6666666666665,2300.0,2250.0,2375.0,199.9999999999999,151.65750888103128,127.552722313939,2100.0,2500.0,-200.0,-200.0,-300.0,2400.0,0.0979166666666666,2144.803370786517,2200.0,225.4620334141337,2215.714285714286,2240.0,-150.0,-150.0,0.0674033372804583,6.403574197934815,5.598421958998375,3.1354942159291497,2.995732273553991,0.0066334991708126,0.0,90,8100,1.2246467991473532e-16,-1.0,1.2246467991473532e-16,-1.0,2850.0,7.955425088912672,0.0815939278937381,2022-07-01,train
Banana,2022-07-01,2850.0,3852.4777183600713,525.0,55000.0,561,265,20,18,9,3,0,2022,7,3,Monsoon,2635.0,2100.0,2500.0,2100.0,2400.0,0.0815939278937381,0.1399999999999999,0.1875,215.0,2411.6666666666665,2305.833333333333,2341.25,2500.0,2250.0,2375.0,278.2235312358272,220.00946949317145,155.62374497485882,2100.0,2635.0,135.0,535.0,235.0,2400.0,0.1875,2150.25,2200.0,230.06931356646373,2215.0,2205.0,329.1666666666665,385.0,0.095414298298448,6.331501849893691,5.583496308781699,3.044522437723423,2.9444389791664403,0.0160427807486631,0.0,91,8281,-0.4999999999999997,-0.8660254037844388,-1.0,-1.8369701987210294e-16,2892.5,7.970222121013894,0.0149122807017543,2022-08-01,train
Banana,2022-08-01,2892.5,3322.6169230769237,480.0,17875.0,650,278,22,22,5,0,0,2022,8,3,Monsoon,2850.0,2635.0,2100.0,2200.0,2400.0,0.0149122807017543,0.3773809523809524,0.2052083333333334,42.5,2528.333333333333,2430.833333333333,2378.75,2635.0,2400.0,2375.0,386.2102190949034,283.5562848301316,214.24417887498868,2100.0,2850.0,750.0,650.0,450.0,2400.0,0.2052083333333334,2157.9395604395604,2200.0,240.25929089637063,2236.785714285714,2260.0,419.1666666666665,450.0,0.1166498257785937,6.478509642208569,5.631211781821365,3.1354942159291497,3.1354942159291497,0.0076923076923076,0.0,92,8464,-0.8660254037844385,-0.5000000000000004,-1.0,-1.8369701987210294e-16,2650.0,7.8826922062890254,-0.0838375108038029,2022-09-01,train
Banana,2022-09-01,2650.0,3070.2913533834585,480.0,14000.0,532,269,23,18,1,0,0,2022,9,3,Monsoon,2892.5,2850.0,2635.0,2300.0,2410.0,-0.0838375108038029,0.0056925996204932,0.0995850622406639,-242.5,2792.5,2546.25,2419.7916666666665,2850.0,2567.5,2375.0,138.0443769227848,310.46638304331765,260.7995972470864,2100.0,2892.5,257.5,592.5,482.5,2410.0,0.0995850622406639,2165.9239130434785,2200.0,250.9087104114641,2210.0,2200.0,346.25,325.0,0.1219308328103358,6.278521424165844,5.598421958998375,3.1780538303479458,2.9444389791664403,0.0018796992481203,0.0,93,8649,-1.0,-1.8369701987210294e-16,-1.0,-1.8369701987210294e-16,2535.0,7.8383433155571165,-0.0433962264150943,2022-10-01,train
Banana,2022-10-01,2535.0,3956.548561151079,480.0,500000.0,556,262,22,19,2,1,0,2022,10,4,Autumn,2650.0,2892.5,2850.0,2500.0,2400.0,-0.0433962264150943,-0.1105263157894737,0.0562499999999999,-115.0,2797.5,2604.583333333333,2439.7916666666665,2850.0,2642.5,2375.0,129.49420836469824,286.93386287900336,269.052331706993,2100.0,2892.5,-200.0,150.0,250.0,2400.0,0.0562499999999999,2171.1290322580644,2200.0,254.5398971805048,2125.714285714286,2100.0,45.41666666666652,7.5,0.1101649769492254,6.322565239927284,5.572154032177765,3.1354942159291497,2.995732273553991,0.0035971223021582,0.0,94,8836,-0.8660254037844386,0.5000000000000001,-2.4492935982947064e-16,1.0,2500.0,7.824445930877619,-0.0138067061143983,2022-11-01,train
Banana,2022-11-01,2500.0,2954.489932885906,500.0,7600.0,596,263,24,21,0,0,0,2022,11,4,Autumn,2535.0,2650.0,2892.5,2100.0,2350.0,-0.0138067061143983,-0.135695764909248,0.0638297872340425,-35.0,2692.5,2610.4166666666665,2451.0416666666665,2650.0,2642.5,2425.0,182.4999999999997,284.72976954766546,270.0577765062789,2100.0,2892.5,-357.5,435.0,185.0,2350.0,0.0638297872340425,2175.0,2200.0,255.9344043985464,2136.785714285714,2150.0,-75.41666666666652,-107.5,0.1090744528195366,6.391917113392602,5.575949103146316,3.218875824868201,3.091042453358316,0.0,0.0,95,9025,-0.5000000000000004,0.8660254037844384,-2.4492935982947064e-16,1.0,2400.0,7.783640596221253,-0.04,2022-12-01,train
Banana,2022-12-01,2400.0,3725.544342507645,350.0,400000.0,654,268,24,22,9,2,0,2022,12,4,Winter,2500.0,2535.0,2650.0,2635.0,2300.0,-0.04,-0.0943396226415094,0.0434782608695651,-100.0,2561.6666666666665,2677.083333333333,2463.5416666666665,2535.0,2642.5,2500.0,78.47504911328957,161.46529554881664,268.42228080644406,2500.0,2892.5,-150.0,-135.0,200.0,2300.0,0.0434782608695651,2178.4210526315787,2200.0,256.7438942051906,2114.285714285714,2200.0,-177.08333333333348,-142.5,0.0603138847186241,6.484635235635252,5.594711379601839,3.218875824868201,3.1354942159291497,0.0137614678899082,0.0,96,9216,-2.4492935982947064e-16,1.0,-2.4492935982947064e-16,1.0,2100.0,7.650168700845001,-0.125,2023-01-01,train
Banana,2023-01-01,2100.0,2397.227467811159,480.0,6200.0,233,130,15,13,0,0,0,2023,1,1,Winter,2400.0,2500.0,2535.0,2850.0,2100.0,-0.125,-0.1715976331360946,0.0,-300.0,2478.333333333333,2637.9166666666665,2471.875,2500.0,2592.5,2500.0,70.05949852327812,198.06827526554247,264.4056907825208,2400.0,2892.5,-135.0,-450.0,300.0,2100.0,0.0,2180.7291666666665,2200.0,256.3883558882651,2004.0625,2075.0,-237.9166666666665,-192.5,0.0750851146165379,5.455321115357702,4.875197323201151,2.772588722239781,2.6390573296152584,0.0,0.0,97,9409,0.4999999999999999,0.8660254037844387,1.0,6.123233995736766e-17,2560.0,7.848153086199526,0.2190476190476191,2023-02-01,train
Banana,2023-02-01,2560.0,3235.631276901004,480.0,52000.0,697,288,24,22,6,2,0,2023,2,1,Winter,2100.0,2400.0,2500.0,2892.5,2200.0,0.2190476190476191,0.024,0.1636363636363635,460.0,2333.333333333333,2512.9166666666665,2471.875,2400.0,2517.5,2500.0,208.16659994661305,263.3553524549419,264.4056907825208,2100.0,2892.5,-400.0,-792.5,-100.0,2200.0,0.1636363636363635,2179.896907216495,2200.0,255.1811849996685,2100.0,2150.0,-412.9166666666665,-417.5,0.1048006708492556,6.548219102762372,5.666426688112432,3.218875824868201,3.1354942159291497,0.0086083213773314,0.0,98,9604,0.8660254037844386,0.5000000000000001,1.0,6.123233995736766e-17,2890.0,7.969357742016346,0.12890625,2023-03-01,train
Banana,2023-03-01,2890.0,3555.233208955224,480.0,52000.0,536,257,24,16,6,2,0,2023,3,1,Spring,2560.0,2100.0,2400.0,2650.0,2300.0,0.12890625,0.2041666666666666,0.2565217391304348,330.0,2353.333333333333,2457.5,2501.875,2400.0,2517.5,2517.5,233.5237318418264,193.1256067951632,250.8284568639044,2100.0,2650.0,160.0,-90.0,260.0,2300.0,0.2565217391304348,2183.775510204081,2200.0,256.7496687120698,2133.125,2202.5,102.5,42.5,0.078586208258459,6.285998094508865,5.552959584921617,3.218875824868201,2.833213344056216,0.0111940298507462,0.0,99,9801,1.0,6.123233995736766e-17,1.0,6.123233995736766e-17,3000.0,8.006700845440367,0.0380622837370241,2023-04-01,train
Banana,2023-04-01,3000.0,3088.8044280442805,480.0,7800.0,542,264,23,23,0,0,0,2023,4,2,Spring,2890.0,2560.0,2100.0,2535.0,2500.0,0.0380622837370241,0.4285714285714286,0.1999999999999999,110.0,2516.6666666666665,2497.5,2551.0416666666665,2560.0,2517.5,2547.5,396.77869566464034,255.69024228546544,265.08030158402795,2100.0,2890.0,790.0,355.0,390.0,2500.0,0.1999999999999999,2190.909090909091,2200.0,265.11439929289094,2158.75,2200.0,392.5,372.5,0.1023784753895757,6.297109319933935,5.579729825986222,3.1780538303479458,3.1780538303479458,0.0,0.0,100,10000,0.8660254037844387,-0.4999999999999998,1.2246467991473532e-16,-1.0,2800.0,7.937731775260109,-0.0666666666666666,2023-05-01,train
Banana,2023-05-01,2800.0,2992.9715639810424,480.0,15200.0,633,293,22,22,5,0,0,2023,5,2,Summer,3000.0,2890.0,2560.0,2500.0,2100.0,-0.0666666666666666,0.09375,0.3333333333333332,-200.0,2816.6666666666665,2575.0,2592.708333333333,2890.0,2530.0,2597.5,228.98325994127467,329.2263658943493,294.0420856035087,2100.0,3000.0,440.0,500.0,900.0,2100.0,0.3333333333333332,2199.0,2200.0,275.9021016537744,2117.5,2175.0,425.0,470.0,0.1278548993764463,6.452048954437226,5.683579767338681,3.1354942159291497,3.1354942159291497,0.0078988941548183,0.0,101,10201,0.4999999999999999,-0.8660254037844387,1.2246467991473532e-16,-1.0,2630.0,7.875119281040293,-0.0607142857142857,2023-06-01,train
Banana,2023-06-01,2630.0,3879.2861072902338,480.0,380000.0,727,309,21,21,4,2,0,2023,6,2,Summer,2800.0,3000.0,2890.0,2400.0,2635.0,-0.0607142857142857,-0.0899653979238754,-0.0018975332068311,-170.0,2896.6666666666665,2625.0,2651.0416666666665,2890.0,2680.0,2642.5,100.16652800877831,338.21590737279047,254.1372623329001,2100.0,3000.0,-90.0,400.0,165.0,2635.0,-0.0018975332068311,2204.9504950495048,2200.0,280.9572877231564,2268.125,2275.0,175.0,120.0,0.1288441551896344,6.590301048196686,5.736572297479192,3.091042453358316,3.091042453358316,0.0055020632737276,0.0,102,10404,1.2246467991473532e-16,-1.0,1.2246467991473532e-16,-1.0,2600.0,7.8636512654486515,-0.0114068441064638,2023-07-01,train
Banana,2023-07-01,2600.0,3027.895833333333,400.0,9200.0,576,274,19,21,0,0,0,2023,7,3,Monsoon,2630.0,2800.0,3000.0,2100.0,2850.0,-0.0114068441064638,-0.1333333333333333,-0.087719298245614,-30.0,2810.0,2663.333333333333,2650.625,2800.0,2715.0,2640.0,185.2025917745215,320.16662328647976,254.1700508964972,2100.0,3000.0,-370.0,530.0,-220.0,2850.0,-0.087719298245614,2209.1176470588234,2200.0,282.71308599431444,2294.375,2252.5,-33.333333333333485,-85.0,0.1202127496695168,6.3578422665081,5.616771097666572,2.995732273553991,3.091042453358316,0.0,0.0,103,10609,-0.4999999999999997,-0.8660254037844388,-1.0,-1.8369701987210294e-16,2777.5,7.929666492719976,0.0682692307692307,2023-08-01,train
Banana,2023-08-01,2777.5,3269.9891891891893,525.0,48000.0,740,319,23,22,5,0,0,2023,8,3,Monsoon,2600.0,2630.0,2800.0,2560.0,2892.5,0.0682692307692307,-0.0080357142857142,-0.0397579948141746,177.5,2676.6666666666665,2746.6666666666665,2629.7916666666665,2630.0,2715.0,2615.0,107.85793124908972,177.5011737050396,246.47159695604125,2560.0,3000.0,-200.0,40.0,-292.5,2892.5,-0.0397579948141746,2212.9126213592235,2200.0,283.9480277906476,2318.75,2330.0,-146.66666666666652,-115.0,0.0646242137275629,6.608000625296087,5.768320995793772,3.1780538303479458,3.1354942159291497,0.0067567567567567,0.0,104,10816,-0.8660254037844385,-0.5000000000000004,-1.0,-1.8369701987210294e-16,2800.0,7.937731775260109,0.008100810081008,2023-09-01,train
Cotton,2015-01-01,4100.0,4163.713151927438,3183.0,22150.0,441,252,13,26,1,0,0,2015,1,1,Winter,,,,,,,,,,,,,,,,,,,,,,,,,,,,,,,,,,6.091309882077698,5.53338948872752,2.6390573296152584,3.295836866004329,0.0022675736961451,0.0,1,1,0.4999999999999999,0.8660254037844387,1.0,6.123233995736766e-17,3950.0,8.281723990411392,-0.0365853658536585,2015-02-01,train
Cotton,2015-02-01,3950.0,3883.9166666666665,1204.0,4500.0,72,48,10,13,0,0,0,2015,2,1,Winter,4100.0,,,,,-0.0365853658536585,,,-150.0,,,,,,,,,,,,,,,,,,,,,,,,,4.290459441148391,3.8918202981106265,2.3978952727983707,2.6390573296152584,0.0,0.0,2,4,0.8660254037844386,0.5000000000000001,1.0,6.123233995736766e-17,3900.0,8.268988209506656,-0.0126582278481012,2015-03-01,train
Cotton,2015-03-01,3900.0,3810.448275862069,2600.0,4400.0,58,37,10,9,0,0,0,2015,3,1,Spring,3950.0,4100.0,,,,-0.0126582278481012,,,-50.0,4025.0,,,4025.0,,,106.06601717798212,,,,,,,,,,,,,,,,,,4.07753744390572,3.6375861597263857,2.3978952727983707,2.302585092994046,0.0,0.0,3,9,1.0,6.123233995736766e-17,1.0,6.123233995736766e-17,4100.0,8.31898612539206,0.0512820512820513,2015-04-01,train
Cotton,2015-04-01,4100.0,4111.0609756097565,2700.0,5100.0,246,160,11,25,0,0,0,2015,4,2,Spring,3900.0,3950.0,4100.0,,,0.0512820512820513,0.0,,200.0,3983.3333333333335,3983.3333333333335,,3950.0,3950.0,,104.08329997330668,104.08329997330668,,3900.0,4100.0,-200.0,,,,,3983.3333333333335,3950.0,104.08329997330668,,,-83.33333333333348,-50.0,0.0261296987380686,5.5093883366279774,5.081404364984463,2.4849066497880004,3.258096538021482,0.0,0.0,4,16,0.8660254037844387,-0.4999999999999998,1.2246467991473532e-16,-1.0,4200.0,8.343077871169383,0.024390243902439,2015-05-01,train
Cotton,2015-05-01,4200.0,4208.610778443114,3445.0,7600.0,167,113,9,19,0,0,0,2015,5,2,Summer,4100.0,3900.0,3950.0,,,0.024390243902439,0.0632911392405062,,100.0,3983.3333333333335,4012.5,,3950.0,4025.0,,104.08329997330668,103.07764064044152,,3900.0,4100.0,150.0,,,,,4012.5,4025.0,103.07764064044152,,,87.5,75.0,0.025689131623786,5.123963979403259,4.736198448394496,2.302585092994046,2.995732273553991,0.0,0.0,5,25,0.4999999999999999,-0.8660254037844387,1.2246467991473532e-16,-1.0,4200.0,8.343077871169383,0.0,2015-06-01,train
Cotton,2015-06-01,4200.0,4147.827586206897,800.0,7588.0,145,84,9,21,0,0,0,2015,6,2,Summer,4200.0,4100.0,3900.0,,,0.0,0.0769230769230768,,0.0,4066.6666666666665,4050.0,,4100.0,4100.0,,152.75252316519473,122.47448713915892,,3900.0,4200.0,300.0,,,,,4050.0,4100.0,122.47448713915892,,,150.0,100.0,0.0302406141084343,4.983606621708336,4.442651256490317,2.302585092994046,3.091042453358316,0.0,0.0,6,36,1.2246467991473532e-16,-1.0,1.2246467991473532e-16,-1.0,4072.0,8.312135107648412,-0.0304761904761904,2015-07-01,train
Cotton,2015-07-01,4072.0,4066.0,959.0,4675.0,100,63,7,20,0,0,0,2015,7,3,Monsoon,4200.0,4200.0,4100.0,4100.0,,-0.0304761904761904,-0.0068292682926829,,-128.0,4166.666666666667,4075.0,4075.0,4200.0,4100.0,4100.0,57.73502691896286,125.49900398011133,125.49900398011133,3900.0,4200.0,100.0,100.0,,,,4075.0,4100.0,125.49900398011133,,,125.0,100.0,0.0307973015902113,4.61512051684126,4.158883083359672,2.079441541679836,3.044522437723423,0.0,0.0,7,49,-0.4999999999999997,-0.8660254037844388,-1.0,-1.8369701987210294e-16,4048.0,8.30622521603216,-0.005893909626719,2015-08-01,train
Cotton,2015-08-01,4048.0,4063.64406779661,2875.0,4690.0,59,39,5,14,0,0,0,2015,8,3,Monsoon,4072.0,4200.0,4200.0,3950.0,,-0.005893909626719,-0.0361904761904762,,-24.0,4157.333333333333,4070.3333333333335,4074.571428571429,4200.0,4086.0,4100.0,73.90083445627197,124.90262874201916,114.5700035536602,3900.0,4200.0,-128.0,122.0,,,,4074.571428571429,4100.0,114.5700035536602,,,1.666666666666515,-14.0,0.0306860933769599,4.0943445622221,3.688879454113936,1.791759469228055,2.70805020110221,0.0,0.0,8,64,-0.8660254037844385,-0.5000000000000004,-1.0,-1.8369701987210294e-16,4250.0,8.35490952835879,0.0499011857707509,2015-09-01,train
Cotton,2015-09-01,4250.0,4173.1,1320.0,6000.0,110,66,8,20,0,0,0,2015,9,3,Monsoon,4048.0,4072.0,4200.0,3900.0,,0.0499011857707509,0.0119047619047618,,202.0,4106.666666666667,4086.6666666666665,4071.25,4072.0,4086.0,4086.0,81.71495171223756,111.73301511490084,106.48641764496138,3900.0,4200.0,-152.0,148.0,,,,4071.25,4086.0,106.48641764496138,,,-38.66666666666652,-38.0,0.0273408682989153,4.709530201312334,4.204692619390966,2.19722457733622,3.044522437723423,0.0,0.0,9,81,-1.0,-1.8369701987210294e-16,-1.0,-1.8369701987210294e-16,4200.0,8.343077871169383,-0.0117647058823529,2015-10-01,train
Cotton,2015-10-01,4200.0,4179.959770114942,2759.0,5400.0,261,148,10,19,0,0,0,2015,10,4,Autumn,4250.0,4048.0,4072.0,4100.0,,-0.0117647058823529,0.031434184675835,,-50.0,4123.333333333333,4145.0,4091.1111111111113,4072.0,4150.0,4100.0,110.35095528962708,82.26542408569946,116.06942367010834,4048.0,4250.0,178.0,150.0,,,,4091.1111111111113,4100.0,116.06942367010834,,,105.0,100.0,0.0198469056901566,5.568344503761097,5.003946305945459,2.3978952727983707,2.995732273553991,0.0,0.0,10,100,-0.8660254037844386,0.5000000000000001,-2.4492935982947064e-16,1.0,4050.0,8.30671904320269,-0.0357142857142857,2015-11-01,train
Cotton,2015-11-01,4050.0,4093.6285714285714,3330.0,6100.0,105,68,8,14,0,0,0,2015,11,4,Autumn,4200.0,4250.0,4048.0,4200.0,,-0.0357142857142857,0.0004940711462451,,-150.0,4166.0,4161.666666666667,4102.0,4200.0,4200.0,4100.0,105.2045626386986,81.45100776949691,114.72091739909024,4048.0,4250.0,152.0,0.0,,,,4102.0,4100.0,114.72091739909024,,,38.33333333333303,0.0,0.0195717279382051,4.663439094112067,4.23410650459726,2.19722457733622,2.70805020110221,0.0,0.0,11,121,-0.5000000000000004,0.8660254037844384,-2.4492935982947064e-16,1.0,4185.0,8.339500903005945,0.0333333333333334,2015-12-01,train
Cotton,2015-12-01,4185.0,4253.499102333932,1230.0,40000.0,557,303,12,33,1,0,0,2015,12,4,Winter,4050.0,4200.0,4250.0,4200.0,,0.0333333333333334,-0.0152941176470587,,135.0,4166.666666666667,4136.666666666667,4097.272727272727,4200.0,4136.0,4100.0,104.08329997330608,89.91255010657108,109.95734710249324,4048.0,4250.0,-200.0,-150.0,,,,4097.272727272727,4100.0,109.95734710249324,,,-86.66666666666697,-86.0,0.0217355076808793,6.324358962381311,5.717027701406222,2.5649493574615367,3.5263605246161616,0.0017953321364452,0.0,12,144,-2.4492935982947064e-16,1.0,-2.4492935982947064e-16,1.0,4600.0,8.434028950155469,0.0991636798088411,2016-01-01,train
Cotton,2016-01-01,4600.0,4552.615163147792,1075.0,6160.0,521,296,11,32,0,0,0,2016,1,1,Winter,4185.0,4050.0,4200.0,4072.0,4100.0,0.0991636798088411,0.0952380952380953,0.1219512195121952,415.0,4145.0,4134.166666666667,4104.583333333333,4185.0,4128.5,4100.0,82.61355820929134,87.98730969103816,107.85550800056808,4048.0,4250.0,-15.0,113.0,85.0,4100.0,0.1219512195121952,4104.583333333333,4100.0,107.85550800056808,,,50.83333333333303,56.5,0.0212829614249638,6.257667587882639,5.6937321388027,2.4849066497880004,3.49650756146648,0.0,0.0,13,169,0.4999999999999999,0.8660254037844387,1.0,6.123233995736766e-17,4480.0,8.407601514786142,-0.026086956521739,2016-02-01,train
Cotton,2016-02-01,4480.0,4463.430913348946,3400.0,6190.0,427,259,12,28,0,0,0,2016,2,1,Winter,4600.0,4185.0,4050.0,4048.0,3950.0,-0.026086956521739,0.1061728395061727,0.1341772151898734,-120.0,4278.333333333333,4222.166666666667,4146.25,4185.0,4192.5,4142.5,286.6327499315679,202.67256022132497,179.02367796670717,4048.0,4600.0,550.0,552.0,650.0,3950.0,0.1341772151898734,4142.692307692308,4100.0,171.88144393514614,,,377.833333333333,407.5,0.048002027447517,6.059123195581797,5.560681631015528,2.5649493574615367,3.367295829986474,0.0,0.0,14,196,0.8660254037844386,0.5000000000000001,1.0,6.123233995736766e-17,4400.0,8.38958706681109,-0.0178571428571429,2016-03-01,train
Cotton,2016-03-01,4400.0,4373.785511363636,3450.0,6100.0,352,219,11,24,0,0,0,2016,3,1,Spring,4480.0,4600.0,4185.0,4250.0,3900.0,-0.0178571428571429,0.0513739545997611,0.1282051282051282,-80.0,4421.666666666667,4294.166666666667,4190.416666666667,4480.0,4225.0,4192.5,213.56107635365612,205.14425818595691,191.1712503743619,4050.0,4600.0,295.0,230.0,580.0,3900.0,0.1282051282051282,4166.785714285715,4142.5,188.1424086538332,,,185.83333333333303,255.0,0.047772775048156,5.8664680569332965,5.393627546352362,2.4849066497880004,3.218875824868201,0.0,0.0,15,225,1.0,6.123233995736766e-17,1.0,6.123233995736766e-17,4352.5,8.37873539826867,-0.0107954545454544,2016-04-01,train
Cotton,2016-04-01,4352.5,4344.327956989248,3175.0,6162.0,186,132,10,20,0,0,0,2016,4,2,Spring,4400.0,4480.0,4600.0,4200.0,4100.0,-0.0107954545454544,-0.053804347826087,0.0615853658536584,-47.5,4493.333333333333,4319.166666666667,4232.083333333333,4480.0,4300.0,4200.0,100.66445913693627,207.8080043373367,176.0064349718928,4050.0,4600.0,-200.0,200.0,300.0,4100.0,0.0615853658536584,4182.333333333333,4185.0,191.0368949655937,,,80.83333333333303,100.0,0.048112985762069,5.231108616854587,4.890349128221754,2.3978952727983707,3.044522437723423,0.0,0.0,16,256,0.8660254037844387,-0.4999999999999998,1.2246467991473532e-16,-1.0,4275.0,8.360773272144936,-0.0178058587018954,2016-05-01,train
Cotton,2016-05-01,4275.0,4321.333333333333,3800.0,5108.0,54,36,5,11,0,0,0,2016,5,2,Summer,4352.5,4400.0,4480.0,4050.0,4200.0,-0.0178058587018954,-0.0457589285714286,0.0178571428571427,-77.5,4410.833333333333,4344.583333333333,4253.125,4400.0,4376.25,4200.0,64.43666140740264,199.47692013530423,173.86046194368822,4050.0,4600.0,-127.5,302.5,152.5,4200.0,0.0178571428571427,4192.96875,4192.5,189.39873888615708,,,7.91666666666697,-23.75,0.0459139357748854,4.007333185232471,3.610917912644224,1.791759469228055,2.4849066497880004,0.0,0.0,17,289,0.4999999999999999,-0.8660254037844387,1.2246467991473532e-16,-1.0,4785.0,8.47345026846832,0.119298245614035,2016-06-01,train
Cotton,2016-06-01,4785.0,4718.063909774436,2000.0,5800.0,133,82,9,16,0,0,0,2016,6,2,Summer,4275.0,4352.5,4400.0,4185.0,4200.0,0.119298245614035,0.0874999999999999,0.1392857142857142,510.0,4342.5,4382.083333333333,4259.375,4352.5,4376.25,4225.0,63.09714732061323,147.3636375320132,173.12359287252224,4185.0,4600.0,-125.0,90.0,75.0,4200.0,0.1392857142857142,4197.794117647059,4200.0,184.460620697848,,,-107.08333333333304,-101.25,0.0336286707308958,4.897839799950911,4.418840607796598,2.302585092994046,2.833213344056216,0.0,0.0,18,324,1.2246467991473532e-16,-1.0,1.2246467991473532e-16,-1.0,5175.0,8.551787836180736,0.0815047021943573,2016-07-01,train
Cotton,2016-07-01,5175.0,5184.455696202532,1050.0,15700.0,79,51,7,14,2,0,0,2016,7,3,Monsoon,4785.0,4275.0,4352.5,4600.0,4072.0,0.0815047021943573,0.1889718552556003,0.2708742632612966,390.0,4470.833333333333,4482.083333333333,4308.125,4352.5,4440.0,4262.5,274.8219120327416,185.51561030454175,228.41888604053705,4275.0,4785.0,432.5,185.0,713.0,4072.0,0.2708742632612966,4230.416666666667,4200.0,226.23076778837515,,,302.91666666666697,345.0,0.0413904866348331,4.382026634673881,3.951243718581428,2.079441541679836,2.70805020110221,0.0253164556962025,0.0,19,361,-0.4999999999999997,-0.8660254037844388,-1.0,-1.8369701987210294e-16,5500.0,8.612685172875459,0.0628019323671498,2016-08-01,train
Cotton,2016-08-01,5500.0,5383.430769230769,4000.0,6889.0,65,38,6,13,0,0,0,2016,8,3,Monsoon,5175.0,4785.0,4275.0,4480.0,4048.0,0.0628019323671498,0.2865497076023391,0.3586956521739131,325.0,4745.0,4577.916666666667,4400.041666666667,4785.0,4440.0,4313.75,451.3313638558677,341.5275123129417,325.89181545228706,4275.0,5175.0,900.0,695.0,1127.0,4048.0,0.3586956521739131,4280.131578947368,4200.0,308.70193472494486,,,597.083333333333,735.0,0.0746032610859251,4.189654742026425,3.6635616461296463,1.9459101490553128,2.6390573296152584,0.0,0.0,20,400,-0.8660254037844385,-0.5000000000000004,-1.0,-1.8369701987210294e-16,5000.0,8.517393171418904,-0.0909090909090909,2016-09-01,train
Cotton,2016-09-01,5000.0,5012.618421052632,3909.0,8000.0,76,50,9,12,0,0,0,2016,9,3,Monsoon,5500.0,5175.0,4785.0,4400.0,4250.0,-0.0909090909090909,0.044932079414838,0.1764705882352941,-500.0,5153.333333333333,4747.916666666667,4521.041666666667,5175.0,4592.5,4376.25,357.99208557359134,500.09103337959033,434.6935419106053,4275.0,5500.0,715.0,1100.0,1250.0,4250.0,0.1764705882352941,4341.125,4200.0,405.81425213617416,,,752.083333333333,907.5,0.1053285195358505,4.343805421853684,3.9318256327243257,2.302585092994046,2.5649493574615367,0.0,0.0,21,441,-1.0,-1.8369701987210294e-16,-1.0,-1.8369701987210294e-16,5060.0,8.529319371214077,0.012,2016-10-01,train
Cotton,2016-10-01,5060.0,4919.6832460732985,3810.0,6500.0,191,108,9,18,0,0,0,2016,10,4,Autumn,5000.0,5500.0,5175.0,4352.5,4200.0,0.012,-0.0222222222222222,0.2047619047619047,60.0,5225.0,4847.916666666667,4583.541666666667,5175.0,4892.5,4440.0,253.72228912729724,476.0157998078073,445.9520692922724,4275.0,5500.0,-175.0,647.5,800.0,4200.0,0.2047619047619047,4372.5,4200.0,420.8600123556529,,,152.08333333333303,107.5,0.0981897653234841,5.2574953720277815,4.691347882229144,2.302585092994046,2.9444389791664403,0.0,0.0,22,484,-0.8660254037844386,0.5000000000000001,-2.4492935982947064e-16,1.0,4750.0,8.46611040118692,-0.0612648221343873,2016-11-01,train
Cotton,2016-11-01,4750.0,4701.885196374622,66.0,6146.0,331,222,11,30,0,0,0,2016,11,4,Autumn,5060.0,5000.0,5500.0,4275.0,4050.0,-0.0612648221343873,-0.1363636363636363,0.1728395061728396,-310.0,5186.666666666667,4965.833333333333,4655.208333333333,5060.0,5030.0,4540.0,273.00793639256955,412.0851449235539,447.81091070051343,4275.0,5500.0,-440.0,785.0,1010.0,4050.0,0.1728395061728396,4403.75,4225.0,436.08839618329057,,,94.16666666666696,30.0,0.0829840869119424,5.805134968916488,5.407171771460119,2.4849066497880004,3.4339872044851463,0.0,0.0,23,529,-0.5000000000000004,0.8660254037844384,-2.4492935982947064e-16,1.0,4930.0,8.503297086224126,0.0378947368421052,2016-12-01,train
Cotton,2016-12-01,4930.0,4867.226315789474,3500.0,6649.0,570,289,11,31,0,0,0,2016,12,4,Winter,4750.0,5060.0,5000.0,4785.0,4185.0,0.0378947368421052,-0.014,0.1780167264038232,180.0,4936.666666666667,5045.0,4713.541666666667,5000.0,5030.0,4675.0,164.41816606850415,275.9710129705651,405.3904660006712,4750.0,5500.0,-250.0,-35.0,565.0,4185.0,0.1780167264038232,4418.804347826087,4250.0,432.1358882218976,,,-295.0,-280.0,0.0547018856235015,6.3473892096560105,5.66988092298052,2.4849066497880004,3.4657359027997265,0.0,0.0,24,576,-2.4492935982947064e-16,1.0,-2.4492935982947064e-16,1.0,5100.0,8.537191877922927,0.0344827586206897,2017-01-01,train
Cotton,2017-01-01,5100.0,5019.4078947368425,3860.0,6149.0,152,87,8,19,0,0,0,2017,1,1,Winter,4930.0,4750.0,5060.0,5175.0,4600.0,0.0344827586206897,0.0079051383399209,0.108695652173913,170.0,4913.333333333333,5069.166666666667,4775.625,4930.0,5030.0,4767.5,155.67059238446512,254.134150925582,372.8272281438863,4750.0,5500.0,-130.0,-245.0,330.0,4600.0,0.108695652173913,4440.104166666667,4262.5,435.3281615548826,4350.0,4350.0,-139.16666666666697,-100.0,0.0501333192685678,5.030437921392435,4.477336814478207,2.19722457733622,2.995732273553991,0.0,0.0,25,625,0.4999999999999999,0.8660254037844387,1.0,6.123233995736766e-17,5500.0,8.612685172875459,0.0784313725490195,2017-02-01,train
Cotton,2017-02-01,5500.0,5388.594160583942,54.6,7179.0,548,294,12,32,0,0,0,2017,2,1,Winter,5100.0,4930.0,4750.0,5500.0,4480.0,0.0784313725490195,0.1578947368421053,0.2276785714285714,400.0,4926.666666666667,5056.666666666667,4817.291666666667,4930.0,5030.0,4857.5,175.02380790432562,249.6931450133673,379.2987823443119,4750.0,5500.0,350.0,-400.0,620.0,4480.0,0.2276785714285714,4466.5,4275.0,446.1309598462471,4215.0,4215.0,43.33333333333303,70.0,0.0493790003322413,6.3080984415095305,5.68697535633982,2.5649493574615367,3.49650756146648,0.0,0.0,26,676,0.8660254037844386,0.5000000000000001,1.0,6.123233995736766e-17,5500.0,8.612685172875459,0.0,2017-03-01,train
Cotton,2017-03-01,5500.0,5435.111458333334,3350.0,6450.0,480,261,11,29,0,0,0,2017,3,1,Spring,5500.0,5100.0,4930.0,5000.0,4400.0,0.0,0.1156186612576064,0.25,0.0,5176.666666666667,5056.666666666667,4902.291666666667,5100.0,5030.0,4965.0,292.6317367158412,249.6931450133673,409.89668644745706,4750.0,5500.0,570.0,500.0,1100.0,4400.0,0.25,4506.25,4313.75,481.8227319253425,4150.0,4150.0,443.333333333333,470.0,0.0493790003322413,6.175867270105761,5.568344503761097,2.4849066497880004,3.4011973816621555,0.0,0.0,27,729,1.0,6.123233995736766e-17,1.0,6.123233995736766e-17,5400.0,8.594339400592892,-0.0181818181818181,2017-04-01,train
Cotton,2017-04-01,5400.0,5335.910416666667,3103.0,7000.0,240,152,9,22,0,0,0,2017,4,2,Spring,5500.0,5500.0,5100.0,5060.0,4352.5,-0.0181818181818181,0.0588235294117647,0.2406662837449742,-100.0,5366.666666666667,5140.0,4993.958333333333,5500.0,5080.0,5030.0,230.94010767584024,304.4339008717653,410.3538638304808,4750.0,5500.0,400.0,440.0,1147.5,4352.5,0.2406662837449742,4543.055555555556,4352.5,509.70550194985066,4226.25,4226.25,360.0,420.0,0.0592283853836119,5.484796933490655,5.030437921392435,2.302585092994046,3.1354942159291497,0.0,0.0,28,784,0.8660254037844387,-0.4999999999999998,1.2246467991473532e-16,-1.0,5050.0,8.527341522468053,-0.0648148148148147,2017-05-01,train
Cotton,2017-05-01,5050.0,4960.637640449439,3300.0,6011.0,178,122,9,20,0,0,0,2017,5,2,Summer,5400.0,5500.0,5500.0,4750.0,4275.0,-0.0648148148148147,-0.0818181818181817,0.1812865497076023,-350.0,5466.666666666667,5196.666666666667,5081.25,5500.0,5250.0,5080.0,57.73502691896271,317.9098404684361,371.02514617059006,4750.0,5500.0,-100.0,650.0,1125.0,4275.0,0.1812865497076023,4573.660714285715,4376.25,525.7417696925662,4237.5,4237.5,203.33333333333303,150.0,0.061175722989436,5.187385805840755,4.812184355372417,2.302585092994046,3.044522437723423,0.0,0.0,29,841,0.4999999999999999,-0.8660254037844387,1.2246467991473532e-16,-1.0,4900.0,8.497194544909547,-0.0297029702970297,2017-06-01,train
Cotton,2017-06-01,4900.0,4856.120967741936,3141.0,6902.0,124,80,8,19,0,0,0,2017,6,2,Summer,5050.0,5400.0,5500.0,4930.0,4785.0,-0.0297029702970297,-0.1090909090909091,0.0240334378265412,-150.0,5316.666666666667,5246.666666666667,5145.833333333333,5400.0,5250.0,5080.0,236.2907813126306,249.93332444207283,272.2201092476204,4930.0,5500.0,-450.0,120.0,265.0,4785.0,0.0240334378265412,4590.086206896552,4400.0,523.7909218409156,4492.5,4492.5,-196.66666666666697,-200.0,0.0476365929686288,4.8283137373023015,4.394449154672439,2.19722457733622,2.995732273553991,0.0,0.0,30,900,1.2246467991473532e-16,-1.0,1.2246467991473532e-16,-1.0,5000.0,8.517393171418904,0.0204081632653061,2017-07-01,train
Cotton,2017-07-01,5000.0,4942.333333333333,4000.0,5600.0,45,26,7,14,0,0,0,2017,7,3,Monsoon,4900.0,5050.0,5400.0,5100.0,5175.0,0.0204081632653061,-0.074074074074074,-0.0338164251207729,100.0,5116.666666666667,5241.666666666667,5155.416666666667,5050.0,5250.0,5080.0,256.5800719723445,257.7143121106518,260.1176161708828,4900.0,5500.0,-500.0,-200.0,-275.0,5175.0,-0.0338164251207729,4600.416666666667,4440.0,517.7817088199488,4623.5,4623.5,-341.66666666666697,-350.0,0.0491664824376442,3.828641396489095,3.295836866004329,2.079441541679836,2.70805020110221,0.0,0.0,31,961,-0.4999999999999997,-0.8660254037844388,-1.0,-1.8369701987210294e-16,4857.5,8.488485027279493,-0.0284999999999999,2017-08-01,train
Cotton,2017-08-01,4857.5,4796.666666666667,3725.0,5575.0,66,44,9,16,0,0,0,2017,8,3,Monsoon,5000.0,4900.0,5050.0,5500.0,5500.0,-0.0284999999999999,-0.0381188118811881,-0.1168181818181818,-142.5,4983.333333333333,5225.0,5140.833333333333,5000.0,5225.0,5055.0,76.37626158259889,271.569512280005,263.79945321237875,4900.0,5500.0,-50.0,-500.0,-500.0,5500.0,-0.1168181818181818,4613.306451612903,4480.0,514.112676972331,4774.0,4774.0,-225.0,-225.0,0.0519750262736851,4.204692619390966,3.80666248977032,2.302585092994046,2.833213344056216,0.0,0.0,32,1024,-0.8660254037844385,-0.5000000000000004,-1.0,-1.8369701987210294e-16,4505.0,8.41316512099219,-0.0725681935151827,2017-09-01,train
Cotton,2017-09-01,4505.0,4563.123893805309,2500.0,5621.0,113,72,10,20,0,0,0,2017,9,3,Monsoon,4857.5,5000.0,4900.0,5500.0,5000.0,-0.0725681935151827,-0.0806122448979591,-0.0989999999999999,-352.5,4919.166666666667,5117.916666666667,5087.291666666667,4900.0,5025.0,5025.0,73.15793417896359,268.0970750804015,249.06520306696103,4857.5,5500.0,-42.5,-642.5,-142.5,5000.0,-0.0989999999999999,4620.9375,4540.0,507.5914783277672,4625.0,4625.0,-260.41666666666697,-167.5,0.0523840250910171,4.736198448394496,4.290459441148391,2.3978952727983707,3.044522437723423,0.0,0.0,33,1089,-1.0,-1.8369701987210294e-16,-1.0,-1.8369701987210294e-16,4300.0,8.366602832783736,-0.0455049944506104,2017-10-01,train
Cotton,2017-10-01,4300.0,4240.195652173913,3150.0,4900.0,46,30,7,8,0,0,0,2017,10,4,Autumn,4505.0,4857.5,5000.0,5400.0,5060.0,-0.0455049944506104,-0.14,-0.150197628458498,-205.0,4787.5,4952.083333333333,5046.041666666667,4857.5,4950.0,5025.0,254.8161101657433,291.2233535736213,300.51368584273604,4505.0,5400.0,-495.0,-895.0,-555.0,5060.0,-0.150197628458498,4617.424242424242,4505.0,500.0048924950033,4630.0,4630.0,-447.083333333333,-445.0,0.0588082497750686,3.8501476017100575,3.4339872044851463,2.079441541679836,2.19722457733622,0.0,0.0,34,1156,-0.8660254037844386,0.5000000000000001,-2.4492935982947064e-16,1.0,4375.0,8.383890344101816,0.0174418604651163,2017-11-01,train
Cotton,2017-11-01,4375.0,4437.691343963554,2529.0,6000.0,439,258,12,27,0,0,0,2017,11,4,Autumn,4300.0,4505.0,4857.5,5050.0,4750.0,0.0174418604651163,-0.0993309315491508,-0.0789473684210526,75.0,4554.166666666667,4768.75,4982.708333333333,4505.0,4878.75,4965.0,281.9833032882153,298.9889211994313,369.4766851011472,4300.0,5050.0,-557.5,-750.0,-450.0,4750.0,-0.0789473684210526,4608.088235294118,4492.5,495.371034352615,4400.0,4400.0,-468.75,-578.75,0.0626975457298938,6.0867747269123065,5.556828061699537,2.5649493574615367,3.332204510175204,0.0,0.0,35,1225,-0.5000000000000004,0.8660254037844384,-2.4492935982947064e-16,1.0,4560.0,8.4252971767117,0.0422857142857142,2017-12-01,train
Cotton,2017-12-01,4560.0,4585.205078125,1210.0,7950.0,512,290,12,33,0,0,0,2017,12,4,Winter,4375.0,4300.0,4505.0,4900.0,4930.0,0.0422857142857142,0.0122086570477246,-0.075050709939148,185.0,4393.333333333333,4656.25,4951.458333333333,4375.0,4681.25,4965.0,103.7223858833458,298.9889211994313,405.09041966709066,4300.0,5000.0,-130.0,-525.0,-555.0,4930.0,-0.075050709939148,4601.428571428572,4480.0,489.6195723520992,4557.5,4557.5,-281.25,-306.25,0.0642123857609516,6.240275845170769,5.673323267171493,2.5649493574615367,3.5263605246161616,0.0,0.0,36,1296,-2.4492935982947064e-16,1.0,-2.4492935982947064e-16,1.0,5050.0,8.527341522468053,0.1074561403508771,2018-01-01,train
Cotton,2018-01-01,5050.0,5056.9939637826965,200.0,6999.0,497,284,12,35,0,0,0,2018,1,1,Winter,4560.0,4375.0,4300.0,5000.0,5100.0,0.1074561403508771,0.1744186046511628,-0.0098039215686274,490.0,4411.666666666667,4599.583333333333,4920.625,4375.0,4532.5,4950.0,133.82202110763996,274.7927249158289,420.6544211647534,4300.0,5000.0,260.0,-440.0,-540.0,5100.0,-0.0098039215686274,4600.277777777777,4492.5,482.6237138872784,4600.0,4600.0,-39.58333333333303,27.5,0.0597429603947811,6.210600077024653,5.652489180268651,2.5649493574615367,3.58351893845611,0.0,0.0,37,1369,0.4999999999999999,0.8660254037844387,1.0,6.123233995736766e-17,4804.0,8.477412321404392,-0.0487128712871287,2018-02-01,train
Cotton,2018-02-01,4804.0,4824.0074152542375,3785.0,6360.0,472,276,12,37,0,0,0,2018,2,1,Winter,5050.0,4560.0,4375.0,4857.5,5500.0,-0.0487128712871287,0.0980571428571428,-0.1265454545454545,-246.0,4661.666666666667,4607.916666666667,4916.458333333333,4560.0,4532.5,4950.0,348.795546607656,289.71717530492793,418.9603723034021,4300.0,5050.0,675.0,192.5,-450.0,5500.0,-0.1265454545454545,4612.4324324324325,4505.0,481.582506519481,4643.333333333333,4480.0,442.083333333333,517.5,0.062873787931262,6.159095388491933,5.6240175061873385,2.5649493574615367,3.6375861597263857,0.0,0.0,38,1444,0.8660254037844386,0.5000000000000001,1.0,6.123233995736766e-17,4665.0,8.448057452581375,-0.0289342214820982,2018-03-01,train
Cotton,2018-03-01,4665.0,4641.248633879782,2829.0,6025.0,366,240,11,30,0,0,0,2018,3,1,Spring,4804.0,5050.0,4560.0,4505.0,5500.0,-0.0289342214820982,0.0230263157894736,-0.1518181818181818,-139.0,4804.666666666667,4599.0,4858.458333333333,4804.0,4532.5,4878.75,245.00068027116467,281.19743953315026,376.8968666705257,4300.0,5050.0,244.0,299.0,-696.0,5500.0,-0.1518181818181818,4617.473684210527,4532.5,476.04547743473006,4600.0,4400.0,205.0,271.5,0.0611431701528919,5.905361848054571,5.484796933490655,2.4849066497880004,3.4339872044851463,0.0,0.0,39,1521,1.0,6.123233995736766e-17,1.0,6.123233995736766e-17,4500.0,8.412054873292933,-0.0353697749196141,2018-04-01,train
Cotton,2018-04-01,4500.0,4524.12676056338,3150.0,10650.0,71,45,8,15,1,0,0,2018,4,2,Spring,4665.0,4804.0,5050.0,4300.0,5400.0,-0.0353697749196141,-0.1089108910891089,-0.1666666666666666,-165.0,4839.666666666667,4625.666666666667,4788.875,4804.0,4612.5,4830.75,194.9623895353497,278.0695356680885,320.55520904433007,4300.0,5050.0,-385.0,365.0,-735.0,5400.0,-0.1666666666666666,4618.692307692308,4560.0,469.80160447879547,4617.5,4352.5,39.33333333333303,52.5,0.0601144776972159,4.276666119016055,3.828641396489095,2.19722457733622,2.772588722239781,0.0140845070422535,0.0,40,1600,0.8660254037844387,-0.4999999999999998,1.2246467991473532e-16,-1.0,4575.0,8.428580533059634,0.0166666666666666,2018-05-01,train
Cotton,2018-05-01,4575.0,4452.543715846995,1025.0,5475.0,183,127,8,27,0,0,0,2018,5,2,Summer,4500.0,4665.0,4804.0,4375.0,5050.0,0.0166666666666666,-0.0476686094920899,-0.094059405940594,75.0,4656.333333333333,4659.0,4713.875,4665.0,4612.5,4734.5,152.18519419882296,240.69898213328543,265.0535216106015,4375.0,5050.0,-304.0,125.0,-550.0,5050.0,-0.094059405940594,4615.725,4532.5,464.1189744407115,4508.333333333333,4275.0,-159.0,-112.5,0.0516632286184343,5.214935757608986,4.852030263919617,2.19722457733622,3.332204510175204,0.0,0.0,41,1681,0.4999999999999999,-0.8660254037844387,1.2246467991473532e-16,-1.0,4850.0,8.486940148245216,0.0601092896174864,2018-06-01,train
Cotton,2018-06-01,4850.0,4775.604166666667,1151.0,6600.0,120,81,8,23,0,0,0,2018,6,2,Summer,4575.0,4500.0,4665.0,4560.0,4900.0,0.0601092896174864,0.0396570203644157,-0.010204081632653,275.0,4580.0,4692.333333333333,4674.291666666667,4575.0,4620.0,4620.0,82.61355820929205,204.65255108760883,245.003010958616,4500.0,5050.0,-90.0,15.0,-325.0,4900.0,-0.010204081632653,4614.731707317073,4560.0,458.3248997376343,4628.333333333333,4785.0,-117.33333333333304,-45.0,0.0436142397714588,4.795790545596741,4.406719247264253,2.19722457733622,3.1780538303479458,0.0,0.0,42,1764,1.2246467991473532e-16,-1.0,1.2246467991473532e-16,-1.0,5000.0,8.517393171418904,0.0309278350515462,2018-07-01,train
Cotton,2018-07-01,5000.0,4969.875,3800.0,6059.0,8,6,4,5,0,0,0,2018,7,3,Monsoon,4850.0,4575.0,4500.0,5050.0,5000.0,0.0309278350515462,0.1111111111111111,0.0,150.0,4641.666666666667,4740.666666666667,4670.125,4575.0,4734.5,4620.0,184.27786989579997,201.36699497848755,241.2113487643712,4500.0,5050.0,350.0,-200.0,-150.0,5000.0,0.0,4620.333333333333,4567.5,454.1543154880543,4749.0,5000.0,109.33333333333304,115.5,0.042476514198809,2.19722457733622,1.9459101490553128,1.6094379124341005,1.791759469228055,0.0,0.0,43,1849,-0.4999999999999997,-0.8660254037844388,-1.0,-1.8369701987210294e-16,5600.0,8.630700432209832,0.1200000000000001,2018-08-01,train
Cotton,2018-08-01,5600.0,5470.0,1100.0,9350.0,44,33,7,16,0,0,0,2018,8,3,Monsoon,5000.0,4850.0,4575.0,4804.0,4857.5,0.1200000000000001,0.2240437158469945,0.152856407617087,600.0,4808.333333333333,4732.333333333333,4670.125,4850.0,4734.5,4620.0,215.5419526062928,186.4903929607804,241.2113487643712,4500.0,5000.0,425.0,196.0,142.5,4857.5,0.152856407617087,4629.162790697675,4575.0,452.4351140130781,4801.833333333333,4857.5,267.66666666666697,265.5,0.0394077043658759,3.80666248977032,3.5263605246161616,2.079441541679836,2.833213344056216,0.0,0.0,44,1936,-0.8660254037844385,-0.5000000000000004,-1.0,-1.8369701987210294e-16,5470.0,8.607216694063826,-0.0232142857142857,2018-09-01,train
Cotton,2018-09-01,5470.0,5354.153846153846,3653.0,6364.0,39,33,8,11,0,0,0,2018,9,3,Monsoon,5600.0,5000.0,4850.0,4665.0,4505.0,-0.0232142857142857,0.1278350515463917,0.2142064372918979,-130.0,5150.0,4865.0,4732.0,5000.0,4757.5,4620.0,396.8626966596887,403.98019753448233,359.7509239358905,4500.0,5600.0,750.0,935.0,1095.0,4505.0,0.2142064372918979,4651.227272727273,4587.5,470.4871356586664,4585.0,4505.0,735.0,842.5,0.0830380673246623,3.688879454113936,3.5263605246161616,2.19722457733622,2.4849066497880004,0.0,0.0,45,2025,-1.0,-1.8369701987210294e-16,-1.0,-1.8369701987210294e-16,5219.5,8.560348461730165,-0.0457952468007312,2018-10-01,train
Cotton,2018-10-01,5219.5,5220.253676470588,2000.0,6702.0,272,161,10,27,0,0,0,2018,10,4,Autumn,5470.0,5600.0,5000.0,4500.0,4300.0,-0.0457952468007312,0.0439,0.2138372093023255,-250.5,5356.666666666667,4999.166666666667,4812.416666666667,5470.0,4925.0,4734.5,315.64748269760275,454.7572612577679,408.8943980881593,4500.0,5600.0,470.0,970.0,1170.0,4300.0,0.2138372093023255,4669.422222222222,4600.0,480.858405680021,4520.0,4300.0,470.833333333333,545.0,0.0909666133537792,5.60947179518496,5.087596335232384,2.3978952727983707,3.332204510175204,0.0,0.0,46,2116,-0.8660254037844386,0.5000000000000001,-2.4492935982947064e-16,1.0,5482.0,8.609407675404048,0.0502921735798447,2018-11-01,train
Cotton,2018-11-01,5482.0,5409.6207865168535,800.0,6607.0,178,130,9,23,0,0,0,2018,11,4,Autumn,5219.5,5470.0,5600.0,4575.0,4375.0,0.0502921735798447,-0.0210714285714285,0.2530285714285714,262.5,5429.833333333333,5119.083333333333,4889.041666666667,5470.0,5109.75,4827.0,193.4039382570409,386.55406047106186,389.85197997172935,4575.0,5600.0,-380.5,644.5,844.5,4375.0,0.2530285714285714,4681.380434782609,4632.5,482.3530079468383,4391.666666666667,4375.0,100.41666666666696,109.75,0.0755123594011418,5.187385805840755,4.875197323201151,2.302585092994046,3.1780538303479458,0.0,0.0,47,2209,-0.5000000000000004,0.8660254037844384,-2.4492935982947064e-16,1.0,5400.0,8.594339400592892,-0.0149580445093031,2018-12-01,train
Cotton,2018-12-01,5400.0,5396.255319148936,1090.0,7205.0,376,208,11,35,0,0,0,2018,12,4,Winter,5482.0,5219.5,5470.0,4850.0,4560.0,-0.0149580445093031,-0.0127970749542961,0.1842105263157893,-82.0,5390.5,5270.25,4981.291666666667,5470.0,5344.75,4925.0,148.21184163217166,298.56117463594995,388.12723185324046,4850.0,5600.0,12.0,632.0,922.0,4560.0,0.1842105263157893,4698.414893617021,4665.0,491.16659397217546,4558.333333333333,4560.0,211.75,137.25,0.0566502869192068,5.932245187448011,5.342334251964811,2.4849066497880004,3.58351893845611,0.0,0.0,48,2304,-2.4492935982947064e-16,1.0,-2.4492935982947064e-16,1.0,5400.0,8.594339400592892,0.0,2019-01-01,train
Cotton,2019-01-01,5400.0,5370.681818181818,1075.0,6725.0,440,243,11,30,0,0,0,2019,1,1,Winter,5400.0,5482.0,5219.5,5000.0,5050.0,0.0,0.0345818564996647,0.0693069306930693,0.0,5367.166666666667,5361.916666666667,5051.291666666667,5400.0,5435.0,5025.0,134.29476286636518,217.02636168600503,380.9199664408935,5000.0,5600.0,180.5,400.0,350.0,5050.0,0.0693069306930693,4713.03125,4707.5,496.3530766120367,4712.5,4825.0,38.08333333333303,-35.0,0.0404755193297182,6.089044875446846,5.497168225293202,2.4849066497880004,3.4339872044851463,0.0,0.0,49,2401,0.4999999999999999,0.8660254037844387,1.0,6.123233995736766e-17,5350.0,8.585038738311304,-0.0092592592592593,2019-02-01,train
Cotton,2019-02-01,5350.0,5262.357142857143,110.0,10000.0,420,236,11,34,1,0,0,2019,2,1,Winter,5400.0,5400.0,5482.0,5600.0,4804.0,-0.0092592592592593,-0.0240788033564393,0.1136552872606162,-50.0,5427.333333333333,5428.583333333333,5080.458333333333,5400.0,5435.0,5109.75,47.34272207354804,125.93824544857098,393.9875089352044,5219.5,5600.0,-82.0,-200.0,596.0,4804.0,0.1136552872606162,4727.051020408163,4750.0,500.8641412276261,4683.5,4642.0,-28.58333333333303,-35.0,0.0231990996021499,6.042632833682381,5.468060141135132,2.4849066497880004,3.555348061489413,0.0023809523809523,0.0,50,2500,0.8660254037844386,0.5000000000000001,1.0,6.123233995736766e-17,5300.0,8.575650760987806,-0.0093457943925233,2019-03-01,train
Cotton,2019-03-01,5300.0,5211.685410334347,1080.0,10500.0,329,200,11,31,1,0,0,2019,3,1,Spring,5350.0,5400.0,5400.0,5470.0,4665.0,-0.0093457943925233,-0.0185185185185184,0.1361200428724545,-50.0,5383.333333333333,5386.916666666667,5125.958333333333,5400.0,5400.0,5284.75,28.86751345948116,95.57950442780393,390.6717093285548,5219.5,5482.0,-50.0,-120.0,685.0,4665.0,0.1361200428724545,4739.51,4767.5,503.4942949031302,4616.25,4532.5,-36.91666666666697,-50.0,0.0177428964177659,5.799092654460526,5.303304908059076,2.4849066497880004,3.4657359027997265,0.0030395136778115,0.0,51,2601,1.0,6.123233995736766e-17,1.0,6.123233995736766e-17,5888.0,8.68084148294457,0.110943396226415,2019-04-01,train
Cotton,2019-04-01,5888.0,5779.273037542662,1250.0,6450.0,293,177,10,27,0,0,0,2019,4,2,Spring,5300.0,5350.0,5400.0,5219.5,4500.0,0.110943396226415,0.0903703703703704,0.3084444444444445,588.0,5350.0,5358.583333333333,5178.875,5350.0,5375.0,5325.0,49.999999999999886,91.11773519279689,364.7008814830904,5219.5,5482.0,-100.0,80.5,800.0,4500.0,0.3084444444444445,4750.5,4785.0,504.5752272951975,4588.125,4426.25,-58.58333333333303,-75.0,0.0170040716967103,5.683579767338681,5.181783550292085,2.3978952727983707,3.332204510175204,0.0,0.0,52,2704,0.8660254037844387,-0.4999999999999998,1.2246467991473532e-16,-1.0,5899.5,8.682792372065803,0.001953125,2019-05-01,train
Cotton,2019-05-01,5899.5,5673.953333333333,1220.0,6450.0,150,101,9,22,0,0,0,2019,5,2,Summer,5888.0,5300.0,5350.0,5482.0,4575.0,0.001953125,0.1027102803738317,0.2895081967213115,11.5,5512.666666666667,5470.0,5294.541666666667,5350.0,5400.0,5375.0,326.0081798564773,213.52657914179656,349.61221753753466,5300.0,5888.0,538.0,406.0,1313.0,4575.0,0.2895081967213115,4772.375,4794.5,523.9149653630566,4525.0,4425.0,418.0,488.0,0.039035937685886,5.017279836814924,4.624972813284271,2.302585092994046,3.1354942159291497,0.0,0.0,53,2809,0.4999999999999999,-0.8660254037844387,1.2246467991473532e-16,-1.0,5838.0,8.672314828283538,-0.0104246122552759,2019-06-01,train
Cotton,2019-06-01,5838.0,5683.120879120879,1240.0,6660.0,91,60,9,21,0,0,0,2019,6,2,Summer,5899.5,5888.0,5300.0,5400.0,4850.0,-0.0104246122552759,0.1015094339622642,0.2037113402061856,-61.5,5695.833333333333,5539.583333333333,5404.916666666667,5888.0,5400.0,5400.0,342.84994288074955,276.8549108588549,308.4504404963968,5300.0,5899.5,599.5,499.5,1049.5,4850.0,0.2037113402061856,4793.641509433963,4804.0,541.459427215701,4683.75,4817.5,359.91666666666697,499.5,0.0499775694668109,4.5217885770490405,4.110873864173311,2.302585092994046,3.091042453358316,0.0,0.0,54,2916,1.2246467991473532e-16,-1.0,1.2246467991473532e-16,-1.0,5700.0,8.648396877031582,-0.0236382322713257,2019-07-01,train
Cotton,2019-07-01,5700.0,5615.720588235294,4789.0,6410.0,68,43,8,12,0,0,0,2019,7,3,Monsoon,5838.0,5899.5,5888.0,5400.0,5000.0,-0.0236382322713257,-0.0319293478260869,0.1399999999999999,-138.0,5875.166666666667,5612.583333333333,5487.25,5888.0,5619.0,5435.0,32.696839806521474,290.1166001225445,277.1349769598601,5300.0,5899.5,-50.0,438.0,838.0,5000.0,0.1399999999999999,4812.981481481482,4827.0,554.837371744691,4811.75,5000.0,225.41666666666697,219.0,0.0516903862076366,4.23410650459726,3.784189633918261,2.19722457733622,2.5649493574615367,0.0,0.0,55,3025,-0.4999999999999997,-0.8660254037844388,-1.0,-1.8369701987210294e-16,5466.5,8.606576752550923,-0.0409649122807017,2019-08-01,train
Cotton,2019-08-01,5466.5,5404.379310344828,1160.0,7000.0,58,38,8,14,0,0,0,2019,8,3,Monsoon,5700.0,5838.0,5899.5,5350.0,5600.0,-0.0409649122807017,-0.0733960505127553,-0.0238392857142857,-233.5,5812.5,5662.583333333333,5545.583333333333,5838.0,5769.0,5476.0,102.16530722314693,271.39941353412013,235.84633222553816,5300.0,5899.5,-199.5,350.0,100.0,5600.0,-0.0238392857142857,4829.109090909091,4850.0,562.5381525407618,5001.375,5178.75,37.41666666666697,-69.0,0.0479285509029954,4.07753744390572,3.6635616461296463,2.19722457733622,2.70805020110221,0.0,0.0,56,3136,-0.8660254037844385,-0.5000000000000004,-1.0,-1.8369701987210294e-16,5350.0,8.585038738311304,-0.0213116253544315,2019-09-01,train
Cotton,2019-09-01,5350.0,5280.476190476191,4600.0,5700.0,21,13,6,7,0,0,0,2019,9,3,Monsoon,5466.5,5700.0,5838.0,5300.0,5470.0,-0.0213116253544315,-0.0835902706406304,-0.0219378427787934,-116.5,5668.166666666667,5682.0,5534.458333333333,5700.0,5769.0,5468.25,187.7846727859688,247.695983011428,236.19449404071227,5300.0,5899.5,-371.5,166.5,-3.5,5470.0,-0.0219378427787934,4840.491071428572,4853.75,563.8708386200728,4806.25,4752.5,-215.5,-302.5,0.0435930980308743,3.091042453358316,2.6390573296152584,1.9459101490553128,2.079441541679836,0.0,0.0,57,3249,-1.0,-1.8369701987210294e-16,-1.0,-1.8369701987210294e-16,5200.0,8.556606193773073,-0.02803738317757,2019-10-01,train
Cotton,2019-10-01,5200.0,5009.808139534884,950.0,6100.0,172,114,11,19,0,0,0,2019,10,4,Autumn,5350.0,5466.5,5700.0,5888.0,5219.5,-0.02803738317757,-0.087719298245614,-0.0037359900373599,-150.0,5505.5,5690.333333333333,5524.458333333333,5466.5,5769.0,5433.25,178.22948689821243,232.6584764556501,241.64892437482888,5350.0,5899.5,-350.0,-538.0,130.5,5219.5,-0.0037359900373599,4849.429824561404,4857.5,562.8738871582265,4694.875,4680.0,-340.33333333333303,-419.0,0.0408866164470124,5.153291594497779,4.74493212836325,2.4849066497880004,2.995732273553991,0.0,0.0,58,3364,-0.8660254037844386,0.5000000000000001,-2.4492935982947064e-16,1.0,5039.5,8.525260562493996,-0.0308653846153845,2019-11-01,train
Cotton,2019-11-01,5039.5,4928.980916030534,1051.0,8700.0,262,165,11,27,0,0,0,2019,11,4,Autumn,5200.0,5350.0,5466.5,5899.5,5482.0,-0.0308653846153845,-0.0781121375651696,-0.0807187157971542,-160.5,5338.833333333333,5575.666666666667,5522.833333333333,5350.0,5583.25,5433.25,133.60046157604913,280.3975154431011,243.9407839222517,5200.0,5899.5,-266.5,-699.5,-282.0,5482.0,-0.0807187157971542,4855.474137931034,4878.75,559.8103251965013,4664.25,4562.5,-375.66666666666697,-383.25,0.0502895047724818,5.572154032177765,5.111987788356544,2.4849066497880004,3.332204510175204,0.0,0.0,59,3481,-0.5000000000000004,0.8660254037844384,-2.4492935982947064e-16,1.0,4950.0,8.507344855361422,-0.017759698382776,2019-12-01,train
Cotton,2019-12-01,4950.0,4999.212962962963,3500.0,6343.0,108,65,10,19,0,0,0,2019,12,4,Winter,5039.5,5200.0,5350.0,5838.0,5400.0,-0.017759698382776,-0.0747663551401869,-0.0833333333333333,-89.5,5196.5,5432.333333333333,5485.958333333333,5200.0,5408.25,5400.0,155.27958655277266,300.81683241910514,281.2641477923024,5039.5,5838.0,-310.5,-798.5,-360.5,5400.0,-0.0833333333333333,4858.593220338983,4900.0,555.480294465475,4768.75,4745.0,-392.833333333333,-368.75,0.0553752529457762,4.691347882229144,4.189654742026425,2.3978952727983707,2.995732273553991,0.0,0.0,60,3600,-2.4492935982947064e-16,1.0,-2.4492935982947064e-16,1.0,5144.5,8.545877825276147,0.0392929292929293,2020-01-01,train
Cotton,2020-01-01,5144.5,5093.554964539007,3719.0,6240.0,282,185,11,23,0,0,0,2020,1,1,Winter,4950.0,5039.5,5200.0,5700.0,5400.0,0.0392929292929293,-0.0106730769230769,-0.0473148148148148,194.5,5063.166666666667,5284.333333333333,5448.458333333333,5039.5,5275.0,5375.0,126.66918857138612,278.96588799827106,320.96335519617327,4950.0,5700.0,-250.0,-750.0,-450.0,5400.0,-0.0473148148148148,4860.116666666667,4915.0,550.8791230316235,4850.0,5050.0,-334.33333333333303,-325.0,0.0527911224370663,5.645446897643238,5.225746673713202,2.4849066497880004,3.1780538303479458,0.0,0.0,61,3721,0.4999999999999999,0.8660254037844387,1.0,6.123233995736766e-17,5050.0,8.527341522468053,-0.0183691320828068,2020-02-01,train
Cotton,2020-02-01,5050.0,5037.738589211618,4000.0,6718.0,241,156,9,24,0,0,0,2020,2,1,Winter,5144.5,4950.0,5039.5,5466.5,5350.0,-0.0183691320828068,0.0020835400337335,-0.0560747663551401,-94.5,5044.666666666667,5191.75,5427.166666666667,5039.5,5172.25,5350.0,97.3528804573002,192.06997422813697,332.72902798013155,4950.0,5466.5,105.0,-322.0,-205.5,5350.0,-0.0560747663551401,4864.778688524591,4930.0,547.4813354854376,4816.8,4804.0,-47.25,-27.75,0.0369952278572999,5.488937726156687,5.056245805348308,2.302585092994046,3.218875824868201,0.0,0.0,62,3844,0.8660254037844386,0.5000000000000001,1.0,6.123233995736766e-17,4942.5,8.505828861337188,-0.0212871287128713,2020-03-01,train
Cotton,2020-03-01,4942.5,4889.75,4099.0,5400.0,40,27,5,10,0,0,0,2020,3,1,Spring,5050.0,5144.5,4950.0,5350.0,5300.0,-0.0212871287128713,-0.0015151515151514,-0.0674528301886792,-107.5,5048.166666666667,5122.333333333333,5402.166666666667,5050.0,5097.25,5325.0,97.26295971917254,141.52585158430912,349.88240448712787,4950.0,5350.0,100.0,-300.0,-250.0,5300.0,-0.0674528301886792,4867.7661290322585,4940.0,543.4845430240696,4753.0,4665.0,-72.33333333333303,-47.25,0.0276291764659938,3.713572066704308,3.332204510175204,1.791759469228055,2.3978952727983707,0.0,0.0,63,3969,1.0,6.123233995736766e-17,1.0,6.123233995736766e-17,3939.0,8.27893600229198,-0.2030349013657055,2020-04-01,train
Cotton,2020-04-01,3939.0,4041.5454545454554,3100.0,5120.0,11,9,1,4,0,0,0,2020,4,2,Spring,4942.5,5050.0,5144.5,5200.0,5888.0,-0.2030349013657055,-0.2343279230245893,-0.3310122282608695,-1003.5,5045.666666666667,5054.416666666667,5372.375,5050.0,5044.75,5275.0,101.06969542515392,102.93659051408312,373.7767396941133,4942.5,5200.0,-202.0,-257.5,-945.5,5888.0,-0.3310122282608695,4868.952380952381,4942.5,539.1660055741836,4848.1,4500.0,-111.91666666666696,-102.25,0.0203656717090497,2.4849066497880004,2.302585092994046,0.6931471805599453,1.6094379124341005,0.0,0.0,64,4096,0.8660254037844387,-0.4999999999999998,1.2246467991473532e-16,-1.0,4175.0,8.337109129562474,0.0599136836760598,2020-05-01,train
Cotton,2020-05-01,4175.0,4213.410256410257,1320.0,5405.0,78,69,6,17,0,0,0,2020,5,2,Summer,3939.0,4942.5,5050.0,5039.5,5899.5,0.0599136836760598,-0.1732673267326733,-0.2923129078735486,236.0,4643.833333333333,4844.25,5209.958333333333,4942.5,4994.75,5172.25,612.7655206792671,449.6486128078211,523.0108837009942,3939.0,5144.5,-1111.0,-1100.5,-1960.5,5899.5,-0.2923129078735486,4854.421875,4936.25,547.3558027023961,4799.9,4575.0,-905.25,-1055.75,0.092821099820988,4.3694478524670215,4.248495242049359,1.9459101490553128,2.8903717578961645,0.0,0.0,65,4225,0.4999999999999999,-0.8660254037844387,1.2246467991473532e-16,-1.0,4300.0,8.366602832783736,0.0299401197604789,2020-06-01,train
Cotton,2020-06-01,4300.0,4393.782258064516,2900.0,5450.0,124,81,6,15,0,0,0,2020,6,2,Summer,4175.0,3939.0,4942.5,4950.0,5838.0,0.0299401197604789,-0.1299949418310572,-0.263446385748544,125.0,4352.166666666667,4700.166666666667,5066.25,4175.0,4946.25,5097.25,524.6847466177506,509.1428745123167,552.4153781349668,3939.0,5144.5,-767.5,-775.0,-1663.0,5838.0,-0.263446385748544,4843.969230769231,4930.0,549.562467139507,4914.6,4850.0,-525.166666666667,-771.25,0.1083244298809935,4.8283137373023015,4.406719247264253,1.9459101490553128,2.772588722239781,0.0,0.0,66,4356,1.2246467991473532e-16,-1.0,1.2246467991473532e-16,-1.0,4454.5,8.401894567052775,0.0359302325581394,2020-07-01,train
Cotton,2020-07-01,4454.5,4450.067567567568,2400.0,5363.0,74,51,5,14,0,0,0,2020,7,3,Monsoon,4300.0,4175.0,3939.0,5144.5,5700.0,0.0359302325581394,0.1308707793856309,-0.2185087719298245,154.5,4138.0,4591.833333333333,4938.083333333333,4175.0,4621.25,5044.75,183.3221208692505,514.4768864260715,535.2323978394512,3939.0,5144.5,361.0,-844.5,-1400.0,5700.0,-0.2185087719298245,4835.727272727273,4915.0,549.4140807877355,4989.4,5000.0,-291.83333333333303,-321.25,0.1120417160377637,4.31748811353631,3.951243718581428,1.791759469228055,2.70805020110221,0.0,0.0,67,4489,-0.4999999999999997,-0.8660254037844388,-1.0,-1.8369701987210294e-16,4305.0,8.367764677924308,-0.0335615669547648,2020-08-01,train
Cotton,2020-08-01,4305.0,4324.482758620689,3128.0,5355.0,29,20,4,10,0,0,0,2020,8,3,Monsoon,4454.5,4300.0,4175.0,5050.0,5466.5,-0.0335615669547648,0.0311377245508981,-0.21247599012165,-149.5,4309.833333333333,4476.833333333333,4834.291666666667,4300.0,4377.25,4994.75,140.00922588648749,437.6076629432636,493.15996198602727,3939.0,5050.0,279.5,-595.5,-1012.0,5466.5,-0.21247599012165,4830.037313432836,4900.0,547.2215516743795,5094.4,5466.5,-22.33333333333303,77.25,0.0977493755876393,3.4011973816621555,3.044522437723423,1.6094379124341005,2.3978952727983707,0.0,0.0,68,4624,-0.8660254037844385,-0.5000000000000004,-1.0,-1.8369701987210294e-16,4571.0,8.427706024914702,0.0617886178861788,2020-09-01,train
Cotton,2020-09-01,4571.0,4554.211538461538,3150.0,5930.0,52,34,7,11,0,0,0,2020,9,3,Monsoon,4305.0,4454.5,4300.0,4942.5,5350.0,0.0617886178861788,0.0630232558139534,-0.145607476635514,266.0,4353.166666666667,4352.666666666667,4737.5,4305.0,4302.5,4946.25,87.79284329222693,336.45351338136624,471.2954101583881,3939.0,4942.5,5.0,-637.5,-1045.0,5350.0,-0.145607476635514,4822.316176470588,4878.75,546.841738848048,4915.0,5000.0,-47.66666666666697,2.5,0.0772982493600933,3.970291913552122,3.555348061489413,2.079441541679836,2.4849066497880004,0.0,0.0,69,4761,-1.0,-1.8369701987210294e-16,-1.0,-1.8369701987210294e-16,4502.5,8.412610151223797,-0.0149857799168672,2020-10-01,train
Cotton,2020-10-01,4502.5,4497.258474576272,857.0,6250.0,118,81,9,23,0,0,0,2020,10,4,Autumn,4571.0,4305.0,4454.5,3939.0,5200.0,-0.0149857799168672,0.0107756201593893,-0.1341346153846153,-68.5,4443.5,4290.75,4672.583333333333,4454.5,4302.5,4756.75,133.34072896155988,220.34921148031944,431.2043300367288,3939.0,4571.0,116.5,632.0,-629.0,5200.0,-0.1341346153846153,4818.673913043478,4857.5,543.6484714279381,4795.9,5060.0,280.25,268.5,0.0513544745045317,4.77912349311153,4.406719247264253,2.302585092994046,3.1780538303479458,0.0,0.0,70,4900,-0.8660254037844386,0.5000000000000001,-2.4492935982947064e-16,1.0,4645.0,8.443761913330354,0.0316490838423098,2020-11-01,train
Cotton,2020-11-01,4645.0,4688.333333333333,3865.0,5700.0,30,23,6,8,0,0,0,2020,11,4,Autumn,4502.5,4571.0,4305.0,4175.0,5039.5,0.0316490838423098,0.0789779326364692,-0.0782815755531303,142.5,4459.5,4384.666666666667,4614.458333333333,4502.5,4379.75,4536.75,138.11498832494672,148.9676698705628,399.49135036337344,4175.0,4571.0,197.5,327.5,-537.0,5039.5,-0.0782815755531303,4814.157142857143,4853.75,541.0160432059399,4739.3,4750.0,117.83333333333304,122.75,0.0339746852373185,3.4339872044851463,3.1780538303479458,1.9459101490553128,2.19722457733622,0.0,0.0,71,5041,-0.5000000000000004,0.8660254037844384,-2.4492935982947064e-16,1.0,5437.5,8.601258566533906,0.1706135629709364,2020-12-01,train
Cotton,2020-12-01,5437.5,5366.495035460994,3460.0,7100.0,141,112,9,23,0,0,0,2020,12,4,Winter,4645.0,4502.5,4571.0,4300.0,4950.0,0.1706135629709364,0.1895646466856266,0.0984848484848484,792.5,4572.833333333333,4463.0,4581.583333333333,4571.0,4478.5,4536.75,71.2676878629686,139.96678177338404,376.9289680691804,4300.0,4645.0,74.0,345.0,-305.0,4950.0,0.0984848484848484,4811.774647887324,4850.0,537.512762564311,4805.0,4930.0,182.0,166.5,0.0313615912555196,4.955827057601261,4.727387818712341,2.302585092994046,3.1780538303479458,0.0,0.0,72,5184,-2.4492935982947064e-16,1.0,-2.4492935982947064e-16,1.0,5417.5,8.59757430336305,-0.0036781609195402,2021-01-01,train
Cotton,2021-01-01,5417.5,5397.30453038674,2089.0,7606.0,181,142,9,24,0,0,0,2021,1,1,Winter,5437.5,4645.0,4502.5,4454.5,5144.5,-0.0036781609195402,0.2032204330927263,0.0530663815725531,-20.0,4861.666666666667,4652.583333333333,4622.208333333333,4645.0,4536.75,4536.75,503.7505169558969,401.3436702710837,441.0615015007098,4305.0,5437.5,935.0,983.0,293.0,5144.5,0.0530663815725531,4820.465277777777,4853.75,538.784392885339,4899.083333333333,5075.0,784.916666666667,900.75,0.0862625430899143,5.204006687076795,4.962844630259907,2.302585092994046,3.218875824868201,0.0,0.0,73,5329,0.4999999999999999,0.8660254037844387,1.0,6.123233995736766e-17,5600.0,8.630700432209832,0.0336871250576833,2021-02-01,train
Cotton,2021-02-01,5600.0,5572.749032258064,2698.0,8150.0,217,155,9,23,0,0,0,2021,2,1,Winter,5417.5,5437.5,4645.0,4305.0,5050.0,0.0336871250576833,0.2055974165769645,0.108910891089109,182.5,5166.666666666667,4813.083333333333,4644.958333333333,5417.5,4608.0,4536.75,451.8872462609818,489.2203406101019,476.0994194461591,4305.0,5437.5,772.5,1112.5,367.5,5050.0,0.108910891089109,4828.643835616438,4857.5,539.5736452119452,4855.666666666667,4927.0,604.416666666667,809.5,0.1016438542050526,5.384495062789089,5.049856007249537,2.302585092994046,3.1780538303479458,0.0,0.0,74,5476,0.8660254037844386,0.5000000000000001,1.0,6.123233995736766e-17,5813.0,8.668024081118821,0.0380357142857143,2021-03-01,train
Cotton,2021-03-01,5813.0,5786.816666666667,3610.0,7019.0,180,127,9,21,0,0,0,2021,3,1,Spring,5600.0,5417.5,5437.5,4571.0,4942.5,0.0380357142857143,0.0690574712643679,0.1761254425897824,213.0,5485.0,5028.916666666667,4690.791666666667,5437.5,5031.25,4536.75,100.09370609583684,505.6219355078099,540.7246593202215,4502.5,5600.0,162.5,1029.0,657.5,4942.5,0.1761254425897824,4839.067567567568,4878.75,543.3156662386092,4784.583333333333,4803.75,571.083333333333,568.75,0.1005429139160806,5.198497031265826,4.852030263919617,2.302585092994046,3.091042453358316,0.0,0.0,75,5625,1.0,6.123233995736766e-17,1.0,6.123233995736766e-17,5782.5,8.662764314735456,-0.0052468604851195,2021-04-01,train
Cotton,2021-04-01,5782.5,5714.704545454545,3770.0,6974.0,88,62,7,17,0,0,0,2021,4,2,Spring,5813.0,5600.0,5417.5,4502.5,3939.0,-0.0052468604851195,0.0673742501153669,0.4680121858339681,-30.5,5610.166666666667,5235.916666666667,4763.333333333333,5600.0,5427.5,4536.75,197.94591012024736,534.0922595082836,628.7839393815989,4502.5,5813.0,395.5,1310.5,1874.0,3939.0,0.4680121858339681,4852.053333333333,4900.0,551.2259896918068,4696.583333333333,4426.25,577.083333333333,385.5,0.1020054927360602,4.48863636973214,4.143134726391533,2.079441541679836,2.8903717578961645,0.0,0.0,76,5776,0.8660254037844387,-0.4999999999999998,1.2246467991473532e-16,-1.0,5229.5,8.562262154783815,-0.0956333765672287,2021-05-01,train
Cotton,2021-05-01,5229.5,5294.833333333333,4500.0,6000.0,6,6,4,4,0,0,0,2021,5,2,Summer,5782.5,5813.0,5600.0,4645.0,4175.0,-0.0956333765672287,-0.0661607142857142,0.2525748502994012,-553.0,5731.833333333333,5449.25,4916.958333333333,5782.5,5518.75,4608.0,115.18499612941358,427.56505352986585,634.2518304819439,4645.0,5813.0,182.5,1137.5,1607.5,4175.0,0.2525748502994012,4864.296052631579,4915.0,557.8440234667249,4695.75,4425.0,333.25,263.75,0.0784631010744351,1.9459101490553128,1.9459101490553128,1.6094379124341005,1.6094379124341005,0.0,0.0,77,5929,0.4999999999999999,-0.8660254037844387,1.2246467991473532e-16,-1.0,6140.0,8.722742874329398,0.1741084233674348,2021-06-01,train
Cotton,2021-06-01,6140.0,6105.806451612903,4330.0,7350.0,31,24,5,7,0,0,0,2021,6,2,Summer,5229.5,5782.5,5813.0,5437.5,4300.0,0.1741084233674348,0.0562532255289867,0.4279069767441861,910.5,5608.333333333333,5546.666666666667,5004.833333333333,5782.5,5518.75,4937.25,328.4335295510082,227.416504824658,593.8736601689149,5229.5,5813.0,-583.5,-208.0,929.5,4300.0,0.4279069767441861,4869.038961038961,4930.0,555.7224835520175,4812.166666666667,4817.5,-317.16666666666697,-289.25,0.0410005717832917,3.4657359027997265,3.218875824868201,1.791759469228055,2.079441541679836,0.0,0.0,78,6084,1.2246467991473532e-16,-1.0,1.2246467991473532e-16,-1.0,6326.5,8.75266049241928,0.0303745928338761,2021-07-01,train
Cotton,2021-07-01,6326.5,6235.0625,4300.0,7779.0,32,21,4,8,0,0,0,2021,7,3,Monsoon,6140.0,5229.5,5782.5,5417.5,4454.5,0.0303745928338761,0.0940769563337657,0.4202491862161859,186.5,5717.333333333333,5663.75,5158.166666666667,5782.5,5691.25,5323.5,458.73476359802186,321.39302263738864,631.6806706691038,5229.5,6140.0,357.5,722.5,1685.5,4454.5,0.4202491862161859,4885.333333333333,4936.25,570.5490729014856,4900.25,5000.0,476.25,448.75,0.0567456230655287,3.49650756146648,3.091042453358316,1.6094379124341005,2.19722457733622,0.0,0.0,79,6241,-0.4999999999999997,-0.8660254037844388,-1.0,-1.8369701987210294e-16,6500.0,8.77971129020447,0.0274243262467399,2021-08-01,train
Cotton,2021-08-01,6500.0,6593.285714285715,4440.0,9913.0,7,6,3,3,0,0,0,2021,8,3,Monsoon,6326.5,6140.0,5229.5,5600.0,4305.0,0.0274243262467399,0.2429486566593364,0.5098722415795587,173.5,5898.666666666667,5815.25,5314.166666666667,6140.0,5797.75,5427.5,586.9698317063092,389.1920798269114,671.9746455353974,5229.5,6326.5,1097.0,726.5,2021.5,4305.0,0.5098722415795587,4903.5759493670885,4942.5,589.6129928497406,4962.833333333333,5162.0,511.25,528.75,0.0669261132069836,2.079441541679836,1.9459101490553128,1.3862943611198906,1.3862943611198906,0.0,0.0,80,6400,-0.8660254037844385,-0.5000000000000004,-1.0,-1.8369701987210294e-16,6511.0,8.781401907682376,0.0016923076923076,2021-09-01,train
Cotton,2021-09-01,6511.0,6394.2307692307695,4400.0,7901.0,39,36,6,9,0,0,0,2021,9,3,Monsoon,6500.0,6326.5,6140.0,5813.0,4571.0,0.0016923076923076,0.0604234527687297,0.424414788886458,11.0,6322.166666666667,5965.25,5497.083333333333,6326.5,5976.5,5518.75,180.03911612017183,457.14382310165473,671.0460231247284,5229.5,6500.0,360.0,687.0,1929.0,4571.0,0.424414788886458,4923.53125,4946.25,612.454123023549,4857.666666666667,4785.5,534.75,523.5,0.0766344785384778,3.688879454113936,3.610917912644224,1.9459101490553128,2.302585092994046,0.0,0.0,81,6561,-1.0,-1.8369701987210294e-16,-1.0,-1.8369701987210294e-16,6600.0,8.79497643168877,0.0136691752418982,2021-10-01,train
Cotton,2021-10-01,6600.0,6415.847619047619,2300.0,8601.0,105,83,8,15,0,0,0,2021,10,4,Autumn,6511.0,6500.0,6326.5,5782.5,4502.5,0.0136691752418982,0.0432308543428436,0.4658523042754026,89.0,6445.833333333333,6081.583333333333,5658.75,6500.0,6233.25,5691.25,103.49194815700729,497.66750111561805,661.2724476341035,5229.5,6511.0,184.5,728.5,2008.5,4502.5,0.4658523042754026,4943.12962962963,4950.0,633.6585179425202,4747.0,4781.25,429.41666666666697,277.75,0.0818318970304802,4.663439094112067,4.430816798843313,2.19722457733622,2.772588722239781,0.0,0.0,82,6724,-0.8660254037844386,0.5000000000000001,-2.4492935982947064e-16,1.0,8100.0,8.999742789830492,0.2272727272727273,2021-11-01,train
Cotton,2021-11-01,8100.0,7977.132075471698,4350.0,14169.0,159,121,9,18,1,0,0,2021,11,4,Autumn,6600.0,6511.0,6500.0,5229.5,4645.0,0.2272727272727273,0.2461538461538461,0.743810548977395,1500.0,6537.0,6217.833333333333,5833.541666666667,6511.0,6413.25,5797.75,54.83611948341509,511.13312029907024,602.4575223929706,5229.5,6600.0,100.0,1370.5,1955.0,4645.0,0.743810548977395,4963.335365853659,4975.0,655.7776509604817,4723.583333333333,4697.5,382.16666666666697,186.75,0.0822043777788195,5.075173815233827,4.804021044733257,2.302585092994046,2.9444389791664403,0.0062893081761006,0.0,83,6889,-0.5000000000000004,0.8660254037844384,-2.4492935982947064e-16,1.0,7925.0,8.97790377375038,-0.0216049382716049,2021-12-01,train
Cotton,2021-12-01,7925.0,7878.453667953668,1925.0,15609.0,259,180,10,22,7,0,0,2021,12,4,Winter,8100.0,6600.0,6511.0,6140.0,5437.5,-0.0216049382716049,0.2171709414836431,0.457471264367816,-175.0,7070.333333333333,6696.25,6121.458333333333,6600.0,6505.5,5976.5,892.8271575917329,706.9284086808206,781.7204644050806,6140.0,8100.0,1589.0,1960.0,2662.5,5437.5,0.457471264367816,5001.126506024097,5000.0,737.1146568463032,4910.416666666667,4940.0,1403.75,1594.5,0.105570790917427,5.560681631015528,5.198497031265826,2.3978952727983707,3.1354942159291497,0.027027027027027,0.0,84,7056,-2.4492935982947064e-16,1.0,-2.4492935982947064e-16,1.0,8900.0,9.093918908958932,0.1230283911671923,2022-01-01,train
Cotton,2022-01-01,8900.0,8668.475433526011,5150.0,12775.0,346,206,11,25,11,0,0,2022,1,1,Winter,7925.0,8100.0,6600.0,6326.5,5417.5,0.1230283911671923,0.3484848484848484,0.6428241808952468,975.0,7541.666666666667,6993.75,6328.75,7925.0,6555.5,6233.25,820.1879865819378,796.0042556418887,904.0957938987732,6326.5,8100.0,1325.0,1598.5,2507.5,5417.5,0.6428241808952468,5035.934523809524,5000.0,799.1032578744462,4973.142857142857,5100.0,931.25,1369.5,0.1138165155520126,5.849324779946859,5.332718793265369,2.4849066497880004,3.258096538021482,0.0317919075144508,0.0,85,7225,0.4999999999999999,0.8660254037844387,1.0,6.123233995736766e-17,9200.0,9.12706745278236,0.0337078651685394,2022-02-01,train
Cotton,2022-02-01,9200.0,9056.304347826086,5150.0,11135.0,391,219,11,23,56,0,0,2022,2,1,Winter,8900.0,7925.0,8100.0,6500.0,5600.0,0.0337078651685394,0.1358024691358024,0.6428571428571428,300.0,8308.333333333334,7422.666666666667,6618.958333333333,8100.0,7262.5,6413.25,519.8156724583557,1024.974471226803,1118.5047132491686,6500.0,8900.0,800.0,2400.0,3300.0,5600.0,0.6428571428571428,5081.394117647059,5000.0,898.1218667112977,4962.0,5050.0,1477.333333333333,1637.5,0.1380870942015631,5.971261839790462,5.393627546352362,2.4849066497880004,3.1780538303479458,0.1432225063938619,0.0,86,7396,0.8660254037844386,0.5000000000000001,1.0,6.123233995736766e-17,9200.0,9.12706745278236,0.0,2022-03-01,train
Cotton,2022-03-01,9200.0,8990.018907563026,5000.0,12000.0,238,161,11,23,35,0,0,2022,3,1,Spring,9200.0,8900.0,7925.0,6511.0,5813.0,0.0,0.1608832807570979,0.5826595561672114,0.0,8675.0,7872.666666666667,6918.958333333333,8900.0,8012.5,6505.5,666.6145812986684,1126.5401309614606,1289.9993209711624,6511.0,9200.0,1275.0,2689.0,3387.0,5813.0,0.5826595561672114,5129.28488372093,5000.0,997.1842343811004,4931.5,4942.5,1327.333333333333,1187.5,0.1430951135949014,5.476463551931511,5.087596335232384,2.4849066497880004,3.1780538303479458,0.1470588235294117,0.0,87,7569,1.0,6.123233995736766e-17,1.0,6.123233995736766e-17,10000.0,9.210440366976515,0.0869565217391303,2022-04-01,train
Cotton,2022-04-01,10000.0,9949.580459770115,1900.0,12500.0,174,124,10,24,89,0,0,2022,4,2,Spring,9200.0,9200.0,8900.0,6600.0,5782.5,0.0869565217391303,0.1235955056179776,0.7293558149589279,800.0,9100.0,8320.833333333334,7201.208333333333,9200.0,8500.0,6555.5,173.20508075688505,1004.79060836906,1392.4833026309725,6600.0,9200.0,300.0,2600.0,3417.5,5782.5,0.7293558149589279,5176.074712643678,5000.0,1083.1813998285372,4851.714285714285,4500.0,879.1666666666661,700.0,0.1207560070148094,5.1647859739235145,4.8283137373023015,2.3978952727983707,3.218875824868201,0.5114942528735632,0.0,88,7744,0.8660254037844387,-0.4999999999999998,1.2246467991473532e-16,-1.0,9540.0,9.163353580751846,-0.046,2022-05-01,train
Cotton,2022-05-01,9540.0,9531.454545454546,6000.0,12300.0,33,22,5,7,12,0,0,2022,5,2,Summer,10000.0,9200.0,9200.0,8100.0,5229.5,-0.046,0.0369565217391303,0.8242661822353954,-460.0,9466.666666666666,8887.5,7552.666666666667,9200.0,9050.0,7262.5,461.8802153517009,771.9698828322263,1527.545064553719,7925.0,10000.0,800.0,1900.0,4770.5,5229.5,0.8242661822353954,5230.892045454545,5019.75,1193.41135552634,4772.0,4575.0,1112.5,950.0,0.086860183722332,3.5263605246161616,3.1354942159291497,1.791759469228055,2.079441541679836,0.3636363636363636,0.0,89,7921,0.4999999999999999,-0.8660254037844387,1.2246467991473532e-16,-1.0,10500.0,9.259225769705994,0.10062893081761,2022-06-01,train
Cotton,2022-06-01,10500.0,10304.464788732394,6000.0,13001.0,71,49,9,13,46,0,0,2022,6,2,Summer,9540.0,10000.0,9200.0,7925.0,6140.0,0.10062893081761,0.1413043478260869,0.7100977198697069,960.0,9580.0,9127.5,7911.875,9540.0,9200.0,8012.5,401.4971979976951,698.5252321856399,1435.6296072867062,7925.0,10000.0,340.0,1615.0,3400.0,6140.0,0.7100977198697069,5279.308988764045,5039.5,1271.4873415378586,5001.857142857143,4850.0,412.5,340.0,0.0765297433235431,4.276666119016055,3.912023005428146,2.302585092994046,2.6390573296152584,0.647887323943662,0.0,90,8100,1.2246467991473532e-16,-1.0,1.2246467991473532e-16,-1.0,9109.5,9.117182873489933,-0.1324285714285714,2022-07-01,train
Cotton,2022-07-01,9109.5,8511.795454545454,5100.0,11050.0,44,30,6,11,9,0,0,2022,7,3,Monsoon,10500.0,9540.0,10000.0,8900.0,6326.5,-0.1324285714285714,-0.0890499999999999,0.4398956769145656,-1390.5,10013.333333333334,9556.666666666666,8275.208333333334,10000.0,9370.0,8500.0,480.13886880082254,595.3710327742446,1496.8473757494048,8900.0,10500.0,500.0,1600.0,4173.5,6326.5,0.4398956769145656,5337.316666666667,5044.75,1378.8963985046116,5104.0,5000.0,943.333333333334,1130.0,0.0622990267988396,3.80666248977032,3.4339872044851463,1.9459101490553128,2.4849066497880004,0.2045454545454545,0.0,91,8281,-0.4999999999999997,-0.8660254037844388,-1.0,-1.8369701987210294e-16,9595.0,9.169101623959586,0.0532960096602448,2022-08-01,train
Cotton,2022-08-01,9595.0,9014.372881355932,5000.0,11720.0,59,36,6,12,23,0,0,2022,8,3,Monsoon,9109.5,10500.0,9540.0,9200.0,6500.0,0.0532960096602448,0.0057651991614255,0.4761538461538461,485.5,9716.5,9591.583333333334,8507.125,9540.0,9370.0,9004.75,711.8544443915484,553.852906164327,1378.3793864370389,9109.5,10500.0,-430.5,-90.5,2609.5,6500.0,0.4761538461538461,5378.769230769231,5050.0,1427.0934725823602,5182.428571428572,5466.5,-482.08333333333394,-260.5,0.0577436369905205,4.0943445622221,3.610917912644224,1.9459101490553128,2.5649493574615367,0.3898305084745763,0.0,92,8464,-0.8660254037844385,-0.5000000000000004,-1.0,-1.8369701987210294e-16,9400.0,9.148571345578551,-0.0203230849400729,2022-09-01,train
Cotton,2022-09-01,9400.0,9053.628099173551,5000.0,11555.0,121,83,10,16,20,0,0,2022,9,3,Monsoon,9595.0,9109.5,10500.0,9200.0,6511.0,-0.0203230849400729,-0.1047619047619047,0.44371064352634,-195.0,9734.833333333334,9657.416666666666,8765.041666666666,9595.0,9567.5,9154.75,705.7177788134103,520.4680986061214,1252.484666179652,9109.5,10500.0,-905.0,395.0,3084.0,6511.0,0.44371064352634,5424.597826086957,5050.0,1485.7454491855062,5093.857142857143,5000.0,-62.41666666666606,27.5,0.0538930975612306,4.804021044733257,4.430816798843313,2.3978952727983707,2.833213344056216,0.1652892561983471,0.0,93,8649,-1.0,-1.8369701987210294e-16,-1.0,-1.8369701987210294e-16,8276.75,9.021326471321103,-0.1194946808510638,2022-10-01,train
Cotton,2022-10-01,8276.75,8164.4157303370785,6025.0,9900.0,178,106,10,19,0,0,0,2022,10,4,Autumn,9400.0,9595.0,9109.5,10000.0,6600.0,-0.1194946808510638,-0.0914155551896371,0.2540530303030304,-1123.25,9368.166666666666,9690.75,9005.791666666666,9400.0,9567.5,9200.0,244.3104241192624,490.8771485820101,1039.3545955922802,9109.5,10500.0,290.5,-600.0,2800.0,6600.0,0.2540530303030304,5467.344086021505,5050.0,1534.0727513403208,5011.714285714285,5060.0,-290.75,-167.5,0.0506541958653365,5.187385805840755,4.672828834461906,2.3978952727983707,2.995732273553991,0.0,0.0,94,8836,-0.8660254037844386,0.5000000000000001,-2.4492935982947064e-16,1.0,8250.0,9.018089684104345,-0.0032319449059111,2022-11-01,train
Cotton,2022-11-01,8250.0,8103.19347826087,5700.0,9900.0,230,142,10,26,0,0,0,2022,11,4,Autumn,8276.75,9400.0,9595.0,9540.0,8100.0,-0.0032319449059111,-0.140177175612298,0.0185185185185186,-26.75,9090.583333333334,9403.541666666666,9145.520833333334,9400.0,9470.0,9200.0,711.5123124959499,722.9980016685178,762.3060145071618,8276.75,10500.0,-1318.25,-1263.25,176.75,8100.0,0.0185185185185186,5497.231382978724,5050.0,1553.0742424212249,5205.928571428572,4750.0,-1126.791666666666,-1193.25,0.0768857125641687,5.442417710521793,4.962844630259907,2.3978952727983707,3.295836866004329,0.0,0.0,95,9025,-0.5000000000000004,0.8660254037844384,-2.4492935982947064e-16,1.0,8450.0,9.042040056544485,0.0242424242424241,2022-12-01,train
Cotton,2022-12-01,8450.0,8314.78978978979,1962.0,9795.0,333,200,11,31,0,0,0,2022,12,4,Winter,8250.0,8276.75,9400.0,10500.0,7925.0,0.0242424242424241,-0.101063829787234,0.0662460567823344,200.0,8642.25,9188.541666666666,9158.020833333334,8276.75,9254.75,9200.0,656.3670371827042,854.2034947345209,744.6282664580621,8250.0,10500.0,-1150.0,-2250.0,325.0,7925.0,0.0662460567823344,5526.207894736842,5050.0,1570.396522824658,5341.071428571428,4950.0,-938.541666666666,-1004.75,0.0929639899042217,5.811140992976701,5.303304908059076,2.4849066497880004,3.4657359027997265,0.0,0.0,96,9216,-2.4492935982947064e-16,1.0,-2.4492935982947064e-16,1.0,7900.0,8.974744612722734,-0.0650887573964497,2023-01-01,train
Cotton,2023-01-01,7900.0,7608.38,4500.0,8770.0,100,59,6,15,0,0,0,2023,1,1,Winter,8450.0,8250.0,8276.75,9109.5,8900.0,-0.0650887573964497,-0.0455190745159633,-0.1123595505617978,-550.0,8325.583333333334,8846.875,9201.770833333334,8276.75,8779.75,9200.0,108.5749549082778,595.5538965954296,678.0431859598035,8250.0,9595.0,173.25,-659.5,-450.0,8900.0,-0.1123595505617978,5556.6640625,5055.0,1590.3563494371008,5464.0,5122.25,-396.875,-329.75,0.0673179960828461,4.61512051684126,4.0943445622221,1.9459101490553128,2.772588722239781,0.0,0.0,97,9409,0.4999999999999999,0.8660254037844387,1.0,6.123233995736766e-17,7804.0,8.962519832949532,-0.0121518987341772,2023-02-01,train
Cotton,2023-02-01,7804.0,7776.166237113402,5500.0,10205.0,388,212,11,28,3,0,0,2023,2,1,Winter,7900.0,8450.0,8250.0,9595.0,9200.0,-0.0121518987341772,-0.054060606060606,-0.1517391304347826,-96.0,8200.0,8645.291666666666,9118.4375,8250.0,8363.375,9200.0,278.3882181415033,686.6159846789648,773.2679481281233,7900.0,9595.0,-350.0,-1695.0,-1300.0,9200.0,-0.1517391304347826,5580.822164948454,5060.0,1599.8430196260838,5491.75,5200.0,-745.2916666666661,-463.375,0.0794208004949474,5.963579343618446,5.3612921657094255,2.4849066497880004,3.367295829986474,0.0077319587628865,0.0,98,9604,0.8660254037844386,0.5000000000000001,1.0,6.123233995736766e-17,7631.0,8.940105213128122,-0.0221681189133777,2023-03-01,train
Cotton,2023-03-01,7631.0,7614.327838827839,6080.0,10700.0,273,189,11,28,2,0,0,2023,3,1,Spring,7804.0,7900.0,8450.0,9400.0,9200.0,-0.0221681189133777,-0.0969230769230768,-0.1705434782608695,-173.0,8051.333333333333,8346.791666666666,9002.104166666666,7900.0,8263.375,9154.75,348.57615141219065,570.6872702423467,860.024771434559,7804.0,9400.0,-646.0,-1596.0,-1396.0,9200.0,-0.1705434782608695,5603.507653061224,5080.0,1607.3409680893967,5465.0625,5121.25,-542.7916666666661,-459.375,0.0683720515658028,5.613128106388071,5.247024072160486,2.4849066497880004,3.367295829986474,0.0073260073260073,0.0,99,9801,1.0,6.123233995736766e-17,1.0,6.123233995736766e-17,7690.0,8.947806093057054,0.0077316210195255,2023-04-01,train
Cotton,2023-04-01,7690.0,7606.609452736318,6080.0,10290.0,201,128,9,28,1,0,0,2023,4,2,Spring,7631.0,7804.0,7900.0,8276.75,10000.0,0.0077316210195255,-0.0265822784810126,-0.2309999999999999,59.0,7778.333333333333,8051.958333333333,8871.354166666666,7804.0,8075.0,8779.75,136.3243680833854,319.36485469860065,942.5152907991236,7631.0,8450.0,-269.0,-645.75,-2369.0,10000.0,-0.2309999999999999,5623.987373737374,5100.0,1612.049862963546,5495.25,4950.0,-420.958333333333,-444.0,0.0396630038901841,5.308267697401205,4.859812404361672,2.302585092994046,3.367295829986474,0.0049751243781094,0.0,100,10000,0.8660254037844387,-0.4999999999999998,1.2246467991473532e-16,-1.0,7550.0,8.929435283803425,-0.0182054616384915,2023-05-01,train
Cotton,2023-05-01,7550.0,7488.115555555555,5980.0,8375.0,225,150,9,25,0,0,0,2023,5,2,Summer,7690.0,7631.0,7804.0,8250.0,9540.0,-0.0182054616384915,-0.0325474115838031,-0.2085953878406709,-140.0,7708.333333333333,7954.166666666667,8678.854166666666,7690.0,7852.0,8363.375,87.945058606691,326.5188611193194,926.8111044814668,7631.0,8450.0,-114.0,-560.0,-1850.0,9540.0,-0.2085953878406709,5644.6475,5122.25,1617.13923314054,5368.0,4812.5,-264.16666666666697,-162.0,0.0410500401616745,5.420534999272286,5.017279836814924,2.302585092994046,3.258096538021482,0.0,0.0,101,10201,0.4999999999999999,-0.8660254037844387,1.2246467991473532e-16,-1.0,7050.0,8.860924729719041,-0.0662251655629139,2023-06-01,train
Cotton,2023-06-01,7050.0,6903.5672268907565,1766.0,8117.0,238,143,9,25,0,0,0,2023,6,2,Summer,7550.0,7690.0,7631.0,8450.0,10500.0,-0.0662251655629139,-0.0761368103787183,-0.3285714285714286,-500.0,7623.666666666667,7837.5,8513.020833333334,7631.0,7747.0,8263.375,70.28750481653415,324.7274241575378,936.70109267926,7550.0,8450.0,-81.0,-900.0,-2950.0,10500.0,-0.3285714285714286,5663.512376237623,5144.5,1620.1642341041531,5689.125,4875.0,-287.5,-197.0,0.0414325262082982,5.476463551931511,4.969813299576001,2.302585092994046,3.258096538021482,0.0,0.0,102,10404,1.2246467991473532e-16,-1.0,1.2246467991473532e-16,-1.0,6850.0,8.832149906002899,-0.0283687943262411,2023-07-01,train
Cotton,2023-07-01,6850.0,6756.423357664234,5050.0,9500.0,137,90,9,19,0,0,0,2023,7,3,Monsoon,7050.0,7550.0,7690.0,7900.0,9109.5,-0.0283687943262411,-0.1092327698309493,-0.2480377627751249,-200.0,7430.0,7604.166666666667,8225.520833333334,7550.0,7660.5,8075.0,336.4520768252159,298.52063021951034,789.2440029024162,7050.0,7900.0,-640.0,-850.0,-2059.5,9109.5,-0.2480377627751249,5677.105392156863,5159.75,1617.9583636883406,5604.6875,5087.5,-554.166666666667,-610.5,0.0392575075357164,4.927253685157205,4.51085950651685,2.302585092994046,2.995732273553991,0.0,0.0,103,10609,-0.4999999999999997,-0.8660254037844388,-1.0,-1.8369701987210294e-16,7000.0,8.853808274977197,0.0218978102189781,2023-08-01,train
Cotton,2023-08-01,7000.0,6865.874015748032,4101.0,10000.0,127,83,9,16,1,0,0,2023,8,3,Monsoon,6850.0,7050.0,7550.0,7804.0,9595.0,0.0218978102189781,-0.0728476821192053,-0.2704533611255862,150.0,7150.0,7429.166666666667,8037.229166666667,7050.0,7590.5,7852.0,360.5551275464003,385.50559874877536,827.7659107112418,6850.0,7804.0,-700.0,-954.0,-2745.0,9595.0,-0.2704533611255862,5688.492718446602,5175.0,1614.1501787562431,5734.0,5483.25,-579.166666666667,-740.5,0.0518908265281582,4.852030263919617,4.430816798843313,2.302585092994046,2.833213344056216,0.0078740157480314,0.0,104,10816,-0.8660254037844385,-0.5000000000000004,-1.0,-1.8369701987210294e-16,6950.0,8.846640813100485,-0.0071428571428571,2023-09-01,train
Groundnut,2015-01-01,3980.0,3945.2109375,1410.0,7600.0,192,116,13,12,0,0,0,2015,1,1,Winter,,,,,,,,,,,,,,,,,,,,,,,,,,,,,,,,,,5.262690188904886,4.762173934797756,2.6390573296152584,2.5649493574615367,0.0,0.0,1,1,0.4999999999999999,0.8660254037844387,1.0,6.123233995736766e-17,4200.0,8.343077871169383,0.0552763819095476,2015-02-01,train
Groundnut,2015-02-01,4200.0,4300.64705882353,2200.0,5350.0,34,22,6,5,0,0,0,2015,2,1,Winter,3980.0,,,,,0.0552763819095476,,,220.0,,,,,,,,,,,,,,,,,,,,,,,,,3.555348061489413,3.1354942159291497,1.9459101490553128,1.791759469228055,0.0,0.0,2,4,0.8660254037844386,0.5000000000000001,1.0,6.123233995736766e-17,4395.0,8.388450315523512,0.0464285714285714,2015-03-01,train
Groundnut,2015-03-01,4395.0,4322.833333333333,2200.0,5450.0,24,14,4,4,0,0,0,2015,3,1,Spring,4200.0,3980.0,,,,0.0464285714285714,,,195.0,4090.0,,,4090.0,,,155.56349186104046,,,,,,,,,,,,,,,,,,3.218875824868201,2.70805020110221,1.6094379124341005,1.6094379124341005,0.0,0.0,3,9,1.0,6.123233995736766e-17,1.0,6.123233995736766e-17,4250.0,8.35490952835879,-0.0329920364050057,2015-04-01,train
Groundnut,2015-04-01,4250.0,4552.704379562044,2689.0,7450.0,137,95,13,12,0,0,0,2015,4,2,Spring,4395.0,4200.0,3980.0,,,-0.0329920364050057,0.0678391959798994,,-145.0,4191.666666666667,4191.666666666667,,4200.0,4200.0,,207.625464077346,207.625464077346,,3980.0,4395.0,415.0,,,,,4191.666666666667,4200.0,207.625464077346,,,203.33333333333303,195.0,0.0495329138951918,4.927253685157205,4.564348191467836,2.6390573296152584,2.5649493574615367,0.0,0.0,4,16,0.8660254037844387,-0.4999999999999998,1.2246467991473532e-16,-1.0,4299.0,8.366370301681654,0.0115294117647057,2015-05-01,train
Groundnut,2015-05-01,4299.0,4522.2844827586205,1610.0,8000.0,116,81,12,12,0,0,0,2015,5,2,Summer,4250.0,4395.0,4200.0,,,0.0115294117647057,0.0235714285714285,,49.0,4281.666666666667,4206.25,,4250.0,4225.0,,101.28343069492288,172.0162298544335,,3980.0,4395.0,50.0,,,,,4206.25,4225.0,172.0162298544335,,,43.75,25.0,0.0408953889698504,4.762173934797756,4.406719247264253,2.5649493574615367,2.5649493574615367,0.0,0.0,5,25,0.4999999999999999,-0.8660254037844387,1.2246467991473532e-16,-1.0,4903.0,8.497806477616047,0.1404977901837636,2015-06-01,train
Groundnut,2015-06-01,4903.0,5000.147208121827,1650.0,8650.0,197,103,13,13,0,0,0,2015,6,2,Summer,4299.0,4250.0,4395.0,,,0.1404977901837636,0.1155858930602957,,604.0,4314.666666666667,4224.8,,4299.0,4250.0,,73.75861531599703,154.6373176177082,,3980.0,4395.0,-96.0,,,,,4224.8,4250.0,154.6373176177082,,,74.19999999999982,49.0,0.0366022812009345,5.288267030694535,4.6443908991413725,2.6390573296152584,2.6390573296152584,0.0,0.0,6,36,1.2246467991473532e-16,-1.0,1.2246467991473532e-16,-1.0,4650.0,8.444837529224097,-0.0516010605751581,2015-07-01,train
Groundnut,2015-07-01,4650.0,4968.735849056604,1702.0,8750.0,159,95,12,13,0,0,0,2015,7,3,Monsoon,4903.0,4299.0,4250.0,3980.0,,-0.0516010605751581,0.0941176470588236,,-253.0,4484.0,4337.833333333333,4337.833333333333,4299.0,4274.5,4274.5,363.6908027432092,309.49857296386125,309.49857296386125,3980.0,4903.0,653.0,923.0,,,,4337.833333333333,4274.5,309.49857296386125,,,565.166666666667,628.5,0.0713486547732419,5.075173815233827,4.564348191467836,2.5649493574615367,2.6390573296152584,0.0,0.0,7,49,-0.4999999999999997,-0.8660254037844388,-1.0,-1.8369701987210294e-16,4395.0,8.388450315523512,-0.0548387096774193,2015-08-01,train
Groundnut,2015-08-01,4395.0,4435.9277108433735,1800.0,7500.0,83,50,9,11,0,0,0,2015,8,3,Monsoon,4650.0,4903.0,4299.0,4200.0,,-0.0548387096774193,0.0223307745987439,,-255.0,4617.333333333333,4449.5,4382.428571428572,4650.0,4347.0,4299.0,303.3221609664109,273.3252641085338,306.1790636990369,4200.0,4903.0,351.0,450.0,,,,4382.428571428572,4299.0,306.1790636990369,,,200.5,303.0,0.0614283097221112,4.430816798843313,3.9318256327243257,2.302585092994046,2.4849066497880004,0.0,0.0,8,64,-0.8660254037844385,-0.5000000000000004,-1.0,-1.8369701987210294e-16,4700.0,8.45553053102413,0.0693970420932879,2015-09-01,train
Groundnut,2015-09-01,4700.0,5077.370967741936,290.0,9450.0,124,76,11,13,0,0,0,2015,9,3,Monsoon,4395.0,4650.0,4903.0,4395.0,,0.0693970420932879,-0.0414032225168264,,305.0,4649.333333333333,4482.0,4384.0,4650.0,4395.0,4347.0,254.00065616713132,248.15962604742893,283.5015746995821,4250.0,4903.0,-508.0,0.0,,,,4384.0,4347.0,283.5015746995821,,,-87.0,0.0,0.0553680557892523,4.8283137373023015,4.343805421853684,2.4849066497880004,2.6390573296152584,0.0,0.0,9,81,-1.0,-1.8369701987210294e-16,-1.0,-1.8369701987210294e-16,4500.0,8.412054873292933,-0.0425531914893616,2015-10-01,train
Groundnut,2015-10-01,4500.0,4673.598086124402,288.5,9550.0,209,124,14,14,0,0,0,2015,10,4,Autumn,4700.0,4395.0,4650.0,4250.0,,-0.0425531914893616,-0.032258064516129,,-200.0,4581.666666666667,4532.833333333333,4419.111111111111,4650.0,4522.5,4395.0,163.57974609753248,257.8242941746694,285.34472329291634,4250.0,4903.0,50.0,450.0,,,,4419.111111111111,4395.0,285.34472329291634,,,167.16666666666697,177.5,0.0568792795178886,5.3471075307174685,4.8283137373023015,2.70805020110221,2.70805020110221,0.0,0.0,10,100,-0.8660254037844386,0.5000000000000001,-2.4492935982947064e-16,1.0,4000.0,8.294299608857235,-0.1111111111111111,2015-11-01,train
Groundnut,2015-11-01,4000.0,3885.035714285714,2000.0,5875.0,28,18,7,5,0,0,0,2015,11,4,Autumn,4500.0,4700.0,4395.0,4299.0,,-0.1111111111111111,-0.0898748577929465,,-500.0,4531.666666666667,4574.5,4427.2,4500.0,4575.0,4395.0,154.9462272316858,220.46927223538395,270.2389066486663,4299.0,4903.0,105.0,201.0,,,,4427.2,4395.0,270.2389066486663,,,-74.5,-75.0,0.048195272103046,3.367295829986474,2.9444389791664403,2.079441541679836,1.791759469228055,0.0,0.0,11,121,-0.5000000000000004,0.8660254037844384,-2.4492935982947064e-16,1.0,4100.0,8.31898612539206,0.0249999999999999,2015-12-01,train
Groundnut,2015-12-01,4100.0,4270.311382113821,321.5,8850.0,246,132,14,13,0,0,0,2015,12,4,Winter,4000.0,4500.0,4700.0,4903.0,,0.0249999999999999,-0.127659574468085,,100.0,4400.0,4524.666666666667,4388.363636363636,4500.0,4575.0,4395.0,360.5551275463988,310.5747360405649,286.90948842004934,4000.0,4903.0,-700.0,-903.0,,,,4388.363636363636,4395.0,286.90948842004934,,,-524.666666666667,-575.0,0.0686403571623467,5.5093883366279774,4.890349128221754,2.70805020110221,2.6390573296152584,0.0,0.0,12,144,-2.4492935982947064e-16,1.0,-2.4492935982947064e-16,1.0,4216.5,8.346997814420124,0.0284146341463413,2016-01-01,train
Groundnut,2016-01-01,4216.5,4387.647959183673,2523.0,8800.0,196,126,13,12,0,0,0,2016,1,1,Winter,4100.0,4000.0,4500.0,4650.0,3980.0,0.0284146341463413,-0.0629999999999999,0.0594221105527639,116.5,4200.0,4390.833333333333,4364.333333333333,4100.0,4447.5,4347.0,264.5751311064588,287.0612594319661,285.9425668122033,4000.0,4700.0,-400.0,-550.0,120.0,3980.0,0.0594221105527639,4364.333333333333,4347.0,285.9425668122033,,,-290.83333333333303,-347.5,0.0653773982384436,5.2832037287379885,4.844187086458591,2.6390573296152584,2.5649493574615367,0.0,0.0,13,169,0.4999999999999999,0.8660254037844387,1.0,6.123233995736766e-17,4075.0,8.312871394342615,-0.0335586386813707,2016-02-01,train
Groundnut,2016-02-01,4075.0,4391.110344827586,1630.0,8600.0,145,98,14,10,0,0,0,2016,2,1,Winter,4216.5,4100.0,4000.0,4395.0,4200.0,-0.0335586386813707,0.01875,-0.0297619047619047,-141.5,4105.5,4318.583333333333,4384.041666666667,4100.0,4305.75,4347.0,108.35474147447287,262.269025366448,264.3819944987771,4000.0,4700.0,216.5,-178.5,16.5,4200.0,-0.0297619047619047,4352.961538461538,4299.0,276.8224808382364,,,-102.08333333333304,-89.25,0.0607303379657174,4.983606621708336,4.59511985013459,2.70805020110221,2.3978952727983707,0.0,0.0,14,196,0.8660254037844386,0.5000000000000001,1.0,6.123233995736766e-17,4450.0,8.400884069015854,0.0920245398773005,2016-03-01,train
Groundnut,2016-03-01,4450.0,4756.322147651007,2600.0,8300.0,149,91,11,12,0,0,0,2016,3,1,Spring,4075.0,4216.5,4100.0,4700.0,4395.0,0.0920245398773005,0.0853658536585366,0.012514220705347,375.0,4130.5,4265.25,4373.625,4100.0,4158.25,4347.0,75.51986493631894,275.8085839853426,274.55907834198433,4000.0,4700.0,-25.0,-625.0,-320.0,4395.0,0.012514220705347,4333.107142857143,4274.5,276.1426734478048,,,-190.25,-83.25,0.0646641073759668,5.010635294096256,4.5217885770490405,2.4849066497880004,2.5649493574615367,0.0,0.0,15,225,1.0,6.123233995736766e-17,1.0,6.123233995736766e-17,4876.5,8.492388072497267,0.0958426966292134,2016-04-01,train
Groundnut,2016-04-01,4876.5,5022.307692307692,2700.0,8500.0,104,79,13,12,0,0,0,2016,4,2,Spring,4450.0,4075.0,4216.5,4500.0,4250.0,0.0958426966292134,0.1565279260049803,0.1474117647058823,426.5,4247.166666666667,4223.583333333333,4378.208333333333,4216.5,4158.25,4347.0,189.3715483733846,207.39344653741196,275.40610166322244,4000.0,4500.0,233.5,-50.0,200.0,4250.0,0.1474117647058823,4340.9,4299.0,267.80391280615294,,,226.41666666666697,291.75,0.0491036710228073,4.653960350157523,4.382026634673881,2.6390573296152584,2.5649493574615367,0.0,0.0,16,256,0.8660254037844387,-0.4999999999999998,1.2246467991473532e-16,-1.0,5250.0,8.566173813637858,0.0765918179021838,2016-05-01,train
Groundnut,2016-05-01,5250.0,5168.619047619048,2200.0,8000.0,21,17,8,5,0,0,0,2016,5,2,Summer,4876.5,4450.0,4075.0,4000.0,4299.0,0.0765918179021838,0.2883435582822085,0.2212142358688067,373.5,4467.166666666667,4286.333333333333,4430.416666666667,4450.0,4158.25,4422.5,401.0256641828962,329.037637158223,306.51744969853985,4000.0,4876.5,801.5,876.5,577.5,4299.0,0.2212142358688067,4374.375,4347.0,291.3192120910209,,,590.166666666667,718.25,0.0767643604848486,3.091042453358316,2.8903717578961645,2.19722457733622,1.791759469228055,0.0,0.0,17,289,0.4999999999999999,-0.8660254037844387,1.2246467991473532e-16,-1.0,5346.5,8.58438444095656,0.0183809523809523,2016-06-01,train
Groundnut,2016-06-01,5346.5,5389.984782608695,1990.0,9300.0,230,127,12,14,0,0,0,2016,6,2,Summer,5250.0,4876.5,4450.0,4100.0,4903.0,0.0183809523809523,0.2014606741573033,0.0904548235774016,96.5,4858.833333333333,4494.666666666667,4509.666666666667,4876.5,4333.25,4475.0,400.29249722338415,474.8850036236843,382.87930292203134,4075.0,5250.0,800.0,1150.0,347.0,4903.0,0.0904548235774016,4425.882352941177,4395.0,353.0776529945184,,,755.333333333333,916.75,0.1056552218088885,5.442417710521793,4.852030263919617,2.5649493574615367,2.70805020110221,0.0,0.0,18,324,1.2246467991473532e-16,-1.0,1.2246467991473532e-16,-1.0,5330.0,8.581294116822761,-0.0030861311138127,2016-07-01,train
Groundnut,2016-07-01,5330.0,5524.018867924528,2000.0,9400.0,159,94,13,11,0,0,0,2016,7,3,Monsoon,5346.5,5250.0,4876.5,4216.5,4650.0,-0.0030861311138127,0.0929970265559314,0.1462365591397849,-16.5,5157.666666666667,4702.416666666667,4546.625,5250.0,4663.25,4475.0,248.23191441338292,536.3723908504863,441.2533865437904,4075.0,5346.5,470.0,1130.0,696.5,4650.0,0.1462365591397849,4477.027777777777,4395.0,405.48248211316536,,,644.083333333333,683.25,0.1140631358026163,5.075173815233827,4.553876891600541,2.6390573296152584,2.4849066497880004,0.0,0.0,19,361,-0.4999999999999997,-0.8660254037844388,-1.0,-1.8369701987210294e-16,5538.0,8.619569258033104,0.0390243902439024,2016-08-01,train
Groundnut,2016-08-01,5538.0,5751.009090909091,2849.0,10300.0,110,66,12,11,1,0,0,2016,8,3,Monsoon,5330.0,5346.5,5250.0,4075.0,4395.0,0.0390243902439024,0.0548571428571429,0.2600682593856656,208.0,5308.833333333333,4888.0,4603.291666666667,5330.0,5063.25,4475.0,51.61475887120871,527.1765358966582,496.0028160813265,4075.0,5346.5,80.0,1255.0,935.0,4395.0,0.2600682593856656,4521.921052631579,4395.0,439.97106164805786,,,442.0,266.75,0.1078511734649464,4.709530201312334,4.204692619390966,2.5649493574615367,2.4849066497880004,0.009090909090909,0.0,20,400,-0.8660254037844385,-0.5000000000000004,-1.0,-1.8369701987210294e-16,5000.0,8.517393171418904,-0.0971469844709281,2016-09-01,train
Groundnut,2016-09-01,5000.0,5189.050505050505,1609.0,10900.0,99,71,11,10,2,0,0,2016,9,3,Monsoon,5538.0,5330.0,5346.5,4450.0,4700.0,-0.0971469844709281,-0.0648087533900683,0.0638297872340425,-538.0,5404.833333333333,5131.833333333333,4698.541666666667,5346.5,5290.0,4600.0,115.62042783752818,398.5921056251202,558.2138910006279,4450.0,5538.0,191.5,1088.0,838.0,4700.0,0.0638297872340425,4572.725,4422.5,484.7754356671918,,,406.16666666666697,248.0,0.0776705087119847,4.605170185988092,4.276666119016055,2.4849066497880004,2.3978952727983707,0.0202020202020202,0.0,21,441,-1.0,-1.8369701987210294e-16,-1.0,-1.8369701987210294e-16,4250.0,8.35490952835879,-0.15,2016-10-01,train
Groundnut,2016-10-01,4250.0,4315.266666666666,2000.0,9000.0,135,89,12,13,0,0,0,2016,10,4,Autumn,5000.0,5538.0,5330.0,4876.5,4500.0,-0.15,-0.2026266416510319,-0.0555555555555555,-750.0,5289.333333333333,5223.5,4723.541666666667,5330.0,5290.0,4688.25,271.2956566798168,243.49332639725503,564.9622054267049,4876.5,5538.0,-330.0,123.5,500.0,4500.0,-0.0555555555555555,4593.071428571428,4450.0,481.61227366301296,,,-223.5,-290.0,0.0466149758585728,4.912654885736052,4.499809670330265,2.5649493574615367,2.6390573296152584,0.0,0.0,22,484,-0.8660254037844386,0.5000000000000001,-2.4492935982947064e-16,1.0,4050.0,8.30671904320269,-0.0470588235294118,2016-11-01,train
Groundnut,2016-11-01,4050.0,4385.166666666667,800.0,8500.0,153,117,15,14,0,0,0,2016,11,4,Autumn,4250.0,5000.0,5538.0,5250.0,4000.0,-0.0470588235294118,-0.2686890574214517,0.0124999999999999,-200.0,4929.333333333333,5119.083333333333,4702.708333333333,5000.0,5290.0,4663.25,646.9013319922389,460.069822599426,578.4043669807694,4250.0,5538.0,-1288.0,-1000.0,250.0,4000.0,0.0124999999999999,4577.477272727273,4422.5,475.6627325880807,,,-869.083333333333,-1040.0,0.0898734778556237,5.0369526024136295,4.770684624465665,2.772588722239781,2.70805020110221,0.0,0.0,23,529,-0.5000000000000004,0.8660254037844384,-2.4492935982947064e-16,1.0,4000.0,8.294299608857235,-0.0123456790123457,2016-12-01,train
Groundnut,2016-12-01,4000.0,4145.467441860465,4.0,8350.0,215,120,12,13,0,0,0,2016,12,4,Winter,4050.0,4250.0,5000.0,5346.5,4100.0,-0.0123456790123457,-0.1999999999999999,-0.024390243902439,-50.0,4433.333333333333,4919.083333333333,4706.875,4250.0,5165.0,4663.25,500.8326400438899,623.5577292173259,573.0372479167478,4050.0,5538.0,-950.0,-1296.5,-50.0,4100.0,-0.024390243902439,4554.54347826087,4395.0,477.5644152896948,,,-869.083333333333,-1115.0,0.1267629936236072,5.375278407684165,4.795790545596741,2.5649493574615367,2.6390573296152584,0.0,0.0,24,576,-2.4492935982947064e-16,1.0,-2.4492935982947064e-16,1.0,4140.0,8.328692583545568,0.0349999999999999,2017-01-01,train
Groundnut,2017-01-01,4140.0,4256.0,3151.0,6700.0,20,13,6,4,0,0,0,2017,1,1,Winter,4000.0,4050.0,4250.0,5330.0,4216.5,0.0349999999999999,-0.0258823529411764,-0.0181430096051227,140.0,4100.0,4694.666666666667,4698.541666666667,4050.0,4625.0,4663.25,132.28756555322633,678.8185815567138,583.3001900757658,4000.0,5538.0,-250.0,-1330.0,-216.5,4216.5,-0.0181430096051227,4531.4375,4395.0,480.5882335968485,4098.25,4098.25,-694.666666666667,-625.0,0.1445935632398566,3.044522437723423,2.6390573296152584,1.9459101490553128,1.6094379124341005,0.0,0.0,25,625,0.4999999999999999,0.8660254037844387,1.0,6.123233995736766e-17,4145.0,8.329899292995725,0.001207729468599,2017-02-01,train
Groundnut,2017-02-01,4145.0,4428.289699570815,900.0,8820.0,233,128,12,14,0,0,0,2017,2,1,Winter,4140.0,4000.0,4050.0,5538.0,4075.0,0.001207729468599,0.0234567901234568,0.0171779141104293,5.0,4063.3333333333335,4496.333333333333,4692.166666666667,4050.0,4195.0,4663.25,70.94598884596986,628.0069001744087,589.4332537328216,4000.0,5538.0,90.0,-1398.0,65.0,4075.0,0.0171779141104293,4515.78,4395.0,476.93861152842993,4137.5,4137.5,-356.33333333333303,-55.0,0.139670894841962,5.455321115357702,4.859812404361672,2.5649493574615367,2.70805020110221,0.0,0.0,26,676,0.8660254037844386,0.5000000000000001,1.0,6.123233995736766e-17,4250.0,8.35490952835879,0.0253317249698432,2017-03-01,train
Groundnut,2017-03-01,4250.0,4709.731277533039,850.0,10251.0,227,124,15,13,1,0,0,2017,3,1,Spring,4145.0,4140.0,4000.0,5000.0,4450.0,0.0253317249698432,0.0625,-0.0449438202247191,105.0,4095.0,4264.166666666667,4698.0,4140.0,4142.5,4663.25,82.31038816576645,370.65370181163786,583.0823659265866,4000.0,5000.0,145.0,-855.0,-305.0,4450.0,-0.0449438202247191,4501.519230769231,4347.0,472.92624119981394,4422.5,4422.5,-119.16666666666696,2.5,0.0869228927445701,5.429345628954441,4.8283137373023015,2.772588722239781,2.6390573296152584,0.0044052863436123,0.0,27,729,1.0,6.123233995736766e-17,1.0,6.123233995736766e-17,4560.0,8.4252971767117,0.0729411764705882,2017-04-01,train
Groundnut,2017-04-01,4560.0,4730.663157894737,2100.0,8700.0,95,64,9,12,0,0,0,2017,4,2,Spring,4250.0,4145.0,4140.0,4250.0,4876.5,0.0729411764705882,0.1014492753623188,-0.0649031067363887,310.0,4178.333333333333,4139.166666666667,4681.333333333333,4145.0,4142.5,4563.25,62.115483845274,101.90273139946235,593.579447594053,4000.0,4250.0,110.0,0.0,-626.5,4876.5,-0.0649031067363887,4492.203703703704,4299.0,466.2617137992201,4563.25,4563.25,110.83333333333304,107.5,0.0246191418722276,4.564348191467836,4.174387269895637,2.302585092994046,2.5649493574615367,0.0,0.0,28,784,0.8660254037844387,-0.4999999999999998,1.2246467991473532e-16,-1.0,4382.0,8.38548870041881,-0.0390350877192982,2017-05-01,train
Groundnut,2017-05-01,4382.0,4746.089430894309,2100.0,9500.0,123,86,11,12,0,0,0,2017,5,2,Summer,4560.0,4250.0,4145.0,4050.0,5250.0,-0.0390350877192982,0.0571773220747888,-0.1653333333333333,-178.0,4318.333333333333,4190.833333333333,4654.958333333333,4250.0,4142.5,4405.0,215.77380131362693,200.36009250015528,591.1457464624157,4000.0,4560.0,415.0,510.0,-690.0,5250.0,-0.1653333333333333,4494.625,4347.0,457.7251242305275,4774.5,4774.5,369.16666666666697,417.5,0.047809129250385,4.820281565605037,4.465908118654584,2.4849066497880004,2.5649493574615367,0.0,0.0,29,841,0.4999999999999999,-0.8660254037844387,1.2246467991473532e-16,-1.0,4400.0,8.38958706681109,0.004107713372889,2017-06-01,train
Groundnut,2017-06-01,4400.0,4604.7411764705885,2960.0,8800.0,170,98,10,14,0,0,0,2017,6,2,Summer,4382.0,4560.0,4250.0,4000.0,5346.5,0.004107713372889,0.0352941176470589,-0.1770317029832601,18.0,4397.333333333333,4246.166666666667,4582.625,4382.0,4197.5,4316.0,155.5677772976544,199.52986409725884,564.2076151157003,4000.0,4560.0,132.0,382.0,-964.5,5346.5,-0.1770317029832601,4490.741379310345,4382.0,449.9634433700788,5124.75,5124.75,135.83333333333303,184.5,0.0469905869836932,5.14166355650266,4.59511985013459,2.3978952727983707,2.70805020110221,0.0,0.0,30,900,1.2246467991473532e-16,-1.0,1.2246467991473532e-16,-1.0,3850.0,8.25608813381491,-0.125,2017-07-01,train
Groundnut,2017-07-01,3850.0,3891.078125,1900.0,8800.0,64,44,9,9,0,0,0,2017,7,3,Monsoon,4400.0,4382.0,4560.0,4140.0,5330.0,-0.125,-0.1557017543859649,-0.2776735459662288,-550.0,4447.333333333333,4312.833333333333,4503.75,4400.0,4316.0,4316.0,97.98639361325948,164.59698255639557,511.3995280333453,4140.0,4560.0,-160.0,260.0,-930.0,5330.0,-0.2776735459662288,4487.716666666666,4388.5,442.4476724044234,4990.0,4990.0,87.16666666666697,84.0,0.0381644663345199,4.174387269895637,3.80666248977032,2.302585092994046,2.302585092994046,0.0,0.0,31,961,-0.4999999999999997,-0.8660254037844388,-1.0,-1.8369701987210294e-16,3750.0,8.229777750081887,-0.0259740259740259,2017-08-01,train
Groundnut,2017-08-01,3750.0,4258.707692307692,2200.0,8886.0,130,78,9,13,0,0,0,2017,8,3,Monsoon,3850.0,4400.0,4382.0,4145.0,5538.0,-0.0259740259740259,-0.1442263806481059,-0.3228602383531961,-100.0,4210.666666666667,4264.5,4380.416666666667,4382.0,4316.0,4250.0,312.47613242187424,247.3004245851669,470.8783781080828,3850.0,4560.0,-532.0,-295.0,-1688.0,5538.0,-0.3228602383531961,4467.145161290323,4382.0,449.8370852050846,4966.5,4966.5,-414.5,-466.0,0.0579904853054676,4.875197323201151,4.3694478524670215,2.302585092994046,2.6390573296152584,0.0,0.0,32,1024,-0.8660254037844385,-0.5000000000000004,-1.0,-1.8369701987210294e-16,3474.0,8.153349757998892,-0.0736,2017-09-01,train
Groundnut,2017-09-01,3474.0,3932.8432835820895,1519.0,8800.0,134,79,10,13,0,0,0,2017,9,3,Monsoon,3750.0,3850.0,4400.0,4250.0,5000.0,-0.0736,-0.2104545454545454,-0.3052,-276.0,4000.0,4198.666666666667,4231.416666666667,3850.0,4316.0,4197.5,349.9999999999991,325.64193014209746,334.392925744372,3750.0,4560.0,-650.0,-500.0,-1250.0,5000.0,-0.3052,4444.734375,4340.5,460.32343090299736,4850.0,4850.0,-448.66666666666697,-566.0,0.0775584146098993,4.90527477843843,4.382026634673881,2.3978952727983707,2.6390573296152584,0.0,0.0,33,1089,-1.0,-1.8369701987210294e-16,-1.0,-1.8369701987210294e-16,3157.5,8.057852510338755,-0.0911053540587218,2017-10-01,train
Groundnut,2017-10-01,3157.5,3341.5,2100.0,4800.0,24,16,7,7,0,0,0,2017,10,4,Autumn,3474.0,3750.0,3850.0,4560.0,4250.0,-0.0911053540587218,-0.1798701298701298,-0.2570588235294118,-316.5,3691.3333333333335,4069.3333333333335,4104.25,3750.0,4116.0,4142.5,194.7442767665657,436.4303686347584,304.34852180892153,3474.0,4560.0,-376.0,-1086.0,-776.0,4250.0,-0.2570588235294118,4415.318181818182,4299.0,483.560925876038,4375.0,4375.0,-595.3333333333335,-642.0,0.1072486161455009,3.218875824868201,2.833213344056216,2.079441541679836,2.079441541679836,0.0,0.0,34,1156,-0.8660254037844386,0.5000000000000001,-2.4492935982947064e-16,1.0,3567.5,8.179900618411121,0.1298495645288995,2017-11-01,train
Groundnut,2017-11-01,3567.5,3835.2436440677966,1900.0,8800.0,236,146,12,15,0,0,0,2017,11,4,Autumn,3157.5,3474.0,3750.0,4382.0,4050.0,0.1298495645288995,-0.0486666666666666,-0.1191358024691358,410.0,3460.5,3835.5833333333335,4013.2083333333335,3474.0,3800.0,4095.0,296.4806064483804,492.9927399735939,403.9056740881579,3157.5,4400.0,-592.5,-1224.5,-892.5,4050.0,-0.1191358024691358,4378.323529411765,4274.5,522.759909002109,4025.0,4025.0,-678.0833333333335,-642.5,0.1285313594125866,5.468060141135132,4.990432586778736,2.5649493574615367,2.772588722239781,0.0,0.0,35,1225,-0.5000000000000004,0.8660254037844384,-2.4492935982947064e-16,1.0,3674.0,8.209308411646937,0.029852838121934,2017-12-01,train
Groundnut,2017-12-01,3674.0,3923.746124031008,2150.0,8000.0,258,140,13,15,0,0,0,2017,12,4,Winter,3567.5,3157.5,3474.0,4400.0,4000.0,0.029852838121934,0.0575705238917674,-0.0815,106.5,3399.6666666666665,3699.8333333333335,3973.0,3474.0,3658.75,4070.0,214.86992189074016,419.0318205896445,423.4532817421364,3157.5,4400.0,93.5,-832.5,-432.5,4000.0,-0.0815,4355.157142857143,4250.0,532.9391971089445,4050.0,4050.0,-132.33333333333348,-91.25,0.1132569450667988,5.556828061699537,4.948759890378168,2.6390573296152584,2.772588722239781,0.0,0.0,36,1296,-2.4492935982947064e-16,1.0,-2.4492935982947064e-16,1.0,3700.0,8.216358332386156,0.0070767555797495,2018-01-01,train
Groundnut,2018-01-01,3700.0,3892.578602620087,2329.0,8000.0,229,142,12,14,0,0,0,2018,1,1,Winter,3674.0,3567.5,3157.5,3850.0,4140.0,0.0070767555797495,0.1718131433095804,-0.106280193236715,26.0,3466.333333333333,3578.833333333333,3945.8333333333335,3567.5,3620.75,3995.0,272.70695505126514,245.16375479803747,431.9359345032026,3157.5,3850.0,516.5,-176.0,-466.0,4140.0,-0.106280193236715,4336.236111111111,4250.0,537.3987411079828,4112.166666666667,4140.0,95.16666666666652,53.25,0.0685038200897976,5.438079308923196,4.962844630259907,2.5649493574615367,2.70805020110221,0.0,0.0,37,1369,0.4999999999999999,0.8660254037844387,1.0,6.123233995736766e-17,3597.5,8.188272370947859,-0.0277027027027026,2018-02-01,train
Groundnut,2018-02-01,3597.5,3811.725446428572,1280.0,7800.0,224,131,12,17,0,0,0,2018,2,1,Winter,3700.0,3674.0,3567.5,3750.0,4145.0,-0.0277027027027026,0.0084092501751926,-0.132086851628468,-102.5,3647.1666666666665,3553.833333333333,3909.1666666666665,3674.0,3620.75,3800.0,70.2074307558161,218.14047461824293,432.6299244332909,3157.5,3750.0,132.5,-50.0,-445.0,4145.0,-0.132086851628468,4319.040540540541,4250.0,540.1071187271097,4140.0,4145.0,146.16666666666652,79.25,0.0613817402668225,5.41610040220442,4.882801922586371,2.5649493574615367,2.8903717578961645,0.0,0.0,38,1444,0.8660254037844386,0.5000000000000001,1.0,6.123233995736766e-17,3711.0,8.21932609390609,0.0315496872828353,2018-03-01,train
Groundnut,2018-03-01,3711.0,3902.6242424242414,2100.0,6174.0,165,107,12,14,0,0,0,2018,3,1,Spring,3597.5,3700.0,3674.0,3474.0,4250.0,0.0315496872828353,0.0100707675557973,-0.1268235294117646,113.5,3657.1666666666665,3528.4166666666665,3863.5416666666665,3674.0,3582.5,3725.0,53.283049212040375,198.7338463037244,434.3641360097755,3157.5,3700.0,-76.5,123.5,-652.5,4250.0,-0.1268235294117646,4300.052631578948,4250.0,545.4649738485422,4365.0,4395.0,69.08333333333348,15.0,0.0563238033028198,5.111987788356544,4.68213122712422,2.5649493574615367,2.70805020110221,0.0,0.0,39,1521,1.0,6.123233995736766e-17,1.0,6.123233995736766e-17,3763.0,8.23323750070527,0.0140123955807061,2018-04-01,train
Groundnut,2018-04-01,3763.0,3862.5,1850.0,5310.0,24,13,3,5,0,0,0,2018,4,2,Spring,3711.0,3597.5,3700.0,3157.5,4560.0,0.0140123955807061,0.0170270270270269,-0.1747807017543859,52.0,3669.5,3567.9166666666665,3818.625,3700.0,3635.75,3705.5,62.5959263850243,209.04052637388816,418.3412115942984,3157.5,3711.0,11.0,553.5,-849.0,4560.0,-0.1747807017543859,4284.948717948718,4250.0,546.4423549661439,4562.166666666667,4560.0,143.08333333333348,75.25,0.0585889598618862,3.218875824868201,2.6390573296152584,1.3862943611198906,1.791759469228055,0.0,0.0,40,1600,0.8660254037844387,-0.4999999999999998,1.2246467991473532e-16,-1.0,3409.0,8.134467570277563,-0.0940738772256178,2018-05-01,train
Groundnut,2018-05-01,3409.0,3533.468503937008,1756.0,5650.0,127,84,9,11,0,0,0,2018,5,2,Summer,3763.0,3711.0,3597.5,3567.5,4382.0,-0.0940738772256178,-0.0523974982626824,-0.2220447284345048,-354.0,3690.5,3668.8333333333335,3752.2083333333335,3711.0,3687.0,3705.5,84.6330313766403,73.48514589134297,347.14762764390576,3567.5,3763.0,165.5,195.5,-619.0,4382.0,-0.2220447284345048,4271.9,4233.25,545.6680473957756,4643.666666666667,4382.0,94.16666666666652,76.0,0.0200295677712287,4.852030263919617,4.442651256490317,2.302585092994046,2.4849066497880004,0.0,0.0,41,1681,0.4999999999999999,-0.8660254037844387,1.2246467991473532e-16,-1.0,3550.0,8.174984532943087,0.0413611029627456,2018-06-01,train
Groundnut,2018-06-01,3550.0,3691.389140271493,1613.0,6850.0,221,129,10,15,0,0,0,2018,6,2,Summer,3409.0,3763.0,3711.0,3674.0,4400.0,0.0413611029627456,-0.043384532471032,-0.1931818181818182,141.0,3627.6666666666665,3642.4166666666665,3671.125,3711.0,3687.0,3687.0,191.1474125729477,126.53711576716152,296.6305572593698,3409.0,3763.0,-302.0,-265.0,-991.0,4400.0,-0.1931818181818182,4250.8536585365855,4216.5,555.4013553717537,4883.166666666667,4903.0,-233.4166666666665,-278.0,0.0347398794116987,5.402677381872279,4.867534450455582,2.3978952727983707,2.772588722239781,0.0,0.0,42,1764,1.2246467991473532e-16,-1.0,1.2246467991473532e-16,-1.0,3250.0,8.086717920303906,-0.0845070422535211,2018-07-01,train
Groundnut,2018-07-01,3250.0,3304.896551724138,2200.0,4660.0,29,18,6,5,0,0,0,2018,7,3,Monsoon,3550.0,3409.0,3763.0,3700.0,3850.0,-0.0845070422535211,-0.1363273983523784,-0.1558441558441559,-300.0,3574.0,3621.75,3600.2916666666665,3550.0,3648.75,3635.75,178.2161608833479,130.4138604597127,188.5568949986176,3409.0,3763.0,-213.0,-150.0,-300.0,3850.0,-0.1558441558441559,4234.166666666667,4208.25,559.1441049329782,4610.0,4650.0,-71.75,-98.75,0.0360085208696659,3.4011973816621555,2.9444389791664403,1.9459101490553128,1.791759469228055,0.0,0.0,43,1849,-0.4999999999999997,-0.8660254037844388,-1.0,-1.8369701987210294e-16,3750.0,8.229777750081887,0.1538461538461537,2018-08-01,train
Groundnut,2018-08-01,3750.0,3844.6317567567567,2450.0,6301.0,148,95,12,16,0,0,0,2018,8,3,Monsoon,3250.0,3550.0,3409.0,3597.5,3750.0,0.1538461538461537,0.1000293341155764,0.0,500.0,3403.0,3546.75,3550.2916666666665,3409.0,3573.75,3582.5,150.08997301618567,191.5013707522889,195.73654119916085,3250.0,3763.0,-159.0,-347.5,-500.0,3750.0,0.0,4211.279069767442,4200.0,572.4713790134758,4561.0,4395.0,-296.75,-323.75,0.053993478748795,5.003946305945459,4.564348191467836,2.5649493574615367,2.833213344056216,0.0,0.0,44,1936,-0.8660254037844385,-0.5000000000000004,-1.0,-1.8369701987210294e-16,3713.0,8.219864741912652,-0.0098666666666666,2018-09-01,train
Groundnut,2018-09-01,3713.0,3761.757142857143,2100.0,5460.0,70,49,12,12,0,0,0,2018,9,3,Monsoon,3750.0,3250.0,3550.0,3711.0,3474.0,-0.0098666666666666,0.0459154929577465,0.068796776050662,-37.0,3516.6666666666665,3572.1666666666665,3550.2916666666665,3550.0,3630.5,3582.5,251.66114784235708,208.91282073312829,195.73654119916085,3250.0,3763.0,200.0,39.0,276.0,3474.0,0.068796776050662,4200.795454545455,4172.5,570.0332234114187,4391.333333333333,4700.0,177.83333333333348,119.5,0.0584835032146115,4.262679877041316,3.912023005428146,2.5649493574615367,2.5649493574615367,0.0,0.0,45,2025,-1.0,-1.8369701987210294e-16,-1.0,-1.8369701987210294e-16,3900.0,8.268988209506656,0.0503635873956369,2018-10-01,train
Groundnut,2018-10-01,3900.0,4113.057228915663,2100.0,7511.0,166,109,12,14,0,0,0,2018,10,4,Autumn,3713.0,3750.0,3250.0,3763.0,3157.5,0.0503635873956369,0.1999999999999999,0.2351543942992873,187.0,3571.0,3572.5,3570.208333333333,3713.0,3631.5,3635.75,278.6090450792999,209.180065971893,199.39322254523685,3250.0,3763.0,463.0,-50.0,555.5,3157.5,0.2351543942992873,4189.955555555555,4145.0,568.1906172449991,3969.1666666666665,4250.0,140.5,81.5,0.0585528526163451,5.117993812416755,4.700480365792417,2.5649493574615367,2.70805020110221,0.0,0.0,46,2116,-0.8660254037844386,0.5000000000000001,-2.4492935982947064e-16,1.0,4250.0,8.35490952835879,0.0897435897435896,2018-11-01,train
Groundnut,2018-11-01,4250.0,4492.382716049383,3000.0,6836.0,81,68,12,12,0,0,0,2018,11,4,Autumn,3900.0,3713.0,3750.0,3409.0,3567.5,0.0897435897435896,0.1333333333333333,0.1913104414856341,350.0,3787.6666666666665,3595.333333333333,3632.0833333333335,3750.0,3631.5,3687.0,99.02693236353788,239.42403109686407,173.15952095387118,3250.0,3900.0,150.0,491.0,332.5,3567.5,0.1913104414856341,4183.652173913043,4142.5,563.4660974674249,3872.5,4000.0,304.6666666666665,268.5,0.0665929995633777,4.406719247264253,4.23410650459726,2.5649493574615367,2.5649493574615367,0.0,0.0,47,2209,-0.5000000000000004,0.8660254037844384,-2.4492935982947064e-16,1.0,3927.5,8.276012952615876,-0.0758823529411765,2018-12-01,train
Groundnut,2018-12-01,3927.5,4035.22311827957,2571.0,6500.0,186,108,11,15,0,0,0,2018,12,4,Winter,4250.0,3900.0,3713.0,3550.0,3674.0,-0.0758823529411765,0.05776999730676,0.0689983669025584,-322.5,3954.3333333333335,3735.5,3688.9583333333335,3900.0,3731.5,3705.5,272.5918805344955,335.4422454015074,246.55060870239075,3250.0,4250.0,537.0,700.0,576.0,3674.0,0.0689983669025584,4185.063829787234,4145.0,557.3918360369718,3924.6666666666665,4000.0,514.5,518.5,0.0897984862539171,5.231108616854587,4.691347882229144,2.4849066497880004,2.772588722239781,0.0,0.0,48,2304,-2.4492935982947064e-16,1.0,-2.4492935982947064e-16,1.0,4002.5,8.294924257512688,0.0190961171228516,2019-01-01,train
Groundnut,2019-01-01,4002.5,4204.602631578948,1910.0,7537.0,190,114,12,14,0,0,0,2019,1,1,Winter,3927.5,4250.0,3900.0,3250.0,3700.0,0.0190961171228516,0.0262820512820511,0.0817567567567567,75.0,4025.8333333333335,3798.4166666666665,3710.0833333333335,3927.5,3825.0,3712.0,194.6203569345526,329.0319766628642,255.8377356249487,3250.0,4250.0,27.5,677.5,227.5,3700.0,0.0817567567567567,4179.697916666667,4142.5,552.6819979397118,4009.125,4060.0,129.08333333333348,102.5,0.0866234553861119,5.25227342804663,4.74493212836325,2.5649493574615367,2.70805020110221,0.0,0.0,49,2401,0.4999999999999999,0.8660254037844387,1.0,6.123233995736766e-17,4097.0,8.318254328798846,0.0236102435977514,2019-02-01,train
Groundnut,2019-02-01,4097.0,4338.592039800995,3018.0,7524.0,201,110,13,15,0,0,0,2019,2,1,Winter,4002.5,3927.5,4250.0,3750.0,3597.5,0.0236102435977514,-0.036,0.1388464211257818,94.5,4060.0,3923.8333333333335,3735.2916666666665,4002.5,3913.75,3731.5,168.76388831737466,193.81606400572505,269.30258905124,3713.0,4250.0,-247.5,252.5,405.0,3597.5,0.1388464211257818,4176.081632653061,4140.0,547.4801304132227,4004.375,4110.0,78.66666666666652,88.75,0.0493945709567323,5.308267697401205,4.709530201312334,2.6390573296152584,2.772588722239781,0.0,0.0,50,2500,0.8660254037844386,0.5000000000000001,1.0,6.123233995736766e-17,4250.0,8.35490952835879,0.037344398340249,2019-03-01,train
Groundnut,2019-03-01,4250.0,4464.9922279792745,2855.0,7700.0,193,108,12,16,0,0,0,2019,3,1,Spring,4097.0,4002.5,3927.5,3713.0,3711.0,0.037344398340249,0.0821133036282621,0.1452438695769333,153.0,4009.0,3981.6666666666665,3776.9166666666665,4002.5,3965.0,3756.5,84.93674116658414,183.04307325509797,284.2561931310156,3713.0,4250.0,169.5,384.0,386.0,3711.0,0.1452438695769333,4174.5,4120.0,541.9802033435602,4201.5,4322.5,115.33333333333348,132.0,0.0459714708886809,5.267858159063328,4.691347882229144,2.5649493574615367,2.833213344056216,0.0,0.0,51,2601,1.0,6.123233995736766e-17,1.0,6.123233995736766e-17,4325.0,8.372398606513004,0.0176470588235293,2019-04-01,train
Groundnut,2019-04-01,4325.0,4658.872611464968,1969.0,8700.0,157,88,13,15,0,0,0,2019,4,2,Spring,4250.0,4097.0,4002.5,3900.0,3763.0,0.0176470588235293,0.0805746408494691,0.1493489237310656,75.0,4116.5,4071.1666666666665,3821.8333333333335,4097.0,4049.75,3831.5,124.89695752899392,154.45603473697906,313.929663035109,3900.0,4250.0,247.5,350.0,487.0,3763.0,0.1493489237310656,4175.980392156863,4140.0,536.6371768782363,4362.375,4405.0,178.83333333333348,200.25,0.0379390104565388,5.062595033026967,4.48863636973214,2.6390573296152584,2.772588722239781,0.0,0.0,52,2704,0.8660254037844387,-0.4999999999999998,1.2246467991473532e-16,-1.0,4625.0,8.439447842791385,0.0693641618497109,2019-05-01,train
Groundnut,2019-05-01,4625.0,4744.991228070176,2340.0,7569.0,114,82,12,15,0,0,0,2019,5,2,Summer,4325.0,4250.0,4097.0,4250.0,3409.0,0.0693641618497109,0.1288747864290944,0.3567028454092109,300.0,4224.0,4142.0,3868.6666666666665,4250.0,4173.5,3913.75,116.20240961356744,157.67847031222755,344.76146782518094,3927.5,4325.0,228.0,75.0,916.0,3409.0,0.3567028454092109,4178.846153846154,4142.5,531.7516884977532,4335.0,4340.5,183.0,151.5,0.0380681965987995,4.74493212836325,4.418840607796598,2.5649493574615367,2.772588722239781,0.0,0.0,53,2809,0.4999999999999999,-0.8660254037844387,1.2246467991473532e-16,-1.0,4800.0,8.476579508530941,0.0378378378378378,2019-06-01,train
Groundnut,2019-06-01,4800.0,4865.72695035461,3000.0,8950.0,141,87,12,13,0,0,0,2019,6,2,Summer,4625.0,4325.0,4250.0,3927.5,3550.0,0.0378378378378378,0.1294117647058823,0.352112676056338,175.0,4400.0,4204.5,3970.0,4325.0,4173.5,3965.0,198.43134832984256,253.9685019840135,374.771506144991,3927.5,4625.0,375.0,697.5,1075.0,3550.0,0.352112676056338,4187.264150943396,4145.0,530.1677945904487,4549.875,4651.5,420.5,451.5,0.0604039724067103,4.955827057601261,4.477336814478207,2.5649493574615367,2.6390573296152584,0.0,0.0,54,2916,1.2246467991473532e-16,-1.0,1.2246467991473532e-16,-1.0,5200.0,8.556606193773073,0.0833333333333332,2019-07-01,train
Groundnut,2019-07-01,5200.0,5431.804054054054,3200.0,9500.0,148,84,11,12,0,0,0,2019,7,3,Monsoon,4800.0,4625.0,4325.0,4002.5,3250.0,0.0833333333333332,0.2023121387283237,0.6000000000000001,400.0,4583.333333333333,4349.916666666667,4074.1666666666665,4625.0,4287.5,4049.75,240.2255884233249,307.73859307319606,418.577913532203,4002.5,4800.0,475.0,797.5,1550.0,3250.0,0.6000000000000001,4198.611111111111,4172.5,531.7210013441642,4270.0,4250.0,450.083333333333,512.5,0.0707458594394213,5.003946305945459,4.442651256490317,2.4849066497880004,2.5649493574615367,0.0,0.0,55,3025,-0.4999999999999997,-0.8660254037844388,-1.0,-1.8369701987210294e-16,4980.0,8.513385953073284,-0.0423076923076922,2019-08-01,train
Groundnut,2019-08-01,4980.0,5372.525773195876,2159.0,10045.0,97,62,11,14,1,0,0,2019,8,3,Monsoon,5200.0,4800.0,4625.0,4097.0,3750.0,-0.0423076923076922,0.0767567567567568,0.328,-220.0,4875.0,4549.5,4236.666666666667,4800.0,4475.0,4173.5,294.7456530637889,409.01283598440153,447.0770898205657,4097.0,5200.0,575.0,1103.0,1450.0,3750.0,0.328,4216.818181818182,4200.0,543.8050130845546,4358.25,4072.5,650.5,725.0,0.0899028104152987,4.584967478670572,4.143134726391533,2.4849066497880004,2.70805020110221,0.0103092783505154,0.0,56,3136,-0.8660254037844385,-0.5000000000000004,-1.0,-1.8369701987210294e-16,4975.0,8.512381634419015,-0.001004016064257,2019-09-01,train
Groundnut,2019-09-01,4975.0,4813.45,3369.0,6071.0,20,12,5,8,0,0,0,2019,9,3,Monsoon,4980.0,5200.0,4800.0,4250.0,3713.0,-0.001004016064257,0.0364583333333332,0.3398868839213573,-5.0,4993.333333333333,4696.666666666667,4339.166666666667,4980.0,4712.5,4250.0,200.3330560175548,370.69754068063264,465.9576811321626,4250.0,5200.0,180.0,730.0,1267.0,3713.0,0.3398868839213573,4230.446428571428,4208.25,548.4048908887024,4221.75,4206.5,283.33333333333303,267.5,0.0789277943251879,3.044522437723423,2.5649493574615367,1.791759469228055,2.19722457733622,0.0,0.0,57,3249,-1.0,-1.8369701987210294e-16,-1.0,-1.8369701987210294e-16,5100.0,8.537191877922927,0.0251256281407035,2019-10-01,train
Groundnut,2019-10-01,5100.0,5383.266666666666,2125.0,11100.0,90,74,13,14,1,0,0,2019,10,4,Autumn,4975.0,4980.0,5200.0,4325.0,3900.0,0.0251256281407035,-0.0192307692307692,0.3076923076923077,125.0,5051.666666666667,4817.5,4444.333333333333,4980.0,4887.5,4287.5,128.48475914805152,309.010517620359,454.0485723582962,4325.0,5200.0,-225.0,650.0,1075.0,3900.0,0.3076923076923077,4243.508771929824,4216.5,552.361331105148,3951.875,4075.0,157.5,87.5,0.064143335261102,4.51085950651685,4.31748811353631,2.6390573296152584,2.70805020110221,0.0111111111111111,0.0,58,3364,-0.8660254037844386,0.5000000000000001,-2.4492935982947064e-16,1.0,4392.0,8.38776764397578,-0.1388235294117646,2019-11-01,train
Groundnut,2019-11-01,4392.0,4620.891705069124,2350.0,8000.0,217,140,13,15,0,0,0,2019,11,4,Autumn,5100.0,4975.0,4980.0,4625.0,4250.0,-0.1388235294117646,-0.1180722891566264,0.0334117647058822,-708.0,5018.333333333333,4946.666666666667,4544.333333333333,4980.0,4977.5,4475.0,70.76957915187047,207.16338157760495,455.4080255078627,4625.0,5200.0,120.0,475.0,850.0,4250.0,0.0334117647058822,4258.275862068966,4233.25,558.9259685812668,3966.875,4025.0,153.33333333333303,122.5,0.0418793898067934,5.384495062789089,4.948759890378168,2.6390573296152584,2.772588722239781,0.0,0.0,59,3481,-0.5000000000000004,0.8660254037844384,-2.4492935982947064e-16,1.0,4095.0,8.317766166719343,-0.0676229508196721,2019-12-01,train
Groundnut,2019-12-01,4095.0,4384.736842105263,3450.0,7800.0,38,24,9,7,0,0,0,2019,12,4,Winter,4392.0,5100.0,4975.0,4800.0,3927.5,-0.0676229508196721,-0.1768844221105527,0.0426479949077021,-297.0,4822.333333333333,4907.833333333333,4556.166666666667,4975.0,4977.5,4508.5,377.8840210082093,286.25891543612846,448.8626198684313,4392.0,5200.0,-583.0,-408.0,464.5,3927.5,0.0426479949077021,4260.542372881356,4250.0,554.3601257627139,3925.375,3963.75,-515.833333333333,-585.5,0.0583269430711709,3.6635616461296463,3.218875824868201,2.302585092994046,2.079441541679836,0.0,0.0,60,3600,-2.4492935982947064e-16,1.0,-2.4492935982947064e-16,1.0,4555.0,8.424200324567073,0.1123321123321123,2020-01-01,train
Groundnut,2020-01-01,4555.0,4606.7177914110425,2900.0,8000.0,163,102,11,14,0,0,0,2020,1,1,Winter,4095.0,4392.0,5100.0,5200.0,4002.5,0.1123321123321123,-0.1068627450980391,0.1380387257963773,460.0,4529.0,4790.333333333333,4570.125,4392.0,4977.5,4508.5,516.3167632374524,441.8038780575256,429.732375755804,4095.0,5200.0,-1005.0,-1105.0,92.5,4002.5,0.1380387257963773,4257.783333333334,4233.25,550.0574112306076,4007.8,4002.5,-695.333333333333,-882.5,0.0922282119666395,5.099866427824199,4.634728988229636,2.4849066497880004,2.70805020110221,0.0,0.0,61,3721,0.4999999999999999,0.8660254037844387,1.0,6.123233995736766e-17,4642.5,8.443223671216064,0.0192096597145994,2020-02-01,train
Groundnut,2020-02-01,4642.5,4649.704166666666,3269.0,7000.0,120,75,11,14,0,0,0,2020,2,1,Winter,4555.0,4095.0,4392.0,4980.0,4097.0,0.0192096597145994,0.057035519125683,0.1331462045399072,87.5,4347.333333333333,4682.833333333333,4616.166666666667,4392.0,4765.0,4590.0,233.2302153095366,398.540043993912,391.26388057476544,4095.0,5100.0,163.0,-425.0,458.0,4097.0,0.1331462045399072,4262.655737704919,4250.0,546.7802082874468,4022.9,4097.0,-127.83333333333304,-210.0,0.0851066044048643,4.795790545596741,4.330733340286331,2.4849066497880004,2.70805020110221,0.0,0.0,62,3844,0.8660254037844386,0.5000000000000001,1.0,6.123233995736766e-17,5351.0,8.585225601808064,0.1526117393645665,2020-03-01,train
Groundnut,2020-03-01,5351.0,5386.952380952381,4170.0,7100.0,21,14,6,6,0,0,0,2020,3,1,Spring,4642.5,4555.0,4095.0,4975.0,4250.0,0.1526117393645665,0.3067155067155067,0.2590588235294118,708.5,4430.833333333333,4626.583333333333,4661.625,4555.0,4598.75,4633.75,294.11236514865,371.08090986558375,355.5180039553039,4095.0,5100.0,547.5,-332.5,392.5,4250.0,0.2590588235294118,4268.782258064516,4250.0,544.421339822232,4211.2,4250.0,15.91666666666697,43.75,0.0802062522449432,3.091042453358316,2.70805020110221,1.9459101490553128,1.9459101490553128,0.0,0.0,63,3969,1.0,6.123233995736766e-17,1.0,6.123233995736766e-17,5494.5,8.611684854508955,0.0268174173051765,2020-04-01,train
Groundnut,2020-04-01,5494.5,5814.181818181818,4600.0,8650.0,22,17,3,7,0,0,0,2020,4,2,Spring,5351.0,4642.5,4555.0,5100.0,4325.0,0.0268174173051765,0.2062568605927552,0.2704046242774567,143.5,4849.5,4689.25,4753.375,4642.5,4598.75,4721.25,436.509736432075,462.2397375821368,380.8017334877458,4095.0,5351.0,796.0,251.0,1026.0,4325.0,0.2704046242774567,4285.960317460317,4250.0,556.9599966927849,4354.9,4325.0,661.75,752.25,0.0985743429294955,3.1354942159291497,2.8903717578961645,1.3862943611198906,2.079441541679836,0.0,0.0,64,4096,0.8660254037844387,-0.4999999999999998,1.2246467991473532e-16,-1.0,5249.0,8.565983355585669,-0.0446810446810447,2020-05-01,train
Groundnut,2020-05-01,5249.0,5277.073529411765,2000.0,8446.0,68,57,7,12,0,0,0,2020,5,2,Summer,5494.5,5351.0,4642.5,4392.0,4625.0,-0.0446810446810447,0.1306408185245018,0.1349189189189188,-245.5,5162.666666666667,4755.0,4850.833333333333,5351.0,4598.75,4887.5,456.15576652425744,551.7429655192738,409.7552669434255,4095.0,5494.5,852.0,1102.5,869.5,4625.0,0.1349189189189188,4304.84375,4250.0,572.8018291834212,4393.0,4382.0,739.5,895.75,0.1160342724541059,4.23410650459726,4.060443010546419,2.079441541679836,2.5649493574615367,0.0,0.0,65,4225,0.4999999999999999,-0.8660254037844387,1.2246467991473532e-16,-1.0,5072.5,8.531786193719137,-0.0336254524671365,2020-06-01,train
Groundnut,2020-06-01,5072.5,5209.986033519553,2000.0,8750.0,179,114,10,12,0,0,0,2020,6,2,Summer,5249.0,5494.5,5351.0,4095.0,4800.0,-0.0336254524671365,-0.052046346477294,0.0567708333333334,-176.5,5364.833333333333,4897.833333333333,4902.833333333333,5351.0,4945.75,4977.5,123.33322072066672,549.9018700337987,418.00186674949134,4095.0,5494.5,-102.0,1154.0,449.0,4800.0,0.0567708333333334,4319.369230769231,4250.0,580.249658531534,4599.9,4800.0,351.16666666666697,303.25,0.1122745166298973,5.19295685089021,4.74493212836325,2.3978952727983707,2.5649493574615367,0.0,0.0,66,4356,1.2246467991473532e-16,-1.0,1.2246467991473532e-16,-1.0,5225.0,8.561401446080557,0.0300640709709216,2020-07-01,train
Groundnut,2020-07-01,5225.0,5323.700680272109,2305.0,12700.0,147,100,10,14,1,0,0,2020,7,3,Monsoon,5072.5,5249.0,5494.5,4555.0,5200.0,0.0300640709709216,-0.049049049049049,0.0048076923076922,152.5,5272.0,5060.75,4925.541666666667,5249.0,5160.75,5026.25,211.93808058015287,384.36346730666537,419.3073540935915,4555.0,5494.5,-422.0,517.5,-127.5,5200.0,0.0048076923076922,4330.780303030303,4250.0,583.1842374728848,4456.0,4650.0,11.75,-88.25,0.075949902150208,4.997212273764115,4.61512051684126,2.3978952727983707,2.70805020110221,0.0068027210884353,0.0,67,4489,-0.4999999999999997,-0.8660254037844388,-1.0,-1.8369701987210294e-16,4719.0,8.459564078579602,-0.0968421052631578,2020-08-01,train
Groundnut,2020-08-01,4719.0,4690.315789473684,2700.0,6400.0,38,31,8,11,0,0,0,2020,8,3,Monsoon,5225.0,5072.5,5249.0,4642.5,4980.0,-0.0968421052631578,-0.1009716136406935,-0.0524096385542168,-506.0,5182.166666666667,5172.416666666667,4927.625,5225.0,5237.0,5026.25,95.72921880665636,294.9761713540074,420.8542246539646,4642.5,5494.5,-24.0,582.5,245.0,4980.0,-0.0524096385542168,4344.126865671642,4250.0,588.9698849074596,4482.6,4395.0,52.58333333333303,-12.0,0.0570286947791665,3.6635616461296463,3.4657359027997265,2.19722457733622,2.4849066497880004,0.0,0.0,68,4624,-0.8660254037844385,-0.5000000000000004,-1.0,-1.8369701987210294e-16,4581.5,8.42999997971386,-0.029137529137529,2020-09-01,train
Groundnut,2020-09-01,4581.5,4838.755102040816,2700.0,9000.0,98,69,10,11,0,0,0,2020,9,3,Monsoon,4719.0,5225.0,5072.5,5351.0,4975.0,-0.029137529137529,-0.0967964514539181,-0.0790954773869346,-137.5,5005.5,5185.166666666667,4905.875,5072.5,5237.0,5023.75,259.5683917583175,267.90085230672327,424.6287750387484,4719.0,5494.5,-353.5,-632.0,-256.0,4975.0,-0.0790954773869346,4349.639705882353,4250.0,586.3230723042803,4372.4,4700.0,-466.16666666666697,-518.0,0.0516667774690733,4.59511985013459,4.248495242049359,2.3978952727983707,2.4849066497880004,0.0,0.0,69,4761,-1.0,-1.8369701987210294e-16,-1.0,-1.8369701987210294e-16,4330.0,8.373553741214627,-0.0548946851467859,2020-10-01,train
Groundnut,2020-10-01,4330.0,4521.71897810219,2400.0,8100.0,137,99,11,14,0,0,0,2020,10,4,Autumn,4581.5,4719.0,5225.0,5494.5,5100.0,-0.0548946851467859,-0.1712918660287081,-0.1509803921568627,-251.5,4841.833333333333,5056.916666666667,4873.083333333333,4719.0,5148.75,4895.75,338.879157419474,345.5658282681732,433.8980731448192,4581.5,5494.5,-643.5,-913.0,-518.5,5100.0,-0.1509803921568627,4353.0,4250.0,582.6648718956521,4181.5,4250.0,-475.41666666666697,-567.25,0.0683352823561471,4.927253685157205,4.605170185988092,2.4849066497880004,2.70805020110221,0.0,0.0,70,4900,-0.8660254037844386,0.5000000000000001,-2.4492935982947064e-16,1.0,4043.5,8.305113212458007,-0.0661662817551963,2020-11-01,train
Groundnut,2020-11-01,4043.5,4457.807692307692,2600.0,6800.0,26,17,8,8,0,0,0,2020,11,4,Autumn,4330.0,4581.5,4719.0,5249.0,4392.0,-0.0661662817551963,-0.143144734053825,-0.0793488160291439,-286.5,4543.5,4862.833333333333,4808.916666666667,4581.5,4895.75,4680.75,197.26441645669203,376.2970457851993,453.7703580874218,4330.0,5249.0,-389.0,-919.0,-62.0,4392.0,-0.0793488160291439,4352.671428571429,4274.5,578.4337854062287,4051.9,4050.0,-532.833333333333,-565.75,0.077382262559934,3.295836866004329,2.8903717578961645,2.19722457733622,2.19722457733622,0.0,0.0,71,5041,-0.5000000000000004,0.8660254037844384,-2.4492935982947064e-16,1.0,4865.0,8.490027523343468,0.2031655743786324,2020-12-01,train
Groundnut,2020-12-01,4865.0,5315.345528455285,3400.0,8750.0,123,90,10,15,0,0,0,2020,12,4,Winter,4043.5,4330.0,4581.5,5072.5,4095.0,0.2031655743786324,0.0618792971734147,0.188034188034188,821.5,4318.333333333333,4661.916666666667,4779.875,4330.0,4650.25,4680.75,269.18967909883264,444.5165257520447,492.3879717993998,4043.5,5225.0,-538.0,-1029.0,-51.5,4095.0,0.188034188034188,4348.316901408451,4250.0,575.4582040143356,3959.3,4000.0,-618.416666666667,-606.75,0.095350594516285,4.820281565605037,4.51085950651685,2.3978952727983707,2.772588722239781,0.0,0.0,72,5184,-2.4492935982947064e-16,1.0,-2.4492935982947064e-16,1.0,5000.0,8.517393171418904,0.027749229188078,2021-01-01,train
Groundnut,2021-01-01,5000.0,5172.972727272727,3315.0,8200.0,165,98,9,13,0,0,0,2021,1,1,Winter,4865.0,4043.5,4330.0,5225.0,4555.0,0.027749229188078,0.1547344110854502,0.0976948408342481,135.0,4412.833333333333,4627.333333333333,4844.041666666667,4330.0,4650.25,4792.0,416.9671250030781,413.1495693652217,442.6869640118847,4043.5,5225.0,535.0,-360.0,310.0,4555.0,0.0976948408342481,4355.493055555556,4274.5,574.6266852626011,4099.0,4071.25,237.66666666666697,214.75,0.0892845921405896,5.111987788356544,4.59511985013459,2.302585092994046,2.6390573296152584,0.0,0.0,73,5329,0.4999999999999999,0.8660254037844387,1.0,6.123233995736766e-17,5275.0,8.570923513837204,0.0549999999999999,2021-02-01,train
Groundnut,2021-02-01,5275.0,5469.357575757575,4000.0,9500.0,165,95,10,14,0,0,0,2021,2,1,Winter,5000.0,4865.0,4043.5,4719.0,4642.5,0.0549999999999999,0.3045628786942005,0.1362412493268712,275.0,4636.166666666667,4589.833333333333,4881.125,4865.0,4650.25,4932.5,517.6838642775458,354.0339908351571,434.8421931626972,4043.5,5000.0,956.5,281.0,357.5,4642.5,0.1362412493268712,4364.321917808219,4299.0,575.5866896399842,4126.166666666667,4121.0,410.16666666666697,349.75,0.0771343892302168,5.111987788356544,4.564348191467836,2.3978952727983707,2.70805020110221,0.0,0.0,74,5476,0.8660254037844386,0.5000000000000001,1.0,6.123233995736766e-17,5650.0,8.639587799629844,0.0710900473933648,2021-03-01,train
Groundnut,2021-03-01,5650.0,6061.6511627906975,4380.0,10000.0,129,85,10,12,2,0,0,2021,3,1,Spring,5275.0,5000.0,4865.0,4581.5,5351.0,0.0710900473933648,0.1613566289825283,0.0558774060923192,375.0,5046.666666666667,4682.5,4933.833333333333,5000.0,4723.25,5036.25,208.94576648817807,453.4196731506049,441.569789260857,4043.5,5275.0,410.0,693.5,-76.0,5351.0,0.0558774060923192,4376.628378378378,4312.0,581.3509306142905,4401.166666666667,4322.5,592.5,551.75,0.0968328186119818,4.867534450455582,4.454347296253507,2.3978952727983707,2.5649493574615367,0.0155038759689922,0.0,75,5625,1.0,6.123233995736766e-17,1.0,6.123233995736766e-17,5475.0,8.60813018640834,-0.0309734513274336,2021-04-01,train
Groundnut,2021-04-01,5475.0,5477.519480519481,2651.0,10500.0,77,55,8,10,2,0,0,2021,4,2,Spring,5650.0,5275.0,5000.0,4330.0,5494.5,-0.0309734513274336,0.0949999999999999,-0.0035490035490035,-175.0,5308.333333333333,4860.583333333333,4958.75,5275.0,4932.5,5036.25,326.27953250752995,593.8889135744732,474.4603872726446,4043.5,5650.0,650.0,1320.0,155.5,5494.5,-0.0035490035490035,4393.606666666667,4325.0,595.836745810174,4544.833333333333,4442.5,789.416666666667,717.5,0.1221846994169712,4.356708826689592,4.02535169073515,2.19722457733622,2.3978952727983707,0.0259740259740259,0.0,76,5776,0.8660254037844387,-0.4999999999999998,1.2246467991473532e-16,-1.0,5090.0,8.535229553902337,-0.0703196347031963,2021-05-01,train
Groundnut,2021-05-01,5090.0,5038.631578947368,3400.0,6701.0,19,15,6,5,0,0,0,2021,5,2,Summer,5475.0,5650.0,5275.0,4043.5,5249.0,-0.0703196347031963,-0.0350710900473933,-0.030291484092208,-385.0,5466.666666666667,5051.416666666667,4957.125,5475.0,5137.5,5036.25,187.63883748662573,572.8883326326941,472.48795679697554,4043.5,5650.0,200.0,1431.5,226.0,5249.0,-0.030291484092208,4407.835526315789,4327.5,604.7105113917894,4535.666666666667,4503.5,423.583333333333,337.5,0.1134114191001258,2.995732273553991,2.772588722239781,1.9459101490553128,1.791759469228055,0.0,0.0,77,5929,0.4999999999999999,-0.8660254037844387,1.2246467991473532e-16,-1.0,5100.0,8.537191877922927,0.0019646365422396,2021-06-01,train
Groundnut,2021-06-01,5100.0,5198.2868217054265,2500.0,9300.0,129,85,10,10,0,0,0,2021,6,2,Summer,5090.0,5475.0,5650.0,4865.0,5072.5,0.0019646365422396,-0.0973451327433628,0.0054213898472152,10.0,5405.0,5225.833333333333,4943.875,5475.0,5182.5,5036.25,286.48734701553394,298.0170576773561,465.7400330754162,4865.0,5650.0,-560.0,225.0,17.5,5072.5,0.0054213898472152,4416.694805194805,4330.0,605.7283032359312,4678.666666666667,4851.5,-135.83333333333303,-92.5,0.0570276621292979,4.867534450455582,4.454347296253507,2.3978952727983707,2.3978952727983707,0.0,0.0,78,6084,1.2246467991473532e-16,-1.0,1.2246467991473532e-16,-1.0,4872.0,8.491465042843506,-0.0447058823529411,2021-07-01,train
Groundnut,2021-07-01,4872.0,4959.632142857143,2450.0,9800.0,140,87,7,11,0,0,0,2021,7,3,Monsoon,5100.0,5090.0,5475.0,5000.0,5225.0,-0.0447058823529411,-0.1101369863013698,-0.0675598086124401,-228.0,5221.666666666667,5265.0,4946.166666666667,5100.0,5187.5,5045.0,219.4500702513725,253.1797780234473,466.49750721994553,5000.0,5650.0,-375.0,100.0,-125.0,5225.0,-0.0675598086124401,4425.455128205128,4356.0,606.7353034724894,4584.166666666667,4925.0,-165.0,-87.5,0.048087327259914,4.948759890378168,4.477336814478207,2.079441541679836,2.4849066497880004,0.0,0.0,79,6241,-0.4999999999999997,-0.8660254037844388,-1.0,-1.8369701987210294e-16,4990.0,8.515391569469609,0.0242200328407224,2021-08-01,train
Groundnut,2021-08-01,4990.0,4990.714285714285,4125.0,5800.0,14,9,3,3,0,0,0,2021,8,3,Monsoon,4872.0,5100.0,5090.0,5275.0,4719.0,0.0242200328407224,-0.0196463654223968,0.0574274210637846,118.0,5020.666666666667,5243.666666666667,4916.75,5090.0,5187.5,4936.0,128.84616150018755,283.5465864133593,458.3753672185343,4872.0,5650.0,-218.0,-403.0,153.0,4719.0,0.0574274210637846,4431.107594936709,4382.0,604.923319313506,4522.0,4557.0,-371.66666666666697,-315.5,0.0540741058572295,2.70805020110221,2.302585092994046,1.3862943611198906,1.3862943611198906,0.0,0.0,80,6400,-0.8660254037844385,-0.5000000000000004,-1.0,-1.8369701987210294e-16,5600.0,8.630700432209832,0.1222444889779559,2021-09-01,train
Groundnut,2021-09-01,5600.0,5882.131578947368,3050.0,9800.0,114,81,10,11,0,0,0,2021,9,3,Monsoon,4990.0,4872.0,5100.0,5650.0,4581.5,0.1222444889779559,0.0980392156862746,0.2223071046600457,610.0,4987.333333333333,5196.166666666667,4939.333333333333,4990.0,5095.0,4995.0,114.02338941345512,300.60633171420136,454.4055224002869,4872.0,5650.0,-110.0,-660.0,408.5,4581.5,0.2223071046600457,4438.09375,4387.0,604.3216674988118,4407.25,4640.75,-206.16666666666697,-105.0,0.057851556926106,4.74493212836325,4.406719247264253,2.3978952727983707,2.4849066497880004,0.0,0.0,81,6561,-1.0,-1.8369701987210294e-16,-1.0,-1.8369701987210294e-16,5464.0,8.60611940061064,-0.0242857142857142,2021-10-01,train
Groundnut,2021-10-01,5464.0,5540.943609022556,1900.0,9600.0,133,96,11,12,0,0,0,2021,10,4,Autumn,5600.0,4990.0,4872.0,5475.0,4330.0,-0.0242857142857142,0.1215106732348112,0.2618937644341801,-136.0,5154.0,5187.833333333333,5024.208333333333,4990.0,5095.0,5045.0,390.7275265450325,285.8394071269189,476.093834254499,4872.0,5600.0,728.0,125.0,1270.0,4330.0,0.2618937644341801,4452.438271604939,4392.0,614.2528865556721,4206.25,4290.0,412.16666666666697,505.0,0.0550980320224086,4.897839799950911,4.574710978503383,2.4849066497880004,2.5649493574615367,0.0,0.0,82,6724,-0.8660254037844386,0.5000000000000001,-2.4492935982947064e-16,1.0,5302.0,8.57602797713713,-0.0296486090775988,2021-11-01,train
Groundnut,2021-11-01,5302.0,5541.715447154472,3780.0,10000.0,123,89,9,14,1,0,0,2021,11,4,Autumn,5464.0,5600.0,4990.0,5090.0,4043.5,-0.0296486090775988,0.0625250501002003,0.3112402621491281,-162.0,5351.333333333333,5186.0,5118.708333333333,5464.0,5095.0,5095.0,320.2270028172709,283.65612984739425,436.6866183563607,4872.0,5600.0,474.0,374.0,1420.5,4043.5,0.3112402621491281,4464.774390243902,4393.5,620.5862130716102,4050.5,4046.75,278.0,369.0,0.0546965155895476,4.820281565605037,4.499809670330265,2.302585092994046,2.70805020110221,0.008130081300813,0.0,83,6889,-0.5000000000000004,0.8660254037844384,-2.4492935982947064e-16,1.0,5365.0,8.58783803098557,0.0118823085628065,2021-12-01,train
Groundnut,2021-12-01,5365.0,5628.847368421053,3000.0,10235.0,190,122,10,14,1,0,0,2021,12,4,Winter,5302.0,5464.0,5600.0,5100.0,4865.0,0.0118823085628065,-0.0419642857142856,0.1027749229188077,63.0,5455.333333333333,5221.333333333333,5223.583333333333,5464.0,5201.0,5187.5,149.18891826584328,282.5078170009966,276.86309657016903,4872.0,5600.0,-298.0,202.0,437.0,4865.0,0.1027749229188077,4474.861445783133,4395.0,623.5990020235067,4110.25,4047.5,80.66666666666697,101.0,0.0541064511620907,5.25227342804663,4.812184355372417,2.3978952727983707,2.70805020110221,0.0052631578947368,0.0,84,7056,-2.4492935982947064e-16,1.0,-2.4492935982947064e-16,1.0,5185.0,8.55371796609861,-0.0335507921714818,2022-01-01,train
Groundnut,2022-01-01,5185.0,5251.581325301205,1000.0,8000.0,166,96,9,13,0,0,0,2022,1,1,Winter,5365.0,5302.0,5464.0,4872.0,5000.0,-0.0335507921714818,-0.0510614934114201,0.0369999999999999,-180.0,5377.0,5265.5,5265.25,5365.0,5333.5,5288.5,81.6639455328917,280.45231323703155,254.73127551847884,4872.0,5600.0,-99.0,493.0,365.0,5000.0,0.0369999999999999,4485.458333333333,4395.0,627.3939463412304,4227.714285714285,4140.0,99.5,31.5,0.0532622378192064,5.117993812416755,4.574710978503383,2.302585092994046,2.6390573296152584,0.0,0.0,85,7225,0.4999999999999999,0.8660254037844387,1.0,6.123233995736766e-17,5200.0,8.556606193773073,0.0028929604628735,2022-02-01,train
Groundnut,2022-02-01,5200.0,5522.5127551020405,4000.0,11250.0,196,120,11,15,3,0,0,2022,2,1,Winter,5185.0,5365.0,5302.0,4990.0,5275.0,0.0028929604628735,-0.0192380233874009,-0.014218009478673,15.0,5284.0,5317.666666666667,5280.666666666667,5302.0,5333.5,5288.5,91.34002408582506,213.81175521160864,242.52435054249503,4990.0,5600.0,-117.0,195.0,-90.0,5275.0,-0.014218009478673,4493.6882352941175,4395.0,628.247031981272,4290.285714285715,4145.0,-132.66666666666697,-148.5,0.040207814557439,5.2832037287379885,4.795790545596741,2.4849066497880004,2.772588722239781,0.0153061224489795,0.0,86,7396,0.8660254037844386,0.5000000000000001,1.0,6.123233995736766e-17,5600.0,8.630700432209832,0.0769230769230768,2022-03-01,train
Groundnut,2022-03-01,5600.0,5886.860655737705,2742.0,10881.0,122,95,12,15,3,0,0,2022,3,1,Spring,5200.0,5185.0,5365.0,5600.0,5650.0,0.0769230769230768,0.0438024231127678,-0.0088495575221239,400.0,5250.0,5352.666666666667,5274.416666666667,5200.0,5333.5,5251.0,99.8749217771864,159.8169786558015,243.64745706313408,5185.0,5600.0,-165.0,-400.0,-450.0,5650.0,-0.0088495575221239,4501.9011627906975,4397.5,629.1675116877365,4579.571428571428,4395.0,-152.66666666666697,-133.5,0.0298574502408397,4.812184355372417,4.564348191467836,2.5649493574615367,2.772588722239781,0.0245901639344262,0.0,87,7569,1.0,6.123233995736766e-17,1.0,6.123233995736766e-17,5629.0,8.635864721133736,0.0051785714285714,2022-04-01,train
Groundnut,2022-04-01,5629.0,6005.04424778761,3577.0,10156.0,113,80,10,13,1,0,0,2022,4,2,Spring,5600.0,5200.0,5185.0,5464.0,5475.0,0.0051785714285714,0.0856316297010608,0.0281278538812785,29.0,5328.333333333333,5352.666666666667,5270.25,5200.0,5333.5,5251.0,235.389747723499,159.8169786558015,236.97684006516573,5185.0,5600.0,415.0,136.0,125.0,5475.0,0.0281278538812785,4514.522988505747,4400.0,636.4816120585413,4677.714285714285,4560.0,247.33333333333303,266.5,0.0298574502408397,4.736198448394496,4.394449154672439,2.3978952727983707,2.6390573296152584,0.0088495575221238,0.0,88,7744,0.8660254037844387,-0.4999999999999998,1.2246467991473532e-16,-1.0,5175.0,8.551787836180736,-0.0806537573281221,2022-05-01,train
Groundnut,2022-05-01,5175.0,5261.0,3566.0,7800.0,18,14,6,4,0,0,0,2022,5,2,Summer,5629.0,5600.0,5200.0,5302.0,5090.0,-0.0806537573281221,-0.0048076923076922,0.0166994106090372,-454.0,5476.333333333333,5380.166666666667,5283.083333333333,5600.0,5333.5,5251.0,239.75056482380305,193.4605041518008,252.7199162325843,5185.0,5629.0,429.0,327.0,539.0,5090.0,0.0166994106090372,4527.1875,4425.0,643.8685626227671,4614.857142857143,4625.0,248.83333333333303,295.5,0.0359580875719712,2.9444389791664403,2.70805020110221,1.9459101490553128,1.6094379124341005,0.0,0.0,89,7921,0.4999999999999999,-0.8660254037844387,1.2246467991473532e-16,-1.0,5700.0,8.648396877031582,0.1014492753623188,2022-06-01,train
Groundnut,2022-06-01,5700.0,5858.023474178403,3050.0,10153.0,213,140,11,16,2,0,0,2022,6,2,Summer,5175.0,5629.0,5600.0,5365.0,5100.0,0.1014492753623188,0.0178571428571427,0.1176470588235294,525.0,5468.0,5359.0,5290.166666666667,5600.0,5282.5,5251.0,254.15939880319064,209.9666640207493,247.96254604762908,5175.0,5629.0,-425.0,-190.0,75.0,5100.0,0.1176470588235294,4534.466292134832,4450.0,643.8719072469131,4738.857142857143,4903.0,-184.0,-107.5,0.0391801948163368,5.365976015021851,4.948759890378168,2.4849066497880004,2.833213344056216,0.0093896713615023,0.0,90,8100,1.2246467991473532e-16,-1.0,1.2246467991473532e-16,-1.0,5664.5,8.642150430820621,-0.0062280701754385,2022-07-01,train
Groundnut,2022-07-01,5664.5,5810.807692307692,3100.0,9800.0,156,111,11,15,0,0,0,2022,7,3,Monsoon,5700.0,5175.0,5629.0,5185.0,4872.0,-0.0062280701754385,0.0063066263990052,0.1626642036124794,-35.5,5501.333333333333,5414.833333333333,5340.166666666667,5629.0,5400.0,5333.5,284.8338697088755,252.17883865754663,265.96986614458393,5175.0,5700.0,71.0,515.0,828.0,4872.0,0.1626642036124794,4547.416666666667,4475.0,651.9256318740521,4625.285714285715,4872.0,285.16666666666697,300.0,0.0465718560726793,5.056245805348308,4.718498871295094,2.4849066497880004,2.772588722239781,0.0,0.0,91,8281,-0.4999999999999997,-0.8660254037844388,-1.0,-1.8369701987210294e-16,5950.0,8.691314551644853,0.0504016241504103,2022-08-01,train
Groundnut,2022-08-01,5950.0,6273.795138888889,4200.0,10240.0,144,90,11,16,2,0,0,2022,8,3,Monsoon,5664.5,5700.0,5175.0,5200.0,4990.0,0.0504016241504103,0.1497584541062802,0.1923847695390781,285.5,5513.166666666667,5494.75,5406.208333333333,5664.5,5614.5,5414.5,293.39833560082207,240.4832114722406,235.83771946879168,5175.0,5700.0,489.5,464.5,674.5,4990.0,0.1923847695390781,4559.692307692308,4500.0,658.784974906375,4588.857142857143,4719.0,169.75,50.0,0.0437659969010856,4.976733742420574,4.51085950651685,2.4849066497880004,2.833213344056216,0.0138888888888888,0.0,92,8464,-0.8660254037844385,-0.5000000000000004,-1.0,-1.8369701987210294e-16,5691.0,8.646816959209742,-0.0435294117647059,2022-09-01,train
Groundnut,2022-09-01,5691.0,6026.056451612903,2379.0,10420.0,124,80,11,12,2,0,0,2022,9,3,Monsoon,5950.0,5664.5,5700.0,5600.0,5600.0,-0.0435294117647059,-0.001578947368421,0.01625,-259.0,5771.5,5619.75,5486.208333333333,5700.0,5646.75,5532.0,155.60125320831835,251.31091301414403,244.483449740402,5175.0,5950.0,250.0,350.0,350.0,5600.0,0.01625,4574.804347826087,4527.5,670.998378490539,4577.642857142857,4700.0,330.25,303.25,0.0447192335983173,4.8283137373023015,4.394449154672439,2.4849066497880004,2.5649493574615367,0.0161290322580645,0.0,93,8649,-1.0,-1.8369701987210294e-16,-1.0,-1.8369701987210294e-16,5708.0,8.64979915596426,0.0029871727288701,2022-10-01,train
Groundnut,2022-10-01,5708.0,5561.683673469388,1800.0,8362.0,147,89,9,12,0,0,0,2022,10,4,Autumn,5691.0,5950.0,5664.5,5629.0,5464.0,0.0029871727288701,0.007679406832024,0.0446559297218154,17.0,5768.5,5634.916666666667,5493.791666666667,5691.0,5677.75,5532.0,157.74108532655404,252.62312179741065,249.68975825769436,5175.0,5950.0,26.5,62.0,227.0,5464.0,0.0446559297218154,4586.806451612903,4555.0,677.3046727585253,4385.928571428572,4330.0,56.08333333333303,13.25,0.0448317405103436,4.997212273764115,4.499809670330265,2.302585092994046,2.5649493574615367,0.0,0.0,94,8836,-0.8660254037844386,0.5000000000000001,-2.4492935982947064e-16,1.0,5850.0,8.674367865788236,0.0248773651016118,2022-11-01,train
Groundnut,2022-11-01,5850.0,6098.743016759777,2650.0,14401.0,179,117,11,15,3,0,0,2022,11,4,Autumn,5708.0,5691.0,5950.0,5175.0,5302.0,0.0248773651016118,-0.0168067226890756,0.103357223689174,142.0,5783.0,5648.083333333333,5514.125,5708.0,5695.5,5614.5,144.87580888471064,254.30619667375268,256.874759455756,5175.0,5950.0,-242.0,533.0,406.0,5302.0,0.103357223689174,4598.734042553191,4557.5,683.5071705271106,4229.285714285715,4050.0,59.91666666666697,12.5,0.0450252203562422,5.19295685089021,4.770684624465665,2.4849066497880004,2.772588722239781,0.0167597765363128,0.0,95,9025,-0.5000000000000004,0.8660254037844384,-2.4492935982947064e-16,1.0,5800.0,8.665785595466064,-0.0085470085470085,2022-12-01,train
Groundnut,2022-12-01,5800.0,6019.428571428572,4250.0,10700.0,161,108,13,13,3,0,0,2022,12,4,Winter,5850.0,5708.0,5691.0,5700.0,5365.0,-0.0085470085470085,0.0191530486733437,0.0810810810810811,-50.0,5749.666666666667,5760.583333333333,5559.791666666667,5708.0,5704.0,5646.75,87.30597535869185,113.47529099618752,264.33806336285016,5664.5,5950.0,159.0,150.0,485.0,5365.0,0.0810810810810811,4611.905263157894,4560.0,691.8762391433553,4289.5,4095.0,89.41666666666697,146.0,0.019698576416657,5.087596335232384,4.691347882229144,2.6390573296152584,2.6390573296152584,0.0186335403726708,0.0,96,9216,-2.4492935982947064e-16,1.0,-2.4492935982947064e-16,1.0,5950.0,8.691314551644853,0.0258620689655173,2023-01-01,train
Groundnut,2023-01-01,5950.0,6010.484545454545,4500.0,7569.99,33,20,4,6,0,0,0,2023,1,1,Winter,5800.0,5850.0,5708.0,5664.5,5185.0,0.0258620689655173,0.0423966362999299,0.1475409836065573,150.0,5786.0,5777.25,5596.041666666667,5800.0,5754.0,5677.75,72.02777242147062,110.09075801357156,265.0228513589388,5664.5,5950.0,92.0,135.5,615.0,5185.0,0.1475409836065573,4624.28125,4570.75,698.8259470542831,4347.375,4178.25,22.75,46.0,0.0190559103403127,3.5263605246161616,3.044522437723423,1.6094379124341005,1.9459101490553128,0.0,0.0,97,9409,0.4999999999999999,0.8660254037844387,1.0,6.123233995736766e-17,6636.5,8.800490665550194,0.1153781512605041,2023-02-01,train
Groundnut,2023-02-01,6636.5,6886.601075268817,1250.0,12000.0,186,106,10,15,10,0,0,2023,2,1,Winter,5950.0,5800.0,5850.0,5950.0,5200.0,0.1153781512605041,0.1344444444444443,0.2762500000000001,686.5,5866.666666666667,5824.833333333333,5659.791666666667,5850.0,5825.0,5695.5,76.37626158259172,113.2650284362716,248.66383462721927,5691.0,5950.0,100.0,0.0,750.0,5200.0,0.2762500000000001,4637.948453608247,4581.5,708.0886335341727,4404.0,4172.5,125.16666666666696,125.0,0.0194451964467546,5.231108616854587,4.672828834461906,2.3978952727983707,2.772588722239781,0.053763440860215,0.0,98,9604,0.8660254037844386,0.5000000000000001,1.0,6.123233995736766e-17,6854.5,8.83280652879671,0.0328486400964362,2023-03-01,train
Groundnut,2023-03-01,6854.5,7051.790322580645,2525.0,11100.0,124,92,10,13,12,0,0,2023,3,1,Spring,6636.5,5950.0,5800.0,5691.0,5600.0,0.0328486400964362,0.1818103448275863,0.224017857142857,218.0,6128.833333333333,5939.25,5779.5,5950.0,5825.0,5704.0,446.0034566383232,354.6079172833039,337.2024614382254,5691.0,6636.5,836.5,945.5,1036.5,5600.0,0.224017857142857,4658.341836734694,4603.25,732.7876747550275,4707.125,4422.5,697.25,811.5,0.0597058411892585,4.8283137373023015,4.532599493153256,2.3978952727983707,2.6390573296152584,0.0967741935483871,0.0,99,9801,1.0,6.123233995736766e-17,1.0,6.123233995736766e-17,6209.0,8.733916174927524,-0.0941717120140054,2023-04-01,train
Groundnut,2023-04-01,6209.0,6254.239436619719,4625.0,8900.0,71,49,10,10,0,0,0,2023,4,2,Spring,6854.5,6636.5,5950.0,5708.0,5629.0,-0.0941717120140054,0.0435294117647058,0.1030378397583939,-645.5,6480.333333333333,6133.166666666667,5884.041666666667,6636.5,5900.0,5754.0,472.0392815575127,485.6266741712904,451.5647269788829,5708.0,6854.5,904.5,1146.5,1225.5,5629.0,0.1030378397583939,4680.525252525253,4625.0,761.719568401925,4796.625,4718.25,721.333333333333,954.5,0.0791804137348227,4.276666119016055,3.912023005428146,2.3978952727983707,2.3978952727983707,0.0,0.0,100,10000,0.8660254037844387,-0.4999999999999998,1.2246467991473532e-16,-1.0,6425.0,8.768107539675803,0.0347882106619423,2023-05-01,train
Groundnut,2023-05-01,6425.0,6559.686440677966,2640.0,13335.0,118,81,12,13,3,0,0,2023,5,2,Summer,6209.0,6854.5,6636.5,5850.0,5175.0,0.0347882106619423,-0.0318692081669554,0.2415458937198067,216.0,6566.666666666667,6216.666666666667,5932.375,6636.5,6079.5,5825.0,328.3672994275357,438.7064698254042,452.82307025431385,5800.0,6854.5,-427.5,359.0,1034.0,5175.0,0.2415458937198067,4695.81,4633.75,773.1224202328285,4684.875,4857.5,-7.66666666666697,129.5,0.0705694053338451,4.77912349311153,4.406719247264253,2.5649493574615367,2.6390573296152584,0.0254237288135593,0.0,101,10201,0.4999999999999999,-0.8660254037844387,1.2246467991473532e-16,-1.0,6395.0,8.763428073953845,-0.004669260700389,2023-06-01,train
Groundnut,2023-06-01,6395.0,6397.497596153846,2652.0,10456.0,208,123,12,13,4,0,0,2023,6,2,Summer,6425.0,6209.0,6854.5,5800.0,5700.0,-0.004669260700389,-0.067036253556058,0.1219298245614035,-30.0,6496.166666666667,6312.5,6036.541666666667,6425.0,6317.0,5900.0,328.5819278860798,404.0225241245856,403.8890744619056,5800.0,6854.5,-429.5,625.0,725.0,5700.0,0.1219298245614035,4712.930693069307,4642.5,788.2550508233451,4859.0,4987.75,112.5,108.0,0.0640035681781521,5.342334251964811,4.820281565605037,2.5649493574615367,2.6390573296152584,0.0192307692307692,0.0,102,10404,1.2246467991473532e-16,-1.0,1.2246467991473532e-16,-1.0,6789.5,8.823279855544122,0.0616888193901485,2023-07-01,train
Groundnut,2023-07-01,6789.5,6691.652542372882,2325.0,12255.0,118,76,10,14,3,0,0,2023,7,3,Monsoon,6395.0,6425.0,6209.0,5950.0,5664.5,0.0616888193901485,0.0934933161539699,0.1986053491040691,394.5,6343.0,6411.666666666667,6094.458333333333,6395.0,6410.0,5950.0,117.01281981047929,316.64391146312545,401.0633852836098,5950.0,6854.5,186.0,445.0,730.5,5664.5,0.1986053491040691,4729.421568627451,4646.25,801.8309547069304,4755.1875,5036.0,-16.66666666666697,-15.0,0.0493855853594684,4.77912349311153,4.343805421853684,2.3978952727983707,2.70805020110221,0.0254237288135593,0.0,103,10609,-0.4999999999999997,-0.8660254037844388,-1.0,-1.8369701987210294e-16,7125.0,8.871505346165781,0.0494145371529568,2023-08-01,train
Groundnut,2023-08-01,7125.0,7258.095890410959,2789.0,11000.0,146,91,10,14,15,0,0,2023,8,3,Monsoon,6789.5,6395.0,6425.0,6636.5,5950.0,0.0494145371529568,0.1089494163424125,0.1974789915966386,335.5,6536.5,6551.583333333333,6188.208333333333,6425.0,6530.75,6079.5,219.6172807408372,250.3911772939836,422.3441325363434,6209.0,6854.5,364.5,153.0,839.5,5950.0,0.1974789915966386,4749.422330097087,4650.0,823.3059903293331,4759.0,4849.5,237.91666666666697,258.75,0.0382184221056971,4.990432586778736,4.5217885770490405,2.3978952727983707,2.70805020110221,0.1027397260273972,0.0,104,10816,-0.8660254037844385,-0.5000000000000004,-1.0,-1.8369701987210294e-16,6468.0,8.774776816043985,-0.0922105263157895,2023-09-01,train
Jowar/Sorghum,2015-01-01,2000.0,2147.0621118012423,1040.0,5300.0,161,99,7,9,0,0,0,2015,1,1,Winter,,,,,,,,,,,,,,,,,,,,,,,,,,,,,,,,,,5.087596335232384,4.605170185988092,2.079441541679836,2.302585092994046,0.0,0.0,1,1,0.4999999999999999,0.8660254037844387,1.0,6.123233995736766e-17,1700.0,7.438971592395862,-0.15,2015-02-01,train
Jowar/Sorghum,2015-02-01,1700.0,1799.6857142857143,1050.0,4000.0,35,23,8,7,0,0,0,2015,2,1,Winter,2000.0,,,,,-0.15,,,-300.0,,,,,,,,,,,,,,,,,,,,,,,,,3.58351893845611,3.1780538303479458,2.19722457733622,2.079441541679836,0.0,0.0,2,4,0.8660254037844386,0.5000000000000001,1.0,6.123233995736766e-17,1650.0,7.409136443920128,-0.0294117647058823,2015-03-01,train
Jowar/Sorghum,2015-03-01,1650.0,1623.4642857142858,1030.0,2450.0,28,18,6,6,0,0,0,2015,3,1,Spring,1700.0,2000.0,,,,-0.0294117647058823,,,-50.0,1850.0,,,1850.0,,,212.1320343559643,,,,,,,,,,,,,,,,,,3.367295829986474,2.9444389791664403,1.9459101490553128,1.9459101490553128,0.0,0.0,3,9,1.0,6.123233995736766e-17,1.0,6.123233995736766e-17,1927.5,7.564497777648283,0.1681818181818182,2015-04-01,train
Jowar/Sorghum,2015-04-01,1927.5,1996.21,850.0,5504.0,100,72,9,8,0,0,0,2015,4,2,Spring,1650.0,1700.0,2000.0,,,0.1681818181818182,-0.03625,,277.5,1783.3333333333333,1783.3333333333333,,1700.0,1700.0,,189.29694486000912,189.29694486000912,,1650.0,2000.0,-350.0,,,,,1783.3333333333333,1700.0,189.29694486000912,,,-133.33333333333326,-50.0,0.1061478195476686,4.61512051684126,4.290459441148391,2.302585092994046,2.19722457733622,0.0,0.0,4,16,0.8660254037844387,-0.4999999999999998,1.2246467991473532e-16,-1.0,1875.0,7.53689712956617,-0.0272373540856031,2015-05-01,train
Jowar/Sorghum,2015-05-01,1875.0,1940.148148148148,1000.0,5350.0,81,63,7,7,0,0,0,2015,5,2,Summer,1927.5,1650.0,1700.0,,,-0.0272373540856031,0.1029411764705883,,-52.5,1759.1666666666667,1819.375,,1700.0,1813.75,,147.90903736193172,170.5429442496327,,1650.0,2000.0,227.5,,,,,1819.375,1813.75,170.5429442496327,,,108.125,113.75,0.09373710436256,4.406719247264253,4.158883083359672,2.079441541679836,2.079441541679836,0.0,0.0,5,25,0.4999999999999999,-0.8660254037844387,1.2246467991473532e-16,-1.0,2070.0,7.635786861395585,0.104,2015-06-01,train
Jowar/Sorghum,2015-06-01,2070.0,2161.5698324022346,1000.0,5741.0,179,106,9,10,0,0,0,2015,6,2,Summer,1875.0,1927.5,1650.0,,,0.104,0.2545454545454546,,195.0,1817.5,1830.5,,1875.0,1875.0,,147.41522987805558,149.7748309963994,,1650.0,2000.0,225.0,,,,,1830.5,1875.0,149.7748309963994,,,44.5,0.0,0.0818218142564323,5.19295685089021,4.672828834461906,2.302585092994046,2.3978952727983707,0.0,0.0,6,36,1.2246467991473532e-16,-1.0,1.2246467991473532e-16,-1.0,1950.0,7.576097340623111,-0.0579710144927536,2015-07-01,train
Jowar/Sorghum,2015-07-01,1950.0,2046.111111111111,500.0,5097.0,144,89,7,10,0,0,0,2015,7,3,Monsoon,2070.0,1875.0,1927.5,2000.0,,-0.0579710144927536,0.0116731517509727,,-120.0,1957.5,1870.4166666666667,1870.4166666666667,1927.5,1901.25,1901.25,100.9021803530527,165.8494548277644,165.8494548277644,1650.0,2070.0,142.5,70.0,,,,1870.4166666666667,1901.25,165.8494548277644,,,199.5833333333333,168.75,0.088669790952692,4.976733742420574,4.499809670330265,2.079441541679836,2.3978952727983707,0.0,0.0,7,49,-0.4999999999999997,-0.8660254037844388,-1.0,-1.8369701987210294e-16,2000.0,7.601402334583733,0.0256410256410255,2015-08-01,train
Jowar/Sorghum,2015-08-01,2000.0,2158.919540229885,900.0,5600.0,87,61,7,10,0,0,0,2015,8,3,Monsoon,1950.0,2070.0,1875.0,1700.0,,0.0256410256410255,0.0666666666666666,,50.0,1965.0,1862.0833333333333,1881.7857142857144,1950.0,1901.25,1927.5,98.36157786452988,159.15728593648066,154.3583107423701,1650.0,2070.0,75.0,250.0,,,,1881.7857142857144,1927.5,154.3583107423701,,,87.91666666666674,48.75,0.0854726977506273,4.477336814478207,4.127134385045092,2.079441541679836,2.3978952727983707,0.0,0.0,8,64,-0.8660254037844385,-0.5000000000000004,-1.0,-1.8369701987210294e-16,1700.0,7.438971592395862,-0.15,2015-09-01,train
Jowar/Sorghum,2015-09-01,1700.0,1860.3786764705883,850.0,3940.0,136,89,8,9,0,0,0,2015,9,3,Monsoon,2000.0,1950.0,2070.0,1650.0,,-0.15,-0.178743961352657,,-300.0,2006.6666666666667,1912.0833333333333,1896.5625,2000.0,1938.75,1938.75,60.27713773341687,144.50273930506188,148.89436272068863,1650.0,2070.0,-70.0,350.0,,,,1896.5625,1938.75,148.89436272068863,,,87.91666666666674,61.25,0.0755734526764324,4.919980925828125,4.499809670330265,2.19722457733622,2.302585092994046,0.0,0.0,9,81,-1.0,-1.8369701987210294e-16,-1.0,-1.8369701987210294e-16,1800.0,7.496097345175956,0.0588235294117647,2015-10-01,train
Jowar/Sorghum,2015-10-01,1800.0,1809.242424242424,1000.0,3829.0,165,105,8,9,0,0,0,2015,10,4,Autumn,1700.0,2000.0,1950.0,1927.5,,0.0588235294117647,-0.0769230769230768,,100.0,1883.3333333333333,1920.4166666666667,1874.7222222222224,1950.0,1938.75,1927.5,160.72751268321582,126.71243690603808,153.9198474675844,1700.0,2070.0,-250.0,-227.5,,,,1874.7222222222224,1927.5,153.9198474675844,,,-220.41666666666677,-238.75,0.0659817419341487,5.111987788356544,4.663439094112067,2.19722457733622,2.302585092994046,0.0,0.0,10,100,-0.8660254037844386,0.5000000000000001,-2.4492935982947064e-16,1.0,1500.0,7.313886831633462,-0.1666666666666666,2015-11-01,train
Jowar/Sorghum,2015-11-01,1500.0,1499.04,1100.0,2200.0,25,19,7,6,0,0,0,2015,11,4,Autumn,1800.0,1700.0,2000.0,1875.0,,-0.1666666666666666,-0.25,,-300.0,1833.3333333333333,1899.1666666666667,1867.25,1800.0,1912.5,1901.25,152.75252316519453,135.66195733022093,147.02820024290125,1700.0,2070.0,-200.0,-75.0,,,,1867.25,1901.25,147.02820024290125,,,-99.16666666666674,-112.5,0.0714323601563251,3.258096538021482,2.995732273553991,2.079441541679836,1.9459101490553128,0.0,0.0,11,121,-0.5000000000000004,0.8660254037844384,-2.4492935982947064e-16,1.0,1875.0,7.53689712956617,0.25,2015-12-01,train
Jowar/Sorghum,2015-12-01,1875.0,1995.586294416244,600.0,4575.0,197,124,8,9,0,0,0,2015,12,4,Winter,1500.0,1800.0,1700.0,2070.0,,0.25,0.1029411764705883,,375.0,1666.6666666666667,1836.6666666666667,1833.8636363636365,1700.0,1875.0,1875.0,152.75252316519453,213.2291412229264,178.09184300650762,1500.0,2070.0,-200.0,-570.0,,,,1833.8636363636365,1875.0,178.09184300650762,,,-336.66666666666674,-375.0,0.1160957211740071,5.288267030694535,4.8283137373023015,2.19722457733622,2.302585092994046,0.0,0.0,12,144,-2.4492935982947064e-16,1.0,-2.4492935982947064e-16,1.0,1951.0,7.576609766973037,0.0405333333333333,2016-01-01,train
Jowar/Sorghum,2016-01-01,1951.0,2095.657458563536,1250.0,5000.0,181,111,8,8,0,0,0,2016,1,1,Winter,1875.0,1500.0,1800.0,1950.0,2000.0,0.0405333333333333,0.0838888888888889,-0.0244999999999999,76.0,1725.0,1804.1666666666667,1837.2916666666667,1800.0,1837.5,1875.0,198.4313483298442,183.31439296101848,170.21863725719632,1500.0,2000.0,75.0,-75.0,-125.0,2000.0,-0.0244999999999999,1837.2916666666667,1875.0,170.21863725719632,,,70.83333333333326,37.5,0.1016061300476776,5.204006687076795,4.718498871295094,2.19722457733622,2.19722457733622,0.0,0.0,13,169,0.4999999999999999,0.8660254037844387,1.0,6.123233995736766e-17,1900.0,7.550135342488429,-0.0261404407995899,2016-02-01,train
Jowar/Sorghum,2016-02-01,1900.0,2100.8533834586465,1200.0,8340.0,133,101,9,9,0,0,0,2016,2,1,Winter,1951.0,1875.0,1500.0,2000.0,1700.0,-0.0261404407995899,0.2666666666666666,0.1176470588235294,-51.0,1775.3333333333333,1804.3333333333333,1833.2083333333333,1875.0,1837.5,1875.0,241.4546196148115,183.47388551689505,166.50791113246538,1500.0,2000.0,451.0,-49.0,251.0,1700.0,0.1176470588235294,1846.0384615384612,1875.0,165.99528878084433,,,146.66666666666674,113.5,0.101685138841804,4.897839799950911,4.624972813284271,2.302585092994046,2.302585092994046,0.0,0.0,14,196,0.8660254037844386,0.5000000000000001,1.0,6.123233995736766e-17,1967.5,7.585027110383792,0.0355263157894736,2016-03-01,train
Jowar/Sorghum,2016-03-01,1967.5,2034.955696202532,1200.0,4990.0,158,100,8,9,0,0,0,2016,3,1,Spring,1900.0,1951.0,1875.0,1700.0,1650.0,0.0355263157894736,0.0493333333333332,0.1924242424242424,67.5,1908.6666666666667,1787.6666666666667,1849.875,1900.0,1837.5,1887.5,38.73413653785662,165.8392796253852,161.9082407077877,1500.0,1951.0,25.0,200.0,250.0,1650.0,0.1924242424242424,1849.892857142857,1887.5,160.13385969862225,,,112.33333333333326,62.5,0.0927685696207636,5.068904202220232,4.61512051684126,2.19722457733622,2.302585092994046,0.0,0.0,15,225,1.0,6.123233995736766e-17,1.0,6.123233995736766e-17,1990.0,7.596392304064196,0.0114358322744598,2016-04-01,train
Jowar/Sorghum,2016-04-01,1990.0,2082.653225806452,950.0,4080.0,124,84,8,9,0,0,0,2016,4,2,Spring,1967.5,1900.0,1951.0,1800.0,1927.5,0.0114358322744598,0.0199897488467453,0.03242542153048,22.5,1939.5,1832.25,1876.3333333333333,1951.0,1887.5,1913.75,35.18877661982559,173.34467110355615,151.90971202020177,1500.0,1967.5,16.5,167.5,40.0,1927.5,0.03242542153048,1857.7333333333331,1900.0,157.2682951731425,,,135.25,80.0,0.0946075432411276,4.8283137373023015,4.442651256490317,2.19722457733622,2.302585092994046,0.0,0.0,16,256,0.8660254037844387,-0.4999999999999998,1.2246467991473532e-16,-1.0,2051.0,7.62657020629066,0.0306532663316583,2016-05-01,train
Jowar/Sorghum,2016-05-01,2051.0,1985.764705882353,1400.0,3150.0,17,17,6,5,0,0,0,2016,5,2,Summer,1990.0,1967.5,1900.0,1500.0,1875.0,0.0306532663316583,0.0794736842105263,0.0938666666666667,61.0,1952.5,1863.9166666666667,1881.5416666666667,1967.5,1925.5,1925.0,46.83748498798781,183.3413255833685,154.86613843359484,1500.0,1990.0,90.0,490.0,115.0,1875.0,0.0938666666666667,1866.0,1913.75,155.4922291734649,,,126.08333333333326,64.5,0.0983634777574293,2.8903717578961645,2.8903717578961645,1.9459101490553128,1.791759469228055,0.0,0.0,17,289,0.4999999999999999,-0.8660254037844387,1.2246467991473532e-16,-1.0,1955.5,7.578912441650467,-0.0465626523647001,2016-06-01,train
Jowar/Sorghum,2016-06-01,1955.5,2032.411214953271,600.0,5212.0,214,129,7,10,0,0,0,2016,6,2,Summer,2051.0,1990.0,1967.5,1875.0,2070.0,-0.0465626523647001,-0.0060991105463786,-0.0553140096618357,-95.5,2002.8333333333333,1955.75,1896.2083333333333,1990.0,1959.25,1950.5,43.20397358268473,63.30067140244327,162.3438352181362,1875.0,2051.0,83.5,176.0,-19.0,2070.0,-0.0553140096618357,1876.8823529411768,1927.5,157.09854882880884,,,95.25,91.75,0.0323664432583117,5.3706380281276624,4.867534450455582,2.079441541679836,2.3978952727983707,0.0,0.0,18,324,1.2246467991473532e-16,-1.0,1.2246467991473532e-16,-1.0,1900.0,7.550135342488429,-0.0283814881104577,2016-07-01,train
Jowar/Sorghum,2016-07-01,1900.0,2007.1113989637304,1019.0,5591.0,193,119,5,9,0,0,0,2016,7,3,Monsoon,1955.5,2051.0,1990.0,1951.0,1950.0,-0.0283814881104577,-0.0452261306532663,-0.0256410256410256,-55.5,1998.8333333333333,1969.1666666666667,1886.6666666666667,1990.0,1961.5,1950.5,48.35890128335547,49.86849372767112,154.36973521877653,1900.0,2051.0,-34.5,4.5,5.5,1950.0,-0.0256410256410256,1881.25,1938.75,153.53034285270968,,,-13.666666666666742,-6.0,0.0253246688418135,5.267858159063328,4.787491742782046,1.791759469228055,2.302585092994046,0.0,0.0,19,361,-0.4999999999999997,-0.8660254037844388,-1.0,-1.8369701987210294e-16,1875.0,7.53689712956617,-0.0131578947368421,2016-08-01,train
Jowar/Sorghum,2016-08-01,1875.0,1938.925675675676,950.0,3500.0,148,97,7,8,0,0,0,2016,8,3,Monsoon,1900.0,1955.5,2051.0,1900.0,2000.0,-0.0131578947368421,-0.0858117991223793,-0.0625,-25.0,1968.8333333333333,1960.6666666666667,1882.5,1955.5,1961.5,1925.5,76.377898199239,57.366947510450345,153.17503356973987,1900.0,2051.0,-151.0,0.0,-100.0,2000.0,-0.0625,1882.2368421052631,1927.5,149.26666745022447,,,-60.66666666666674,-61.5,0.0292588987642555,5.003946305945459,4.584967478670572,2.079441541679836,2.19722457733622,0.0,0.0,20,400,-0.8660254037844385,-0.5000000000000004,-1.0,-1.8369701987210294e-16,1800.0,7.496097345175956,-0.04,2016-09-01,train
Jowar/Sorghum,2016-09-01,1800.0,1871.9561403508767,1330.0,3300.0,114,88,8,9,0,0,0,2016,9,3,Monsoon,1875.0,1900.0,1955.5,1967.5,1700.0,-0.04,-0.0795193045256967,0.0588235294117647,-75.0,1910.1666666666667,1956.5,1872.0833333333333,1900.0,1961.5,1900.0,41.2017394454811,63.25978185229612,148.641244938845,1875.0,2051.0,-80.5,-92.5,175.0,1700.0,0.0588235294117647,1881.875,1913.75,145.2945171385566,,,-81.5,-86.5,0.0323331366482474,4.74493212836325,4.48863636973214,2.19722457733622,2.302585092994046,0.0,0.0,21,441,-1.0,-1.8369701987210294e-16,-1.0,-1.8369701987210294e-16,1750.0,7.467942332285852,-0.0277777777777777,2016-10-01,train
Jowar/Sorghum,2016-10-01,1750.0,1769.1194690265486,1020.0,3170.0,113,80,6,6,0,0,0,2016,10,4,Autumn,1800.0,1875.0,1900.0,1990.0,1800.0,-0.0277777777777777,-0.0789473684210526,-0.0277777777777777,-50.0,1858.3333333333333,1928.5833333333333,1880.4166666666667,1875.0,1927.75,1900.0,52.04164998665312,89.11140031817891,140.70808488326168,1800.0,2051.0,-100.0,-190.0,0.0,1800.0,-0.0277777777777777,1877.9761904761904,1900.0,142.7381760593917,,,-128.58333333333326,-127.75,0.0462056260561788,4.736198448394496,4.394449154672439,1.9459101490553128,1.9459101490553128,0.0,0.0,22,484,-0.8660254037844386,0.5000000000000001,-2.4492935982947064e-16,1.0,1650.5,7.409439244830844,-0.0568571428571428,2016-11-01,train
Jowar/Sorghum,2016-11-01,1650.5,1687.5569620253164,1000.0,3450.0,158,130,7,8,0,0,0,2016,11,4,Autumn,1750.0,1800.0,1875.0,2051.0,1500.0,-0.0568571428571428,-0.1197333333333333,0.1003333333333333,-99.5,1808.3333333333333,1888.5833333333333,1876.25,1800.0,1887.5,1900.0,62.91528696058937,107.9112675612084,144.00749664829644,1750.0,2051.0,-125.0,-301.0,250.0,1500.0,0.1003333333333333,1872.159090909091,1900.0,141.94519284062693,,,-138.58333333333326,-137.5,0.0571387376223139,5.068904202220232,4.875197323201151,2.079441541679836,2.19722457733622,0.0,0.0,23,529,-0.5000000000000004,0.8660254037844384,-2.4492935982947064e-16,1.0,1800.0,7.496097345175956,0.0905786125416541,2016-12-01,train
Jowar/Sorghum,2016-12-01,1800.0,1862.444866920152,1000.0,3550.0,263,153,7,8,0,0,0,2016,12,4,Winter,1650.5,1750.0,1800.0,1955.5,1875.0,0.0905786125416541,0.0,-0.04,149.5,1733.5,1821.8333333333333,1888.7916666666667,1750.0,1837.5,1900.0,76.10354788050272,111.17133923213602,111.04103629930816,1650.5,1955.5,-149.5,-305.0,-224.5,1875.0,-0.04,1862.5217391304348,1900.0,146.18073171287202,,,-171.33333333333326,-187.0,0.0610216846942472,5.575949103146316,5.0369526024136295,2.079441541679836,2.19722457733622,0.0,0.0,24,576,-2.4492935982947064e-16,1.0,-2.4492935982947064e-16,1.0,1630.0,7.396948602621014,-0.0944444444444444,2017-01-01,train
Jowar/Sorghum,2017-01-01,1630.0,1777.2857142857142,1050.0,3200.0,35,22,5,4,0,0,0,2017,1,1,Winter,1800.0,1650.5,1750.0,1900.0,1951.0,-0.0944444444444444,-0.0685714285714286,-0.1645310097385955,-170.0,1733.5,1795.9166666666667,1882.5416666666667,1750.0,1800.0,1900.0,76.10354788050272,89.861235617293,113.96021202262853,1650.5,1900.0,50.0,-100.0,-151.0,1951.0,-0.1645310097385955,1859.9166666666667,1887.5,143.5360632359525,1975.5,1975.5,4.0833333333332575,0.0,0.0500364172153271,3.58351893845611,3.1354942159291497,1.791759469228055,1.6094379124341005,0.0,0.0,25,625,0.4999999999999999,0.8660254037844387,1.0,6.123233995736766e-17,2000.0,7.601402334583733,0.2269938650306748,2017-02-01,train
Jowar/Sorghum,2017-02-01,2000.0,1993.4578544061303,1100.0,4000.0,261,157,9,9,0,0,0,2017,2,1,Winter,1630.0,1800.0,1650.5,1875.0,1900.0,0.2269938650306748,0.2117540139351712,0.0526315789473683,370.0,1693.5,1750.9166666666667,1855.7916666666667,1650.5,1775.0,1887.5,92.7995150849398,94.78418468640557,132.58281431435657,1630.0,1875.0,-20.5,-245.0,-270.0,1900.0,0.0526315789473683,1850.72,1875.0,147.84663224661784,1800.0,1800.0,-120.91666666666674,-145.0,0.0541340353261085,5.568344503761097,5.062595033026967,2.302585092994046,2.302585092994046,0.0,0.0,26,676,0.8660254037844386,0.5000000000000001,1.0,6.123233995736766e-17,1901.0,7.550661243105336,-0.0494999999999999,2017-03-01,train
Jowar/Sorghum,2017-03-01,1901.0,1898.4301886792448,1100.0,4300.0,265,163,9,10,0,0,0,2017,3,1,Spring,2000.0,1630.0,1800.0,1800.0,1967.5,-0.0494999999999999,0.056111111111111,-0.0337992376111817,-99.0,1810.0,1771.75,1864.125,1800.0,1775.0,1887.5,185.20259177452127,133.38806168469486,138.61934880685442,1630.0,2000.0,200.0,200.0,32.5,1967.5,-0.0337992376111817,1856.4615384615383,1887.5,147.78828932475824,1808.75,1808.75,228.25,225.0,0.0752860514658924,5.583496308781699,5.099866427824199,2.302585092994046,2.3978952727983707,0.0,0.0,27,729,1.0,6.123233995736766e-17,1.0,6.123233995736766e-17,1838.0,7.516977224604321,-0.033140452393477,2017-04-01,train
Jowar/Sorghum,2017-04-01,1838.0,1862.5853658536585,1150.0,3350.0,164,110,7,9,0,0,0,2017,4,2,Spring,1901.0,2000.0,1630.0,1750.0,1990.0,-0.033140452393477,0.1276073619631901,-0.0763819095477387,-63.0,1843.6666666666667,1788.5833333333333,1858.5833333333333,1901.0,1775.0,1887.5,191.54720915046843,143.64484559728078,135.40290606075254,1630.0,2000.0,271.0,151.0,-89.0,1990.0,-0.0763819095477387,1858.111111111111,1900.0,145.1716049087936,1958.75,1958.75,112.41666666666674,126.0,0.0803120787945473,5.10594547390058,4.709530201312334,2.079441541679836,2.302585092994046,0.0,0.0,28,784,0.8660254037844387,-0.4999999999999998,1.2246467991473532e-16,-1.0,1775.0,7.4821189235521155,-0.0342763873775843,2017-05-01,train
Jowar/Sorghum,2017-05-01,1775.0,1842.781512605042,1175.0,4469.0,119,97,8,8,0,0,0,2017,5,2,Summer,1838.0,1901.0,2000.0,1650.5,2051.0,-0.0342763873775843,-0.1125,-0.1345685031691857,-63.0,1913.0,1803.25,1845.9166666666667,1901.0,1819.0,1856.5,81.66394553289693,143.40981486634715,128.9472819223093,1630.0,2000.0,-162.0,187.5,-213.0,2051.0,-0.1345685031691857,1857.392857142857,1887.5,142.50856745803668,1963.0,1963.0,34.75,19.0,0.0795285261978911,4.787491742782046,4.584967478670572,2.19722457733622,2.19722457733622,0.0,0.0,29,841,0.4999999999999999,-0.8660254037844387,1.2246467991473532e-16,-1.0,1790.0,7.490529402060711,0.0084507042253521,2017-06-01,train
Jowar/Sorghum,2017-06-01,1790.0,1858.0526315789475,1150.0,4750.0,171,106,7,9,0,0,0,2017,6,2,Summer,1775.0,1838.0,1901.0,1800.0,1955.5,0.0084507042253521,-0.0583903208837454,-0.0846330861672206,15.0,1838.0,1824.0,1822.9166666666667,1838.0,1819.0,1819.0,62.99999999999965,124.67076642100172,112.62303036988902,1630.0,2000.0,-126.0,-25.0,-180.5,1955.5,-0.0846330861672206,1854.551724137931,1875.0,140.77453762435076,2012.75,2012.75,-49.0,-44.0,0.068350200888707,5.147494476813453,4.672828834461906,2.079441541679836,2.302585092994046,0.0,0.0,30,900,1.2246467991473532e-16,-1.0,1.2246467991473532e-16,-1.0,1700.0,7.438971592395862,-0.0502793296089385,2017-07-01,train
Jowar/Sorghum,2017-07-01,1700.0,1785.4275862068966,1125.0,3050.0,145,86,8,9,0,0,0,2017,7,3,Monsoon,1790.0,1775.0,1838.0,1630.0,1900.0,-0.0502793296089385,-0.0750816104461371,-0.1052631578947368,-90.0,1801.0,1822.3333333333333,1809.125,1790.0,1814.0,1800.0,32.908965343808006,125.12180731857512,104.77077251183766,1630.0,2000.0,-48.0,160.0,-110.0,1900.0,-0.1052631578947368,1852.4,1875.0,138.82725559684496,1925.0,1925.0,-32.33333333333326,-24.0,0.0686602198565438,4.983606621708336,4.465908118654584,2.19722457733622,2.302585092994046,0.0,0.0,31,961,-0.4999999999999997,-0.8660254037844388,-1.0,-1.8369701987210294e-16,1751.0,7.468513271496337,0.03,2017-08-01,train
Jowar/Sorghum,2017-08-01,1751.0,1918.2055214723923,950.0,4500.0,163,111,8,8,0,0,0,2017,8,3,Monsoon,1700.0,1790.0,1775.0,2000.0,1875.0,0.03,-0.0135211267605633,-0.0661333333333333,51.0,1755.0,1834.0,1792.4583333333333,1775.0,1814.0,1795.0,48.21825380496432,105.29387446570657,104.90806761882094,1700.0,2000.0,-75.0,-300.0,-175.0,1875.0,-0.0661333333333333,1847.483870967742,1875.0,139.21131921596557,1937.5,1937.5,-134.0,-114.0,0.0574121452920973,5.099866427824199,4.718498871295094,2.19722457733622,2.19722457733622,0.0,0.0,32,1024,-0.8660254037844385,-0.5000000000000004,-1.0,-1.8369701987210294e-16,1750.0,7.467942332285852,-0.0005711022272987,2017-09-01,train
Jowar/Sorghum,2017-09-01,1750.0,1859.4549763033176,1100.0,3903.0,211,121,8,8,0,0,0,2017,9,3,Monsoon,1751.0,1700.0,1790.0,1901.0,1800.0,-0.0005711022272987,-0.0223463687150837,-0.0277777777777777,-1.0,1747.0,1792.5,1782.125,1751.0,1782.5,1782.5,45.13313638558655,69.90493544807812,102.10825917088704,1700.0,1901.0,-39.0,-150.0,-49.0,1800.0,-0.0277777777777777,1844.46875,1875.0,138.00560633188874,1750.0,1750.0,-41.5,-31.5,0.0389985692876307,5.356586274672012,4.804021044733257,2.19722457733622,2.19722457733622,0.0,0.0,33,1089,-1.0,-1.8369701987210294e-16,-1.0,-1.8369701987210294e-16,1430.5,7.266478124538169,-0.1825714285714286,2017-10-01,train
Jowar/Sorghum,2017-10-01,1430.5,1534.0,1050.0,2600.0,26,20,6,4,0,0,0,2017,10,4,Autumn,1750.0,1751.0,1700.0,1838.0,1750.0,-0.1825714285714286,-0.1585294117647059,-0.1825714285714286,-319.5,1733.6666666666667,1767.3333333333333,1777.9583333333333,1750.0,1763.0,1763.0,29.160475533387466,46.18946488829065,102.33244805164377,1700.0,1838.0,50.0,-88.0,0.0,1750.0,-0.1825714285714286,1841.6060606060605,1875.0,136.82400634435905,1775.0,1775.0,-17.333333333333258,-13.0,0.0261351178168374,3.295836866004329,3.044522437723423,1.9459101490553128,1.6094379124341005,0.0,0.0,34,1156,-0.8660254037844386,0.5000000000000001,-2.4492935982947064e-16,1.0,1590.0,7.372118028337787,0.1114994757077945,2017-11-01,train
Jowar/Sorghum,2017-11-01,1590.0,1588.4532520325204,600.0,3650.0,246,146,9,10,0,0,0,2017,11,4,Autumn,1430.5,1750.0,1751.0,1775.0,1650.5,0.1114994757077945,-0.0919474585950885,-0.0366555589215389,159.5,1643.8333333333333,1699.4166666666667,1751.3333333333333,1750.0,1750.5,1763.0,184.75276272178797,135.2436381744687,143.53655431367423,1430.5,1790.0,-320.5,-344.5,-220.0,1650.5,-0.0366555589215389,1829.514705882353,1856.5,152.066895431828,1575.25,1575.25,-268.91666666666674,-320.0,0.079582388961586,5.5093883366279774,4.990432586778736,2.302585092994046,2.3978952727983707,0.0,0.0,35,1225,-0.5000000000000004,0.8660254037844384,-2.4492935982947064e-16,1.0,1650.0,7.409136443920128,0.0377358490566037,2017-12-01,train
Jowar/Sorghum,2017-12-01,1650.0,1679.433962264151,900.0,3200.0,212,141,8,9,0,0,0,2017,12,4,Winter,1590.0,1430.5,1750.0,1790.0,1800.0,0.0377358490566037,-0.0571428571428571,-0.0833333333333333,60.0,1590.1666666666667,1668.5833333333333,1746.2916666666667,1590.0,1725.0,1763.0,159.75006520603762,135.653387966046,148.38102952952696,1430.5,1790.0,-160.0,-200.0,-210.0,1800.0,-0.0833333333333333,1822.6714285714288,1838.0,155.18788152245835,1837.5,1837.5,-78.58333333333326,-135.0,0.0812985394592494,5.3612921657094255,4.955827057601261,2.19722457733622,2.302585092994046,0.0,0.0,36,1296,-2.4492935982947064e-16,1.0,-2.4492935982947064e-16,1.0,1600.0,7.378383712996714,-0.0303030303030302,2018-01-01,train
Jowar/Sorghum,2018-01-01,1600.0,1699.9380341880342,873.0,3735.0,234,137,8,10,0,0,0,2018,1,1,Winter,1650.0,1590.0,1430.5,1700.0,1630.0,-0.0303030303030302,0.1184900384480951,-0.0184049079754601,-50.0,1556.8333333333333,1645.25,1733.7916666666667,1590.0,1675.0,1750.5,113.4463896884043,121.93922666640096,149.7569938165481,1430.5,1751.0,219.5,-50.0,20.0,1630.0,-0.0184049079754601,1817.875,1819.0,155.6386554536776,1860.3333333333333,1951.0,4.75,-25.0,0.0741159256443707,5.459585514144159,4.927253685157205,2.19722457733622,2.3978952727983707,0.0,0.0,37,1369,0.4999999999999999,0.8660254037844387,1.0,6.123233995736766e-17,1600.0,7.378383712996714,0.0,2018-02-01,train
Jowar/Sorghum,2018-02-01,1600.0,1795.3963133640552,925.0,4305.0,217,139,9,10,0,0,0,2018,2,1,Winter,1600.0,1650.0,1590.0,1751.0,2000.0,0.0,0.0062893081761006,-0.1999999999999999,0.0,1613.3333333333333,1628.5833333333333,1731.2916666666667,1600.0,1625.0,1750.5,32.14550253664252,119.77412770154731,151.88249919133534,1430.5,1751.0,10.0,-151.0,-400.0,2000.0,-0.1999999999999999,1811.9864864864865,1800.0,157.5864174952238,1866.6666666666667,1900.0,-28.583333333333258,-25.0,0.0735449794002235,5.384495062789089,4.941642422609304,2.302585092994046,2.3978952727983707,0.0,0.0,38,1444,0.8660254037844386,0.5000000000000001,1.0,6.123233995736766e-17,1650.0,7.409136443920128,0.03125,2018-03-01,train
Jowar/Sorghum,2018-03-01,1650.0,1836.7861635220129,914.0,7100.0,159,107,8,10,0,0,0,2018,3,1,Spring,1600.0,1600.0,1650.0,1750.0,1901.0,0.03125,0.0,-0.1320357706470278,50.0,1616.6666666666667,1603.4166666666667,1697.9583333333333,1600.0,1600.0,1725.0,28.86751345948059,103.6920520901508,129.84299230807594,1430.5,1750.0,-50.0,-150.0,-301.0,1901.0,-0.1320357706470278,1806.407894736842,1800.0,159.20078497290336,1839.5,1901.0,-3.4166666666667425,0.0,0.0646694363641083,5.075173815233827,4.68213122712422,2.19722457733622,2.3978952727983707,0.0,0.0,39,1521,1.0,6.123233995736766e-17,1.0,6.123233995736766e-17,1850.0,7.523481312573497,0.1212121212121211,2018-04-01,train
Jowar/Sorghum,2018-04-01,1850.0,1772.12,950.0,2650.0,25,18,5,3,0,0,0,2018,4,2,Spring,1650.0,1600.0,1600.0,1430.5,1838.0,0.1212121212121211,0.15625,0.0065288356909685,200.0,1616.6666666666667,1586.75,1677.0416666666667,1600.0,1600.0,1675.0,28.867513459481252,80.9652703324078,113.32785470269462,1430.5,1650.0,50.0,219.5,-188.0,1838.0,0.0065288356909685,1802.397435897436,1800.0,159.07604022039183,1918.5,1927.5,63.25,50.0,0.0510258517929149,3.258096538021482,2.9444389791664403,1.791759469228055,1.3862943611198906,0.0,0.0,40,1600,0.8660254037844387,-0.4999999999999998,1.2246467991473532e-16,-1.0,1700.0,7.438971592395862,-0.081081081081081,2018-05-01,train
Jowar/Sorghum,2018-05-01,1700.0,1771.991150442478,800.0,4253.0,113,89,8,9,0,0,0,2018,5,2,Summer,1850.0,1650.0,1600.0,1590.0,1775.0,-0.081081081081081,0.0625,-0.0422535211267606,-150.0,1700.0,1656.6666666666667,1678.0416666666667,1650.0,1625.0,1675.0,132.2875655532295,98.31920802501683,114.91903440986998,1590.0,1850.0,250.0,260.0,75.0,1775.0,-0.0422535211267606,1803.5875,1800.0,157.20364415998594,1900.3333333333333,1875.0,193.3333333333333,225.0,0.0593476104778773,4.736198448394496,4.499809670330265,2.19722457733622,2.302585092994046,0.0,0.0,41,1681,0.4999999999999999,-0.8660254037844387,1.2246467991473532e-16,-1.0,1647.0,7.4073177104694174,-0.0311764705882352,2018-06-01,train
Jowar/Sorghum,2018-06-01,1647.0,1871.5218579234968,900.0,3602.0,183,120,8,9,0,0,0,2018,6,2,Summer,1700.0,1850.0,1650.0,1650.0,1790.0,-0.0311764705882352,-0.0018181818181818,-0.0798882681564245,-53.0,1733.3333333333333,1675.0,1671.7916666666667,1700.0,1650.0,1675.0,104.0832999733066,93.54143466934784,111.14393991031535,1600.0,1850.0,50.0,50.0,-90.0,1790.0,-0.0798882681564245,1801.060975609756,1800.0,156.06690052353954,1938.5,1955.5,25.0,50.0,0.0558456326384166,5.214935757608986,4.795790545596741,2.19722457733622,2.302585092994046,0.0,0.0,42,1764,1.2246467991473532e-16,-1.0,1.2246467991473532e-16,-1.0,1650.0,7.409136443920128,0.0018214936247722,2018-07-01,train
Jowar/Sorghum,2018-07-01,1650.0,1729.8947368421052,900.0,3100.0,19,13,3,5,0,0,0,2018,7,3,Monsoon,1647.0,1700.0,1850.0,1600.0,1700.0,0.0018214936247722,-0.1081081081081081,-0.0294117647058823,3.0,1732.3333333333333,1674.5,1659.875,1700.0,1648.5,1650.0,105.29165842237136,93.70965798678314,104.80287231490584,1600.0,1850.0,-203.0,47.0,-53.0,1700.0,-0.0294117647058823,1797.392857142857,1800.0,155.97410415593794,1850.0,1900.0,-27.5,-1.5,0.0559627697741314,2.995732273553991,2.6390573296152584,1.3862943611198906,1.791759469228055,0.0,0.0,43,1849,-0.4999999999999997,-0.8660254037844388,-1.0,-1.8369701987210294e-16,1800.0,7.496097345175956,0.0909090909090908,2018-08-01,train
Jowar/Sorghum,2018-08-01,1800.0,1984.560975609756,950.0,4000.0,164,106,8,9,0,0,0,2018,8,3,Monsoon,1650.0,1647.0,1700.0,1600.0,1751.0,0.0909090909090908,0.0588235294117647,0.0279840091376355,150.0,1665.6666666666667,1682.8333333333333,1655.7083333333333,1650.0,1650.0,1650.0,29.771350881901935,87.79616544397904,104.05384496266858,1600.0,1850.0,-50.0,50.0,-101.0,1751.0,0.0279840091376355,1793.9651162790697,1800.0,155.7366670647556,1875.3333333333333,1875.0,-32.83333333333326,0.0,0.0521716344125853,5.10594547390058,4.672828834461906,2.19722457733622,2.302585092994046,0.0,0.0,44,1936,-0.8660254037844385,-0.5000000000000004,-1.0,-1.8369701987210294e-16,1716.5,7.448625024096504,-0.0463888888888889,2018-09-01,train
Jowar/Sorghum,2018-09-01,1716.5,2035.8163265306123,1000.0,9000.0,98,74,8,9,0,0,0,2018,9,3,Monsoon,1800.0,1650.0,1647.0,1650.0,1750.0,-0.0463888888888889,0.0421979356405586,-0.0191428571428571,-83.5,1699.0,1716.1666666666667,1659.7916666666667,1650.0,1675.0,1650.0,87.48142660016462,88.02367105879264,108.97820014140684,1647.0,1850.0,153.0,150.0,50.0,1750.0,-0.0191428571428571,1794.1022727272727,1800.0,153.91781178737,1750.0,1750.0,83.83333333333326,125.0,0.0512908639752117,4.59511985013459,4.31748811353631,2.19722457733622,2.302585092994046,0.0,0.0,45,2025,-1.0,-1.8369701987210294e-16,-1.0,-1.8369701987210294e-16,1881.0,7.540090320145325,0.0958345470434023,2018-10-01,train
Jowar/Sorghum,2018-10-01,1881.0,1988.14,1000.0,3500.0,150,105,9,8,0,0,0,2018,10,4,Autumn,1716.5,1800.0,1650.0,1850.0,1430.5,0.0958345470434023,0.1399999999999999,0.3149248514505418,164.5,1722.1666666666667,1727.25,1657.0,1716.5,1708.25,1650.0,75.16038406855918,82.00716432117295,106.86588876633223,1647.0,1850.0,66.5,-133.5,286.0,1430.5,0.3149248514505418,1792.3777777777775,1800.0,152.59781347308902,1660.1666666666667,1750.0,-10.75,8.25,0.0474784566919513,5.017279836814924,4.663439094112067,2.302585092994046,2.19722457733622,0.0,0.0,46,2116,-0.8660254037844386,0.5000000000000001,-2.4492935982947064e-16,1.0,2200.0,7.696667081526462,0.1695906432748537,2018-11-01,train
Jowar/Sorghum,2018-11-01,2200.0,2331.6548672566373,1100.0,4100.0,113,85,7,6,0,0,0,2018,11,4,Autumn,1881.0,1716.5,1800.0,1700.0,1590.0,0.1695906432748537,0.2222222222222223,0.3836477987421383,319.0,1799.1666666666667,1732.4166666666667,1694.5416666666667,1800.0,1708.25,1650.0,82.25316609914367,91.69210253160588,98.89605616121568,1647.0,1881.0,81.0,181.0,291.0,1590.0,0.3836477987421383,1794.304347826087,1800.0,151.45745564205552,1580.1666666666667,1590.0,148.58333333333326,172.75,0.0529272803107061,4.736198448394496,4.454347296253507,2.079441541679836,1.9459101490553128,0.0,0.0,47,2209,-0.5000000000000004,0.8660254037844384,-2.4492935982947064e-16,1.0,2300.5,7.741316363257296,0.0456818181818181,2018-12-01,train
Jowar/Sorghum,2018-12-01,2300.5,2445.9504950495048,1000.0,4600.0,202,123,8,10,0,0,0,2018,12,4,Winter,2200.0,1881.0,1716.5,1647.0,1650.0,0.0456818181818181,0.3402272065249052,0.3942424242424243,100.5,1932.5,1815.75,1745.375,1881.0,1758.25,1675.0,245.8297174875324,208.7840391409263,170.86293350359648,1647.0,2200.0,483.5,553.0,550.0,1650.0,0.3942424242424243,1802.936170212766,1800.0,161.06697962072894,1775.0,1800.0,384.25,441.75,0.1149850139837126,5.313205979041787,4.820281565605037,2.19722457733622,2.3978952727983707,0.0,0.0,48,2304,-2.4492935982947064e-16,1.0,-2.4492935982947064e-16,1.0,2175.0,7.685243607975833,-0.0545533579656596,2019-01-01,train
Jowar/Sorghum,2019-01-01,2175.0,2374.158653846154,1115.0,4680.0,208,128,8,9,0,0,0,2019,1,1,Winter,2300.5,2200.0,1881.0,1650.0,1600.0,-0.0545533579656596,0.1562998405103668,0.359375,-125.5,2127.1666666666665,1924.6666666666667,1799.5833333333333,2200.0,1840.5,1708.25,219.02872718740196,265.81302952764844,230.60009001548843,1650.0,2300.5,419.5,650.5,700.5,1600.0,0.359375,1813.3020833333333,1800.0,174.7807361817893,1795.25,1790.5,375.83333333333326,460.0,0.1381086055737695,5.342334251964811,4.859812404361672,2.19722457733622,2.302585092994046,0.0,0.0,49,2401,0.4999999999999999,0.8660254037844387,1.0,6.123233995736766e-17,2300.0,7.741099090035366,0.0574712643678161,2019-02-01,train
Jowar/Sorghum,2019-02-01,2300.0,2401.099526066351,1000.0,4502.0,211,130,9,8,0,0,0,2019,2,1,Winter,2175.0,2300.5,2200.0,1800.0,1600.0,0.0574712643678161,0.0454545454545454,0.4375,125.0,2225.1666666666665,2012.1666666666667,1847.5,2200.0,2028.0,1758.25,66.42727853324539,242.7222006052732,244.6690714934243,1716.5,2300.5,-25.0,375.0,575.0,1600.0,0.4375,1820.683673469388,1800.0,180.5042616613003,1800.0,1800.0,162.83333333333326,147.0,0.1206272843230049,5.356586274672012,4.875197323201151,2.302585092994046,2.19722457733622,0.0,0.0,50,2500,0.8660254037844386,0.5000000000000001,1.0,6.123233995736766e-17,2400.0,7.783640596221253,0.0434782608695651,2019-03-01,train
Jowar/Sorghum,2019-03-01,2400.0,2456.230769230769,588.0,4665.0,195,117,11,8,0,0,0,2019,3,1,Spring,2300.0,2175.0,2300.5,1716.5,1650.0,0.0434782608695651,0.0432514670723755,0.4545454545454546,100.0,2258.5,2095.5,1905.8333333333333,2300.0,2187.5,1825.0,72.31355336311468,241.13771998590312,263.0518729809535,1716.5,2300.5,-0.5,583.5,650.0,1650.0,0.4545454545454546,1830.27,1800.0,191.0804459821431,1792.125,1775.5,204.5,112.5,0.1150740730068733,5.278114659230517,4.770684624465665,2.4849066497880004,2.19722457733622,0.0,0.0,51,2601,1.0,6.123233995736766e-17,1.0,6.123233995736766e-17,2474.0,7.813995675002791,0.0308333333333332,2019-04-01,train
Jowar/Sorghum,2019-04-01,2474.0,2499.0564102564103,1176.0,4600.0,195,121,9,9,0,0,0,2019,4,2,Spring,2400.0,2300.0,2175.0,1881.0,1850.0,0.0308333333333332,0.1374712643678159,0.3372972972972974,74.0,2291.6666666666665,2209.4166666666665,1968.3333333333333,2300.0,2250.0,1865.5,112.73124382057256,179.97455838719665,284.92968297884306,1881.0,2400.0,225.0,519.0,550.0,1850.0,0.3372972972972974,1841.4411764705883,1800.0,205.2950473601062,1901.375,1888.75,190.58333333333348,150.0,0.0814579527268268,5.278114659230517,4.804021044733257,2.302585092994046,2.302585092994046,0.0,0.0,52,2704,0.8660254037844387,-0.4999999999999998,1.2246467991473532e-16,-1.0,2450.0,7.804251383528112,-0.0097008892481811,2019-05-01,train
Jowar/Sorghum,2019-05-01,2450.0,2468.048,1000.0,4487.0,125,102,8,8,0,0,0,2019,5,2,Summer,2474.0,2400.0,2300.0,2200.0,1700.0,-0.0097008892481811,0.0652173913043479,0.4411764705882353,-24.0,2391.333333333333,2308.25,2020.3333333333333,2400.0,2300.25,2028.0,87.32315462312035,114.44900611189122,316.5556344419879,2175.0,2474.0,174.0,274.0,774.0,1700.0,0.4411764705882353,1853.6057692307693,1819.0,221.39214911905424,1850.25,1825.0,165.75,173.75,0.0495825868566625,4.836281906951478,4.634728988229636,2.19722457733622,2.19722457733622,0.0,0.0,53,2809,0.4999999999999999,-0.8660254037844387,1.2246467991473532e-16,-1.0,2501.0,7.824845691026856,0.0208163265306122,2019-06-01,train
Jowar/Sorghum,2019-06-01,2501.0,2535.960606060606,596.0,5105.0,165,107,8,9,0,0,0,2019,6,2,Summer,2450.0,2474.0,2400.0,2300.5,1647.0,0.0208163265306122,0.0420833333333332,0.5185185185185186,51.0,2441.333333333333,2349.9166666666665,2082.833333333333,2450.0,2350.25,2187.5,37.7535870260479,112.65097277283644,321.559716872545,2175.0,2474.0,50.0,149.5,803.0,1647.0,0.5185185185185186,1864.8584905660375,1838.0,234.05759024548627,1865.625,1872.75,100.08333333333348,99.75,0.0479382840978062,5.111987788356544,4.68213122712422,2.19722457733622,2.302585092994046,0.0,0.0,54,2916,1.2246467991473532e-16,-1.0,1.2246467991473532e-16,-1.0,2727.5,7.9115072866262866,0.0905637744902039,2019-07-01,train
Jowar/Sorghum,2019-07-01,2727.5,2769.936781609196,1301.0,5355.0,174,110,8,9,0,0,0,2019,7,3,Monsoon,2501.0,2450.0,2474.0,2175.0,1650.0,0.0905637744902039,0.1024656426839127,0.6530303030303031,226.5,2475.0,2383.333333333333,2154.0,2474.0,2425.0,2250.0,25.51470164434682,124.20574329179117,310.65085634109283,2175.0,2501.0,27.0,326.0,851.0,1650.0,0.6530303030303031,1876.638888888889,1844.0,247.4738678155177,1800.0,1800.0,117.66666666666652,76.0,0.0521142978846676,5.1647859739235145,4.709530201312334,2.19722457733622,2.302585092994046,0.0,0.0,55,3025,-0.4999999999999997,-0.8660254037844388,-1.0,-1.8369701987210294e-16,2800.0,7.937731775260109,0.0265811182401467,2019-08-01,train
Jowar/Sorghum,2019-08-01,2800.0,2898.9752066115702,1650.0,5852.0,121,85,10,9,0,0,0,2019,8,3,Monsoon,2727.5,2501.0,2450.0,2300.0,1800.0,0.0265811182401467,0.1428571428571428,0.5555555555555556,72.5,2559.5,2475.4166666666665,2243.7916666666665,2501.0,2462.0,2300.25,147.71001997156466,142.3426909492241,307.4350233148555,2300.0,2727.5,277.5,427.5,927.5,1800.0,0.5555555555555556,1892.1090909090908,1850.0,270.6883319686555,1856.5,1837.5,252.08333333333348,265.5,0.0575025178047698,4.804021044733257,4.454347296253507,2.3978952727983707,2.302585092994046,0.0,0.0,56,3136,-0.8660254037844385,-0.5000000000000004,-1.0,-1.8369701987210294e-16,2300.0,7.741099090035366,-0.1785714285714286,2019-09-01,train
Jowar/Sorghum,2019-09-01,2300.0,2360.3571428571427,1201.0,4000.0,28,20,6,6,0,0,0,2019,9,3,Monsoon,2800.0,2727.5,2501.0,2400.0,1716.5,-0.1785714285714286,-0.0803678528588565,0.3399359161083599,-500.0,2676.1666666666665,2558.75,2327.125,2727.5,2487.5,2350.25,155.96981545585473,163.8437517880974,311.70536240903056,2400.0,2800.0,299.0,400.0,1083.5,1716.5,0.3399359161083599,1908.321428571429,1862.5,294.3789831395674,1741.625,1733.25,241.25,312.5,0.0640327315244152,3.367295829986474,3.044522437723423,1.9459101490553128,1.9459101490553128,0.0,0.0,57,3249,-1.0,-1.8369701987210294e-16,-1.0,-1.8369701987210294e-16,2590.0,7.85979918056211,0.126086956521739,2019-10-01,train
Jowar/Sorghum,2019-10-01,2590.0,2574.641666666667,1109.0,4600.0,120,90,8,7,0,0,0,2019,10,4,Autumn,2300.0,2800.0,2727.5,2474.0,1881.0,0.126086956521739,-0.0504124656278643,0.3769271664008506,290.0,2609.1666666666665,2542.083333333333,2375.75,2727.5,2487.5,2350.25,270.1889770759225,186.7121893896227,246.47750220031983,2300.0,2800.0,-427.5,-174.0,419.0,1881.0,0.3769271664008506,1915.1929824561405,1875.0,296.31561591584904,1715.375,1775.0,-242.08333333333348,-187.5,0.0734484927938197,4.795790545596741,4.51085950651685,2.19722457733622,2.079441541679836,0.0,0.0,58,3364,-0.8660254037844386,0.5000000000000001,-2.4492935982947064e-16,1.0,2022.5,7.61258396431592,-0.219111969111969,2019-11-01,train
Jowar/Sorghum,2019-11-01,2022.5,2246.3473684210526,800.0,4600.0,190,124,8,7,0,0,0,2019,11,4,Autumn,2590.0,2300.0,2800.0,2450.0,2200.0,-0.219111969111969,-0.2776785714285714,-0.0806818181818181,-567.5,2563.333333333333,2561.4166666666665,2434.833333333333,2590.0,2545.5,2425.0,251.064400768674,184.24180216950316,197.13819948698227,2300.0,2800.0,-210.0,140.0,390.0,2200.0,-0.0806818181818181,1926.8275862068965,1875.0,306.7794875191176,1735.125,1620.25,28.583333333333485,44.5,0.0719296491535946,5.25227342804663,4.8283137373023015,2.19722457733622,2.079441541679836,0.0,0.0,59,3481,-0.5000000000000004,0.8660254037844384,-2.4492935982947064e-16,1.0,2200.0,7.696667081526462,0.0877626699629172,2019-12-01,train
Jowar/Sorghum,2019-12-01,2200.0,2323.921568627451,1230.0,5500.0,51,32,7,6,0,0,0,2019,12,4,Winter,2022.5,2590.0,2300.0,2501.0,2300.5,0.0877626699629172,-0.0434782608695651,-0.0436861551836557,177.5,2304.1666666666665,2490.1666666666665,2420.0416666666665,2300.0,2545.5,2425.0,283.77294327214025,288.88867521359566,221.51230812646665,2022.5,2800.0,-277.5,-478.5,-278.0,2300.5,-0.0436861551836557,1928.449152542373,1875.0,304.3782908186509,1906.375,1837.5,-467.6666666666665,-523.0,0.1160117830989608,3.951243718581428,3.49650756146648,2.079441541679836,1.9459101490553128,0.0,0.0,60,3600,-2.4492935982947064e-16,1.0,-2.4492935982947064e-16,1.0,2362.5,7.767898850233291,0.0738636363636364,2020-01-01,train
Jowar/Sorghum,2020-01-01,2362.5,2572.244845360825,285.5,5450.0,194,124,7,7,0,0,0,2020,1,1,Winter,2200.0,2022.5,2590.0,2727.5,2175.0,0.0738636363636364,-0.0878378378378378,0.0862068965517242,162.5,2270.833333333333,2440.0,2411.6666666666665,2200.0,2445.0,2425.0,290.30515554039573,311.8533309105416,228.24053633007875,2022.5,2800.0,-390.0,-527.5,25.0,2175.0,0.0862068965517242,1932.975,1875.0,303.81716213616795,1871.2,1951.0,-240.0,-245.0,0.1278087421764514,5.272999558563747,4.8283137373023015,2.079441541679836,2.079441541679836,0.0,0.0,61,3721,0.4999999999999999,0.8660254037844387,1.0,6.123233995736766e-17,2487.5,7.819435398298609,0.052910052910053,2020-02-01,train
Jowar/Sorghum,2020-02-01,2487.5,2590.85,1230.0,5460.0,160,100,7,7,0,0,0,2020,2,1,Winter,2362.5,2200.0,2022.5,2800.0,2300.0,0.052910052910053,0.2299134734239802,0.0815217391304348,125.0,2195.0,2379.1666666666665,2427.2916666666665,2200.0,2331.25,2425.0,170.05513811702386,278.355288555232,216.6915967592194,2022.5,2800.0,340.0,-437.5,62.5,2300.0,0.0815217391304348,1940.016393442623,1875.0,306.2530131445392,1900.0,1900.0,-16.666666666666515,31.25,0.1169969689198873,5.081404364984463,4.61512051684126,2.079441541679836,2.079441541679836,0.0,0.0,62,3844,0.8660254037844386,0.5000000000000001,1.0,6.123233995736766e-17,2300.0,7.741099090035366,-0.0753768844221105,2020-03-01,train
Jowar/Sorghum,2020-03-01,2300.0,2306.551724137931,1200.0,3950.0,29,19,6,6,0,0,0,2020,3,1,Spring,2487.5,2362.5,2200.0,2300.0,2400.0,-0.0753768844221105,0.0454545454545454,-0.0416666666666666,-187.5,2350.0,2327.083333333333,2442.9166666666665,2362.5,2331.25,2462.0,144.15703243338515,202.86335713150987,213.41379282908704,2022.5,2590.0,287.5,187.5,87.5,2400.0,-0.0416666666666666,1948.8467741935483,1878.0,311.5892181880864,1913.7,1901.0,160.41666666666652,156.25,0.0871749430824751,3.4011973816621555,2.995732273553991,1.9459101490553128,1.9459101490553128,0.0,0.0,63,3969,1.0,6.123233995736766e-17,1.0,6.123233995736766e-17,2550.0,7.844240718141811,0.108695652173913,2020-04-01,train
Jowar/Sorghum,2020-04-01,2550.0,2714.037037037037,1150.0,4800.0,27,24,3,5,0,0,0,2020,4,2,Spring,2300.0,2487.5,2362.5,2590.0,2474.0,0.108695652173913,0.0793650793650793,0.03071948261924,250.0,2383.333333333333,2327.083333333333,2434.583333333333,2362.5,2331.25,2462.0,95.47032697824702,202.86335713150987,217.16142229533503,2022.5,2590.0,-62.5,-290.0,-174.0,2474.0,0.03071948261924,1954.420634920635,1881.0,312.2165709054813,2015.9,1927.5,-27.083333333333485,-31.25,0.0871749430824751,3.332204510175204,3.218875824868201,1.3862943611198906,1.791759469228055,0.0,0.0,64,4096,0.8660254037844387,-0.4999999999999998,1.2246467991473532e-16,-1.0,2512.5,7.82943148313263,-0.0147058823529411,2020-05-01,train
Jowar/Sorghum,2020-05-01,2512.5,2408.09375,830.0,4755.0,96,83,5,7,0,0,0,2020,5,2,Summer,2550.0,2300.0,2487.5,2022.5,2450.0,-0.0147058823529411,0.0100502512562814,0.0255102040816326,-37.5,2445.833333333333,2320.4166666666665,2440.9166666666665,2487.5,2331.25,2468.75,130.1041249666335,192.90811716116696,219.51100959481016,2022.5,2550.0,62.5,527.5,100.0,2450.0,0.0255102040816326,1963.7265625,1890.5,318.550336528282,1970.2,1875.0,229.58333333333348,218.75,0.0831351196241337,4.574710978503383,4.430816798843313,1.791759469228055,2.079441541679836,0.0,0.0,65,4225,0.4999999999999999,-0.8660254037844387,1.2246467991473532e-16,-1.0,2439.5,7.799958215327202,-0.0290547263681592,2020-06-01,train
Jowar/Sorghum,2020-06-01,2439.5,2441.760869565217,850.0,6125.0,184,114,7,8,0,0,0,2020,6,2,Summer,2512.5,2550.0,2300.0,2200.0,2501.0,-0.0290547263681592,0.0606521739130434,-0.0245901639344262,-73.0,2454.1666666666665,2402.083333333333,2446.125,2512.5,2425.0,2494.25,134.8224140613622,137.25356704532808,220.4854277806945,2200.0,2550.0,212.5,312.5,11.5,2501.0,-0.0245901639344262,1972.1692307692308,1900.0,323.29845775762914,1992.7,1955.5,110.41666666666652,87.5,0.0571393861073351,5.220355825078324,4.74493212836325,2.079441541679836,2.19722457733622,0.0,0.0,66,4356,1.2246467991473532e-16,-1.0,1.2246467991473532e-16,-1.0,2500.0,7.824445930877619,0.0248001639680262,2020-07-01,train
Jowar/Sorghum,2020-07-01,2500.0,2520.39928057554,950.0,5237.0,139,103,7,9,0,0,0,2020,7,3,Monsoon,2439.5,2512.5,2550.0,2362.5,2727.5,0.0248001639680262,-0.0196078431372549,-0.0834097158570119,60.5,2500.6666666666665,2442.0,2441.0,2512.5,2463.5,2463.5,56.19237789356672,95.07365565707276,219.8076638584483,2300.0,2550.0,-110.5,77.0,-288.0,2727.5,-0.0834097158570119,1979.25,1900.0,325.9185864598703,1985.5,1900.0,-2.5,-24.0,0.0389327009242722,4.941642422609304,4.6443908991413725,2.079441541679836,2.302585092994046,0.0,0.0,67,4489,-0.4999999999999997,-0.8660254037844388,-1.0,-1.8369701987210294e-16,2258.0,7.7226775164680035,-0.0968,2020-08-01,train
Jowar/Sorghum,2020-08-01,2258.0,2473.928571428572,900.0,5130.0,56,46,5,7,0,0,0,2020,8,3,Monsoon,2500.0,2439.5,2512.5,2487.5,2800.0,-0.0968,-0.1012935323383085,-0.1935714285714286,-242.0,2484.0,2464.9166666666665,2422.0416666666665,2500.0,2493.75,2463.5,39.0416444325808,88.41686302208566,201.93500960967648,2300.0,2550.0,-12.5,12.5,-300.0,2800.0,-0.1935714285714286,1987.0223880597016,1900.0,329.637615912556,2045.2,1875.0,35.083333333333485,6.25,0.0358701225959304,4.04305126783455,3.8501476017100575,1.791759469228055,2.079441541679836,0.0,0.0,68,4624,-0.8660254037844385,-0.5000000000000004,-1.0,-1.8369701987210294e-16,1850.0,7.523481312573497,-0.1806908768821966,2020-09-01,train
Jowar/Sorghum,2020-09-01,1850.0,1987.009900990099,800.0,4550.0,101,79,6,7,0,0,0,2020,9,3,Monsoon,2258.0,2500.0,2439.5,2300.0,2300.0,-0.1806908768821966,-0.2416478786636605,-0.1956521739130434,-408.0,2399.1666666666665,2426.6666666666665,2376.875,2439.5,2469.75,2401.0,125.94079296770124,120.51044214783352,167.36787529815194,2258.0,2550.0,-181.5,-42.0,-42.0,2300.0,-0.1956521739130434,1991.0073529411768,1900.5,328.8145202862815,1853.3,1750.0,-168.66666666666652,-211.75,0.0496608964894918,4.624972813284271,4.382026634673881,1.9459101490553128,2.079441541679836,0.0,0.0,69,4761,-1.0,-1.8369701987210294e-16,-1.0,-1.8369701987210294e-16,1741.0,7.462789157412448,-0.0589189189189188,2020-10-01,train
Jowar/Sorghum,2020-10-01,1741.0,1915.407643312102,800.0,4750.0,157,98,7,8,0,0,0,2020,10,4,Autumn,1850.0,2258.0,2500.0,2550.0,2590.0,-0.0589189189189188,-0.3036,-0.3277992277992277,-109.0,2202.6666666666665,2351.6666666666665,2339.375,2258.0,2469.75,2401.0,328.51382517838323,266.5947611388237,226.2228512089141,1850.0,2550.0,-650.0,-700.0,-740.0,2590.0,-0.3277992277992277,1988.963768115942,1900.0,326.8289523728305,1890.3,1800.0,-501.6666666666665,-619.75,0.1133641790810022,5.062595033026967,4.59511985013459,2.079441541679836,2.19722457733622,0.0,0.0,70,4900,-0.8660254037844386,0.5000000000000001,-2.4492935982947064e-16,1.0,1900.0,7.550135342488429,0.0913268236645605,2020-11-01,train
Jowar/Sorghum,2020-11-01,1900.0,1994.7619047619048,1050.0,3000.0,21,16,7,5,0,0,0,2020,11,4,Autumn,1741.0,1850.0,2258.0,2512.5,2022.5,0.0913268236645605,-0.1585473870682019,-0.0605686032138442,159.0,1949.6666666666667,2216.833333333333,2268.625,1850.0,2348.75,2331.25,272.529509105589,340.54701094954083,269.36247334299225,1741.0,2512.5,-517.0,-771.5,-281.5,2022.5,-0.0605686032138442,1985.4214285714288,1900.0,325.8027948443113,1792.6,1650.5,-475.8333333333335,-607.75,0.1536186802268434,3.091042453358316,2.833213344056216,2.079441541679836,1.791759469228055,0.0,0.0,71,5041,-0.5000000000000004,0.8660254037844384,-2.4492935982947064e-16,1.0,1830.0,7.5126175446745105,-0.0368421052631579,2020-12-01,train
Jowar/Sorghum,2020-12-01,1830.0,1972.4,1000.0,4850.0,115,101,8,8,0,0,0,2020,12,4,Winter,1900.0,1741.0,1850.0,2439.5,2200.0,-0.0368421052631579,-0.0108108108108108,-0.1681818181818182,-70.0,1830.3333333333333,2114.75,2258.4166666666665,1850.0,2079.0,2331.25,81.30395644329577,325.66850477133977,281.58220447817286,1741.0,2500.0,50.0,-539.5,-300.0,2200.0,-0.1681818181818182,1984.218309859155,1900.0,323.6260819922801,1965.1,1875.0,-214.75,-179.0,0.1539985836488189,4.7535901911063645,4.624972813284271,2.19722457733622,2.19722457733622,0.0,0.0,72,5184,-2.4492935982947064e-16,1.0,-2.4492935982947064e-16,1.0,1969.5,7.586042596635059,0.0762295081967212,2021-01-01,train
Jowar/Sorghum,2021-01-01,1969.5,2088.945205479452,751.0,5000.0,146,108,8,7,0,0,0,2021,1,1,Winter,1830.0,1900.0,1741.0,2500.0,2362.5,0.0762295081967212,0.1312464101091326,-0.1663492063492063,139.5,1823.6666666666667,2013.1666666666667,2227.583333333333,1830.0,1875.0,2331.25,79.68897874444957,297.99491047107995,307.6145635319781,1741.0,2500.0,89.0,-670.0,-532.5,2362.5,-0.1663492063492063,1982.076388888889,1900.0,321.8525125848775,1953.0833333333333,1975.5,-183.16666666666677,-45.0,0.1480229706785727,4.990432586778736,4.691347882229144,2.19722457733622,2.079441541679836,0.0,0.0,73,5329,0.4999999999999999,0.8660254037844387,1.0,6.123233995736766e-17,1750.0,7.467942332285852,-0.1114496064991114,2021-02-01,train
Jowar/Sorghum,2021-02-01,1750.0,1999.3522727272727,800.0,4975.0,176,118,7,7,0,0,0,2021,2,1,Winter,1969.5,1830.0,1900.0,2258.0,2487.5,-0.1114496064991114,-0.0789473684210526,-0.2964824120603014,-219.5,1899.8333333333333,1924.75,2194.833333333333,1900.0,1875.0,2279.0,69.75014934273142,179.9999305555433,312.82113196851054,1741.0,2258.0,69.5,-288.5,-518.0,2487.5,-0.2964824120603014,1981.904109589041,1900.0,319.6130001173103,1997.9166666666667,1950.0,44.75,94.5,0.0935186027045295,5.176149732573829,4.77912349311153,2.079441541679836,2.079441541679836,0.0,0.0,74,5476,0.8660254037844386,0.5000000000000001,1.0,6.123233995736766e-17,2000.0,7.601402334583733,0.1428571428571428,2021-03-01,train
Jowar/Sorghum,2021-03-01,2000.0,2118.185792349727,850.0,4900.0,183,124,8,9,0,0,0,2021,3,1,Spring,1750.0,1969.5,1830.0,1850.0,2300.0,0.1428571428571428,0.092896174863388,-0.1304347826086956,250.0,1849.8333333333333,1840.0833333333333,2133.375,1830.0,1840.0,2113.75,111.08592770163705,87.7168265879881,322.3951644262895,1741.0,1969.5,-80.0,-100.0,-550.0,2300.0,-0.1304347826086956,1978.7702702702704,1900.0,318.5590544292064,1978.0833333333333,1934.25,-90.08333333333326,-90.0,0.0476700293943144,5.214935757608986,4.8283137373023015,2.19722457733622,2.302585092994046,0.0,0.0,75,5625,1.0,6.123233995736766e-17,1.0,6.123233995736766e-17,2114.0,7.656810091480378,0.0569999999999999,2021-04-01,train
Jowar/Sorghum,2021-04-01,2114.0,2297.126050420168,900.0,5001.0,119,82,8,7,0,0,0,2021,4,2,Spring,2000.0,1750.0,1969.5,1741.0,2550.0,0.0569999999999999,0.0733688753490733,-0.1709803921568627,114.0,1906.5,1865.0833333333333,2108.375,1969.5,1865.0,1984.75,136.3882326302383,109.72347819253244,319.9218743409364,1741.0,2000.0,30.5,259.0,-550.0,2550.0,-0.1709803921568627,1979.0533333333333,1900.0,316.40880345037954,2104.9166666666665,1958.75,134.91666666666674,135.0,0.0588303354769844,4.787491742782046,4.418840607796598,2.19722457733622,2.079441541679836,0.0,0.0,76,5776,0.8660254037844387,-0.4999999999999998,1.2246467991473532e-16,-1.0,1750.0,7.467942332285852,-0.1721854304635761,2021-05-01,train
Jowar/Sorghum,2021-05-01,1750.0,1795.1315789473683,1000.0,3600.0,38,33,5,3,0,0,0,2021,5,2,Summer,2114.0,2000.0,1750.0,1900.0,2512.5,-0.1721854304635761,0.0,-0.3034825870646765,-364.0,1954.6666666666667,1927.25,2072.0416666666665,2000.0,1934.75,1984.75,186.18628664145308,129.283312921662,288.4138013919116,1750.0,2114.0,364.0,214.0,-398.5,2512.5,-0.3034825870646765,1980.828947368421,1900.0,314.6732967447516,2060.583333333333,1963.0,186.75,179.25,0.067081755310241,3.6635616461296463,3.5263605246161616,1.791759469228055,1.3862943611198906,0.0,0.0,77,5929,0.4999999999999999,-0.8660254037844387,1.2246467991473532e-16,-1.0,1818.0,7.506042178518122,0.0388571428571429,2021-06-01,train
Jowar/Sorghum,2021-06-01,1818.0,2010.8689024390244,900.0,4800.0,164,113,7,7,0,0,0,2021,6,2,Summer,1750.0,2114.0,2000.0,1830.0,2439.5,0.0388571428571429,-0.0909999999999999,-0.2547653207624513,68.0,1954.6666666666667,1902.25,2008.5,2000.0,1899.75,1934.75,186.18628664145308,148.65791267201493,265.64920477953564,1750.0,2114.0,-250.0,-80.0,-689.5,2439.5,-0.2547653207624513,1977.8311688311687,1900.0,313.7010877200998,2067.1666666666665,2012.75,-152.25,-149.75,0.0781484624376474,5.10594547390058,4.736198448394496,2.079441541679836,2.079441541679836,0.0,0.0,78,6084,1.2246467991473532e-16,-1.0,1.2246467991473532e-16,-1.0,1800.0,7.496097345175956,-0.0099009900990099,2021-07-01,train
Jowar/Sorghum,2021-07-01,1800.0,2043.6013986013984,1075.0,4650.0,143,103,7,8,0,0,0,2021,7,3,Monsoon,1818.0,1750.0,2114.0,1969.5,2500.0,-0.0099009900990099,-0.1485335856196783,-0.28,-18.0,1894.0,1900.25,1956.7083333333333,1818.0,1893.75,1875.0,193.5355264544471,149.8998832554596,232.4973566157968,1750.0,2114.0,-296.0,-151.5,-682.0,2500.0,-0.28,1975.7820512820515,1900.0,312.1824057804259,2071.25,1925.0,-82.25,-75.75,0.0788842958849938,4.969813299576001,4.6443908991413725,2.079441541679836,2.19722457733622,0.0,0.0,79,6241,-0.4999999999999997,-0.8660254037844388,-1.0,-1.8369701987210294e-16,1530.0,7.333676395657684,-0.15,2021-08-01,train
Jowar/Sorghum,2021-08-01,1530.0,1690.3333333333333,1200.0,2450.0,15,12,5,4,0,0,0,2021,8,3,Monsoon,1800.0,1818.0,1750.0,1750.0,2258.0,-0.15,-0.1257142857142856,-0.3224092116917626,-270.0,1789.3333333333333,1872.0,1898.375,1800.0,1809.0,1840.0,35.232560697930175,150.2105189392556,160.44357900973836,1750.0,2114.0,50.0,50.0,-458.0,2258.0,-0.3224092116917626,1973.5569620253164,1900.0,310.8046421144368,2080.6666666666665,1937.5,-72.0,-9.0,0.0802406618265254,2.772588722239781,2.5649493574615367,1.791759469228055,1.6094379124341005,0.0,0.0,80,6400,-0.8660254037844385,-0.5000000000000004,-1.0,-1.8369701987210294e-16,1520.0,7.327123292259293,-0.0065359477124182,2021-09-01,train
Jowar/Sorghum,2021-09-01,1520.0,1755.3652694610778,550.0,4200.0,167,114,8,7,0,0,0,2021,9,3,Monsoon,1530.0,1800.0,1818.0,2000.0,1850.0,-0.0065359477124182,-0.1639163916391639,-0.1783783783783783,-10.0,1716.0,1835.3333333333333,1837.7083333333333,1800.0,1809.0,1824.0,161.33195591698504,203.3860041071341,149.3526118001113,1530.0,2114.0,-288.0,-470.0,-320.0,1850.0,-0.1783783783783783,1968.0125,1890.5,312.7875181130823,1852.75,1775.0,-305.33333333333326,-279.0,0.1108169292265533,5.123963979403259,4.74493212836325,2.19722457733622,2.079441541679836,0.0,0.0,81,6561,-1.0,-1.8369701987210294e-16,-1.0,-1.8369701987210294e-16,1475.0,7.297091005160418,-0.0296052631578946,2021-10-01,train
Jowar/Sorghum,2021-10-01,1475.0,1667.6521739130435,1000.0,4050.0,161,104,7,7,0,0,0,2021,10,4,Autumn,1520.0,1530.0,1800.0,2114.0,1741.0,-0.0296052631578946,-0.1805555555555555,-0.1527857553130385,-45.0,1616.6666666666667,1755.3333333333333,1810.2083333333333,1530.0,1775.0,1809.0,158.85003409925145,219.43077875874044,175.05342799132708,1520.0,2114.0,-280.0,-594.0,-221.0,1741.0,-0.1527857553130385,1962.4814814814813,1881.0,314.78730363179795,1865.4166666666667,1775.0,-235.3333333333333,-255.0,0.1250080395511244,5.087596335232384,4.653960350157523,2.079441541679836,2.079441541679836,0.0,0.0,82,6724,-0.8660254037844386,0.5000000000000001,-2.4492935982947064e-16,1.0,1425.0,7.262628600974241,-0.0338983050847457,2021-11-01,train
Jowar/Sorghum,2021-11-01,1425.0,1601.7310344827586,900.0,4300.0,145,100,7,8,0,0,0,2021,11,4,Autumn,1475.0,1520.0,1530.0,1750.0,1900.0,-0.0338983050847457,-0.0686274509803921,-0.25,-50.0,1508.3333333333333,1648.8333333333333,1788.0416666666667,1520.0,1640.0,1809.0,29.29732638541192,156.61470769588487,199.717807547336,1475.0,1818.0,-55.0,-275.0,-425.0,1900.0,-0.25,1956.5365853658536,1878.0,317.43617790045323,1810.5,1775.25,-173.83333333333326,-165.0,0.0949851658925815,4.983606621708336,4.61512051684126,2.079441541679836,2.19722457733622,0.0,0.0,83,6889,-0.5000000000000004,0.8660254037844384,-2.4492935982947064e-16,1.0,1620.0,7.390798521735676,0.1368421052631578,2021-12-01,train
Jowar/Sorghum,2021-12-01,1620.0,1795.7354497354495,160.5,4500.0,189,131,8,8,0,0,0,2021,12,4,Winter,1425.0,1475.0,1520.0,1818.0,1830.0,0.1368421052631578,0.0657894736842106,-0.1147540983606557,195.0,1473.3333333333333,1594.6666666666667,1748.4583333333333,1475.0,1525.0,1775.0,47.521924764611015,170.23708957412177,221.40496199717225,1425.0,1818.0,-95.0,-393.0,-405.0,1830.0,-0.1147540983606557,1950.132530120482,1875.0,320.84399069939064,1942.5833333333333,1852.5,-169.66666666666674,-100.0,0.1067540277429693,5.247024072160486,4.882801922586371,2.19722457733622,2.19722457733622,0.0,0.0,84,7056,-2.4492935982947064e-16,1.0,-2.4492935982947064e-16,1.0,1725.0,7.453561871643373,0.0648148148148148,2022-01-01,train
Jowar/Sorghum,2022-01-01,1725.0,1928.6540880503144,1075.0,6905.0,159,111,7,7,0,0,0,2022,1,1,Winter,1620.0,1425.0,1475.0,1800.0,1969.5,0.0648148148148148,0.1694915254237288,-0.1241431835491241,105.0,1506.6666666666667,1561.6666666666667,1730.9583333333333,1475.0,1525.0,1750.0,101.28343069492334,133.51654079801355,222.6695940312916,1425.0,1800.0,145.0,-180.0,-349.5,1969.5,-0.1241431835491241,1946.202380952381,1875.0,320.9331473290095,1955.4285714285716,1969.5,58.33333333333326,95.0,0.0854961840755689,5.075173815233827,4.718498871295094,2.079441541679836,2.079441541679836,0.0,0.0,85,7225,0.4999999999999999,0.8660254037844387,1.0,6.123233995736766e-17,1872.5,7.535563618233742,0.0855072463768116,2022-02-01,train
Jowar/Sorghum,2022-02-01,1872.5,2050.411931818182,785.0,4250.0,176,126,9,9,0,0,0,2022,2,1,Winter,1725.0,1620.0,1425.0,1530.0,1750.0,0.0855072463768116,0.3140350877192983,0.07,147.5,1590.0,1549.1666666666667,1710.5833333333333,1620.0,1525.0,1737.5,152.2333734763833,107.76904317413066,209.66443246870423,1425.0,1725.0,300.0,195.0,-25.0,1750.0,0.07,1943.6,1875.0,319.9180680081937,1962.5,1900.0,175.83333333333326,200.0,0.069565815927357,5.176149732573829,4.844187086458591,2.302585092994046,2.302585092994046,0.0,0.0,86,7396,0.8660254037844386,0.5000000000000001,1.0,6.123233995736766e-17,2065.0,7.633369649679584,0.1028037383177569,2022-03-01,train
Jowar/Sorghum,2022-03-01,2065.0,2196.6296296296296,1200.0,4400.0,108,93,9,9,0,0,0,2022,3,1,Spring,1872.5,1725.0,1620.0,1520.0,2000.0,0.1028037383177569,0.2746913580246914,0.0324999999999999,192.5,1739.1666666666667,1606.25,1720.7916666666667,1725.0,1570.0,1737.5,126.8447213459564,168.93600859497323,214.68025466359,1425.0,1872.5,252.5,352.5,-127.5,2000.0,0.0324999999999999,1942.7732558139533,1875.0,318.1230307414075,1981.2142857142856,1967.5,266.25,302.5,0.1051741687750806,4.691347882229144,4.543294782270004,2.302585092994046,2.302585092994046,0.0,0.0,87,7569,1.0,6.123233995736766e-17,1.0,6.123233995736766e-17,2200.0,7.696667081526462,0.0653753026634382,2022-04-01,train
Jowar/Sorghum,2022-04-01,2200.0,2300.2763157894738,1400.0,4900.0,114,91,10,7,0,0,0,2022,4,2,Spring,2065.0,1872.5,1725.0,1475.0,2114.0,0.0653753026634382,0.2753623188405796,0.0406811731315042,135.0,1887.5,1697.0833333333333,1726.2083333333333,1872.5,1672.5,1737.5,170.4956011162751,243.39482670481596,223.023384254302,1425.0,2065.0,340.0,590.0,-49.0,2114.0,0.0406811731315042,1944.17816091954,1875.0,316.5394275104943,2106.214285714286,1990.0,367.91666666666674,392.5,0.143419490324468,4.74493212836325,4.5217885770490405,2.3978952727983707,2.079441541679836,0.0,0.0,88,7744,0.8660254037844387,-0.4999999999999998,1.2246467991473532e-16,-1.0,1800.0,7.496097345175956,-0.1818181818181817,2022-05-01,train
Jowar/Sorghum,2022-05-01,1800.0,1829.2105263157891,834.0,2470.0,19,15,5,5,0,0,0,2022,5,2,Summer,2200.0,2065.0,1872.5,1425.0,1750.0,-0.1818181818181817,-0.0387182910547396,0.0285714285714284,-400.0,2045.8333333333333,1817.9166666666667,1733.375,2065.0,1798.75,1737.5,164.58913491884368,287.12548069906154,237.52771369405903,1425.0,2200.0,327.5,775.0,450.0,1750.0,0.0285714285714284,1947.0852272727277,1875.0,315.8942990464733,2016.2142857142856,1875.0,382.08333333333326,401.25,0.1579420475997588,2.995732273553991,2.772588722239781,1.791759469228055,1.791759469228055,0.0,0.0,89,7921,0.4999999999999999,-0.8660254037844387,1.2246467991473532e-16,-1.0,2089.0,7.644919344958857,0.1605555555555555,2022-06-01,train
Jowar/Sorghum,2022-06-01,2089.0,2312.675287356322,1200.0,6001.0,174,116,9,9,0,0,0,2022,6,2,Summer,1800.0,2200.0,2065.0,1620.0,1818.0,0.1605555555555555,0.0116222760290556,0.149064906490649,289.0,2021.6666666666667,1880.4166666666667,1737.5416666666667,2065.0,1836.25,1762.5,203.4903765128301,216.65881396026117,238.2832022398905,1620.0,2200.0,-265.0,180.0,-18.0,1818.0,0.149064906490649,1945.4325842696628,1875.0,314.48103164914306,2031.571428571429,1955.5,-80.41666666666674,-36.25,0.1152185139606972,5.1647859739235145,4.762173934797756,2.302585092994046,2.302585092994046,0.0,0.0,90,8100,1.2246467991473532e-16,-1.0,1.2246467991473532e-16,-1.0,2261.0,7.724004656676065,0.0823360459550024,2022-07-01,train
Jowar/Sorghum,2022-07-01,2261.0,2500.093984962406,1451.0,4630.0,133,100,9,7,0,0,0,2022,7,3,Monsoon,2089.0,1800.0,2200.0,1725.0,1800.0,0.0823360459550024,0.0277272727272728,0.2561111111111112,172.0,2029.6666666666667,1958.5833333333333,1760.125,2089.0,1968.75,1762.5,206.4953591084636,186.40558378618087,258.57952223287407,1725.0,2200.0,-111.0,364.0,289.0,1800.0,0.2561111111111112,1947.0277777777776,1875.0,313.07526252682794,2032.5,1900.0,130.41666666666674,120.25,0.0951736801869621,4.897839799950911,4.61512051684126,2.302585092994046,2.079441541679836,0.0,0.0,91,8281,-0.4999999999999997,-0.8660254037844388,-1.0,-1.8369701987210294e-16,2412.5,7.788833255100547,0.0670057496682883,2022-08-01,train
Jowar/Sorghum,2022-08-01,2412.5,2496.4276315789475,1220.0,4300.0,152,107,9,9,0,0,0,2022,8,3,Monsoon,2261.0,2089.0,1800.0,1872.5,1530.0,0.0670057496682883,0.3402777777777777,0.576797385620915,151.5,2050.0,2047.9166666666667,1798.5416666666667,2089.0,2077.0,1762.5,232.96137018827827,180.4146381718144,296.50582228940243,1800.0,2261.0,461.0,388.5,731.0,1530.0,0.576797385620915,1950.478021978022,1875.0,313.06601994616545,2002.0,1875.0,213.0833333333333,184.0,0.0880966697074983,5.030437921392435,4.68213122712422,2.302585092994046,2.302585092994046,0.0,0.0,92,8464,-0.8660254037844385,-0.5000000000000004,-1.0,-1.8369701987210294e-16,2400.0,7.783640596221253,-0.005181347150259,2022-09-01,train
Jowar/Sorghum,2022-09-01,2400.0,2533.9074074074074,1411.0,4450.0,108,77,10,7,0,0,0,2022,9,3,Monsoon,2412.5,2261.0,2089.0,2065.0,1520.0,-0.005181347150259,0.1488750598372428,0.5789473684210527,-12.5,2254.1666666666665,2137.9166666666665,1872.0833333333333,2261.0,2144.5,1836.25,161.85821985099608,207.9890421793092,331.2514036562592,1800.0,2412.5,323.5,347.5,892.5,1520.0,0.5789473684210527,1955.5,1878.0,315.0453307693362,1805.2142857142856,1750.0,274.5833333333335,268.0,0.0972858509511483,4.691347882229144,4.356708826689592,2.3978952727983707,2.079441541679836,0.0,0.0,93,8649,-1.0,-1.8369701987210294e-16,-1.0,-1.8369701987210294e-16,2447.0,7.803026643632217,0.0195833333333332,2022-10-01,train
Jowar/Sorghum,2022-10-01,2447.0,2507.578431372549,1450.0,4500.0,102,74,8,8,0,0,0,2022,10,4,Autumn,2400.0,2412.5,2261.0,2200.0,1475.0,0.0195833333333332,0.082264484741265,0.6589830508474577,47.0,2357.833333333333,2193.75,1945.4166666666667,2400.0,2230.5,1968.75,84.09270677849176,228.45738114580504,343.4057256718966,1800.0,2412.5,139.0,200.0,925.0,1475.0,0.6589830508474577,1960.279569892473,1881.0,316.7005465870065,1809.642857142857,1750.0,206.25,169.5,0.1041401167616205,4.634728988229636,4.31748811353631,2.19722457733622,2.19722457733622,0.0,0.0,94,8836,-0.8660254037844386,0.5000000000000001,-2.4492935982947064e-16,1.0,2800.0,7.937731775260109,0.1442582754393133,2022-11-01,train
Jowar/Sorghum,2022-11-01,2800.0,2766.391666666667,1410.0,6025.0,120,90,8,7,0,0,0,2022,11,4,Autumn,2447.0,2400.0,2412.5,1800.0,1425.0,0.1442582754393133,0.160621761658031,0.9649122807017544,353.0,2419.833333333333,2234.9166666666665,2026.4166666666667,2412.5,2330.5,2077.0,24.34303459582187,250.95505905772495,336.93328401745555,1800.0,2447.0,34.5,647.0,1022.0,1425.0,0.9649122807017544,1965.457446808511,1890.5,318.9685380680704,1755.428571428571,1650.5,212.08333333333348,116.5,0.1122883294937432,4.795790545596741,4.51085950651685,2.19722457733622,2.079441541679836,0.0,0.0,95,9025,-0.5000000000000004,0.8660254037844384,-2.4492935982947064e-16,1.0,3000.0,8.006700845440367,0.0714285714285714,2022-12-01,train
Jowar/Sorghum,2022-12-01,3000.0,3113.317073170732,1739.0,6041.0,123,86,7,7,0,0,0,2022,12,4,Winter,2800.0,2447.0,2400.0,2089.0,1620.0,0.0714285714285714,0.25,0.8518518518518519,200.0,2549.0,2401.583333333333,2141.0,2447.0,2406.25,2144.5,218.63897182341495,235.96279720893705,347.45065051810457,2089.0,2800.0,400.0,711.0,1180.0,1620.0,0.8518518518518519,1974.2421052631576,1900.0,328.61793814719925,1896.5,1830.0,398.4166666666665,393.75,0.0982530124746606,4.820281565605037,4.465908118654584,2.079441541679836,2.079441541679836,0.0,0.0,96,9216,-2.4492935982947064e-16,1.0,-2.4492935982947064e-16,1.0,2860.0,7.95892649305011,-0.0466666666666666,2023-01-01,train
Jowar/Sorghum,2023-01-01,2860.0,3042.954545454545,1500.0,5500.0,22,14,7,5,0,0,0,2023,1,1,Winter,3000.0,2800.0,2447.0,2261.0,1725.0,-0.0466666666666666,0.1687780956272988,0.6579710144927535,-140.0,2749.0,2553.4166666666665,2256.0,2800.0,2429.75,2230.5,280.00535709161005,283.00749401149375,385.6142089988616,2261.0,3000.0,553.0,739.0,1275.0,1725.0,0.6579710144927535,1984.9270833333333,1900.0,343.2392979829445,1926.625,1960.25,446.5833333333335,570.25,0.1108348268051932,3.1354942159291497,2.70805020110221,2.079441541679836,1.791759469228055,0.0,0.0,97,9409,0.4999999999999999,0.8660254037844387,1.0,6.123233995736766e-17,3246.5,8.085640748544755,0.1351398601398601,2023-02-01,train
Jowar/Sorghum,2023-02-01,3246.5,3446.907894736842,1250.0,6891.0,152,98,9,8,0,0,0,2023,2,1,Winter,2860.0,3000.0,2800.0,2412.5,1872.5,0.1351398601398601,0.1594642857142856,0.7337783711615486,386.5,2886.6666666666665,2653.25,2350.583333333333,2860.0,2623.5,2330.5,102.63202878893787,264.2543755550678,382.7157046765393,2400.0,3000.0,60.0,447.5,987.5,1872.5,0.7337783711615486,1993.9484536082475,1900.0,352.81773124654427,1951.25,1886.25,206.75,236.5,0.0995964856515849,5.030437921392435,4.59511985013459,2.302585092994046,2.19722457733622,0.0,0.0,98,9604,0.8660254037844386,0.5000000000000001,1.0,6.123233995736766e-17,3488.5,8.157513738457206,0.0745418142615124,2023-03-01,train
Jowar/Sorghum,2023-03-01,3488.5,3648.235294117647,1600.0,9000.0,136,95,8,7,0,0,0,2023,3,1,Spring,3246.5,2860.0,3000.0,2400.0,2065.0,0.0745418142615124,0.1628333333333333,0.6893462469733656,242.0,3035.5,2792.25,2465.083333333333,3000.0,2830.0,2406.25,195.6802238347045,324.71860895242594,429.3721014634637,2400.0,3246.5,246.5,846.5,1181.5,2065.0,0.6893462469733656,2006.7295918367347,1900.0,373.1033145686322,1991.6875,1983.75,454.25,416.5,0.1162928136636855,4.919980925828125,4.564348191467836,2.19722457733622,2.079441541679836,0.0,0.0,99,9801,1.0,6.123233995736766e-17,1.0,6.123233995736766e-17,3300.0,8.101980731853192,-0.0540346853948688,2023-04-01,train
Jowar/Sorghum,2023-04-01,3300.0,3445.1565217391303,1300.0,8000.0,115,77,8,6,0,0,0,2023,4,2,Spring,3488.5,3246.5,2860.0,2447.0,2200.0,-0.0540346853948688,0.1538461538461537,0.5,-188.5,3198.333333333333,2973.6666666666665,2583.708333333333,3246.5,2930.0,2429.75,317.00644052342744,363.4949334814238,499.6741419225734,2447.0,3488.5,628.5,1041.5,1288.5,2200.0,0.5,2021.6969696969695,1900.0,399.9547858258596,2117.9375,2052.0,514.8333333333335,558.5,0.1222379554359681,4.7535901911063645,4.356708826689592,2.19722457733622,1.9459101490553128,0.0,0.0,100,10000,0.8660254037844387,-0.4999999999999998,1.2246467991473532e-16,-1.0,3200.0,8.071218539969863,-0.0303030303030302,2023-05-01,train
Jowar/Sorghum,2023-05-01,3200.0,3264.9736842105262,1665.0,5250.0,114,91,8,7,0,0,0,2023,5,2,Summer,3300.0,3488.5,3246.5,2800.0,1800.0,-0.0303030303030302,-0.0143231172031418,0.7777777777777777,-100.0,3345.0,3115.833333333333,2675.375,3300.0,3123.25,2623.5,127.1210053453007,271.4738784241761,523.22644693548,2800.0,3488.5,53.5,500.0,1500.0,1800.0,0.7777777777777777,2034.48,1900.5,417.95767824994056,1989.1875,1837.5,184.1666666666665,176.75,0.0871272142575585,4.74493212836325,4.5217885770490405,2.19722457733622,2.079441541679836,0.0,0.0,101,10201,0.4999999999999999,-0.8660254037844387,1.2246467991473532e-16,-1.0,3251.0,8.087025470667701,0.0159374999999999,2023-06-01,train
Jowar/Sorghum,2023-06-01,3251.0,3247.672093023256,1375.0,6000.0,215,134,9,9,0,0,0,2023,6,2,Summer,3200.0,3300.0,3488.5,3000.0,2089.0,0.0159374999999999,-0.0680808370359753,0.556247008137865,51.0,3329.5,3182.5,2792.0416666666665,3300.0,3223.25,2830.0,146.494880456622,223.2294783401097,462.90011971626507,2860.0,3488.5,-288.5,200.0,1111.0,2089.0,0.556247008137865,2046.019801980198,1901.0,431.7309400586903,2038.75,2012.75,17.5,-23.25,0.0701428054485812,5.375278407684165,4.90527477843843,2.302585092994046,2.302585092994046,0.0,0.0,102,10404,1.2246467991473532e-16,-1.0,1.2246467991473532e-16,-1.0,3600.0,8.188966863648876,0.1073515841279606,2023-07-01,train
Jowar/Sorghum,2023-07-01,3600.0,3653.367469879518,1500.0,5611.0,166,103,9,8,0,0,0,2023,7,3,Monsoon,3251.0,3200.0,3300.0,2860.0,2261.0,0.1073515841279606,0.0909090909090908,0.5922158337019019,349.0,3250.333333333333,3224.333333333333,2888.875,3251.0,3248.75,2930.0,50.00333322222934,204.9599147800957,422.212415572583,2860.0,3488.5,-49.0,391.0,990.0,2261.0,0.5922158337019019,2057.833333333333,1914.25,445.84886959759376,2061.0625,1925.0,26.666666666666515,2.25,0.0635666023302271,5.117993812416755,4.6443908991413725,2.302585092994046,2.19722457733622,0.0,0.0,103,10609,-0.4999999999999997,-0.8660254037844388,-1.0,-1.8369701987210294e-16,3600.0,8.188966863648876,0.0,2023-08-01,train
Jowar/Sorghum,2023-08-01,3600.0,3630.18954248366,1681.0,6062.0,153,94,9,8,0,0,0,2023,8,3,Monsoon,3600.0,3251.0,3200.0,3246.5,2412.5,0.0,0.125,0.4922279792746113,0.0,3350.333333333333,3347.6666666666665,3000.458333333333,3251.0,3275.5,3100.0,217.71617609478008,159.47591249672757,418.1081014160046,3200.0,3600.0,400.0,353.5,1187.5,2412.5,0.4922279792746113,2072.8058252427186,1927.5,468.9589076076468,2053.3125,1937.5,252.33333333333348,324.5,0.0476379306472351,5.0369526024136295,4.553876891600541,2.302585092994046,2.19722457733622,0.0,0.0,104,10816,-0.8660254037844385,-0.5000000000000004,-1.0,-1.8369701987210294e-16,3669.5,8.208083171550836,0.0193055555555554,2023-09-01,train
Maize,2015-01-01,1250.0,1238.260975609756,850.0,3500.0,410,261,15,14,0,0,0,2015,1,1,Winter,,,,,,,,,,,,,,,,,,,,,,,,,,,,,,,,,,6.018593214496234,5.568344503761097,2.772588722239781,2.70805020110221,0.0,0.0,1,1,0.4999999999999999,0.8660254037844387,1.0,6.123233995736766e-17,1300.0,7.170888478512505,0.04,2015-02-01,train
Maize,2015-02-01,1300.0,1246.08,700.0,1600.0,125,81,14,13,0,0,0,2015,2,1,Winter,1250.0,,,,,0.04,,,50.0,,,,,,,,,,,,,,,,,,,,,,,,,4.836281906951478,4.406719247264253,2.70805020110221,2.6390573296152584,0.0,0.0,2,4,0.8660254037844386,0.5000000000000001,1.0,6.123233995736766e-17,1300.0,7.170888478512505,0.0,2015-03-01,train
Maize,2015-03-01,1300.0,1261.834862385321,853.0,3250.0,109,73,10,12,0,0,0,2015,3,1,Spring,1300.0,1250.0,,,,0.0,,,0.0,1275.0,,,1275.0,,,35.35533905932738,,,,,,,,,,,,,,,,,,4.700480365792417,4.30406509320417,2.3978952727983707,2.5649493574615367,0.0,0.0,3,9,1.0,6.123233995736766e-17,1.0,6.123233995736766e-17,1300.0,7.170888478512505,0.0,2015-04-01,train
Maize,2015-04-01,1300.0,1303.498480243161,825.0,4200.0,329,242,16,14,0,0,0,2015,4,2,Spring,1300.0,1300.0,1250.0,,,0.0,0.04,,0.0,1283.3333333333333,1283.3333333333333,,1300.0,1300.0,,28.867513459481305,28.867513459481305,,1250.0,1300.0,50.0,,,,,1283.3333333333333,1300.0,28.867513459481305,,,16.666666666666742,0.0,0.0224941663320633,5.799092654460526,5.493061443340548,2.833213344056216,2.70805020110221,0.0,0.0,4,16,0.8660254037844387,-0.4999999999999998,1.2246467991473532e-16,-1.0,1310.0,7.1785454837637,0.0076923076923076,2015-05-01,train
Maize,2015-05-01,1310.0,1280.2627986348125,870.0,1655.0,293,204,14,12,0,0,0,2015,5,2,Summer,1300.0,1300.0,1300.0,,,0.0076923076923076,0.0076923076923076,,10.0,1300.0,1287.5,,1300.0,1300.0,,0.0,25.000000000000018,,1250.0,1300.0,0.0,,,,,1287.5,1300.0,25.000000000000018,,,12.5,0.0,0.0194174757281553,5.683579767338681,5.3230099791384085,2.70805020110221,2.5649493574615367,0.0,0.0,5,25,0.4999999999999999,-0.8660254037844387,1.2246467991473532e-16,-1.0,1272.0,7.149131598557407,-0.0290076335877862,2015-06-01,train
Maize,2015-06-01,1272.0,1256.9624060150377,850.0,1800.0,399,257,17,14,0,0,0,2015,6,2,Summer,1310.0,1300.0,1300.0,,,-0.0290076335877862,-0.0215384615384615,,-38.0,1303.3333333333333,1292.0,,1300.0,1300.0,,5.77350269189629,23.87467277262666,,1250.0,1310.0,10.0,,,,,1292.0,1300.0,23.87467277262666,,,18.0,10.0,0.0184788488952218,5.991464547107982,5.552959584921617,2.8903717578961645,2.70805020110221,0.0,0.0,6,36,1.2246467991473532e-16,-1.0,1.2246467991473532e-16,-1.0,1275.0,7.151485463904735,0.0023584905660376,2015-07-01,train
Maize,2015-07-01,1275.0,1252.6802030456852,750.0,5400.0,394,257,18,15,0,0,0,2015,7,3,Monsoon,1272.0,1310.0,1300.0,1250.0,,0.0023584905660376,-0.0192307692307692,,3.0,1294.0,1288.6666666666667,1288.6666666666667,1300.0,1300.0,1300.0,19.697715603592226,22.86190426597635,22.86190426597635,1250.0,1310.0,-28.0,22.0,,,,1288.6666666666667,1300.0,22.86190426597635,,,-16.666666666666742,-28.0,0.0177407430931011,5.978885764901122,5.552959584921617,2.9444389791664403,2.772588722239781,0.0,0.0,7,49,-0.4999999999999997,-0.8660254037844388,-1.0,-1.8369701987210294e-16,1300.0,7.170888478512505,0.0196078431372548,2015-08-01,train
Maize,2015-08-01,1300.0,1277.3101045296166,550.0,1600.0,287,184,19,13,0,0,0,2015,8,3,Monsoon,1275.0,1272.0,1310.0,1300.0,,0.0196078431372548,-0.0076335877862595,,25.0,1285.6666666666667,1292.8333333333333,1286.7142857142858,1275.0,1300.0,1300.0,21.126602503321127,15.497311594811118,21.499723143289454,1272.0,1310.0,-35.0,-25.0,,,,1286.7142857142858,1300.0,21.499723143289454,,,-17.833333333333258,-25.0,0.0119870916035666,5.662960480135946,5.220355825078324,2.995732273553991,2.6390573296152584,0.0,0.0,8,64,-0.8660254037844385,-0.5000000000000004,-1.0,-1.8369701987210294e-16,1393.0,7.239932591320469,0.0715384615384615,2015-09-01,train
Maize,2015-09-01,1393.0,1378.6697247706422,600.0,2400.0,327,207,17,13,0,0,0,2015,9,3,Monsoon,1300.0,1275.0,1272.0,1300.0,,0.0715384615384615,0.0951257861635219,,93.0,1282.3333333333333,1292.8333333333333,1288.375,1275.0,1300.0,1300.0,15.373136743467056,15.497311594811118,20.4515979117246,1272.0,1310.0,28.0,0.0,,,,1288.375,1300.0,20.4515979117246,,,7.166666666666743,0.0,0.0119870916035666,5.793013608384144,5.337538079701318,2.8903717578961645,2.6390573296152584,0.0,0.0,9,81,-1.0,-1.8369701987210294e-16,-1.0,-1.8369701987210294e-16,1359.0,7.215239978730097,-0.024407753050969,2015-10-01,train
Maize,2015-10-01,1359.0,1369.7850678733032,800.0,4100.0,442,287,18,15,0,0,0,2015,10,4,Autumn,1393.0,1300.0,1275.0,1300.0,,-0.024407753050969,0.0658823529411765,,-34.0,1322.6666666666667,1308.3333333333333,1300.0,1300.0,1300.0,1300.0,62.17984668148783,44.13917383307784,39.77750620639761,1272.0,1393.0,118.0,93.0,,,,1300.0,1300.0,39.77750620639761,,,84.66666666666674,93.0,0.0337369481526709,6.093569770045136,5.662960480135946,2.9444389791664403,2.772588722239781,0.0,0.0,10,100,-0.8660254037844386,0.5000000000000001,-2.4492935982947064e-16,1.0,1325.0,7.189922170745808,-0.025018395879323,2015-11-01,train
Maize,2015-11-01,1325.0,1329.683908045977,1000.0,1550.0,174,109,14,11,0,0,0,2015,11,4,Autumn,1359.0,1393.0,1300.0,1310.0,,-0.025018395879323,0.0192307692307691,,-34.0,1350.6666666666667,1318.1666666666667,1305.9,1359.0,1305.0,1300.0,47.05670338361295,48.28836989034375,41.88728260993359,1272.0,1393.0,59.0,49.0,,,,1305.9,1300.0,41.88728260993359,,,40.83333333333326,54.0,0.0366329775372439,5.1647859739235145,4.700480365792417,2.70805020110221,2.4849066497880004,0.0,0.0,11,121,-0.5000000000000004,0.8660254037844384,-2.4492935982947064e-16,1.0,1424.5,7.2622779083527265,0.0750943396226415,2015-12-01,train
Maize,2015-12-01,1424.5,1426.251811594203,800.0,1850.0,552,350,17,14,0,0,0,2015,12,4,Winter,1325.0,1359.0,1393.0,1272.0,,0.0750943396226415,0.0226130653266332,,99.5,1359.0,1320.6666666666667,1307.6363636363635,1359.0,1312.5,1300.0,33.999999999999915,48.16914641828994,40.15288962770357,1272.0,1393.0,-68.0,53.0,,,,1307.6363636363635,1300.0,40.15288962770357,,,4.3333333333332575,12.5,0.0364733567023901,6.315358001522335,5.860786223465865,2.8903717578961645,2.70805020110221,0.0,0.0,12,144,-2.4492935982947064e-16,1.0,-2.4492935982947064e-16,1.0,1440.0,7.273092595999522,0.0108810108810109,2016-01-01,train
Maize,2016-01-01,1440.0,1441.2648305084747,950.0,3700.0,472,306,17,14,0,0,0,2016,1,1,Winter,1424.5,1325.0,1359.0,1275.0,1250.0,0.0108810108810109,0.0596026490066226,0.1519999999999999,15.5,1369.5,1346.0833333333333,1317.375,1359.0,1342.0,1300.0,50.57420291017936,56.81233727516093,51.02723203438442,1275.0,1424.5,65.5,149.5,174.5,1250.0,0.1519999999999999,1317.375,1300.0,51.02723203438442,,,78.41666666666674,82.5,0.0422056613199982,6.159095388491933,5.726847747587197,2.8903717578961645,2.70805020110221,0.0,0.0,13,169,0.4999999999999999,0.8660254037844387,1.0,6.123233995736766e-17,1429.5,7.265779312490165,-0.0072916666666666,2016-02-01,train
Maize,2016-02-01,1429.5,1437.5684210526315,900.0,2050.0,380,272,15,13,0,0,0,2016,2,1,Winter,1440.0,1424.5,1325.0,1300.0,1300.0,-0.0072916666666666,0.0788679245283019,0.0996153846153846,-10.5,1396.5,1373.5833333333333,1333.2083333333333,1424.5,1376.0,1305.0,62.403926158535846,55.44043349998835,57.311532368487946,1300.0,1440.0,115.0,140.0,140.0,1300.0,0.0996153846153846,1326.8076923076924,1300.0,59.527143130094586,,,66.41666666666674,64.0,0.0403619002608663,5.942799375126701,5.60947179518496,2.772588722239781,2.6390573296152584,0.0,0.0,14,196,0.8660254037844386,0.5000000000000001,1.0,6.123233995736766e-17,1400.0,7.244941546337007,-0.0206365862189576,2016-03-01,train
Maize,2016-03-01,1400.0,1441.4729344729344,950.0,4009.0,351,243,18,14,0,0,0,2016,3,1,Spring,1429.5,1440.0,1424.5,1393.0,1300.0,-0.0206365862189576,-0.0171990171990171,0.0769230769230768,-29.5,1431.3333333333333,1395.1666666666667,1344.0,1429.5,1408.75,1317.5,7.910962857536832,45.35489683227846,62.45179959558629,1325.0,1440.0,5.0,36.5,129.5,1300.0,0.0769230769230768,1334.142857142857,1305.0,63.436348647051936,,,34.33333333333326,20.75,0.0325085869064234,5.863631175598097,5.497168225293202,2.9444389791664403,2.70805020110221,0.0,0.0,15,225,1.0,6.123233995736766e-17,1.0,6.123233995736766e-17,1400.0,7.244941546337007,0.0,2016-04-01,train
Maize,2016-04-01,1400.0,1418.7610619469026,800.0,1850.0,226,180,15,13,0,0,0,2016,4,2,Spring,1400.0,1429.5,1440.0,1359.0,1300.0,0.0,-0.0277777777777777,0.0769230769230768,0.0,1423.1666666666667,1396.3333333333333,1352.3333333333333,1429.5,1412.25,1342.0,20.738450601077435,45.378041679502026,62.71810429262515,1325.0,1440.0,-40.0,41.0,100.0,1300.0,0.0769230769230768,1338.5333333333333,1310.0,63.44977391231436,,,3.6666666666667433,-12.25,0.0324980007253535,5.424950017481403,5.198497031265826,2.772588722239781,2.6390573296152584,0.0,0.0,16,256,0.8660254037844387,-0.4999999999999998,1.2246467991473532e-16,-1.0,1375.0,7.226936018493289,-0.0178571428571429,2016-05-01,train
Maize,2016-05-01,1375.0,1391.2924528301887,1100.0,1720.0,106,74,12,9,0,0,0,2016,5,2,Summer,1400.0,1400.0,1429.5,1325.0,1310.0,-0.0178571428571429,-0.0381252186079048,0.049618320610687,-25.0,1409.8333333333333,1403.1666666666667,1360.6666666666667,1400.0,1412.25,1376.0,17.031832941093846,41.55799161011779,61.76875252001442,1325.0,1440.0,-29.5,75.0,90.0,1310.0,0.049618320610687,1342.375,1317.5,63.195068372988295,,,-3.1666666666667425,-12.25,0.0296172882362165,4.672828834461906,4.31748811353631,2.5649493574615367,2.302585092994046,0.0,0.0,17,289,0.4999999999999999,-0.8660254037844387,1.2246467991473532e-16,-1.0,1461.0,7.2875606403097235,0.0625454545454544,2016-06-01,train
Maize,2016-06-01,1461.0,1489.496143958869,800.0,3800.0,389,253,16,12,0,0,0,2016,6,2,Summer,1375.0,1400.0,1400.0,1424.5,1272.0,0.0625454545454544,0.0435714285714285,0.1485849056603774,86.0,1391.6666666666667,1411.5,1366.0833333333333,1400.0,1412.25,1384.0,14.433756729740676,24.09149227424388,59.73838165220285,1375.0,1440.0,-25.0,-49.5,103.0,1272.0,0.1485849056603774,1344.2941176470588,1325.0,61.6978673718573,,,-36.5,-37.25,0.0170680072789542,5.966146739123692,5.537334267018537,2.833213344056216,2.5649493574615367,0.0,0.0,18,324,1.2246467991473532e-16,-1.0,1.2246467991473532e-16,-1.0,1600.0,7.378383712996714,0.0951403148528404,2016-07-01,train
Maize,2016-07-01,1600.0,1583.2944785276077,1000.0,2588.0,326,226,18,14,0,0,0,2016,7,3,Monsoon,1461.0,1375.0,1400.0,1440.0,1275.0,0.0951403148528404,0.1428571428571428,0.2549019607843137,139.0,1412.0,1417.5833333333333,1381.8333333333333,1400.0,1414.75,1396.5,44.23799272118934,31.4998677245892,57.553269132854666,1375.0,1461.0,61.0,21.0,186.0,1275.0,0.2549019607843137,1350.7777777777778,1342.0,65.87403804905911,,,43.41666666666674,46.25,0.0222208225674604,5.7899601708972535,5.424950017481403,2.9444389791664403,2.70805020110221,0.0,0.0,19,361,-0.4999999999999997,-0.8660254037844388,-1.0,-1.8369701987210294e-16,1611.0,7.385230923066573,0.0068749999999999,2016-08-01,train
Maize,2016-08-01,1611.0,1616.0790378006873,1000.0,3600.0,291,198,17,14,0,0,0,2016,8,3,Monsoon,1600.0,1461.0,1375.0,1429.5,1300.0,0.0068749999999999,0.1716363636363636,0.2392307692307691,11.0,1478.6666666666667,1444.25,1408.9166666666667,1461.0,1414.75,1400.0,113.53560381366424,81.8142713711975,76.16812544190228,1375.0,1600.0,225.0,170.5,300.0,1300.0,0.2392307692307691,1363.8947368421052,1359.0,85.83326520181251,,,155.75,185.25,0.0566482751401748,5.676753802268282,5.293304824724492,2.8903717578961645,2.70805020110221,0.0,0.0,20,400,-0.8660254037844385,-0.5000000000000004,-1.0,-1.8369701987210294e-16,1595.0,7.375255778009754,-0.0099317194289261,2016-09-01,train
Maize,2016-09-01,1595.0,1581.3333333333333,750.0,3100.0,279,189,18,15,0,0,0,2016,9,3,Monsoon,1611.0,1600.0,1461.0,1400.0,1393.0,-0.0099317194289261,0.0917180013689253,0.1450107681263459,-16.0,1557.3333333333333,1474.5,1434.8333333333333,1600.0,1430.5,1412.25,83.60821331264845,105.4186890451591,87.76630470986159,1375.0,1611.0,150.0,211.0,218.0,1393.0,0.1450107681263459,1376.25,1367.0,100.16309069134252,,,136.5,180.5,0.0714945330926816,5.634789603169249,5.247024072160486,2.9444389791664403,2.772588722239781,0.0,0.0,21,441,-1.0,-1.8369701987210294e-16,-1.0,-1.8369701987210294e-16,1450.0,7.280008252884188,-0.0909090909090909,2016-10-01,train
Maize,2016-10-01,1450.0,1482.9642857142858,800.0,3350.0,252,190,13,12,0,0,0,2016,10,4,Autumn,1595.0,1611.0,1600.0,1400.0,1359.0,-0.0909090909090909,-0.09375,0.0669610007358352,-145.0,1602.0,1507.0,1451.6666666666667,1600.0,1528.0,1427.0,8.185352771872283,107.88697789816872,97.81019033481824,1375.0,1611.0,-5.0,195.0,236.0,1359.0,0.0669610007358352,1386.6666666666667,1375.0,108.6722519014552,,,88.0,67.0,0.0715905626397934,5.53338948872752,5.25227342804663,2.6390573296152584,2.5649493574615367,0.0,0.0,22,484,-0.8660254037844386,0.5000000000000001,-2.4492935982947064e-16,1.0,1364.0,7.21890970761906,-0.0593103448275862,2016-11-01,train
Maize,2016-11-01,1364.0,1347.6528735632185,800.0,3512.0,435,353,16,13,0,0,0,2016,11,4,Autumn,1450.0,1595.0,1611.0,1375.0,1325.0,-0.0593103448275862,-0.1533209186840471,0.0294339622641508,-86.0,1552.0,1515.3333333333333,1459.25,1595.0,1528.0,1434.75,88.69611039949834,99.58045323589673,93.4007737947314,1375.0,1611.0,-161.0,75.0,125.0,1325.0,0.0294339622641508,1389.5454545454545,1384.0,106.9093863190547,,,-65.33333333333326,-78.0,0.0657152133100946,6.077642243349034,5.869296913133774,2.833213344056216,2.6390573296152584,0.0,0.0,23,529,-0.5000000000000004,0.8660254037844384,-2.4492935982947064e-16,1.0,1365.0,7.219642040130735,0.000733137829912,2016-12-01,train
Maize,2016-12-01,1365.0,1371.038990825688,1000.0,4714.0,654,392,16,14,0,0,0,2016,12,4,Winter,1364.0,1450.0,1595.0,1461.0,1424.5,0.000733137829912,-0.1442006269592476,-0.0417690417690417,1.0,1469.6666666666667,1513.5,1462.5,1450.0,1528.0,1434.75,116.74901855404754,102.7321760696226,88.87350561331559,1364.0,1611.0,-231.0,-97.0,-60.5,1424.5,-0.0417690417690417,1388.4347826086955,1375.0,104.58709988545716,,,-149.5,-164.0,0.0678772223783433,6.484635235635252,5.973809611869261,2.833213344056216,2.70805020110221,0.0,0.0,24,576,-2.4492935982947064e-16,1.0,-2.4492935982947064e-16,1.0,1365.5,7.220008005368123,0.0003663003663003,2017-01-01,train
Maize,2017-01-01,1365.5,1367.73417721519,1100.0,2100.0,158,103,15,9,0,0,0,2017,1,1,Winter,1365.0,1364.0,1450.0,1600.0,1440.0,0.0003663003663003,-0.0582758620689655,-0.051736111111111,0.5,1393.0,1497.5,1457.5416666666667,1365.0,1522.5,1434.75,49.365980188790026,118.76826175371912,92.76104647115773,1364.0,1611.0,-85.0,-235.0,-75.0,1440.0,-0.051736111111111,1387.4583333333333,1370.0,102.39999540024898,,,-132.5,-157.5,0.0793110262128341,5.068904202220232,4.6443908991413725,2.772588722239781,2.302585092994046,0.0,0.0,25,625,0.4999999999999999,0.8660254037844387,1.0,6.123233995736766e-17,1395.0,7.241366283322318,0.0216038081288905,2017-02-01,train
Maize,2017-02-01,1395.0,1422.1933701657458,1000.0,3946.0,543,333,17,13,0,0,0,2017,2,1,Winter,1365.5,1365.0,1364.0,1611.0,1429.5,0.0216038081288905,0.0227272727272727,-0.0241343126967471,29.5,1364.8333333333333,1458.4166666666667,1451.3333333333333,1365.0,1407.75,1414.75,0.7637626158319522,116.86077899221198,96.46109280037452,1364.0,1611.0,1.5,-245.5,-64.0,1429.5,-0.0241343126967471,1386.58,1365.5,100.3401174339888,,,-92.91666666666674,-42.25,0.0801285268216984,6.298949246855942,5.811140992976701,2.8903717578961645,2.6390573296152584,0.0,0.0,26,676,0.8660254037844386,0.5000000000000001,1.0,6.123233995736766e-17,1385.0,7.234177179749849,-0.0071684587813619,2017-03-01,train
Maize,2017-03-01,1385.0,1409.1429924242425,550.0,3800.0,528,329,18,13,0,0,0,2017,3,1,Spring,1395.0,1365.5,1365.0,1595.0,1400.0,-0.0071684587813619,0.0146520146520146,-0.0107142857142856,-10.0,1375.1666666666667,1422.4166666666667,1448.4583333333333,1365.5,1380.25,1400.0,17.177989793143475,90.82533603938175,97.67745118345898,1364.0,1595.0,30.0,-200.0,-5.0,1400.0,-0.0107142857142856,1386.9038461538462,1370.25,98.32670229706366,,,-27.416666666666742,14.75,0.0638528345229703,6.270988431858299,5.799092654460526,2.9444389791664403,2.6390573296152584,0.0,0.0,27,729,1.0,6.123233995736766e-17,1.0,6.123233995736766e-17,1380.0,7.2305631534092925,-0.0036101083032491,2017-04-01,train
Maize,2017-04-01,1380.0,1394.3211920529802,1103.0,2300.0,302,221,14,12,0,0,0,2017,4,2,Spring,1385.0,1395.0,1365.5,1450.0,1400.0,-0.0036101083032491,0.0106188209447088,-0.0142857142857142,-5.0,1381.8333333333333,1387.4166666666667,1447.2083333333333,1385.0,1375.25,1397.5,15.002777520624008,33.20002510039148,98.44690731864614,1364.0,1450.0,19.5,-65.0,-15.0,1400.0,-0.0142857142857142,1386.8333333333333,1375.0,96.4179603441344,,,-2.4166666666667425,9.75,0.0239293832184934,5.713732805509369,5.402677381872279,2.70805020110221,2.5649493574615367,0.0,0.0,28,784,0.8660254037844387,-0.4999999999999998,1.2246467991473532e-16,-1.0,1380.0,7.2305631534092925,0.0,2017-05-01,train
Maize,2017-05-01,1380.0,1416.023622047244,573.0,2524.0,381,281,16,13,0,0,0,2017,5,2,Summer,1380.0,1385.0,1395.0,1364.0,1375.0,0.0,-0.010752688172043,0.0036363636363636,0.0,1386.6666666666667,1375.75,1445.5416666666667,1385.0,1372.75,1390.0,7.637626158260324,12.9063937643309,99.4826294415568,1364.0,1395.0,-15.0,16.0,5.0,1375.0,0.0036363636363636,1386.5892857142858,1377.5,94.62440895372224,,,4.25,7.25,0.0093813510916452,5.945420608606575,5.641907070938114,2.833213344056216,2.6390573296152584,0.0,0.0,29,841,0.4999999999999999,-0.8660254037844387,1.2246467991473532e-16,-1.0,1369.5,7.22293091574284,-0.0076086956521739,2017-06-01,train
Maize,2017-06-01,1369.5,1387.8397435897436,125.5,2900.0,390,258,16,16,0,0,0,2017,6,2,Summer,1380.0,1380.0,1385.0,1365.0,1461.0,-0.0076086956521739,-0.0111913357400722,-0.0626283367556468,-10.5,1381.6666666666667,1378.4166666666667,1445.9583333333333,1380.0,1380.0,1390.0,2.886751345949789,11.5776364887928,99.17029850746972,1365.0,1395.0,-5.0,15.0,-81.0,1461.0,-0.0626283367556468,1386.3620689655172,1380.0,92.92738107097044,,,1.5833333333332575,0.0,0.0083992284544775,5.968707559985366,5.556828061699537,2.833213344056216,2.833213344056216,0.0,0.0,30,900,1.2246467991473532e-16,-1.0,1.2246467991473532e-16,-1.0,1350.0,7.208600337960199,-0.0142387732749178,2017-07-01,train
Maize,2017-07-01,1350.0,1324.491909385113,350.0,2300.0,309,224,16,12,0,0,0,2017,7,3,Monsoon,1369.5,1380.0,1380.0,1365.5,1600.0,-0.0142387732749178,-0.0217391304347825,-0.15625,-19.5,1376.5,1379.1666666666667,1438.3333333333333,1380.0,1380.0,1382.5,6.062177826491877,10.64268136639572,101.40116848289776,1365.5,1395.0,-10.5,4.0,-230.5,1600.0,-0.15625,1385.8,1377.5,91.36301220953696,,,-9.666666666666742,-10.5,0.0077167478185346,5.736572297479192,5.41610040220442,2.833213344056216,2.5649493574615367,0.0,0.0,31,961,-0.4999999999999997,-0.8660254037844388,-1.0,-1.8369701987210294e-16,1391.0,7.238496840894365,0.0303703703703703,2017-08-01,train
Maize,2017-08-01,1391.0,1375.0299727520437,126.0,4300.0,367,248,16,14,0,0,0,2017,8,3,Monsoon,1350.0,1369.5,1380.0,1395.0,1611.0,0.0303703703703703,0.0079710144927536,-0.1365611421477343,41.0,1366.5,1376.5833333333333,1417.5,1369.5,1380.0,1380.0,15.223337347638653,15.428598985864737,90.23328351858588,1350.0,1395.0,-30.0,-45.0,-261.0,1611.0,-0.1365611421477343,1384.645161290323,1375.0,90.05722195252555,,,-26.583333333333258,-30.0,0.0112078932036065,5.908082938168931,5.517452896464707,2.833213344056216,2.70805020110221,0.0,0.0,32,1024,-0.8660254037844385,-0.5000000000000004,-1.0,-1.8369701987210294e-16,1350.0,7.208600337960199,-0.0294751976994968,2017-09-01,train
Maize,2017-09-01,1350.0,1361.599078341014,880.0,4600.0,434,279,19,13,0,0,0,2017,9,3,Monsoon,1391.0,1350.0,1369.5,1385.0,1595.0,-0.0294751976994968,-0.0142387732749178,-0.1536050156739812,-41.0,1370.1666666666667,1375.9166666666667,1399.1666666666667,1369.5,1380.0,1380.0,20.50812846978831,14.53415517553829,66.59863953474455,1350.0,1391.0,21.5,6.0,-204.0,1595.0,-0.1536050156739812,1384.84375,1377.5,88.59990146903425,,,15.083333333333258,11.0,0.0105632525047822,6.075346031088684,5.634789603169249,2.995732273553991,2.6390573296152584,0.0,0.0,33,1089,-1.0,-1.8369701987210294e-16,-1.0,-1.8369701987210294e-16,1206.0,7.095893221097532,-0.1066666666666666,2017-10-01,train
Maize,2017-10-01,1206.0,1249.0719178082193,867.0,1625.0,146,96,15,11,0,0,0,2017,10,4,Autumn,1350.0,1391.0,1350.0,1380.0,1450.0,-0.1066666666666666,-0.1066666666666666,-0.1682758620689655,-144.0,1363.6666666666667,1370.0833333333333,1378.75,1350.0,1374.75,1374.75,23.67136103677485,16.97768142788129,26.720353154988945,1350.0,1391.0,0.0,-30.0,-100.0,1450.0,-0.1682758620689655,1383.7878787878788,1375.0,87.41522949969784,,,-20.083333333333258,-24.75,0.0123917144416139,4.990432586778736,4.574710978503383,2.772588722239781,2.4849066497880004,0.0,0.0,34,1156,-0.8660254037844386,0.5000000000000001,-2.4492935982947064e-16,1.0,1149.0,7.047517221357296,-0.0472636815920397,2017-11-01,train
Maize,2017-11-01,1149.0,1188.8148148148148,30.0,3001.0,675,420,16,14,0,0,0,2017,11,4,Autumn,1206.0,1350.0,1391.0,1380.0,1364.0,-0.0472636815920397,-0.1739755571531273,-0.157624633431085,-57.0,1315.6666666666667,1341.0833333333333,1358.4166666666667,1350.0,1359.75,1367.5,97.16137778630636,68.14720586103746,50.14380834312019,1206.0,1391.0,-185.0,-174.0,-158.0,1364.0,-0.157624633431085,1378.5588235294117,1372.25,91.32100929122448,,,-135.08333333333326,-153.75,0.0508150419643602,6.516193076042964,6.042632833682381,2.833213344056216,2.70805020110221,0.0,0.0,35,1225,-0.5000000000000004,0.8660254037844384,-2.4492935982947064e-16,1.0,1160.0,7.057036981697891,0.009573542210618,2017-12-01,train
Maize,2017-12-01,1160.0,1199.2605304212168,870.0,2852.0,641,410,18,16,0,0,0,2017,12,4,Winter,1149.0,1206.0,1350.0,1369.5,1365.0,0.009573542210618,-0.1407407407407407,-0.1501831501831502,11.0,1235.0,1302.5833333333333,1340.5,1206.0,1350.0,1367.5,103.59054010864128,99.70778137470823,78.41063239591509,1149.0,1391.0,-201.0,-220.5,-216.0,1365.0,-0.1501831501831502,1372.0,1369.5,97.97898934435464,,,-153.58333333333326,-201.0,0.076546182361749,6.464588303689961,6.018593214496234,2.9444389791664403,2.833213344056216,0.0,0.0,36,1296,-2.4492935982947064e-16,1.0,-2.4492935982947064e-16,1.0,1160.5,7.057467552210464,0.0004310344827587,2018-01-01,train
Maize,2018-01-01,1160.5,1210.79180887372,850.0,2425.0,586,367,16,13,0,0,0,2018,1,1,Winter,1160.0,1149.0,1206.0,1350.0,1365.5,0.0004310344827587,-0.0377280265339966,-0.1501281581838154,0.5,1171.6666666666667,1267.6666666666667,1323.4166666666667,1160.0,1278.0,1367.5,30.23794525647125,107.930842054839,93.47260982704424,1149.0,1391.0,-46.0,-190.0,-205.5,1365.5,-0.1501281581838154,1366.111111111111,1367.5,102.8301728309567,,,-107.66666666666674,-118.0,0.0851413426675038,6.375024819828097,5.908082938168931,2.833213344056216,2.6390573296152584,0.0,0.0,37,1369,0.4999999999999999,0.8660254037844387,1.0,6.123233995736766e-17,1160.0,7.057036981697891,-0.0004308487720809,2018-02-01,train
Maize,2018-02-01,1160.0,1231.4461805555557,120.0,12092.0,576,365,16,15,1,0,0,2018,2,1,Winter,1160.5,1160.0,1149.0,1391.0,1395.0,-0.0004308487720809,0.009573542210618,-0.1684587813620072,-0.5,1156.5,1236.0833333333333,1306.3333333333333,1160.0,1183.25,1359.75,6.500000000001592,106.7391290327338,103.29884566224143,1149.0,1391.0,11.5,-230.5,-234.5,1395.0,-0.1684587813620072,1360.554054054054,1365.5,106.87803171682962,,,-75.58333333333326,-22.75,0.0863526965814606,6.3578422665081,5.902633333401366,2.833213344056216,2.772588722239781,0.0017361111111111,0.0,38,1444,0.8660254037844386,0.5000000000000001,1.0,6.123233995736766e-17,1160.0,7.057036981697891,0.0,2018-03-01,train
Maize,2018-03-01,1160.0,1214.390519187359,850.0,2894.0,443,300,16,15,0,0,0,2018,3,1,Spring,1160.0,1160.5,1160.0,1350.0,1385.0,0.0,0.0,-0.1624548736462093,0.0,1160.1666666666667,1197.5833333333333,1286.75,1160.0,1160.25,1350.0,0.2886751346306672,77.28157391426875,107.16459303333389,1149.0,1350.0,0.0,-190.0,-225.0,1385.0,-0.1624548736462093,1355.2763157894738,1365.25,110.3297696569072,,,-37.58333333333326,-0.25,0.0645312704036758,6.095824562432225,5.707110264748875,2.833213344056216,2.772588722239781,0.0,0.0,39,1521,1.0,6.123233995736766e-17,1.0,6.123233995736766e-17,1195.0,7.086737934510577,0.0301724137931034,2018-04-01,train
Maize,2018-04-01,1195.0,1232.867256637168,750.0,2932.0,113,77,8,10,0,0,0,2018,4,2,Spring,1160.0,1160.0,1160.5,1206.0,1380.0,0.0301724137931034,0.029728565273589,-0.1340579710144928,35.0,1160.1666666666667,1165.9166666666667,1268.0,1160.0,1160.0,1278.0,0.2886751346306672,20.13558210399141,108.09108112227342,1149.0,1206.0,-0.5,-46.0,-220.0,1380.0,-0.1340579710144928,1350.2692307692307,1365.0,113.26998755615551,,,-5.916666666666743,0.0,0.0172701726286825,4.736198448394496,4.356708826689592,2.19722457733622,2.3978952727983707,0.0,0.0,40,1600,0.8660254037844387,-0.4999999999999998,1.2246467991473532e-16,-1.0,1200.0,7.090909822079984,0.0041841004184099,2018-05-01,train
Maize,2018-05-01,1200.0,1242.377094972067,750.0,2300.0,358,261,13,14,0,0,0,2018,5,2,Summer,1195.0,1160.0,1160.0,1149.0,1380.0,0.0041841004184099,0.0344827586206897,-0.1304347826086956,5.0,1171.6666666666667,1164.0833333333333,1252.5833333333333,1160.0,1160.0,1200.5,20.20725942163738,15.787389482323478,103.77134683641005,1149.0,1195.0,35.0,46.0,-185.0,1380.0,-0.1304347826086956,1346.3875,1364.5,114.47194749291408,,,30.916666666666742,35.0,0.0135620784442609,5.883322388488279,5.568344503761097,2.6390573296152584,2.70805020110221,0.0,0.0,41,1681,0.4999999999999999,-0.8660254037844387,1.2246467991473532e-16,-1.0,1270.0,7.147559271189454,0.0583333333333333,2018-06-01,train
Maize,2018-06-01,1270.0,1278.8050847457628,800.0,2500.0,413,278,17,14,0,0,0,2018,6,2,Summer,1200.0,1195.0,1160.0,1160.0,1369.5,0.0583333333333333,0.0948275862068965,-0.0726542533771449,70.0,1185.0,1172.5833333333333,1237.5833333333333,1195.0,1160.25,1197.5,21.794494717703795,19.365992529859643,96.4286908769507,1160.0,1200.0,40.0,40.0,-169.5,1369.5,-0.0726542533771449,1342.8170731707316,1364.0,115.32084352457484,,,27.416666666666742,39.75,0.0165156641573673,6.025865973825314,5.631211781821365,2.8903717578961645,2.70805020110221,0.0,0.0,42,1764,1.2246467991473532e-16,-1.0,1.2246467991473532e-16,-1.0,1177.5,7.071997722376186,-0.0728346456692913,2018-07-01,train
Maize,2018-07-01,1177.5,1222.642857142857,950.0,1700.0,112,78,12,10,0,0,0,2018,7,3,Monsoon,1270.0,1200.0,1195.0,1160.5,1350.0,-0.0728346456692913,-0.0146443514644351,-0.1277777777777777,-92.5,1221.6666666666667,1190.9166666666667,1229.2916666666667,1200.0,1177.75,1197.5,41.9324854180306,42.87238816145637,87.9603367054346,1160.0,1270.0,75.0,109.5,-80.0,1350.0,-0.1277777777777777,1341.0833333333333,1361.5,114.45863650919785,,,79.08333333333326,92.25,0.0359994862457124,4.727387818712341,4.3694478524670215,2.5649493574615367,2.3978952727983707,0.0,0.0,43,1849,-0.4999999999999997,-0.8660254037844388,-1.0,-1.8369701987210294e-16,1300.0,7.170888478512505,0.1040339702760084,2018-08-01,train
Maize,2018-08-01,1300.0,1347.0842391304348,700.0,6300.0,368,243,17,15,0,0,0,2018,8,3,Monsoon,1177.5,1270.0,1200.0,1160.0,1391.0,0.1040339702760084,0.0833333333333332,-0.0654205607476635,122.5,1215.8333333333333,1193.75,1214.9166666666667,1200.0,1186.25,1186.25,48.23985212802114,40.98017813528778,80.1926184920168,1160.0,1270.0,-22.5,17.5,-213.5,1391.0,-0.0654205607476635,1337.2790697674418,1359.0,115.80660717670942,,,-16.25,-8.75,0.034328945034796,5.910796644040527,5.497168225293202,2.8903717578961645,2.772588722239781,0.0,0.0,44,1936,-0.8660254037844385,-0.5000000000000004,-1.0,-1.8369701987210294e-16,1313.5,7.181211644169936,0.0103846153846154,2018-09-01,train
Maize,2018-09-01,1313.5,1324.2245762711864,600.0,3950.0,236,159,13,13,0,0,0,2018,9,3,Monsoon,1300.0,1177.5,1270.0,1160.0,1350.0,0.0103846153846154,0.034251968503937,-0.027037037037037,13.5,1249.1666666666667,1217.0833333333333,1207.3333333333333,1270.0,1197.5,1186.25,63.852042514968495,55.28147670482942,64.86571209861727,1160.0,1300.0,30.0,140.0,-50.0,1350.0,-0.027037037037037,1336.4318181818182,1354.5,114.58999666703971,,,82.91666666666674,102.5,0.04542127493721,5.468060141135132,5.075173815233827,2.6390573296152584,2.6390573296152584,0.0,0.0,45,2025,-1.0,-1.8369701987210294e-16,-1.0,-1.8369701987210294e-16,1357.0,7.213768308118642,0.0331176246669204,2018-10-01,train
Maize,2018-10-01,1357.0,1373.3777239709443,850.0,3308.0,413,286,17,14,0,0,0,2018,10,4,Autumn,1313.5,1300.0,1177.5,1195.0,1206.0,0.0331176246669204,0.1524416135881103,0.1252072968490878,43.5,1263.6666666666667,1242.6666666666667,1204.2916666666667,1300.0,1235.0,1186.25,74.92718687721661,58.975983812621735,58.06714699902311,1177.5,1313.5,136.0,118.5,107.5,1206.0,0.1252072968490878,1335.9222222222222,1350.0,113.33192178265332,,,70.83333333333326,78.5,0.0474592144414874,6.025865973825314,5.659482215759621,2.8903717578961645,2.70805020110221,0.0,0.0,46,2116,-0.8660254037844386,0.5000000000000001,-2.4492935982947064e-16,1.0,1357.5,7.214136428866403,0.0003684598378776,2018-11-01,train
Maize,2018-11-01,1357.5,1377.7116788321168,1010.0,2950.0,274,232,11,14,0,0,0,2018,11,4,Autumn,1357.0,1313.5,1300.0,1200.0,1149.0,0.0003684598378776,0.0442307692307692,0.181462140992167,0.5,1323.5,1269.6666666666667,1216.875,1313.5,1285.0,1186.25,29.786742017213022,69.01714762772107,72.9299554990335,1177.5,1357.0,57.0,157.0,208.0,1149.0,0.181462140992167,1336.3804347826087,1353.5,112.10868658893304,1345.0,1345.0,87.33333333333326,72.0,0.0543584780475618,5.616771097666572,5.4510384535657,2.4849066497880004,2.70805020110221,0.0,0.0,47,2209,-0.5000000000000004,0.8660254037844384,-2.4492935982947064e-16,1.0,1496.0,7.311218384419629,0.102025782688766,2018-12-01,train
Maize,2018-12-01,1496.0,1498.1991434689508,1000.0,3250.0,467,325,14,15,0,0,0,2018,12,4,Winter,1357.5,1357.0,1313.5,1270.0,1160.0,0.102025782688766,0.1389417586600685,0.289655172413793,138.5,1342.6666666666667,1295.9166666666667,1234.25,1357.0,1306.75,1197.5,25.260311425897665,67.14716424888448,79.80217016871447,1177.5,1357.5,44.0,87.5,197.5,1160.0,0.289655172413793,1336.8297872340424,1357.0,110.92620326907812,1364.75,1364.75,61.58333333333326,50.75,0.0518144152135948,6.148468295917647,5.786897381366708,2.70805020110221,2.772588722239781,0.0,0.0,48,2304,-2.4492935982947064e-16,1.0,-2.4492935982947064e-16,1.0,1625.0,7.3938782901077555,0.0862299465240641,2019-01-01,train
Maize,2019-01-01,1625.0,1623.051948051948,160.0,3500.0,539,336,16,13,0,0,0,2019,1,1,Winter,1496.0,1357.5,1357.0,1177.5,1160.5,0.0862299465240641,0.1974944731024317,0.4002585092632487,129.0,1403.5,1333.5833333333333,1262.25,1357.5,1335.25,1235.0,80.10773995064397,103.33702950378782,106.02068837560178,1177.5,1496.0,139.0,318.5,335.5,1160.5,0.4002585092632487,1340.1458333333333,1357.25,112.11885592802795,1350.0,1350.0,162.41666666666674,160.75,0.0774882430822629,6.29156913955832,5.820082930352362,2.833213344056216,2.6390573296152584,0.0,0.0,49,2401,0.4999999999999999,0.8660254037844387,1.0,6.123233995736766e-17,1850.0,7.523481312573497,0.1384615384615384,2019-02-01,train
Maize,2019-02-01,1850.0,1824.8715176715173,195.0,3500.0,481,311,16,14,0,0,0,2019,2,1,Winter,1625.0,1496.0,1357.5,1300.0,1160.0,0.1384615384615384,0.3627992633517496,0.5948275862068966,225.0,1492.8333333333333,1408.1666666666667,1300.9583333333333,1496.0,1357.25,1285.0,133.77811231039755,126.94749570852834,143.6215763629191,1300.0,1625.0,267.5,325.0,465.0,1160.0,0.5948275862068966,1345.9591836734694,1357.5,118.17235985057177,1350.0,1350.0,216.8333333333333,267.75,0.090150902385036,6.1779441140506,5.7430031878094825,2.833213344056216,2.70805020110221,0.0,0.0,50,2500,0.8660254037844386,0.5000000000000001,1.0,6.123233995736766e-17,1850.0,7.523481312573497,0.0,2019-03-01,train
Maize,2019-03-01,1850.0,1829.401408450704,191.0,2700.0,426,274,15,14,0,0,0,2019,3,1,Spring,1850.0,1625.0,1496.0,1313.5,1160.0,0.0,0.2366310160427807,0.5948275862068966,0.0,1657.0,1499.8333333333333,1358.4583333333333,1625.0,1426.75,1306.75,179.15635629248553,206.7260667324441,206.44198594425063,1313.5,1850.0,354.0,536.5,690.0,1160.0,0.5948275862068966,1356.04,1358.25,136.9702723593848,1342.5,1342.5,350.16666666666674,423.25,0.1378326925652478,6.056784013228625,5.616771097666572,2.772588722239781,2.70805020110221,0.0,0.0,51,2601,1.0,6.123233995736766e-17,1.0,6.123233995736766e-17,1950.0,7.576097340623111,0.0540540540540539,2019-04-01,train
Maize,2019-04-01,1950.0,1923.8598382749328,205.0,6750.0,371,257,14,12,0,0,0,2019,4,2,Spring,1850.0,1850.0,1625.0,1357.0,1195.0,0.0540540540540539,0.1999999999999999,0.6317991631799162,100.0,1775.0,1589.25,1415.9583333333333,1850.0,1560.5,1335.25,129.90381056766586,225.21228874109065,239.5741921839792,1357.0,1850.0,225.0,493.0,655.0,1195.0,0.6317991631799162,1365.7254901960785,1359.0,152.2165665663724,1366.5,1366.5,260.75,289.5,0.1417097931358129,5.918893854273146,5.552959584921617,2.70805020110221,2.5649493574615367,0.0,0.0,52,2704,0.8660254037844387,-0.4999999999999998,1.2246467991473532e-16,-1.0,1900.0,7.550135342488429,-0.0256410256410256,2019-05-01,train
Maize,2019-05-01,1900.0,1894.9780564263324,170.0,3300.0,319,233,14,13,0,0,0,2019,5,2,Summer,1950.0,1850.0,1850.0,1357.5,1200.0,-0.0256410256410256,0.0270270270270269,0.5833333333333333,-50.0,1883.3333333333333,1688.0833333333333,1478.875,1850.0,1737.5,1357.25,57.73502691896261,232.89276860106065,273.0683501682985,1357.5,1950.0,100.0,592.5,750.0,1200.0,0.5833333333333333,1376.9615384615386,1361.5,171.11548233758955,1437.5,1437.5,261.91666666666674,212.5,0.1379628386835527,5.768320995793772,5.455321115357702,2.70805020110221,2.6390573296152584,0.0,0.0,53,2809,0.4999999999999999,-0.8660254037844387,1.2246467991473532e-16,-1.0,1900.0,7.550135342488429,0.0,2019-06-01,train
Maize,2019-06-01,1900.0,1908.79797979798,185.0,2700.0,297,204,15,15,0,0,0,2019,6,2,Summer,1900.0,1950.0,1850.0,1496.0,1270.0,0.0,0.0270270270270269,0.4960629921259842,0.0,1900.0,1778.5,1537.2083333333333,1900.0,1850.0,1426.75,50.00000000000006,177.6330487268645,282.6773343916841,1496.0,1950.0,50.0,404.0,630.0,1270.0,0.4960629921259842,1386.830188679245,1364.0,184.0627752288977,1455.5,1455.5,121.5,50.0,0.0998780144654846,5.697093486505405,5.3230099791384085,2.772588722239781,2.772588722239781,0.0,0.0,54,2916,1.2246467991473532e-16,-1.0,1.2246467991473532e-16,-1.0,1905.0,7.552762084214147,0.0026315789473683,2019-07-01,train
Maize,2019-07-01,1905.0,1935.060382513661,191.1,4455.0,366,226,18,12,0,0,0,2019,7,3,Monsoon,1900.0,1900.0,1950.0,1625.0,1177.5,0.0026315789473683,-0.0230769230769231,0.6178343949044587,5.0,1916.6666666666667,1845.8333333333333,1589.7083333333333,1900.0,1875.0,1560.5,28.8675134594814,114.4734321433028,287.0086677764071,1625.0,1950.0,-50.0,275.0,722.5,1177.5,0.6178343949044587,1396.3333333333333,1364.5,195.2347401811084,1494.0,1494.0,54.16666666666674,25.0,0.0620172092875681,5.905361848054571,5.424950017481403,2.9444389791664403,2.5649493574615367,0.0,0.0,55,3025,-0.4999999999999997,-0.8660254037844388,-1.0,-1.8369701987210294e-16,1980.0,7.591357046698551,0.0393700787401574,2019-08-01,train
Maize,2019-08-01,1980.0,2024.2676056338028,400.0,6000.0,284,185,16,14,0,0,0,2019,8,3,Monsoon,1905.0,1900.0,1900.0,1850.0,1300.0,0.0393700787401574,0.0421052631578946,0.523076923076923,75.0,1901.6666666666667,1892.5,1650.3333333333333,1900.0,1900.0,1737.5,2.886751345948096,37.91437722026725,268.24381153018714,1850.0,1950.0,5.0,55.0,605.0,1300.0,0.523076923076923,1405.581818181818,1365.0,205.21972785367564,1404.5,1404.5,12.5,5.0,0.0200340170252402,5.652489180268651,5.225746673713202,2.833213344056216,2.70805020110221,0.0,0.0,56,3136,-0.8660254037844385,-0.5000000000000004,-1.0,-1.8369701987210294e-16,1850.0,7.523481312573497,-0.0656565656565656,2019-09-01,train
Maize,2019-09-01,1850.0,1814.261682242991,250.0,3500.0,107,67,11,9,0,0,0,2019,9,3,Monsoon,1980.0,1905.0,1900.0,1850.0,1313.5,-0.0656565656565656,-0.0263157894736841,0.408450704225352,-130.0,1928.3333333333333,1914.1666666666667,1707.0,1905.0,1902.5,1850.0,44.81443219916254,45.21246140907844,259.17973756379286,1850.0,1980.0,80.0,130.0,666.5,1313.5,0.408450704225352,1415.8392857142858,1365.25,217.3510588706845,1344.5,1344.5,65.83333333333326,77.5,0.0236199188902455,4.68213122712422,4.219507705176107,2.4849066497880004,2.302585092994046,0.0,0.0,57,3249,-1.0,-1.8369701987210294e-16,-1.0,-1.8369701987210294e-16,1925.0,7.563200592358071,0.0405405405405405,2019-10-01,train
Maize,2019-10-01,1925.0,1923.976833976834,230.0,3450.0,259,191,15,11,0,0,0,2019,10,4,Autumn,1850.0,1980.0,1905.0,1950.0,1357.0,0.0405405405405405,0.010498687664042,0.4185703758290346,75.0,1911.6666666666667,1914.1666666666667,1751.7083333333333,1905.0,1902.5,1850.0,65.25590650150637,45.21246140907844,229.73032197194505,1850.0,1980.0,-55.0,-100.0,493.0,1357.0,0.4185703758290346,1423.4561403508771,1365.5,222.94578698606773,1394.75,1394.75,-64.16666666666674,-52.5,0.0236199188902455,5.560681631015528,5.2574953720277815,2.772588722239781,2.4849066497880004,0.0,0.0,58,3364,-0.8660254037844386,0.5000000000000001,-2.4492935982947064e-16,1.0,1750.0,7.467942332285852,-0.0909090909090909,2019-11-01,train
Maize,2019-11-01,1750.0,1729.049523809524,184.0,3750.0,525,348,15,15,0,0,0,2019,11,4,Autumn,1925.0,1850.0,1980.0,1900.0,1357.5,-0.0909090909090909,-0.1161616161616161,0.289134438305709,-175.0,1918.3333333333333,1910.0,1799.0416666666667,1925.0,1902.5,1875.0,65.25590650150637,42.30839160262106,197.22765553050823,1850.0,1980.0,-55.0,25.0,567.5,1357.5,0.289134438305709,1432.103448275862,1367.5,230.58580544368144,1351.8333333333333,1365.5,15.0,22.5,0.0221509903678644,6.26530121273771,5.855071922202427,2.772588722239781,2.772588722239781,0.0,0.0,59,3481,-0.5000000000000004,0.8660254037844384,-2.4492935982947064e-16,1.0,1785.0,7.487733761436444,0.02,2019-12-01,train
Maize,2019-12-01,1785.0,1780.0828402366865,1300.0,3348.0,169,114,12,8,0,0,0,2019,12,4,Winter,1750.0,1925.0,1850.0,1900.0,1496.0,0.02,-0.0351351351351351,0.1931818181818181,35.0,1841.6666666666667,1885.0,1831.75,1850.0,1902.5,1875.0,87.79711460710621,78.35815209664347,142.22077907254004,1750.0,1980.0,-100.0,-150.0,254.0,1496.0,0.1931818181818181,1437.4915254237287,1369.5,232.30571213911324,1374.8333333333333,1395.0,-135.0,-152.5,0.0415693114571052,5.135798437050262,4.74493212836325,2.5649493574615367,2.19722457733622,0.0,0.0,60,3600,-2.4492935982947064e-16,1.0,-2.4492935982947064e-16,1.0,1871.0,7.534762657037537,0.0481792717086835,2020-01-01,train
Maize,2020-01-01,1871.0,1885.4988764044945,850.0,5140.0,445,295,10,14,0,0,0,2020,1,1,Winter,1785.0,1750.0,1925.0,1905.0,1625.0,0.0481792717086835,-0.0280519480519481,0.1513846153846154,86.0,1820.0,1865.8333333333333,1855.8333333333333,1785.0,1877.5,1875.0,92.60129588726072,87.48809442814127,97.69696499736948,1750.0,1980.0,-140.0,-120.0,160.0,1625.0,0.1513846153846154,1443.2833333333333,1372.25,234.6571311702237,1361.6666666666667,1385.0,-80.83333333333326,-92.5,0.0468895548520632,6.100318952020064,5.69035945432406,2.3978952727983707,2.70805020110221,0.0,0.0,61,3721,0.4999999999999999,0.8660254037844387,1.0,6.123233995736766e-17,1790.0,7.490529402060711,-0.0432923570283271,2020-02-01,train
Maize,2020-02-01,1790.0,1784.7326007326008,1200.0,2600.0,273,187,10,11,0,0,0,2020,2,1,Winter,1871.0,1785.0,1750.0,1980.0,1850.0,-0.0432923570283271,0.0228571428571429,-0.0324324324324324,-81.0,1802.0,1860.1666666666667,1876.3333333333333,1785.0,1860.5,1885.5,62.26556030423247,85.52290141633034,65.29281365626545,1750.0,1980.0,121.0,-109.0,21.0,1850.0,-0.0324324324324324,1450.295081967213,1375.0,239.05078569642163,1360.0,1380.0,10.833333333333258,10.5,0.0459759348174878,5.613128106388071,5.236441962829949,2.3978952727983707,2.4849066497880004,0.0,0.0,62,3844,0.8660254037844386,0.5000000000000001,1.0,6.123233995736766e-17,1630.0,7.396948602621014,-0.0893854748603352,2020-03-01,train
Maize,2020-03-01,1630.0,1671.8219178082193,1300.0,2200.0,73,52,9,9,0,0,0,2020,3,1,Spring,1790.0,1871.0,1785.0,1850.0,1850.0,-0.0893854748603352,-0.0868347338935574,-0.1189189189189189,-160.0,1815.3333333333333,1828.5,1871.3333333333333,1790.0,1820.0,1885.5,48.27352621606737,64.988460514161,69.64498720241482,1750.0,1925.0,5.0,-60.0,-60.0,1850.0,-0.1189189189189189,1455.774193548387,1377.5,240.9766616381284,1355.0,1375.0,-38.5,-30.0,0.0355419527012091,4.30406509320417,3.970291913552122,2.302585092994046,2.302585092994046,0.0,0.0,63,3969,1.0,6.123233995736766e-17,1.0,6.123233995736766e-17,1536.0,7.337587743538596,-0.0576687116564417,2020-04-01,train
Maize,2020-04-01,1536.0,1589.017543859649,1000.0,2500.0,114,87,7,6,0,0,0,2020,4,2,Spring,1630.0,1790.0,1871.0,1925.0,1950.0,-0.0576687116564417,-0.1790486370924638,-0.2123076923076923,-94.0,1763.6666666666667,1791.8333333333333,1853.0,1790.0,1787.5,1885.5,122.63903674333612,101.97140121949528,98.67669891667016,1630.0,1925.0,-241.0,-295.0,-320.0,1950.0,-0.2123076923076923,1458.5396825396826,1380.0,240.0311690376377,1367.5,1369.5,-161.83333333333326,-157.5,0.0569089765898029,4.74493212836325,4.477336814478207,2.079441541679836,1.9459101490553128,0.0,0.0,64,4096,0.8660254037844387,-0.4999999999999998,1.2246467991473532e-16,-1.0,1367.5,7.221470528480734,-0.1097005208333333,2020-05-01,train
Maize,2020-05-01,1367.5,1460.9815789473685,840.0,3130.0,190,158,9,11,0,0,0,2020,5,2,Summer,1536.0,1630.0,1790.0,1750.0,1900.0,-0.1097005208333333,-0.2360335195530726,-0.2802631578947369,-168.5,1652.0,1727.0,1818.5,1630.0,1767.5,1860.5,128.42118205342928,122.05572497839064,129.30056598343486,1536.0,1871.0,-254.0,-214.0,-364.0,1900.0,-0.2802631578947369,1459.75,1380.0,238.3153173343889,1408.3333333333333,1350.0,-191.0,-231.5,0.0706749999874873,5.25227342804663,5.068904202220232,2.302585092994046,2.4849066497880004,0.0,0.0,65,4225,0.4999999999999999,-0.8660254037844387,1.2246467991473532e-16,-1.0,1250.0,7.131698510466912,-0.0859232175502742,2020-06-01,train
Maize,2020-06-01,1250.0,1354.8176795580112,850.0,4150.0,362,236,13,12,0,0,0,2020,6,2,Summer,1367.5,1536.0,1630.0,1785.0,1900.0,-0.0859232175502742,-0.2331288343558282,-0.3421052631578947,-117.5,1511.1666666666667,1663.25,1774.125,1536.0,1707.5,1820.0,133.00031328283916,189.11101237104216,180.1600456412429,1367.5,1871.0,-262.5,-417.5,-532.5,1900.0,-0.3421052631578947,1458.3307692307692,1380.0,236.7228448808048,1434.0,1391.0,-295.75,-340.0,0.1136996917907964,5.8944028342648505,5.468060141135132,2.6390573296152584,2.5649493574615367,0.0,0.0,66,4356,1.2246467991473532e-16,-1.0,1.2246467991473532e-16,-1.0,1300.0,7.170888478512505,0.04,2020-07-01,train
Maize,2020-07-01,1300.0,1337.2857142857142,500.0,2300.0,287,200,13,12,0,0,0,2020,7,3,Monsoon,1250.0,1367.5,1536.0,1871.0,1905.0,0.04,-0.1536458333333333,-0.3175853018372703,50.0,1384.5,1574.0833333333333,1719.9583333333333,1367.5,1583.0,1787.5,143.7558694453901,239.60935221035723,229.76039479238293,1250.0,1871.0,-286.0,-621.0,-655.0,1905.0,-0.3175853018372703,1455.1742424242425,1377.5,236.29047463506316,1446.0,1393.0,-324.08333333333326,-333.0,0.1522215165717765,5.662960480135946,5.303304908059076,2.6390573296152584,2.5649493574615367,0.0,0.0,67,4489,-0.4999999999999997,-0.8660254037844388,-1.0,-1.8369701987210294e-16,1249.0,7.1308988302963465,-0.0392307692307691,2020-08-01,train
Maize,2020-08-01,1249.0,1328.8028169014085,950.0,2010.0,71,55,7,9,0,0,0,2020,8,3,Monsoon,1300.0,1250.0,1367.5,1790.0,1980.0,-0.0392307692307691,-0.086654478976234,-0.3691919191919192,-51.0,1305.8333333333333,1478.9166666666667,1669.5416666666667,1300.0,1451.75,1767.5,58.966798567781936,209.61164487372093,250.87315323715217,1250.0,1790.0,-67.5,-490.0,-680.0,1980.0,-0.3691919191919192,1452.858208955224,1375.0,235.2586230984916,1338.3333333333333,1359.0,-178.91666666666674,-151.75,0.1417332359545078,4.276666119016055,4.02535169073515,2.079441541679836,2.302585092994046,0.0,0.0,68,4624,-0.8660254037844385,-0.5000000000000004,-1.0,-1.8369701987210294e-16,1200.0,7.090909822079984,-0.0392313851080864,2020-09-01,train
Maize,2020-09-01,1200.0,1254.795918367347,610.0,3785.0,245,180,11,11,0,0,0,2020,9,3,Monsoon,1249.0,1300.0,1250.0,1630.0,1850.0,-0.0392313851080864,-0.04,-0.3513513513513513,-49.0,1266.3333333333333,1388.75,1608.625,1250.0,1333.75,1690.0,29.16047553338877,159.36993129194764,257.30271568718445,1249.0,1630.0,-1.0,-381.0,-601.0,1850.0,-0.3513513513513513,1449.860294117647,1372.25,234.80140617170656,1279.3333333333333,1325.0,-139.75,-84.75,0.1147578263128335,5.5053315359323625,5.198497031265826,2.4849066497880004,2.4849066497880004,0.0,0.0,69,4761,-1.0,-1.8369701987210294e-16,-1.0,-1.8369701987210294e-16,1201.0,7.091742115095153,0.0008333333333332,2020-10-01,train
Maize,2020-10-01,1201.0,1250.4381625441697,800.0,2100.0,283,194,12,11,0,0,0,2020,10,4,Autumn,1200.0,1249.0,1300.0,1536.0,1925.0,0.0008333333333332,-0.0761538461538461,-0.376103896103896,1.0,1249.6666666666667,1317.0833333333333,1554.4583333333333,1249.0,1275.0,1583.0,50.00333322222998,121.32782725602031,269.97571088840004,1200.0,1536.0,-100.0,-336.0,-725.0,1925.0,-0.376103896103896,1446.2391304347825,1369.5,235.0015426841676,1316.5,1365.0,-117.08333333333326,-75.0,0.0921185654585412,5.648974238161206,5.272999558563747,2.5649493574615367,2.4849066497880004,0.0,0.0,70,4900,-0.8660254037844386,0.5000000000000001,-2.4492935982947064e-16,1.0,1360.0,7.215975002651466,0.1323896752706077,2020-11-01,train
Maize,2020-11-01,1360.0,1374.2337662337663,900.0,1900.0,77,51,9,7,0,0,0,2020,11,4,Autumn,1201.0,1200.0,1249.0,1367.5,1750.0,0.1323896752706077,0.0888710968775019,-0.2228571428571428,159.0,1216.6666666666667,1261.25,1494.125,1201.0,1249.5,1451.75,28.005951748393997,63.95134869570781,260.3679324096435,1200.0,1367.5,-48.0,-166.5,-549.0,1750.0,-0.2228571428571428,1442.7357142857145,1368.5,235.12661900957477,1304.0,1307.75,-60.25,-48.5,0.0507047363295998,4.356708826689592,3.951243718581428,2.302585092994046,2.079441541679836,0.0,0.0,71,5041,-0.5000000000000004,0.8660254037844384,-2.4492935982947064e-16,1.0,1351.0,7.20934025660291,-0.0066176470588235,2020-12-01,train
Maize,2020-12-01,1351.0,1437.2283737024222,971.0,3900.0,289,223,11,12,0,0,0,2020,12,4,Winter,1360.0,1201.0,1200.0,1250.0,1785.0,-0.0066176470588235,0.1258333333333332,-0.2431372549019608,-9.0,1253.6666666666667,1260.0,1461.625,1201.0,1249.5,1363.75,92.08872533233028,61.48495750994717,249.6449410480994,1200.0,1360.0,160.0,110.0,-425.0,1785.0,-0.2431372549019608,1441.5704225352113,1367.5,233.64751069834492,1321.125,1347.5,100.0,110.5,0.0487975853253549,5.66988092298052,5.41164605185504,2.4849066497880004,2.5649493574615367,0.0,0.0,72,5184,-2.4492935982947064e-16,1.0,-2.4492935982947064e-16,1.0,1301.5,7.172040773627522,-0.0366395262768319,2021-01-01,train
Maize,2021-01-01,1301.5,1422.8313609467457,970.0,4600.0,338,253,11,13,0,0,0,2021,1,1,Winter,1351.0,1360.0,1201.0,1300.0,1871.0,-0.0366395262768319,0.0836802664446294,-0.3043826830571886,-49.5,1304.0,1276.8333333333333,1425.4583333333333,1351.0,1274.5,1355.5,89.3140526457065,71.25002923976021,229.1325002078821,1200.0,1360.0,150.0,51.0,-520.0,1871.0,-0.3043826830571886,1440.3125,1366.5,232.24168502679385,1311.25,1342.5,74.16666666666674,76.5,0.055802137506665,5.82600010738045,5.537334267018537,2.4849066497880004,2.6390573296152584,0.0,0.0,73,5329,0.4999999999999999,0.8660254037844387,1.0,6.123233995736766e-17,1289.0,7.162397497355718,-0.009604302727622,2021-02-01,train
Maize,2021-02-01,1289.0,1349.9212598425197,950.0,6000.0,381,266,12,13,0,0,0,2021,2,1,Winter,1301.5,1351.0,1360.0,1249.0,1790.0,-0.009604302727622,-0.0522058823529412,-0.2798882681564245,-12.5,1337.5,1277.0833333333333,1378.0,1351.0,1275.25,1326.25,31.50000000000052,71.35013431428622,182.7441082248864,1200.0,1360.0,-58.5,52.5,-488.5,1790.0,-0.2798882681564245,1438.4109589041095,1365.5,231.19481837813984,1318.75,1340.0,24.416666666666742,26.25,0.0558695994630626,5.945420608606575,5.58724865840025,2.5649493574615367,2.6390573296152584,0.0,0.0,74,5476,0.8660254037844386,0.5000000000000001,1.0,6.123233995736766e-17,1357.5,7.214136428866403,0.0531419705197828,2021-03-01,train
Maize,2021-03-01,1357.5,1420.6735294117648,345.0,6950.0,340,243,11,10,0,0,0,2021,3,1,Spring,1289.0,1301.5,1351.0,1200.0,1630.0,0.0531419705197828,0.0048112509252404,-0.1671779141104294,68.5,1313.8333333333333,1283.75,1336.25,1301.5,1295.25,1300.75,32.78846341830255,70.05836852225453,129.54807812335312,1200.0,1360.0,-62.0,89.0,-341.0,1630.0,-0.1671779141104294,1436.391891891892,1365.25,230.26182640742107,1316.25,1342.5,5.25,-6.25,0.0545732179335965,5.831882477283517,5.497168225293202,2.4849066497880004,2.3978952727983707,0.0,0.0,75,5625,1.0,6.123233995736766e-17,1.0,6.123233995736766e-17,1385.0,7.234177179749849,0.0202578268876612,2021-04-01,train
Maize,2021-04-01,1385.0,1443.995670995671,900.0,4500.0,231,178,11,11,0,0,0,2021,4,2,Spring,1357.5,1289.0,1301.5,1201.0,1536.0,0.0202578268876612,0.0641567422205147,-0.0983072916666666,27.5,1316.0,1310.0,1313.5416666666667,1301.5,1326.25,1300.75,36.47944626772765,61.37018820241673,91.74283681062212,1201.0,1360.0,56.0,156.5,-178.5,1536.0,-0.0983072916666666,1435.34,1365.0,228.88206806362328,1343.125,1320.75,47.5,31.25,0.0468474719102417,5.44673737166631,5.187385805840755,2.4849066497880004,2.4849066497880004,0.0,0.0,76,5776,0.8660254037844387,-0.4999999999999998,1.2246467991473532e-16,-1.0,1470.0,7.293697720601438,0.0613718411552346,2021-05-01,train
Maize,2021-05-01,1470.0,1491.1186440677966,1150.0,1900.0,59,51,10,9,0,0,0,2021,5,2,Summer,1385.0,1357.5,1289.0,1360.0,1367.5,0.0613718411552346,0.1404189294026376,0.0749542961608775,85.0,1343.8333333333333,1340.6666666666667,1300.9583333333333,1357.5,1354.25,1300.75,49.437671196501206,37.236630710454286,64.87941904141358,1289.0,1385.0,96.0,25.0,17.5,1367.5,0.0749542961608775,1434.6776315789473,1365.25,227.42438602676083,1350.625,1312.5,44.33333333333326,30.75,0.0277747121162016,4.0943445622221,3.951243718581428,2.3978952727983707,2.302585092994046,0.0,0.0,77,5929,0.4999999999999999,-0.8660254037844387,1.2246467991473532e-16,-1.0,1500.0,7.313886831633462,0.0204081632653061,2021-06-01,train
Maize,2021-06-01,1500.0,1508.8649789029537,750.0,2200.0,237,171,12,12,0,0,0,2021,6,2,Summer,1470.0,1385.0,1357.5,1351.0,1250.0,0.0204081632653061,0.1049723756906078,0.1999999999999999,30.0,1404.1666666666667,1359.0,1309.5,1385.0,1354.25,1300.75,58.64796103304329,65.22192882765812,79.52958283214102,1289.0,1470.0,112.5,119.0,220.0,1250.0,0.1999999999999999,1435.1363636363635,1365.5,225.95907635366825,1400.5,1345.5,111.0,115.75,0.0479925892771582,5.472270673671475,5.147494476813453,2.5649493574615367,2.5649493574615367,0.0,0.0,78,6084,1.2246467991473532e-16,-1.0,1.2246467991473532e-16,-1.0,1625.0,7.3938782901077555,0.0833333333333332,2021-07-01,train
Maize,2021-07-01,1625.0,1632.515748031496,500.0,2100.0,254,183,13,10,0,0,0,2021,7,3,Monsoon,1500.0,1470.0,1385.0,1301.5,1300.0,0.0833333333333332,0.1732851985559567,0.25,125.0,1451.6666666666667,1383.8333333333333,1330.3333333333333,1470.0,1371.25,1326.25,59.65176722724448,86.47118980716523,93.96138794335832,1289.0,1500.0,115.0,198.5,200.0,1300.0,0.25,1435.9679487179487,1366.5,224.6071222133981,1412.875,1371.5,116.16666666666674,128.75,0.0624867082792956,5.541263545158426,5.214935757608986,2.6390573296152584,2.3978952727983707,0.0,0.0,79,6241,-0.4999999999999997,-0.8660254037844388,-1.0,-1.8369701987210294e-16,1650.0,7.409136443920128,0.0153846153846153,2021-08-01,train
Maize,2021-08-01,1650.0,1653.2826086956522,1310.0,2100.0,46,32,7,7,0,0,0,2021,8,3,Monsoon,1625.0,1500.0,1470.0,1289.0,1249.0,0.0153846153846153,0.1224489795918366,0.3210568454763811,25.0,1531.6666666666667,1437.75,1357.4166666666667,1500.0,1427.5,1354.25,82.20908303425693,119.43774529017286,125.85071122227085,1289.0,1625.0,155.0,336.0,376.0,1249.0,0.3210568454763811,1438.360759493671,1367.5,224.17382416428867,1343.0,1358.0,187.25,197.5,0.0830726797358183,3.8501476017100575,3.49650756146648,2.079441541679836,2.079441541679836,0.0,0.0,80,6400,-0.8660254037844385,-0.5000000000000004,-1.0,-1.8369701987210294e-16,1700.0,7.438971592395862,0.0303030303030302,2021-09-01,train
Maize,2021-09-01,1700.0,1714.358024691358,1001.0,3700.0,243,179,11,10,0,0,0,2021,9,3,Monsoon,1650.0,1625.0,1500.0,1357.5,1200.0,0.0303030303030302,0.1333333333333333,0.4166666666666667,50.0,1591.6666666666667,1497.9166666666667,1390.8333333333333,1625.0,1485.0,1358.75,80.36375634160802,120.44102983064776,146.06137149302748,1357.5,1650.0,150.0,292.5,450.0,1200.0,0.4166666666666667,1441.00625,1368.5,224.0037224734492,1298.875,1341.25,152.08333333333326,165.0,0.0804056944627412,5.497168225293202,5.19295685089021,2.4849066497880004,2.3978952727983707,0.0,0.0,81,6561,-1.0,-1.8369701987210294e-16,-1.0,-1.8369701987210294e-16,1630.0,7.396948602621014,-0.0411764705882352,2021-10-01,train
Maize,2021-10-01,1630.0,1597.342019543974,701.0,3600.0,307,221,12,13,0,0,0,2021,10,4,Autumn,1700.0,1650.0,1625.0,1385.0,1201.0,-0.0411764705882352,0.0030769230769229,0.3572023313905079,-70.0,1658.3333333333333,1555.0,1432.5,1650.0,1562.5,1372.5,38.18813079129876,121.73742234826734,157.53974967376564,1385.0,1700.0,75.0,315.0,499.0,1201.0,0.3572023313905079,1444.2037037037037,1369.5,224.45170384987307,1361.375,1394.75,145.0,137.5,0.0782877314136767,5.730099782973574,5.402677381872279,2.5649493574615367,2.6390573296152584,0.0,0.0,82,6724,-0.8660254037844386,0.5000000000000001,-2.4492935982947064e-16,1.0,1500.0,7.313886831633462,-0.0797546012269938,2021-11-01,train
Maize,2021-11-01,1500.0,1547.2153110047848,1060.0,3800.0,418,302,12,12,0,0,0,2021,11,4,Autumn,1630.0,1700.0,1650.0,1470.0,1360.0,-0.0797546012269938,-0.0909090909090909,0.1029411764705883,-130.0,1660.0,1595.8333333333333,1468.25,1650.0,1627.5,1427.5,36.05551275464001,90.35577826938994,148.65571878428622,1470.0,1700.0,-20.0,160.0,270.0,1360.0,0.1029411764705883,1446.469512195122,1372.25,224.0035458763794,1368.2,1365.5,34.16666666666674,2.5,0.0566198088372156,6.037870919922137,5.713732805509369,2.5649493574615367,2.5649493574615367,0.0,0.0,83,6889,-0.5000000000000004,0.8660254037844384,-2.4492935982947064e-16,1.0,1585.0,7.368970402194793,0.0566666666666666,2021-12-01,train
Maize,2021-12-01,1585.0,1611.2473572938688,900.0,2453.0,473,320,12,13,0,0,0,2021,12,4,Winter,1500.0,1630.0,1700.0,1500.0,1351.0,0.0566666666666666,-0.0676470588235294,0.1732050333086603,85.0,1610.0,1600.8333333333333,1479.9166666666667,1630.0,1627.5,1485.0,101.48891565092224,82.48737277103186,144.83232206642134,1500.0,1700.0,-200.0,0.0,149.0,1351.0,0.1732050333086603,1447.1144578313254,1375.0,222.7110033382594,1426.9,1395.0,-100.83333333333326,-127.5,0.0515277706013733,6.161207321695077,5.771441123130016,2.5649493574615367,2.6390573296152584,0.0,0.0,84,7056,-2.4492935982947064e-16,1.0,-2.4492935982947064e-16,1.0,1628.0,7.395721608602045,0.0271293375394321,2022-01-01,train
Maize,2022-01-01,1628.0,1645.8475073313782,150.0,2850.0,341,233,11,13,0,0,0,2022,1,1,Winter,1585.0,1500.0,1630.0,1625.0,1301.5,0.0271293375394321,-0.0012269938650306,0.2508643872454859,43.0,1571.6666666666667,1615.0,1499.4166666666667,1585.0,1627.5,1500.0,66.01767440112792,67.67569726275843,141.6142059728947,1500.0,1700.0,-45.0,-40.0,283.5,1301.5,0.2508643872454859,1448.7559523809523,1377.5,221.87594892446148,1419.0,1385.0,-30.0,-42.5,0.0419044565094479,5.834810737062605,5.455321115357702,2.4849066497880004,2.6390573296152584,0.0,0.0,85,7225,0.4999999999999999,0.8660254037844387,1.0,6.123233995736766e-17,1820.0,7.507141079727608,0.117936117936118,2022-02-01,train
Maize,2022-02-01,1820.0,1825.1146341463411,150.0,6200.0,410,266,12,12,0,0,0,2022,2,1,Winter,1628.0,1585.0,1500.0,1650.0,1289.0,0.117936117936118,0.2133333333333333,0.4119472459270752,192.0,1571.0,1615.5,1526.625,1585.0,1629.0,1542.5,65.13831437794511,67.7753642557569,131.10702168977747,1500.0,1700.0,128.0,-22.0,339.0,1289.0,0.4119472459270752,1450.8647058823528,1380.0,221.4065479017762,1445.0,1380.0,12.5,-1.0,0.0419531812168102,6.018593214496234,5.58724865840025,2.5649493574615367,2.5649493574615367,0.0,0.0,86,7396,0.8660254037844386,0.5000000000000001,1.0,6.123233995736766e-17,1910.0,7.555381944240273,0.0494505494505495,2022-03-01,train
Maize,2022-03-01,1910.0,1934.7455830388687,210.0,3300.0,283,225,14,10,0,0,0,2022,3,1,Spring,1820.0,1628.0,1585.0,1700.0,1357.5,0.0494505494505495,0.2050473186119874,0.4069981583793738,90.0,1677.6666666666667,1643.8333333333333,1570.875,1628.0,1629.0,1605.0,125.12527056247804,108.4258579245156,133.20731023483725,1500.0,1820.0,235.0,120.0,462.5,1357.5,0.4069981583793738,1455.156976744186,1380.0,223.67067784406385,1433.0,1375.0,176.16666666666674,191.0,0.0659591551806847,5.648974238161206,5.420534999272286,2.70805020110221,2.3978952727983707,0.0,0.0,87,7569,1.0,6.123233995736766e-17,1.0,6.123233995736766e-17,2000.0,7.601402334583733,0.0471204188481675,2022-04-01,train
Maize,2022-04-01,2000.0,2002.6971608832807,220.0,2800.0,317,236,12,10,0,0,0,2022,4,2,Spring,1910.0,1820.0,1628.0,1630.0,1385.0,0.0471204188481675,0.2285012285012284,0.4440433212996391,90.0,1786.0,1678.8333333333333,1616.9166666666667,1820.0,1629.0,1626.5,144.0416606402467,154.35079094927667,147.471080883575,1500.0,1910.0,282.0,280.0,525.0,1385.0,0.4440433212996391,1460.3850574712644,1380.0,227.65061077905776,1454.5,1369.5,231.16666666666677,281.0,0.0919393175514405,5.762051382780177,5.468060141135132,2.5649493574615367,2.3978952727983707,0.0,0.0,88,7744,0.8660254037844387,-0.4999999999999998,1.2246467991473532e-16,-1.0,1950.0,7.576097340623111,-0.025,2022-05-01,train
Maize,2022-05-01,1950.0,1948.6875,1401.0,2410.0,80,57,9,7,0,0,0,2022,5,2,Summer,2000.0,1910.0,1820.0,1500.0,1470.0,-0.025,0.0714285714285714,0.3265306122448979,-50.0,1910.0,1740.5,1668.1666666666667,1910.0,1724.0,1629.0,89.99999999999999,198.52833550906723,165.32988144001666,1500.0,2000.0,180.0,500.0,530.0,1470.0,0.3265306122448979,1466.5170454545455,1382.5,233.5337782167321,1461.5,1350.0,259.5,276.0,0.1140639675432733,4.394449154672439,4.060443010546419,2.302585092994046,2.079441541679836,0.0,0.0,89,7921,0.4999999999999999,-0.8660254037844387,1.2246467991473532e-16,-1.0,2000.0,7.601402334583733,0.0256410256410255,2022-06-01,train
Maize,2022-06-01,2000.0,2000.8933333333332,200.0,4225.0,375,254,14,10,0,0,0,2022,6,2,Summer,1950.0,2000.0,1910.0,1585.0,1500.0,0.0256410256410255,0.0471204188481675,0.3333333333333332,50.0,1953.3333333333333,1815.5,1708.1666666666667,1950.0,1865.0,1640.0,45.0924975282289,172.83952094356465,170.99539245963484,1585.0,2000.0,40.0,365.0,450.0,1500.0,0.3333333333333332,1471.9494382022472,1385.0,237.79138877079723,1516.4,1391.0,134.5,85.0,0.0952021597045247,5.929589143389895,5.541263545158426,2.70805020110221,2.3978952727983707,0.0,0.0,90,8100,1.2246467991473532e-16,-1.0,1.2246467991473532e-16,-1.0,2022.5,7.61258396431592,0.0112499999999999,2022-07-01,train
Maize,2022-07-01,2022.5,2051.3507462686566,210.0,2588.0,268,195,15,11,0,0,0,2022,7,3,Monsoon,2000.0,1950.0,2000.0,1628.0,1625.0,0.0112499999999999,0.0112499999999999,0.2446153846153846,22.5,1983.3333333333333,1884.6666666666667,1749.8333333333333,2000.0,1930.0,1675.0,28.86751345948128,142.52952910420962,176.4894193755407,1628.0,2000.0,0.0,372.0,375.0,1625.0,0.2446153846153846,1477.8166666666666,1385.0,242.91480739486715,1500.3,1393.0,115.33333333333326,70.0,0.0756258555558239,5.594711379601839,5.278114659230517,2.772588722239781,2.4849066497880004,0.0,0.0,91,8281,-0.4999999999999997,-0.8660254037844388,-1.0,-1.8369701987210294e-16,2100.0,7.650168700845001,0.0383189122373299,2022-08-01,train
Maize,2022-08-01,2100.0,2138.326018808777,190.0,7000.0,319,213,14,11,0,0,0,2022,8,3,Monsoon,2022.5,2000.0,1950.0,1820.0,1650.0,0.0383189122373299,0.0769230769230768,0.2727272727272727,77.5,1990.8333333333333,1950.4166666666667,1782.9583333333333,2000.0,1975.0,1760.0,37.1090734636872,75.83562267607392,187.86606185516865,1820.0,2022.5,72.5,202.5,372.5,1650.0,0.2727272727272727,1483.8021978021975,1385.0,248.2180143780517,1459.4,1359.0,72.08333333333326,47.5,0.0388817548435328,5.768320995793772,5.365976015021851,2.70805020110221,2.4849066497880004,0.0,0.0,92,8464,-0.8660254037844385,-0.5000000000000004,-1.0,-1.8369701987210294e-16,2200.0,7.696667081526462,0.0476190476190476,2022-09-01,train
Maize,2022-09-01,2200.0,2168.708333333333,220.0,3425.0,288,181,15,10,0,0,0,2022,9,3,Monsoon,2100.0,2022.5,2000.0,1910.0,1700.0,0.0476190476190476,0.1,0.2941176470588236,100.0,2040.8333333333333,1997.0833333333333,1820.4583333333333,2022.5,2000.0,1865.0,52.46030245179053,64.89253937601723,203.20001994601523,1910.0,2100.0,100.0,190.0,400.0,1700.0,0.2941176470588236,1490.5,1388.0,255.07312030728897,1389.1,1357.5,102.91666666666674,100.0,0.0324936562700691,5.666426688112432,5.204006687076795,2.772588722239781,2.3978952727983707,0.0,0.0,93,8649,-1.0,-1.8369701987210294e-16,-1.0,-1.8369701987210294e-16,2000.0,7.601402334583733,-0.0909090909090909,2022-10-01,train
Maize,2022-10-01,2000.0,1989.3271375464683,1300.0,4500.0,269,182,11,10,0,0,0,2022,10,4,Autumn,2200.0,2100.0,2022.5,2000.0,1630.0,-0.0909090909090909,-0.011124845488257,0.2269938650306748,-200.0,2107.5,2045.4166666666667,1862.125,2100.0,2011.25,1930.0,88.98735865278847,90.14455982846684,226.2141106642925,1950.0,2200.0,177.5,200.0,570.0,1630.0,0.2269938650306748,1498.1290322580646,1391.0,264.1361319721021,1446.1,1424.5,154.58333333333326,188.75,0.0440714898326177,5.598421958998375,5.209486152841421,2.4849066497880004,2.3978952727983707,0.0,0.0,94,8836,-0.8660254037844386,0.5000000000000001,-2.4492935982947064e-16,1.0,1962.0,7.582229194276461,-0.019,2022-11-01,train
Maize,2022-11-01,1962.0,1940.0960698689955,1400.0,3400.0,458,320,13,14,0,0,0,2022,11,4,Autumn,2000.0,2200.0,2100.0,1950.0,1500.0,-0.019,-0.0657142857142857,0.308,-38.0,2100.0,2045.4166666666667,1892.9583333333333,2100.0,2011.25,1975.0,100.00000000000004,90.14455982846684,216.71519415765087,1950.0,2200.0,-100.0,50.0,500.0,1500.0,0.308,1503.468085106383,1392.0,267.763364560193,1452.0,1402.75,-45.41666666666674,-11.25,0.0440714898326177,6.129050210060545,5.771441123130016,2.6390573296152584,2.70805020110221,0.0,0.0,95,9025,-0.5000000000000004,0.8660254037844384,-2.4492935982947064e-16,1.0,2030.0,7.616283561580385,0.0346585117227318,2022-12-01,train
Maize,2022-12-01,2030.0,2068.4215328467158,190.0,3400.0,548,340,12,11,0,0,0,2022,12,4,Winter,1962.0,2000.0,2200.0,2000.0,1585.0,0.0346585117227318,-0.0772727272727272,0.2807570977917981,68.0,2054.0,2047.4166666666667,1931.4583333333333,2000.0,2011.25,1981.0,127.8592976673969,87.70428533810671,178.16839051523235,1962.0,2200.0,-238.0,-38.0,377.0,1585.0,0.2807570977917981,1508.2947368421053,1393.0,270.45823501401856,1487.4166666666667,1412.25,-85.41666666666674,-49.25,0.0428365592436517,6.3080984415095305,5.831882477283517,2.5649493574615367,2.4849066497880004,0.0,0.0,96,9216,-2.4492935982947064e-16,1.0,-2.4492935982947064e-16,1.0,2025.0,7.613818684808629,-0.0024630541871921,2023-01-01,train
Maize,2023-01-01,2025.0,2063.446808510638,1400.0,2700.0,141,91,11,8,0,0,0,2023,1,1,Winter,2030.0,1962.0,2000.0,2022.5,1628.0,-0.0024630541871921,0.0124999999999999,0.2438574938574937,-5.0,1997.3333333333333,2052.4166666666665,1968.5416666666667,2000.0,2026.25,2000.0,34.078341117685625,85.28212982019183,142.1774592691926,1962.0,2200.0,30.0,7.5,402.0,1628.0,0.2438574938574937,1513.7291666666667,1394.0,274.2496165776398,1454.1666666666667,1392.5,-22.416666666666515,3.75,0.0415520548070283,4.955827057601261,4.5217885770490405,2.4849066497880004,2.19722457733622,0.0,0.0,97,9409,0.4999999999999999,0.8660254037844387,1.0,6.123233995736766e-17,2091.5,7.6461148023636305,0.0328395061728394,2023-02-01,train
Maize,2023-02-01,2091.5,2113.8449781659388,213.0,7502.0,458,289,13,12,0,0,0,2023,2,1,Winter,2025.0,2030.0,1962.0,2100.0,1820.0,0.0328395061728394,0.0660040774719674,0.1491758241758241,66.5,2005.6666666666667,2052.833333333333,2001.625,2025.0,2027.5,2000.0,37.89898855290655,85.11267042378621,93.63544516319458,1962.0,2200.0,63.0,-75.0,205.0,1820.0,0.1491758241758241,1519.0,1395.0,277.71245620845554,1460.1666666666667,1390.0,-27.833333333333485,-2.5,0.0414610718959744,6.129050210060545,5.66988092298052,2.6390573296152584,2.5649493574615367,0.0,0.0,98,9604,0.8660254037844386,0.5000000000000001,1.0,6.123233995736766e-17,2060.0,7.630946580890459,-0.0150609610327515,2023-03-01,train
Maize,2023-03-01,2060.0,2095.7152542372883,1400.0,6050.0,295,232,13,11,0,0,0,2023,3,1,Spring,2091.5,2025.0,2030.0,2200.0,1910.0,-0.0150609610327515,0.0147783251231528,0.0785340314136124,-31.5,2048.833333333333,2051.4166666666665,2024.25,2030.0,2027.5,2011.25,37.03489345648687,84.23681894912727,77.10132058767987,1962.0,2200.0,61.5,-108.5,181.5,1910.0,0.0785340314136124,1524.841836734694,1397.5,282.2650614806482,1422.0833333333333,1371.25,40.083333333333485,64.0,0.0410627544944358,5.69035945432406,5.4510384535657,2.6390573296152584,2.4849066497880004,0.0,0.0,99,9801,1.0,6.123233995736766e-17,1.0,6.123233995736766e-17,2050.0,7.62608275807238,-0.0048543689320388,2023-04-01,train
Maize,2023-04-01,2050.0,2082.116607773852,1350.0,3200.0,283,195,11,9,0,0,0,2023,4,2,Spring,2060.0,2091.5,2025.0,2000.0,2000.0,-0.0048543689320388,0.0123456790123457,0.0249999999999999,-10.0,2058.833333333333,2028.0833333333333,2036.75,2060.0,2027.5,2023.75,33.26534733522757,45.18674215594674,68.5835588567341,1962.0,2091.5,35.0,60.0,60.0,2000.0,0.0249999999999999,1530.2474747474748,1400.0,285.92558591761866,1420.4166666666667,1320.75,31.916666666666742,32.5,0.0222805155060755,5.648974238161206,5.278114659230517,2.4849066497880004,2.302585092994046,0.0,0.0,100,10000,0.8660254037844387,-0.4999999999999998,1.2246467991473532e-16,-1.0,1899.0,7.549609165154532,-0.0736585365853658,2023-05-01,train
Maize,2023-05-01,1899.0,1908.9283489096572,180.0,3252.0,321,234,11,9,0,0,0,2023,5,2,Summer,2050.0,2060.0,2091.5,1962.0,1950.0,-0.0736585365853658,-0.0920392063112598,-0.0261538461538461,-151.0,2067.1666666666665,2036.4166666666667,2040.9166666666667,2060.0,2040.0,2027.5,21.658331730152398,43.55274579940999,67.66052741220349,1962.0,2091.5,-41.5,88.0,100.0,1950.0,-0.0261538461538461,1535.445,1400.0,289.1869209132265,1434.5833333333333,1325.0,13.583333333333258,10.0,0.0213869521460457,5.7745515455444085,5.459585514144159,2.4849066497880004,2.302585092994046,0.0,0.0,101,10201,0.4999999999999999,-0.8660254037844387,1.2246467991473532e-16,-1.0,1800.0,7.496097345175956,-0.0521327014218009,2023-06-01,train
Maize,2023-06-01,1800.0,1849.931221719457,168.6,3500.0,442,277,15,11,0,0,0,2023,6,2,Summer,1899.0,2050.0,2060.0,2030.0,2000.0,-0.0521327014218009,-0.1262135922330097,-0.0999999999999999,-99.0,2003.0,2025.9166666666667,2036.6666666666667,2050.0,2040.0,2027.5,90.20532135079388,66.58559654060336,75.08490143992324,1899.0,2091.5,-161.0,-131.0,-101.0,2000.0,-0.0999999999999999,1539.0445544554457,1400.0,290.002449119054,1471.8333333333333,1345.5,-126.91666666666674,-141.0,0.0328668980497404,6.093569770045136,5.627621113690637,2.772588722239781,2.4849066497880004,0.0,0.0,102,10404,1.2246467991473532e-16,-1.0,1.2246467991473532e-16,-1.0,1950.0,7.576097340623111,0.0833333333333332,2023-07-01,train
Maize,2023-07-01,1950.0,1934.305280528053,177.5,6250.0,303,203,14,9,0,0,0,2023,7,3,Monsoon,1800.0,1899.0,2050.0,2025.0,2022.5,0.0833333333333332,-0.048780487804878,-0.0358467243510506,150.0,1916.3333333333333,1987.5833333333333,2020.0,1899.0,2037.5,2027.5,125.89810694896616,113.46647816279462,101.51063535861466,1800.0,2091.5,-250.0,-225.0,-222.5,2022.5,-0.0358467243510506,1541.6029411764705,1412.25,289.7177214291105,1450.25,1371.5,-187.5833333333333,-237.5,0.0570876582933015,5.717027701406222,5.318119993844216,2.70805020110221,2.302585092994046,0.0,0.0,103,10609,-0.4999999999999997,-0.8660254037844388,-1.0,-1.8369701987210294e-16,2000.0,7.601402334583733,0.0256410256410255,2023-08-01,train
Maize,2023-08-01,2000.0,2052.7055851063838,190.0,10400.0,376,242,17,11,2,0,0,2023,8,3,Monsoon,1950.0,1800.0,1899.0,2091.5,2100.0,0.0256410256410255,0.05318588730911,-0.0476190476190476,50.0,1883.0,1975.0833333333333,2013.9583333333333,1899.0,2000.0,2027.5,76.26925986267322,112.64830964851592,103.4865951647285,1800.0,2091.5,51.0,-141.5,-150.0,2100.0,-0.0476190476190476,1545.5679611650485,1424.5,291.08891277394963,1416.3333333333333,1358.0,-25.083333333333258,-50.0,0.0570347122814307,5.932245187448011,5.493061443340548,2.8903717578961645,2.4849066497880004,0.0053191489361702,0.0,104,10816,-0.8660254037844385,-0.5000000000000004,-1.0,-1.8369701987210294e-16,2000.0,7.601402334583733,0.0,2023-09-01,train
Onion,2015-01-01,1730.0,1772.9876923076922,200.0,4825.0,975,538,22,17,0,0,0,2015,1,1,Winter,,,,,,,,,,,,,,,,,,,,,,,,,,,,,1561.388888888889,1400.0,,,,6.883462586413092,6.289715570908998,3.1354942159291497,2.8903717578961645,0.0,0.0,1,1,0.4999999999999999,0.8660254037844387,1.0,6.123233995736766e-17,1550.0,7.346655163176539,-0.1040462427745664,2015-02-01,train
Onion,2015-02-01,1550.0,1591.202928870293,400.0,4000.0,478,286,20,12,0,0,0,2015,2,1,Winter,1730.0,,,,,-0.1040462427745664,,,-180.0,,,,,,,,,,,,,,,,,,,,1577.3333333333333,1400.0,,,,6.171700597410915,5.659482215759621,3.044522437723423,2.5649493574615367,0.0,0.0,2,4,0.8660254037844386,0.5000000000000001,1.0,6.123233995736766e-17,1662.5,7.416679095458531,0.0725806451612902,2015-03-01,train
Onion,2015-03-01,1662.5,1696.3,400.0,4000.0,460,287,20,13,0,0,0,2015,3,1,Spring,1550.0,1730.0,,,,0.0725806451612902,,,112.5,1640.0,,,1640.0,,,127.27922061357856,,,,,,,,,,,,,1539.0555555555557,1380.0,,,,6.133398042996649,5.662960480135946,3.044522437723423,2.6390573296152584,0.0,0.0,3,9,1.0,6.123233995736766e-17,1.0,6.123233995736766e-17,1469.0,7.293017679772782,-0.116390977443609,2015-04-01,train
Onion,2015-04-01,1469.0,1462.5570469798658,18.0,3000.0,894,525,23,17,0,0,0,2015,4,2,Spring,1662.5,1550.0,1730.0,,,-0.116390977443609,-0.1508670520231213,,-193.5,1647.5,1647.5,,1662.5,1662.5,,90.93266739736606,90.93266739736606,,1550.0,1730.0,-67.5,,,,,1647.5,1662.5,90.93266739736606,1535.8333333333333,1461.0,15.0,0.0,0.0551943352943041,6.796823718274855,6.26530121273771,3.1780538303479458,2.8903717578961645,0.0,0.0,4,16,0.8660254037844387,-0.4999999999999998,1.2246467991473532e-16,-1.0,1400.0,7.244941546337007,-0.0469707283866576,2015-05-01,train
Onion,2015-05-01,1400.0,1452.456937799043,20.0,4800.0,836,514,25,17,0,0,0,2015,5,2,Summer,1469.0,1662.5,1550.0,,,-0.0469707283866576,-0.0967741935483871,,-69.0,1560.5,1602.875,,1550.0,1606.25,,97.1763860204731,116.0950580343539,,1469.0,1730.0,-81.0,,,,,1602.875,1606.25,116.0950580343539,1578.3333333333333,1600.0,-133.875,-137.25,0.0724292649360392,6.729824070489475,6.244166900663736,3.258096538021482,2.8903717578961645,0.0,0.0,5,25,0.4999999999999999,-0.8660254037844387,1.2246467991473532e-16,-1.0,1500.0,7.313886831633462,0.0714285714285714,2015-06-01,train
Onion,2015-06-01,1500.0,1669.0185950413222,24.0,5900.0,968,543,25,18,0,0,0,2015,6,2,Summer,1400.0,1469.0,1662.5,,,0.0714285714285714,-0.0977443609022556,,100.0,1510.5,1562.3,,1469.0,1550.0,,136.0817768843426,135.4259945505293,,1400.0,1730.0,-262.5,,,,,1562.3,1550.0,135.4259945505293,1620.111111111111,1611.0,-162.29999999999995,-150.0,0.0866837320300386,6.876264611890766,6.298949246855942,3.258096538021482,2.9444389791664403,0.0,0.0,6,36,1.2246467991473532e-16,-1.0,1.2246467991473532e-16,-1.0,1750.0,7.467942332285852,0.1666666666666667,2015-07-01,train
Onion,2015-07-01,1750.0,1925.3403141361257,24.0,6725.0,955,547,25,18,0,0,0,2015,7,3,Monsoon,1500.0,1400.0,1469.0,1730.0,,0.1666666666666667,0.1912865895166779,,250.0,1456.3333333333333,1551.9166666666667,1551.9166666666667,1469.0,1525.0,1525.0,51.18919156749143,123.7701162101202,123.7701162101202,1400.0,1730.0,31.0,-230.0,,,,1551.9166666666667,1525.0,123.7701162101202,1622.388888888889,1595.0,-51.91666666666674,-25.0,0.0797530684917275,6.862757913051401,6.306275286948016,3.258096538021482,2.9444389791664403,0.0,0.0,7,49,-0.4999999999999997,-0.8660254037844388,-1.0,-1.8369701987210294e-16,2900.0,7.972810784121404,0.6571428571428573,2015-08-01,train
Onion,2015-08-01,2900.0,2930.084942084942,35.0,6000.0,777,466,25,16,0,0,0,2015,8,3,Monsoon,1750.0,1500.0,1400.0,1550.0,,0.6571428571428573,1.0714285714285716,,1150.0,1550.0,1555.25,1580.2142857142858,1500.0,1525.0,1550.0,180.27756377319943,129.65483022240244,135.54023300077645,1400.0,1750.0,350.0,200.0,,,,1580.2142857142858,1550.0,135.54023300077645,1564.7777777777778,1450.0,194.75,225.0,0.0833659091608438,6.656726524178391,6.1463292576688975,3.258096538021482,2.833213344056216,0.0,0.0,8,64,-0.8660254037844385,-0.5000000000000004,-1.0,-1.8369701987210294e-16,4440.0,8.398634855292102,0.5310344827586206,2015-09-01,train
Onion,2015-09-01,4440.0,4323.522234891676,30.0,8000.0,877,490,25,18,0,0,0,2015,9,3,Monsoon,2900.0,1750.0,1500.0,1662.5,,0.5310344827586206,1.96,,1540.0,2050.0,1780.25,1745.1875,1750.0,1581.25,1606.25,746.6592261534039,563.6713359751409,483.1935383836526,1400.0,2900.0,1400.0,1237.5,,,,1745.1875,1606.25,483.1935383836526,1535.2777777777778,1364.0,1119.75,1318.75,0.3166248200955713,6.777646593635117,6.19644412779452,3.258096538021482,2.9444389791664403,0.0,0.0,9,81,-1.0,-1.8369701987210294e-16,-1.0,-1.8369701987210294e-16,3900.0,8.268988209506656,-0.1216216216216216,2015-10-01,train
Onion,2015-10-01,3900.0,3784.439511653718,30.0,7000.0,901,490,25,18,0,0,0,2015,10,4,Autumn,4440.0,2900.0,1750.0,1469.0,,-0.1216216216216216,1.2285714285714286,,-540.0,3030.0,2243.1666666666665,2044.611111111111,2900.0,1625.0,1662.5,1349.7036711811968,1213.5304555991445,1005.5754502329058,1400.0,4440.0,2690.0,2971.0,,,,2044.611111111111,1662.5,1005.5754502329058,1587.388888888889,1496.0,2196.833333333333,2815.0,0.5409898754435595,6.804614520062624,6.19644412779452,3.258096538021482,2.9444389791664403,0.0,0.0,10,100,-0.8660254037844386,0.5000000000000001,-2.4492935982947064e-16,1.0,2900.0,7.972810784121404,-0.2564102564102564,2015-11-01,train
Onion,2015-11-01,2900.0,2891.375,24.0,6000.0,408,260,20,12,0,0,0,2015,11,4,Autumn,3900.0,4440.0,2900.0,1400.0,,-0.2564102564102564,0.0,,-1000.0,3746.6666666666665,2648.333333333333,2230.15,3900.0,2325.0,1696.25,781.3663246732184,1305.686281871211,1114.9328342998965,1400.0,4440.0,1000.0,2500.0,,,,2230.15,1696.25,1114.9328342998965,1576.65,1532.5,1251.6666666666663,1575.0,0.4930218811345038,6.013715156042802,5.564520407322694,3.044522437723423,2.5649493574615367,0.0,0.0,11,121,-0.5000000000000004,0.8660254037844384,-2.4492935982947064e-16,1.0,1900.0,7.550135342488429,-0.3448275862068966,2015-12-01,train
Onion,2015-12-01,1900.0,2110.3469387755104,350.0,8000.0,931,510,25,18,0,0,0,2015,12,4,Winter,2900.0,3900.0,4440.0,1500.0,,-0.3448275862068966,-0.572072072072072,,-1000.0,3746.6666666666665,2898.333333333333,2291.0454545454545,3900.0,2900.0,1730.0,781.3663246732184,1153.6102750351467,1076.827991244318,1500.0,4440.0,-1540.0,1400.0,,,,2291.0454545454545,1730.0,1076.827991244318,1627.5,1609.75,1.666666666666515,0.0,0.398025396791885,6.837332814685591,6.236369590203704,3.258096538021482,2.9444389791664403,0.0,0.0,12,144,-2.4492935982947064e-16,1.0,-2.4492935982947064e-16,1.0,1420.0,7.259116128097101,-0.2526315789473684,2016-01-01,train
Onion,2016-01-01,1420.0,1601.9829157175398,350.0,5800.0,878,506,24,18,0,0,0,2016,1,1,Winter,1900.0,2900.0,3900.0,1750.0,1730.0,-0.2526315789473684,-0.6358974358974359,-0.1791907514450866,-480.0,2900.0,2965.0,2258.458333333333,2900.0,2900.0,1740.0,1000.0,1064.7769719523428,1032.9022979919107,1750.0,4440.0,-2000.0,150.0,170.0,1730.0,-0.1791907514450866,2258.458333333333,1740.0,1032.9022979919107,1622.85,1515.0,-1065.0,-1000.0,0.3591153362402505,6.778784897685177,6.228511003591184,3.218875824868201,2.9444389791664403,0.0,0.0,13,169,0.4999999999999999,0.8660254037844387,1.0,6.123233995736766e-17,1300.0,7.170888478512505,-0.0845070422535211,2016-02-01,train
Onion,2016-02-01,1300.0,1368.8002421307506,250.0,3700.0,826,499,21,17,0,0,0,2016,2,1,Winter,1420.0,1900.0,2900.0,2900.0,1550.0,-0.0845070422535211,-0.5517241379310345,-0.1612903225806451,-120.0,2073.333333333333,2910.0,2232.625,1900.0,2900.0,1706.25,755.0717405209477,1145.5479038433969,1051.038212370814,1420.0,4440.0,-1480.0,-1480.0,-130.0,1550.0,-0.1612903225806451,2193.9615384615386,1730.0,1015.9024408036285,1632.6,1468.0,-1490.0,-1480.0,0.3936590734857034,6.717804695023691,6.214608098422191,3.091042453358316,2.8903717578961645,0.0,0.0,14,196,0.8660254037844386,0.5000000000000001,1.0,6.123233995736766e-17,1100.0,7.00397413672268,-0.1538461538461538,2016-03-01,train
Onion,2016-03-01,1100.0,1173.9767711962834,275.0,4000.0,861,508,24,17,0,0,0,2016,3,1,Spring,1300.0,1420.0,1900.0,4440.0,1662.5,-0.1538461538461538,-0.4210526315789473,-0.3383458646616541,-200.0,1540.0,2643.333333333333,2211.7916666666665,1420.0,2400.0,1706.25,317.4901573277515,1321.1156901144832,1068.137662610901,1300.0,4440.0,-600.0,-3140.0,-362.5,1662.5,-0.3383458646616541,2130.1071428571427,1696.25,1004.8642116182708,1597.65,1425.0,-1343.3333333333337,-1100.0,0.4997915599424274,6.759255270663693,6.2324480165505225,3.218875824868201,2.8903717578961645,0.0,0.0,15,225,1.0,6.123233995736766e-17,1.0,6.123233995736766e-17,1000.0,6.90875477931522,-0.0909090909090909,2016-04-01,train
Onion,2016-04-01,1000.0,1090.922514619883,175.0,6325.0,684,455,23,18,0,0,0,2016,4,2,Spring,1100.0,1300.0,1420.0,3900.0,1469.0,-0.0909090909090909,-0.295774647887324,-0.3192648059904697,-100.0,1273.3333333333333,2086.6666666666665,2164.9166666666665,1300.0,1660.0,1625.0,161.6580753730972,1097.3908449894536,1106.102531687755,1100.0,3900.0,-320.0,-2800.0,-369.0,1469.0,-0.3192648059904697,2061.4333333333334,1662.5,1004.1754411788144,1598.25,1480.5,-986.6666666666664,-560.0,0.5259061557457446,6.529418838262226,6.1224928095143865,3.1780538303479458,2.9444389791664403,0.0,0.0,16,256,0.8660254037844387,-0.4999999999999998,1.2246467991473532e-16,-1.0,900.0,6.803505257608338,-0.0999999999999999,2016-05-01,train
Onion,2016-05-01,900.0,968.5260869565218,150.0,3800.0,460,299,21,12,0,0,0,2016,5,2,Summer,1000.0,1100.0,1300.0,2900.0,1400.0,-0.0999999999999999,-0.3076923076923077,-0.3571428571428571,-100.0,1133.3333333333333,1603.3333333333333,2125.833333333333,1100.0,1360.0,1625.0,152.75252316519726,708.8488320274408,1140.6733125924382,1000.0,2900.0,-300.0,-1900.0,-400.0,1400.0,-0.3571428571428571,1995.09375,1606.25,1005.7627987212824,1640.5,1612.5,-603.3333333333333,-360.0,0.4421094586449735,6.133398042996649,5.703782474656201,3.091042453358316,2.5649493574615367,0.0,0.0,17,289,0.4999999999999999,-0.8660254037844387,1.2246467991473532e-16,-1.0,815.0,6.704414354964107,-0.0944444444444444,2016-06-01,train
Onion,2016-06-01,815.0,1021.3009118541032,150.0,5000.0,987,551,24,18,0,0,0,2016,6,2,Summer,900.0,1000.0,1100.0,1900.0,1500.0,-0.0944444444444444,-0.259090909090909,-0.4566666666666666,-85.0,1000.0,1270.0,2084.1666666666665,1000.0,1200.0,1625.0,100.0000000000046,363.0426972134271,1178.1145054190565,900.0,1900.0,-200.0,-1000.0,-600.0,1500.0,-0.4566666666666666,1930.6764705882356,1550.0,1009.3955329363038,1693.2,1630.5,-370.0,-300.0,0.2858603915066355,6.895682697747868,6.313548046277095,3.218875824868201,2.9444389791664403,0.0,0.0,18,324,1.2246467991473532e-16,-1.0,1.2246467991473532e-16,-1.0,900.0,6.803505257608338,0.1042944785276074,2016-07-01,train
Onion,2016-07-01,900.0,1107.5039908779931,170.0,8000.0,877,509,24,17,0,0,0,2016,7,3,Monsoon,815.0,900.0,1000.0,1420.0,1750.0,0.1042944785276074,-0.0999999999999999,-0.4857142857142857,85.0,905.0,1089.1666666666667,2027.0833333333333,900.0,1050.0,1585.0,92.60129588726612,233.63254624873352,1224.6677811726836,815.0,1420.0,-185.0,-605.0,-935.0,1750.0,-0.4857142857142857,1868.6944444444443,1525.0,1013.9512567889004,1705.15,1647.5,-274.16666666666674,-235.0,0.2145057807945525,6.777646593635117,6.234410725718371,3.218875824868201,2.8903717578961645,0.0,0.0,19,361,-0.4999999999999997,-0.8660254037844388,-1.0,-1.8369701987210294e-16,1000.0,6.90875477931522,0.1111111111111111,2016-08-01,train
Onion,2016-08-01,1000.0,1165.7852112676055,7.0,4400.0,852,483,23,18,0,0,0,2016,8,3,Monsoon,900.0,815.0,900.0,1300.0,2900.0,0.1111111111111111,0.1111111111111111,-0.6551724137931034,100.0,871.6666666666666,1002.5,1956.25,900.0,950.0,1360.0,49.07477288112882,175.60609328835906,1266.0337583464066,815.0,1300.0,0.0,-400.0,-2000.0,2900.0,-0.6551724137931034,1817.7105263157891,1500.0,1010.1329026391288,1635.4,1540.0,-102.5,-50.0,0.1751681728562185,6.748759547491679,6.182084906716632,3.1780538303479458,2.9444389791664403,0.0,0.0,20,400,-0.8660254037844385,-0.5000000000000004,-1.0,-1.8369701987210294e-16,1000.0,6.90875477931522,0.0,2016-09-01,train
Onion,2016-09-01,1000.0,1106.2896379525594,190.0,4000.0,801,483,25,17,0,0,0,2016,9,3,Monsoon,1000.0,900.0,815.0,1100.0,4440.0,0.0,0.2269938650306748,-0.7747747747747747,0.0,905.0,952.5,1797.9166666666667,900.0,950.0,1200.0,92.60129588726612,100.68515282801044,1256.0462106679568,815.0,1100.0,185.0,-100.0,-3440.0,4440.0,-0.7747747747747747,1776.825,1484.5,1000.0486998010068,1601.85,1432.0,47.5,50.0,0.1057061971947616,6.687108607866515,6.182084906716632,3.258096538021482,2.8903717578961645,0.0,0.0,21,441,-1.0,-1.8369701987210294e-16,-1.0,-1.8369701987210294e-16,817.5,6.7074733968111895,-0.1825,2016-10-01,train
Onion,2016-10-01,817.5,960.3047337278108,125.0,3800.0,676,419,23,18,0,0,0,2016,10,4,Autumn,1000.0,1000.0,900.0,1000.0,3900.0,-0.1825,-0.0916666666666666,-0.7903846153846154,-182.5,966.6666666666666,935.8333333333334,1511.25,1000.0,950.0,1050.0,57.73502691897082,76.83857538155213,954.6111178713747,815.0,1000.0,100.0,0.0,-2900.0,3900.0,-0.7903846153846154,1739.8333333333333,1469.0,989.35766198748,1651.65,1540.5,64.16666666666663,50.0,0.0821071152785953,6.517671272912275,6.040254711277414,3.1780538303479458,2.9444389791664403,0.0,0.0,22,484,-0.8660254037844386,0.5000000000000001,-2.4492935982947064e-16,1.0,1000.0,6.90875477931522,0.2232415902140672,2016-11-01,train
Onion,2016-11-01,1000.0,1124.8397350993378,150.0,4500.0,755,462,25,18,0,0,0,2016,11,4,Autumn,817.5,1000.0,1000.0,900.0,2900.0,0.2232415902140672,0.0,-0.6551724137931034,182.5,939.1666666666666,905.4166666666666,1254.375,1000.0,900.0,1000.0,105.36642412711134,82.28633949001767,603.5841104677044,815.0,1000.0,-182.5,-82.5,-2082.5,2900.0,-0.6551724137931034,1697.909090909091,1444.5,985.3353868989606,,,-87.91666666666663,-82.5,0.09088228935851,6.628041376179533,6.137727054086234,3.258096538021482,2.9444389791664403,0.0,0.0,23,529,-0.5000000000000004,0.8660254037844384,-2.4492935982947064e-16,1.0,1000.0,6.90875477931522,0.0,2016-12-01,train
Onion,2016-12-01,1000.0,1152.8050239234449,150.0,6000.0,836,487,24,18,0,0,0,2016,12,4,Winter,1000.0,817.5,1000.0,815.0,1900.0,0.0,0.0,-0.4736842105263158,0.0,939.1666666666666,922.0833333333334,1096.0416666666667,1000.0,950.0,1000.0,105.36642412711134,90.66996011175068,310.89946185026866,815.0,1000.0,0.0,185.0,-900.0,1900.0,-0.4736842105263158,1667.5652173913045,1420.0,973.6179517695352,,,77.91666666666663,50.0,0.0983316331984643,6.729824070489475,6.190315405853148,3.218875824868201,2.9444389791664403,0.0,0.0,24,576,-2.4492935982947064e-16,1.0,-2.4492935982947064e-16,1.0,930.0,6.836259277277067,-0.0699999999999999,2017-01-01,train
Onion,2017-01-01,930.0,1012.236902050114,250.0,3600.0,439,274,23,13,0,0,0,2017,1,1,Winter,1000.0,1000.0,817.5,900.0,1420.0,-0.0699999999999999,0.1376146788990826,-0.3450704225352112,-70.0,939.1666666666666,952.9166666666666,1021.0416666666666,1000.0,1000.0,1000.0,105.36642412711134,77.46639056175579,180.55928997691692,817.5,1000.0,182.5,100.0,-420.0,1420.0,-0.3450704225352112,1639.75,1410.0,961.9178533127134,,,47.08333333333337,0.0,0.0812939822248421,6.0867747269123065,5.616771097666572,3.1780538303479458,2.6390573296152584,0.0,0.0,25,625,0.4999999999999999,0.8660254037844387,1.0,6.123233995736766e-17,900.0,6.803505257608338,-0.032258064516129,2017-02-01,train
Onion,2017-02-01,900.0,1018.6415981198588,81.0,4200.0,851,481,24,19,0,0,0,2017,2,1,Winter,930.0,1000.0,1000.0,1000.0,1300.0,-0.032258064516129,-0.0999999999999999,-0.3076923076923077,-30.0,976.6666666666666,957.9166666666666,980.2083333333334,1000.0,1000.0,1000.0,40.41451884327379,74.2700590188704,130.6385468544451,817.5,1000.0,-70.0,-70.0,-370.0,1300.0,-0.3076923076923077,1611.36,1400.0,952.3036162380146,,,-27.91666666666663,-70.0,0.0775329019770721,6.747586526829315,6.1779441140506,3.218875824868201,2.995732273553991,0.0,0.0,26,676,0.8660254037844386,0.5000000000000001,1.0,6.123233995736766e-17,900.0,6.803505257608338,0.0,2017-03-01,train
Onion,2017-03-01,900.0,1055.1397515527951,175.0,5750.0,966,513,24,18,0,0,0,2017,3,1,Spring,900.0,930.0,1000.0,1000.0,1100.0,0.0,-0.0999999999999999,-0.1818181818181817,0.0,943.3333333333334,941.25,946.875,930.0,965.0,965.0,51.31601439446884,74.15777100209937,84.51146371941843,817.5,1000.0,-100.0,-100.0,-200.0,1100.0,-0.1818181818181817,1584.0,1350.0,943.4350534085532,,,-41.25,-65.0,0.0787864764962543,6.874198495453294,6.2422232654551655,3.218875824868201,2.9444389791664403,0.0,0.0,27,729,1.0,6.123233995736766e-17,1.0,6.123233995736766e-17,870.0,6.769641976852503,-0.0333333333333333,2017-04-01,train
Onion,2017-04-01,870.0,1053.1275773195875,10.0,8500.0,776,460,23,16,0,0,0,2017,4,2,Spring,900.0,900.0,930.0,817.5,1000.0,-0.0333333333333333,-0.0645161290322581,-0.13,-30.0,910.0,924.5833333333334,930.2083333333334,900.0,915.0,915.0,17.320508075688814,69.39770649428165,70.0524019227754,817.5,1000.0,-30.0,82.5,-100.0,1000.0,-0.13,1558.6666666666667,1300.0,934.4325818377694,,,-24.58333333333337,-15.0,0.0750583576323911,6.655440350367647,6.133398042996649,3.1780538303479458,2.833213344056216,0.0,0.0,28,784,0.8660254037844387,-0.4999999999999998,1.2246467991473532e-16,-1.0,850.0,6.746412128573375,-0.0229885057471264,2017-05-01,train
Onion,2017-05-01,850.0,1013.6374045801526,150.0,9200.0,786,470,23,15,0,0,0,2017,5,2,Summer,870.0,900.0,900.0,1000.0,900.0,-0.0229885057471264,-0.0555555555555555,-0.0555555555555555,-20.0,890.0,933.3333333333334,919.375,900.0,915.0,900.0,17.320508075688775,55.0151494287389,68.30849973731068,870.0,1000.0,-30.0,-130.0,-30.0,900.0,-0.0555555555555555,1534.071428571429,1200.0,926.1548218134232,,,-63.33333333333337,-45.0,0.0589448029593631,6.668228248417403,6.154858094016418,3.1780538303479458,2.772588722239781,0.0,0.0,29,841,0.4999999999999999,-0.8660254037844387,1.2246467991473532e-16,-1.0,800.0,6.68586094706836,-0.0588235294117647,2017-06-01,train
Onion,2017-06-01,800.0,1211.4479905437352,100.0,11500.0,846,491,26,16,6,0,0,2017,6,2,Summer,850.0,870.0,900.0,1000.0,815.0,-0.0588235294117647,-0.1111111111111111,-0.0184049079754601,-50.0,873.3333333333334,908.3333333333334,915.2083333333334,870.0,900.0,900.0,25.166114784235845,52.694085689633575,71.06701649381283,850.0,1000.0,-50.0,-150.0,35.0,815.0,-0.0184049079754601,1510.4827586206898,1100.0,918.2944544367348,,,-58.33333333333337,-50.0,0.0580118374564773,6.741700694652055,6.198478716492308,3.295836866004329,2.833213344056216,0.0070921985815602,0.0,30,900,1.2246467991473532e-16,-1.0,1.2246467991473532e-16,-1.0,835.0,6.728628613084702,0.0437499999999999,2017-07-01,train
Onion,2017-07-01,835.0,1186.760248447205,130.0,12627.0,805,503,23,16,15,0,0,2017,7,3,Monsoon,800.0,850.0,870.0,930.0,900.0,0.0437499999999999,-0.0402298850574712,-0.0722222222222221,35.0,840.0,875.0,913.9583333333334,850.0,885.0,900.0,36.05551275463991,45.93473631142067,73.09286071756473,800.0,930.0,-70.0,-130.0,-100.0,900.0,-0.0722222222222221,1486.8,1050.0,911.5990365551488,,,-75.0,-85.0,0.0524968414987664,6.692083742506628,6.222576268071369,3.1780538303479458,2.833213344056216,0.0186335403726708,0.0,31,961,-0.4999999999999997,-0.8660254037844388,-1.0,-1.8369701987210294e-16,1600.0,7.378383712996714,0.9161676646706588,2017-08-01,train
Onion,2017-08-01,1600.0,1809.1539215686275,250.0,12000.0,1020,581,25,17,1,0,0,2017,8,3,Monsoon,835.0,800.0,850.0,900.0,1000.0,0.9161676646706588,0.8823529411764706,0.6000000000000001,765.0,828.3333333333334,859.1666666666666,908.5416666666666,835.0,860.0,900.0,25.658007197234443,39.04057718152233,76.54810084138448,800.0,900.0,-15.0,-65.0,-165.0,1000.0,0.6000000000000001,1465.774193548387,1000.0,903.889925439944,,,-24.16666666666663,-25.0,0.0454400510357194,6.928537818164665,6.366470447731438,3.258096538021482,2.8903717578961645,0.0009803921568627,0.0,32,1024,-0.8660254037844385,-0.5000000000000004,-1.0,-1.8369701987210294e-16,2000.0,7.601402334583733,0.25,2017-09-01,train
Onion,2017-09-01,2000.0,2101.5974155069584,140.0,10100.0,1006,569,25,16,1,0,0,2017,9,3,Monsoon,1600.0,835.0,800.0,900.0,1000.0,0.25,1.5,1.0,400.0,1078.3333333333333,975.8333333333334,958.5416666666666,835.0,860.0,900.0,452.1153982484266,307.61041378124133,214.09550315150372,800.0,1600.0,800.0,700.0,600.0,1000.0,1.0,1469.96875,1050.0,889.5080820454604,,,624.1666666666666,740.0,0.3152284342762507,6.914730892718563,6.345636360828596,3.258096538021482,2.833213344056216,0.0009940357852882,0.0,33,1089,-1.0,-1.8369701987210294e-16,-1.0,-1.8369701987210294e-16,1800.0,7.496097345175956,-0.0999999999999999,2017-10-01,train
Onion,2017-10-01,1800.0,1900.7664783427492,250.0,8500.0,531,332,22,14,0,0,0,2017,10,4,Autumn,2000.0,1600.0,835.0,870.0,817.5,-0.0999999999999999,1.1556886227544911,1.2018348623853212,-200.0,1478.3333333333333,1159.1666666666667,1041.875,1600.0,860.0,900.0,591.9529823671247,512.761315493541,369.74058012464326,800.0,2000.0,1165.0,1130.0,1182.5,817.5,1.2018348623853212,1486.030303030303,1100.0,880.3476491864052,,,840.8333333333333,1140.0,0.4423533994193021,6.2766434893416445,5.808142489980444,3.1354942159291497,2.70805020110221,0.0,0.0,34,1156,-0.8660254037844386,0.5000000000000001,-2.4492935982947064e-16,1.0,2750.0,7.919719760924575,0.5277777777777777,2017-11-01,train
Onion,2017-11-01,2750.0,2785.7911464245176,200.0,12000.0,881,527,26,18,1,0,0,2017,11,4,Autumn,1800.0,2000.0,1600.0,850.0,1000.0,0.5277777777777777,0.71875,1.75,950.0,1800.0,1314.1666666666667,1123.75,1800.0,1225.0,915.0,200.00000000000028,547.2697384897751,420.795377826324,800.0,2000.0,200.0,950.0,800.0,1000.0,1.75,1495.264705882353,1200.0,868.5770515470422,,,485.83333333333326,575.0,0.4164386088698352,6.782192056006791,6.269096283706261,3.295836866004329,2.9444389791664403,0.0011350737797956,0.0,35,1225,-0.5000000000000004,0.8660254037844384,-2.4492935982947064e-16,1.0,3400.0,8.131824785007195,0.2363636363636363,2017-12-01,train
Onion,2017-12-01,3400.0,3460.9274809160306,170.0,12000.0,786,474,26,19,3,0,0,2017,12,4,Winter,2750.0,1800.0,2000.0,800.0,1000.0,0.2363636363636363,0.7,2.4,650.0,2183.333333333333,1630.8333333333333,1269.5833333333333,2000.0,1700.0,915.0,500.8326400438907,740.5431565186915,626.8190196008193,800.0,2750.0,750.0,1950.0,1750.0,1000.0,2.4,1531.1142857142856,1300.0,881.6001501757562,,,1119.1666666666667,1050.0,0.4540888031795758,6.668228248417403,6.163314804034641,3.295836866004329,2.995732273553991,0.0038167938931297,0.0,36,1296,-2.4492935982947064e-16,1.0,-2.4492935982947064e-16,1.0,3200.0,8.071218539969863,-0.0588235294117647,2018-01-01,train
Onion,2018-01-01,3200.0,3378.222222222222,400.0,10000.0,981,541,24,18,1,0,0,2018,1,1,Winter,3400.0,2750.0,1800.0,835.0,930.0,-0.0588235294117647,0.7777777777777777,2.4408602150537635,-200.0,2650.0,2064.1666666666665,1469.5833333333333,2750.0,1900.0,915.0,804.6738469715541,900.5576975778218,869.0602509014946,835.0,3400.0,1600.0,2565.0,2470.0,930.0,2.4408602150537635,1583.0277777777778,1350.0,923.0563126641874,,,1335.8333333333337,1500.0,0.4362814844947058,6.889591308354466,6.295266001439646,3.218875824868201,2.9444389791664403,0.001019367991845,0.0,37,1369,0.4999999999999999,0.8660254037844387,1.0,6.123233995736766e-17,2600.0,7.8636512654486515,-0.1875,2018-02-01,train
Onion,2018-02-01,2600.0,2639.6441947565545,270.0,8000.0,1068,573,26,19,0,0,0,2018,2,1,Winter,3200.0,3400.0,2750.0,1600.0,900.0,-0.1875,-0.0545454545454545,1.8888888888888888,-600.0,3116.6666666666665,2458.333333333333,1658.75,3200.0,2375.0,1250.0,332.91640592396965,761.8508165426275,980.8023732916556,1600.0,3400.0,450.0,1600.0,2300.0,900.0,1.8888888888888888,1626.7297297297298,1400.0,948.1720395537887,,,741.6666666666665,825.0,0.3099054168986959,6.974478911025045,6.352629396319567,3.295836866004329,2.995732273553991,0.0,0.0,38,1444,0.8660254037844386,0.5000000000000001,1.0,6.123233995736766e-17,1800.0,7.496097345175956,-0.3076923076923077,2018-03-01,train
Onion,2018-03-01,1800.0,1844.2230215827335,240.0,6500.0,973,559,26,19,0,0,0,2018,3,1,Spring,2600.0,3200.0,3400.0,2000.0,900.0,-0.3076923076923077,-0.4705882352941176,1.0,-800.0,3066.6666666666665,2625.0,1800.4166666666667,3200.0,2675.0,1700.0,416.33319989322655,635.4132513569433,984.0141774970268,1800.0,3400.0,-800.0,600.0,1700.0,900.0,1.0,1652.342105263158,1410.0,948.504014903121,,,-25.0,-75.0,0.2420621909931212,6.881411303642535,6.327936783729195,3.295836866004329,2.995732273553991,0.0,0.0,39,1521,1.0,6.123233995736766e-17,1.0,6.123233995736766e-17,1100.0,7.00397413672268,-0.3888888888888888,2018-04-01,train
Onion,2018-04-01,1100.0,1206.385171790235,250.0,3200.0,553,325,21,14,0,0,0,2018,4,2,Spring,1800.0,2600.0,3200.0,1800.0,870.0,-0.3888888888888888,-0.65625,0.264367816091954,-700.0,2533.333333333333,2591.6666666666665,1875.4166666666667,2600.0,2675.0,1800.0,702.3769168568493,678.5400995274109,942.5725396086189,1800.0,3400.0,-1400.0,0.0,930.0,870.0,0.264367816091954,1656.128205128205,1420.0,936.2391009691572,,,-791.6666666666665,-875.0,0.2618161155732775,6.317164686747284,5.786897381366708,3.091042453358316,2.70805020110221,0.0,0.0,40,1600,0.8660254037844387,-0.4999999999999998,1.2246467991473532e-16,-1.0,950.0,6.85751406254539,-0.1363636363636363,2018-05-01,train
Onion,2018-05-01,950.0,1051.138364779874,120.0,4500.0,954,571,24,16,0,0,0,2018,5,2,Summer,1100.0,1800.0,2600.0,2750.0,850.0,-0.1363636363636363,-0.6346153846153846,0.1176470588235294,-150.0,1833.3333333333333,2475.0,1894.5833333333333,1800.0,2675.0,1800.0,750.5553499465136,873.9279146474277,922.3917978754351,1100.0,3400.0,-1500.0,-1650.0,250.0,850.0,0.1176470588235294,1642.225,1410.0,928.3319128332362,,,-1375.0,-1575.0,0.3531021877363344,6.86171134048073,6.349138991379798,3.218875824868201,2.833213344056216,0.0,0.0,41,1681,0.4999999999999999,-0.8660254037844387,1.2246467991473532e-16,-1.0,950.0,6.85751406254539,0.0,2018-06-01,train
Onion,2018-06-01,950.0,1095.0637880274778,12.0,4500.0,1019,584,25,18,0,0,0,2018,6,2,Summer,950.0,1100.0,1800.0,3400.0,800.0,0.0,-0.4722222222222222,0.1875,0.0,1283.3333333333333,2175.0,1902.9166666666667,1100.0,2200.0,1800.0,453.6885862938734,1051.546480190011,912.4952262224646,950.0,3400.0,-850.0,-2450.0,150.0,800.0,0.1875,1625.341463414634,1400.0,923.007228025764,,,-1225.0,-1250.0,0.4834696460643728,6.927557906278317,6.371611847231857,3.258096538021482,2.9444389791664403,0.0,0.0,42,1764,1.2246467991473532e-16,-1.0,1.2246467991473532e-16,-1.0,1390.0,7.237778191923443,0.4631578947368422,2018-07-01,train
Onion,2018-07-01,1390.0,1408.3176691729325,400.0,6000.0,532,315,21,15,0,0,0,2018,7,3,Monsoon,950.0,950.0,1100.0,3200.0,835.0,0.4631578947368422,0.2636363636363636,0.6646706586826348,440.0,1000.0,1766.6666666666667,1915.4166666666667,950.0,1450.0,1800.0,86.6025403784442,951.6652072376434,896.9074603459609,950.0,3200.0,-150.0,-2250.0,115.0,835.0,0.6646706586826348,1609.2619047619048,1350.0,917.6178148461986,,,-816.6666666666667,-500.0,0.5386784191911188,6.278521424165844,5.755742213586912,3.091042453358316,2.772588722239781,0.0,0.0,43,1849,-0.4999999999999997,-0.8660254037844388,-1.0,-1.8369701987210294e-16,1500.0,7.313886831633462,0.0791366906474819,2018-08-01,train
Onion,2018-08-01,1500.0,1612.5583103764925,250.0,7820.0,1089,592,26,17,0,0,0,2018,8,3,Monsoon,1390.0,950.0,950.0,2600.0,1600.0,0.0791366906474819,0.5789473684210527,-0.0625,110.0,1096.6666666666667,1465.0,1961.6666666666667,950.0,1245.0,1800.0,254.0341184434353,643.389462145596,849.1689341867599,950.0,2600.0,440.0,-1210.0,-210.0,1600.0,-0.0625,1604.1627906976744,1390.0,907.2443672549508,,,-75.0,145.0,0.4391736942973351,6.993932975223189,6.385194398997726,3.295836866004329,2.8903717578961645,0.0,0.0,44,1936,-0.8660254037844385,-0.5000000000000004,-1.0,-1.8369701987210294e-16,1350.0,7.208600337960199,-0.0999999999999999,2018-09-01,train
Onion,2018-09-01,1350.0,1408.0785791173305,19.0,6200.0,929,533,24,17,0,0,0,2018,9,3,Monsoon,1500.0,1390.0,950.0,1800.0,2000.0,-0.0999999999999999,0.4210526315789473,-0.3249999999999999,-150.0,1280.0,1281.6666666666667,1953.3333333333333,1390.0,1245.0,1800.0,291.0326442171049,340.9056565483557,853.5203393575157,950.0,1800.0,550.0,-300.0,-500.0,2000.0,-0.3249999999999999,1601.7954545454545,1395.0,896.7704544005868,,,218.3333333333333,255.0,0.2659862079701085,6.835184586147301,6.280395838960195,3.218875824868201,2.8903717578961645,0.0,0.0,45,2025,-1.0,-1.8369701987210294e-16,-1.0,-1.8369701987210294e-16,1280.0,7.155396301896734,-0.0518518518518518,2018-10-01,train
Onion,2018-10-01,1280.0,1373.2615992102665,300.0,6500.0,1013,595,23,17,0,0,0,2018,10,4,Autumn,1350.0,1500.0,1390.0,1100.0,1800.0,-0.0518518518518518,-0.0791366906474819,-0.2888888888888888,-70.0,1413.3333333333333,1206.6666666666667,1899.1666666666667,1390.0,1225.0,1650.0,77.67453465154009,238.0476142847588,870.74115069586,950.0,1500.0,-40.0,250.0,-450.0,1800.0,-0.2888888888888888,1596.2,1390.0,887.3155851934938,,,143.33333333333326,125.0,0.1972770284127835,6.921658184151129,6.39024066706535,3.1780538303479458,2.8903717578961645,0.0,0.0,46,2116,-0.8660254037844386,0.5000000000000001,-2.4492935982947064e-16,1.0,1600.0,7.378383712996714,0.25,2018-11-01,train
Onion,2018-11-01,1600.0,1695.6362416107384,300.0,5500.0,745,494,22,15,0,0,0,2018,11,4,Autumn,1280.0,1350.0,1500.0,950.0,2750.0,0.25,0.0666666666666666,-0.4181818181818182,320.0,1376.6666666666667,1236.6666666666667,1855.8333333333333,1350.0,1315.0,1445.0,112.39810200058233,233.2094909446555,888.8752682037234,950.0,1500.0,-220.0,330.0,-1470.0,2750.0,-0.4181818181818182,1589.3260869565215,1370.0,878.6388792861584,1575.0,1575.0,43.33333333333326,-35.0,0.1885791031897483,6.61472560020376,6.20455776256869,3.1354942159291497,2.772588722239781,0.0,0.0,47,2209,-0.5000000000000004,0.8660254037844384,-2.4492935982947064e-16,1.0,1160.0,7.057036981697891,-0.275,2018-12-01,train
Onion,2018-12-01,1160.0,1269.927551020408,200.0,5200.0,980,567,23,18,0,0,0,2018,12,4,Winter,1600.0,1280.0,1350.0,950.0,3400.0,-0.275,-0.1407407407407407,-0.6588235294117647,-440.0,1410.0,1345.0,1760.0,1350.0,1370.0,1445.0,168.22603841260715,224.209723250351,844.5978063820988,950.0,1600.0,250.0,650.0,-1800.0,3400.0,-0.6588235294117647,1589.5531914893618,1390.0,869.0373749532753,1425.0,1425.0,255.0,230.0,0.1666986789965435,6.888572459565364,6.342121418721152,3.1780538303479458,2.9444389791664403,0.0,0.0,48,2304,-2.4492935982947064e-16,1.0,-2.4492935982947064e-16,1.0,950.0,6.85751406254539,-0.1810344827586206,2019-01-01,train
Onion,2019-01-01,950.0,1043.5734597156395,110.0,5275.0,1055,588,24,19,0,0,0,2019,1,1,Winter,1160.0,1600.0,1280.0,1390.0,3200.0,-0.1810344827586206,-0.2578125,-0.703125,-210.0,1346.6666666666667,1380.0,1573.3333333333333,1280.0,1370.0,1370.0,227.44962812309305,156.3329779668995,680.8461758367405,1160.0,1600.0,-120.0,-230.0,-2040.0,3200.0,-0.703125,1580.6041666666667,1370.0,861.9752918802583,1381.25,1381.25,-220.0,-210.0,0.1132847666426808,6.962243464266207,6.3784261836515865,3.218875824868201,2.995732273553991,0.0,0.0,49,2401,0.4999999999999999,0.8660254037844387,1.0,6.123233995736766e-17,900.0,6.803505257608338,-0.0526315789473684,2019-02-01,train
Onion,2019-02-01,900.0,992.4067164179104,100.0,4825.0,1072,600,26,18,0,0,0,2019,2,1,Winter,950.0,1160.0,1600.0,1500.0,2600.0,-0.0526315789473684,-0.4375,-0.6538461538461539,-50.0,1236.6666666666667,1306.6666666666667,1385.8333333333333,1160.0,1315.0,1315.0,331.71272711991827,234.40705336372787,469.011694627083,950.0,1600.0,-650.0,-550.0,-1650.0,2600.0,-0.6538461538461539,1567.734693877551,1350.0,857.6932732993333,1234.5,1234.5,-356.66666666666674,-365.0,0.1793931530844856,6.9782137426306985,6.398594934535208,3.295836866004329,2.9444389791664403,0.0,0.0,50,2500,0.8660254037844386,0.5000000000000001,1.0,6.123233995736766e-17,850.0,6.746412128573375,-0.0555555555555555,2019-03-01,train
Onion,2019-03-01,850.0,954.5560791705938,175.0,5300.0,1061,603,26,18,0,0,0,2019,3,1,Spring,900.0,950.0,1160.0,1350.0,1800.0,-0.0555555555555555,-0.2672413793103448,-0.5277777777777778,-50.0,1003.3333333333334,1206.6666666666667,1244.1666666666667,950.0,1220.0,1220.0,137.96134724383262,261.8141834711506,292.4336236523129,900.0,1600.0,-260.0,-450.0,-900.0,1800.0,-0.5277777777777778,1554.38,1325.0,854.1323832774783,1150.0,1150.0,-306.66666666666674,-320.0,0.2169730802247104,6.967909201801884,6.403574197934815,3.295836866004329,2.9444389791664403,0.0,0.0,51,2601,1.0,6.123233995736766e-17,1.0,6.123233995736766e-17,850.0,6.746412128573375,0.0,2019-04-01,train
Onion,2019-04-01,850.0,968.12422907489,150.0,3800.0,1135,625,22,17,0,0,0,2019,4,2,Spring,850.0,900.0,950.0,1280.0,1100.0,0.0,-0.1052631578947368,-0.2272727272727273,0.0,900.0,1123.3333333333333,1165.0,900.0,1055.0,1130.0,50.00000000000036,285.5637698775268,254.39768438053852,850.0,1600.0,-100.0,-430.0,-250.0,1100.0,-0.2272727272727273,1540.5686274509803,1300.0,851.2812344907398,1157.5,1157.5,-273.33333333333326,-205.0,0.2542110711075906,7.035268599281097,6.439350371100098,3.1354942159291497,2.8903717578961645,0.0,0.0,52,2704,0.8660254037844387,-0.4999999999999998,1.2246467991473532e-16,-1.0,900.0,6.803505257608338,0.0588235294117647,2019-05-01,train
Onion,2019-05-01,900.0,1039.5983772819473,150.0,5000.0,986,598,25,15,0,0,0,2019,5,2,Summer,850.0,850.0,900.0,1600.0,950.0,0.0588235294117647,0.0,-0.0526315789473684,50.0,866.6666666666666,1051.6666666666667,1144.1666666666667,850.0,925.0,1055.0,28.86751345948191,292.2612986125,269.96492476997616,850.0,1600.0,-50.0,-750.0,-100.0,950.0,-0.0526315789473684,1527.2884615384614,1290.0,848.3166858385471,1325.0,1325.0,-201.66666666666677,-75.0,0.2779029780784468,6.894670039433482,6.395261598115449,3.258096538021482,2.772588722239781,0.0,0.0,53,2809,0.4999999999999999,-0.8660254037844387,1.2246467991473532e-16,-1.0,1000.0,6.90875477931522,0.1111111111111111,2019-06-01,train
Onion,2019-06-01,1000.0,1187.1004184100418,300.0,6000.0,956,573,22,17,0,0,0,2019,6,2,Summer,900.0,850.0,850.0,1160.0,950.0,0.1111111111111111,0.1764705882352941,0.0526315789473683,100.0,866.6666666666666,935.0,1140.0,850.0,900.0,1055.0,28.867513459481305,116.40446726821918,273.5955874178963,850.0,1160.0,50.0,-260.0,-50.0,950.0,0.0526315789473683,1515.4528301886792,1280.0,844.527264578732,1950.0,1950.0,-35.0,0.0,0.124496756436598,6.863803391452954,6.352629396319567,3.1354942159291497,2.8903717578961645,0.0,0.0,54,2916,1.2246467991473532e-16,-1.0,1.2246467991473532e-16,-1.0,1275.0,7.151485463904735,0.2749999999999999,2019-07-01,train
Onion,2019-07-01,1275.0,1491.0813636363637,300.0,7200.0,1100,609,21,15,0,0,0,2019,7,3,Monsoon,1000.0,900.0,850.0,950.0,1390.0,0.2749999999999999,0.5,-0.0827338129496403,275.0,916.6666666666666,908.3333333333334,1144.1666666666667,900.0,900.0,1080.0,76.37626158259737,58.45225972248216,270.8054764228455,850.0,1000.0,150.0,50.0,-390.0,1390.0,-0.0827338129496403,1505.9074074074074,1220.0,839.4578106094143,2720.0,2720.0,91.66666666666664,100.0,0.0643511116210812,7.00397413672268,6.413458957167357,3.091042453358316,2.772588722239781,0.0,0.0,55,3025,-0.4999999999999997,-0.8660254037844388,-1.0,-1.8369701987210294e-16,1500.0,7.313886831633462,0.1764705882352941,2019-08-01,train
Onion,2019-08-01,1500.0,1644.2832369942196,200.0,6827.0,1038,601,24,17,0,0,0,2019,8,3,Monsoon,1275.0,1000.0,900.0,900.0,1500.0,0.1764705882352941,0.6666666666666667,0.0,225.0,1058.3333333333333,962.5,1134.5833333333333,1000.0,900.0,1080.0,194.1863366288508,162.59612541508474,263.2442551676791,850.0,1275.0,375.0,375.0,-225.0,1500.0,0.0,1501.709090909091,1275.0,832.2313585626798,2358.75,2358.75,312.5,375.0,0.1689310393922958,6.946013991099227,6.400257445308821,3.218875824868201,2.8903717578961645,0.0,0.0,56,3136,-0.8660254037844385,-0.5000000000000004,-1.0,-1.8369701987210294e-16,2300.0,7.741099090035366,0.5333333333333334,2019-09-01,train
Onion,2019-09-01,2300.0,2356.787365177196,500.0,6000.0,649,380,20,15,0,0,0,2019,9,3,Monsoon,1500.0,1275.0,1000.0,850.0,1350.0,0.5333333333333334,1.2999999999999998,0.7037037037037037,800.0,1258.3333333333333,1062.5,1134.5833333333333,1275.0,950.0,1080.0,250.4163200219454,267.2779452180785,263.2442551676791,850.0,1500.0,500.0,650.0,150.0,1350.0,0.7037037037037037,1501.678571428571,1277.5,824.6309446080678,1950.0,1950.0,437.5,550.0,0.2515557131464268,6.476972362889683,5.942799375126701,3.044522437723423,2.772588722239781,0.0,0.0,57,3249,-1.0,-1.8369701987210294e-16,-1.0,-1.8369701987210294e-16,3600.0,8.188966863648876,0.5652173913043479,2019-10-01,train
Onion,2019-10-01,3600.0,3639.310304449649,700.0,7900.0,854,536,25,17,0,0,0,2019,10,4,Autumn,2300.0,1500.0,1275.0,850.0,1280.0,0.5652173913043479,1.823529411764706,1.8125,1300.0,1691.6666666666667,1304.1666666666667,1213.75,1500.0,1137.5,1080.0,538.7098786297995,546.4468562144589,426.2794911152221,850.0,2300.0,1025.0,1450.0,1020.0,1280.0,1.8125,1515.6842105263158,1280.0,824.047359247,1450.0,1450.0,995.8333333333331,1162.5,0.4190007843177959,6.75110146893676,6.285998094508865,3.258096538021482,2.8903717578961645,0.0,0.0,58,3364,-0.8660254037844386,0.5000000000000001,-2.4492935982947064e-16,1.0,3800.0,8.24301946898925,0.0555555555555555,2019-11-01,train
Onion,2019-11-01,3800.0,3894.461625282167,650.0,8720.0,886,552,24,18,0,0,0,2019,11,4,Autumn,3600.0,2300.0,1500.0,900.0,1600.0,0.0555555555555555,1.5333333333333332,1.375,200.0,2466.6666666666665,1762.5,1407.0833333333333,2300.0,1387.5,1080.0,1059.8742063723098,1029.289803699619,811.2909419093994,900.0,3600.0,2100.0,2700.0,2000.0,1600.0,1.375,1551.6206896551723,1290.0,861.41963768886,1360.0,1420.0,1837.5,2212.5,0.583994214865032,6.787844982309579,6.315358001522335,3.218875824868201,2.9444389791664403,0.0,0.0,59,3481,-0.5000000000000004,0.8660254037844384,-2.4492935982947064e-16,1.0,5000.0,8.517393171418904,0.3157894736842106,2019-12-01,train
Onion,2019-12-01,5000.0,5244.521126760564,800.0,12800.0,142,103,14,9,9,0,0,2019,12,4,Winter,3800.0,3600.0,2300.0,1000.0,1160.0,0.3157894736842106,1.1739130434782608,3.3103448275862077,1200.0,3233.333333333333,2245.833333333333,1590.4166666666667,3600.0,1900.0,1080.0,814.4527815247078,1208.554577446409,1067.0955872948966,1000.0,3800.0,1500.0,2800.0,2640.0,1160.0,3.3103448275862077,1589.728813559322,1300.0,902.735537714128,1250.0,1300.0,1554.1666666666663,1900.0,0.5381319083249316,4.962844630259907,4.6443908991413725,2.70805020110221,2.302585092994046,0.0633802816901408,0.0,60,3600,-2.4492935982947064e-16,1.0,-2.4492935982947064e-16,1.0,5350.0,8.585038738311304,0.07,2020-01-01,train
Onion,2020-01-01,5350.0,5567.757343550447,600.0,15000.0,783,505,18,15,20,0,0,2020,1,1,Winter,5000.0,3800.0,3600.0,1275.0,950.0,0.07,0.4861111111111111,4.631578947368421,350.0,4133.333333333333,2912.5,1910.4166666666667,3800.0,2950.0,1137.5,757.1877794400366,1460.8002943592264,1437.7009082264465,1275.0,5000.0,1400.0,3725.0,4050.0,950.0,4.631578947368421,1646.5666666666666,1325.0,997.4725792359824,1220.8333333333333,1100.0,2087.5,2050.0,0.5015623328272022,6.664409020350408,6.226536669287466,2.9444389791664403,2.772588722239781,0.0255427841634738,0.0,61,3721,0.4999999999999999,0.8660254037844387,1.0,6.123233995736766e-17,3138.5,8.051818830554165,-0.4133644859813083,2020-02-01,train
Onion,2020-02-01,3138.5,3216.59554973822,700.0,11100.0,764,484,19,17,2,0,0,2020,2,1,Winter,5350.0,5000.0,3800.0,1500.0,900.0,-0.4133644859813083,-0.174078947368421,2.487222222222222,-2211.5,4716.666666666667,3591.6666666666665,2277.083333333333,5000.0,3700.0,1387.5,812.9165598838133,1494.1273930514328,1706.4536036807883,1500.0,5350.0,1550.0,3850.0,4450.0,900.0,2.487222222222222,1707.27868852459,1350.0,1096.9101813905509,1113.0,1000.0,1758.3333333333337,1650.0,0.4159983460932063,6.639875833826536,6.184148890937483,2.995732273553991,2.8903717578961645,0.0026178010471204,0.0,62,3844,0.8660254037844386,0.5000000000000001,1.0,6.123233995736766e-17,2250.0,7.719129840906732,-0.2830970208698422,2020-03-01,train
Onion,2020-03-01,2250.0,2281.6178861788617,650.0,8600.0,492,325,15,11,0,0,0,2020,3,1,Spring,3138.5,5350.0,5000.0,2300.0,850.0,-0.2830970208698422,-0.55,1.6470588235294117,-888.5,4496.166666666667,3864.75,2463.625,5000.0,3700.0,1900.0,1188.7258234485082,1144.1089873783897,1664.056641368261,2300.0,5350.0,-1861.5,838.5,2288.5,850.0,1.6470588235294117,1730.3629032258063,1370.0,1102.962275001588,1050.0,900.0,-726.25,-561.5,0.2960369978338546,6.20050917404269,5.786897381366708,2.772588722239781,2.4849066497880004,0.0,0.0,63,3969,1.0,6.123233995736766e-17,1.0,6.123233995736766e-17,2000.0,7.601402334583733,-0.1111111111111111,2020-04-01,train
Onion,2020-04-01,2000.0,2116.578571428572,525.0,12000.0,700,459,17,16,2,0,0,2020,4,2,Spring,2250.0,3138.5,5350.0,3600.0,850.0,-0.1111111111111111,-0.6261682242990654,1.3529411764705883,-250.0,3579.5,3856.4166666666665,2580.2916666666665,3138.5,3700.0,2275.0,1596.3585906681494,1157.8847272793053,1587.978882077542,2250.0,5350.0,-3100.0,-1350.0,1400.0,850.0,1.3529411764705883,1738.611111111111,1390.0,1095.9883536453133,1038.3333333333333,815.0,-1606.4166666666663,-1450.0,0.3002488650377437,6.55250788703459,6.131226489483141,2.8903717578961645,2.833213344056216,0.0028571428571428,0.0,64,4096,0.8660254037844387,-0.4999999999999998,1.2246467991473532e-16,-1.0,1200.0,7.090909822079984,-0.4,2020-05-01,train
Onion,2020-05-01,1200.0,1335.1379310344828,300.0,6500.0,725,469,18,15,0,0,0,2020,5,2,Summer,2000.0,2250.0,3138.5,3800.0,900.0,-0.4,-0.6176517444639159,0.3333333333333332,-800.0,2462.833333333333,3589.75,2676.125,2250.0,3469.25,2275.0,598.3469589906293,1389.7734977326354,1506.6841094542067,2000.0,5350.0,-1138.5,-1800.0,1100.0,900.0,0.3333333333333332,1742.6953125,1395.0,1087.7460736639453,1161.6666666666667,900.0,-1589.75,-1469.25,0.3871504973139175,6.587550014824796,6.152732694704104,2.9444389791664403,2.772588722239781,0.0,0.0,65,4225,0.4999999999999999,-0.8660254037844387,1.2246467991473532e-16,-1.0,920.0,6.825460036255307,-0.2333333333333332,2020-06-01,train
Onion,2020-06-01,920.0,1154.6107921928815,100.0,5600.0,871,534,20,16,0,0,0,2020,6,2,Summer,1200.0,2000.0,2250.0,5000.0,1000.0,-0.2333333333333332,-0.5911111111111111,-0.0799999999999999,-280.0,1816.6666666666667,3156.4166666666665,2701.125,2000.0,2694.25,2275.0,548.4827557301451,1685.0747881523446,1476.7252487268138,1200.0,5350.0,-1050.0,-3800.0,200.0,1000.0,-0.0799999999999999,1734.3461538461538,1390.0,1081.3117970890903,1833.3333333333333,1600.0,-1956.4166666666663,-1494.25,0.5338568909319148,6.77078942390898,6.282266746896006,3.044522437723423,2.833213344056216,0.0,0.0,66,4356,1.2246467991473532e-16,-1.0,1.2246467991473532e-16,-1.0,1200.0,7.090909822079984,0.3043478260869565,2020-07-01,train
Onion,2020-07-01,1200.0,1335.6654366543664,300.0,7900.0,813,506,19,15,0,0,0,2020,7,3,Monsoon,920.0,1200.0,2000.0,5350.0,1275.0,0.3043478260869565,-0.4,-0.0588235294117647,280.0,1373.3333333333333,2476.4166666666665,2694.458333333333,1200.0,2125.0,2275.0,560.4759881862326,1614.0474099810908,1485.2590447205632,920.0,5350.0,-1080.0,-4430.0,-355.0,1275.0,-0.0588235294117647,1722.0075757575758,1370.0,1077.6339091961688,2480.0,2000.0,-1556.4166666666663,-1205.0,0.6517673022099503,6.70196036600254,6.228511003591184,2.995732273553991,2.772588722239781,0.0,0.0,67,4489,-0.4999999999999997,-0.8660254037844388,-1.0,-1.8369701987210294e-16,1170.0,7.065613363597717,-0.025,2020-08-01,train
Onion,2020-08-01,1170.0,1313.996275605214,400.0,7800.0,537,386,18,13,0,0,0,2020,8,3,Monsoon,1200.0,920.0,1200.0,3138.5,1500.0,-0.025,-0.025,-0.2199999999999999,-30.0,1106.6666666666667,1784.75,2688.208333333333,1200.0,1600.0,2275.0,161.658075373097,839.8912876081041,1491.918037267544,920.0,3138.5,0.0,-1938.5,-300.0,1500.0,-0.2199999999999999,1714.2164179104475,1350.0,1071.3386529346462,2172.5,1800.0,-584.75,-400.0,0.4705932414109002,6.2878585601617845,5.958424693029782,2.9444389791664403,2.6390573296152584,0.0,0.0,68,4624,-0.8660254037844385,-0.5000000000000004,-1.0,-1.8369701987210294e-16,1555.0,7.349873704738337,0.329059829059829,2020-09-01,train
Onion,2020-09-01,1555.0,1743.2135549872123,600.0,6800.0,782,515,20,15,0,0,0,2020,9,3,Monsoon,1170.0,1200.0,920.0,2250.0,2300.0,0.329059829059829,0.6902173913043479,-0.3239130434782609,385.0,1096.6666666666667,1456.6666666666667,2660.708333333333,1170.0,1200.0,2275.0,153.73136743467128,534.1410550282245,1518.613489313275,920.0,2250.0,250.0,-1080.0,-1130.0,2300.0,-0.3239130434782609,1706.2132352941176,1325.0,1065.3596243640911,2216.6666666666665,2750.0,-286.66666666666674,-30.0,0.3666872231315042,6.663132695990803,6.246106765481563,3.044522437723423,2.772588722239781,0.0,0.0,69,4761,-1.0,-1.8369701987210294e-16,-1.0,-1.8369701987210294e-16,3050.0,8.02322468471667,0.9614147909967844,2020-10-01,train
Onion,2020-10-01,3050.0,3205.016129032258,300.0,40000.0,806,492,20,15,1,0,0,2020,10,4,Autumn,1555.0,1170.0,1200.0,2000.0,3600.0,0.9614147909967844,1.5416666666666663,-0.1527777777777778,1495.0,1308.3333333333333,1340.8333333333333,2598.625,1200.0,1200.0,2125.0,214.145589105482,381.1353652794037,1549.6124020512054,920.0,2000.0,355.0,-445.0,-2045.0,3600.0,-0.1527777777777778,1704.0217391304348,1350.0,1057.6537554569666,2100.0,1900.0,214.16666666666677,355.0,0.2842526030672992,6.693323668269949,6.20050917404269,3.044522437723423,2.772588722239781,0.0012406947890818,0.0,70,4900,-0.8660254037844386,0.5000000000000001,-2.4492935982947064e-16,1.0,4000.0,8.294299608857235,0.3114754098360655,2020-11-01,train
Onion,2020-11-01,4000.0,4453.0218818380745,1100.0,11250.0,457,294,18,11,4,0,0,2020,11,4,Autumn,3050.0,1555.0,1170.0,1200.0,3800.0,0.3114754098360655,2.418803418803418,0.0526315789473683,950.0,1925.0,1515.8333333333333,2552.7916666666665,1555.0,1200.0,2125.0,993.113790056306,778.3727684513796,1525.2440558560588,920.0,3050.0,1880.0,1850.0,-750.0,3800.0,0.0526315789473683,1723.25,1370.0,1062.21477927905,1820.0,1575.0,1534.1666666666667,1850.0,0.5134949544484088,6.126869184114185,5.68697535633982,2.9444389791664403,2.4849066497880004,0.0087527352297593,0.0,71,5041,-0.5000000000000004,0.8660254037844384,-2.4492935982947064e-16,1.0,3400.0,8.131824785007195,-0.15,2020-12-01,train
Onion,2020-12-01,3400.0,3613.938633193863,850.0,9600.0,717,469,20,16,0,0,0,2020,12,4,Winter,4000.0,3050.0,1555.0,920.0,5000.0,-0.15,1.1864951768488745,-0.3199999999999999,-600.0,2868.333333333333,1982.5,2569.458333333333,3050.0,1377.5,2125.0,1232.5819783419413,1248.5181216145802,1541.1216024573157,920.0,4000.0,2445.0,3080.0,-1000.0,5000.0,-0.3199999999999999,1755.3169014084508,1390.0,1088.6643101901018,1587.5,1425.0,2017.5,2622.5,0.6297695443200909,6.576469569048224,6.152732694704104,3.044522437723423,2.833213344056216,0.0,0.0,72,5184,-2.4492935982947064e-16,1.0,-2.4492935982947064e-16,1.0,2500.0,7.824445930877619,-0.2647058823529411,2021-01-01,train
Onion,2021-01-01,2500.0,2683.27304964539,600.0,8625.0,846,534,20,17,0,0,0,2021,1,1,Winter,3400.0,4000.0,3050.0,1200.0,5350.0,-0.2647058823529411,-0.180327868852459,-0.5327102803738317,-900.0,3483.333333333333,2395.833333333333,2436.125,3400.0,2302.5,2125.0,480.45117684665297,1236.876779095908,1371.6130869262186,1170.0,4000.0,350.0,2200.0,-1950.0,5350.0,-0.5327102803738317,1778.1597222222222,1395.0,1098.2105285301948,1365.625,1381.25,1004.1666666666664,1097.5,0.5162616121443789,6.741700694652055,6.282266746896006,3.044522437723423,2.8903717578961645,0.0,0.0,73,5329,0.4999999999999999,0.8660254037844387,1.0,6.123233995736766e-17,2950.0,7.989899374942939,0.1799999999999999,2021-02-01,train
Onion,2021-02-01,2950.0,3149.8303571428573,750.0,12000.0,896,563,21,17,6,0,0,2021,2,1,Winter,2500.0,3400.0,4000.0,1170.0,3138.5,0.1799999999999999,-0.2624999999999999,-0.0600605384737932,450.0,3300.0,2612.5,2198.625,3400.0,2775.0,2125.0,754.9834435270752,1090.7325520034694,1023.8556611030314,1170.0,4000.0,-1500.0,1330.0,-638.5,3138.5,-0.0600605384737932,1788.0479452054794,1400.0,1093.825013822492,1109.75,1050.0,-112.5,-275.0,0.4175052830635289,6.799055862058796,6.335054251498059,3.091042453358316,2.8903717578961645,0.0066964285714285,0.0,74,5476,0.8660254037844386,0.5000000000000001,1.0,6.123233995736766e-17,2800.0,7.937731775260109,-0.0508474576271186,2021-03-01,train
Onion,2021-03-01,2800.0,2902.494404883011,525.0,11800.0,983,579,21,15,6,0,0,2021,3,1,Spring,2950.0,2500.0,3400.0,1555.0,2250.0,-0.0508474576271186,-0.1764705882352941,0.2444444444444444,-150.0,2950.0,2909.1666666666665,2182.9166666666665,2950.0,3000.0,2125.0,450.0000000000005,831.0861367311264,1009.4698391039746,1555.0,4000.0,-450.0,1395.0,700.0,2250.0,0.2444444444444444,1803.75,1410.0,1094.6727485280078,1025.0,925.0,40.833333333333485,-50.0,0.2856784199591383,6.891625897052253,6.363028103540465,3.091042453358316,2.772588722239781,0.0061037639877924,0.0,75,5625,1.0,6.123233995736766e-17,1.0,6.123233995736766e-17,1450.0,7.280008252884188,-0.4821428571428571,2021-04-01,train
Onion,2021-04-01,1450.0,1557.8011627906976,400.0,5800.0,860,559,21,16,0,0,0,2021,4,2,Spring,2800.0,2950.0,2500.0,3050.0,2000.0,-0.4821428571428571,-0.42,-0.275,-1350.0,2750.0,3116.6666666666665,2228.75,2800.0,3000.0,2250.0,229.12878474779305,524.08650685423,1025.1565844919842,2500.0,4000.0,300.0,-250.0,800.0,2000.0,-0.275,1817.0333333333333,1420.0,1093.3199852239463,1016.25,882.5,-316.6666666666665,-200.0,0.1681560984559026,6.7580945044277305,6.327936783729195,3.091042453358316,2.833213344056216,0.0,0.0,76,5776,0.8660254037844387,-0.4999999999999998,1.2246467991473532e-16,-1.0,1450.0,7.280008252884188,0.0,2021-05-01,train
Onion,2021-05-01,1450.0,1609.411971830986,600.0,7300.0,568,401,21,15,0,0,0,2021,5,2,Summer,1450.0,2800.0,2950.0,4000.0,1200.0,0.0,-0.5084745762711864,0.2083333333333332,0.0,2400.0,2850.0,2182.9166666666665,2800.0,2875.0,2027.5,826.1355820929156,862.5543461139139,1048.3460097031916,1450.0,4000.0,-1500.0,-2550.0,250.0,1200.0,0.2083333333333332,1812.203947368421,1435.0,1086.8225036856495,1218.75,1145.0,-1400.0,-1425.0,0.302650647759268,6.343880434126331,5.996452088619021,3.091042453358316,2.772588722239781,0.0,0.0,77,5929,0.4999999999999999,-0.8660254037844387,1.2246467991473532e-16,-1.0,1650.0,7.409136443920128,0.1379310344827586,2021-06-01,train
Onion,2021-06-01,1650.0,1887.6109865470853,350.0,7800.0,892,544,21,15,0,0,0,2021,6,2,Summer,1450.0,1450.0,2800.0,3400.0,920.0,0.1379310344827586,-0.4107142857142857,0.7934782608695652,200.0,1900.0,2425.0,2203.75,1450.0,2650.0,2027.5,779.422863405995,809.1662375556712,1029.3491434352618,1450.0,3400.0,-1350.0,-1950.0,530.0,920.0,0.7934782608695652,1807.5,1450.0,1080.4374388230567,1750.0,1550.0,-975.0,-1200.0,0.3336767989920293,6.794586580876499,6.300785794663244,3.091042453358316,2.772588722239781,0.0,0.0,78,6084,1.2246467991473532e-16,-1.0,1.2246467991473532e-16,-1.0,2090.0,7.645397699428633,0.2666666666666666,2021-07-01,train
Onion,2021-07-01,2090.0,2203.0272331154683,600.0,7800.0,918,561,21,17,0,0,0,2021,7,3,Monsoon,1650.0,1450.0,1450.0,2500.0,1200.0,0.2666666666666666,0.4413793103448276,0.7416666666666667,440.0,1516.6666666666667,2133.333333333333,2264.583333333333,1450.0,2075.0,2075.0,115.47005383792512,694.7421584060284,966.219103547743,1450.0,2950.0,200.0,-850.0,450.0,1200.0,0.7416666666666667,1805.4807692307693,1450.0,1073.5468143552882,2197.5,1675.0,-483.3333333333335,-425.0,0.3256603867528257,6.823286122355687,6.331501849893691,3.091042453358316,2.8903717578961645,0.0,0.0,79,6241,-0.4999999999999997,-0.8660254037844388,-1.0,-1.8369701987210294e-16,2050.0,7.62608275807238,-0.0191387559808612,2021-08-01,train
Onion,2021-08-01,2050.0,2118.217183770883,645.0,7800.0,419,276,18,12,0,0,0,2021,8,3,Monsoon,2090.0,1650.0,1450.0,2950.0,1170.0,-0.0191387559808612,0.4137931034482758,0.7521367521367521,-40.0,1730.0,2065.0,2338.75,1650.0,1870.0,2295.0,327.414110874898,671.2302138610867,909.5706404672472,1450.0,2950.0,640.0,-860.0,920.0,1170.0,0.7521367521367521,1809.0822784810127,1450.0,1067.1231347928535,1949.375,1540.0,25.0,220.0,0.325050951022318,6.040254711277414,5.6240175061873385,2.9444389791664403,2.5649493574615367,0.0,0.0,80,6400,-0.8660254037844385,-0.5000000000000004,-1.0,-1.8369701987210294e-16,1990.0,7.596392304064196,-0.0292682926829268,2021-09-01,train
Onion,2021-09-01,1990.0,2016.0021574973032,400.0,7600.0,927,570,21,15,0,0,0,2021,9,3,Monsoon,2050.0,2090.0,1650.0,2800.0,1555.0,-0.0292682926829268,0.206060606060606,0.279742765273312,-60.0,1930.0,1915.0,2412.083333333333,2050.0,1850.0,2295.0,243.3105012119288,516.6720429827802,839.5546934734696,1450.0,2800.0,400.0,-750.0,495.0,1555.0,0.279742765273312,1812.09375,1459.5,1060.689738855025,2062.5,2175.0,135.0,200.0,0.2698026334113735,6.833031732786201,6.3473892096560105,3.091042453358316,2.772588722239781,0.0,0.0,81,6561,-1.0,-1.8369701987210294e-16,-1.0,-1.8369701987210294e-16,2350.0,7.762596048540069,0.1809045226130652,2021-10-01,train
Onion,2021-10-01,2350.0,2488.0695847362517,700.0,7600.0,891,551,19,13,0,0,0,2021,10,4,Autumn,1990.0,2050.0,2090.0,1450.0,3050.0,0.1809045226130652,0.124401913875598,-0.2295081967213115,360.0,2043.3333333333333,1780.0,2448.333333333333,2050.0,1820.0,2295.0,50.33222956847149,299.2657681727056,807.9810228794557,1450.0,2090.0,-100.0,540.0,-1060.0,3050.0,-0.2295081967213115,1814.29012345679,1469.0,1054.2249222301823,1865.0,1530.0,210.0,170.0,0.1681268360520817,6.79346613258001,6.313548046277095,2.995732273553991,2.6390573296152584,0.0,0.0,82,6724,-0.8660254037844386,0.5000000000000001,-2.4492935982947064e-16,1.0,2710.0,7.905072849498666,0.1531914893617021,2021-11-01,train
Onion,2021-11-01,2710.0,2830.621336459554,900.0,6700.0,853,516,20,15,0,0,0,2021,11,4,Autumn,2350.0,1990.0,2050.0,1450.0,4000.0,0.1531914893617021,0.3219512195121952,-0.3225,360.0,2130.0,1930.0,2390.0,2050.0,2020.0,2220.0,192.87301521985904,325.20762598684536,785.5513408370628,1450.0,2350.0,300.0,900.0,-1650.0,4000.0,-0.3225,1820.8231707317077,1484.5,1049.3660648689113,1646.0,1420.0,420.0,330.0,0.1685013606149457,6.74993119378857,6.248042874508429,3.044522437723423,2.772588722239781,0.0,0.0,83,6889,-0.5000000000000004,0.8660254037844384,-2.4492935982947064e-16,1.0,2100.0,7.650168700845001,-0.2250922509225091,2021-12-01,train
Onion,2021-12-01,2100.0,2290.1027027027026,600.0,6000.0,925,553,21,15,0,0,0,2021,12,4,Winter,2710.0,2350.0,1990.0,1650.0,3400.0,-0.2250922509225091,0.0552763819095476,-0.3823529411764705,-610.0,2350.0,2140.0,2282.5,2350.0,2070.0,2220.0,359.99999999999994,358.3852675543463,614.937173435405,1650.0,2710.0,720.0,1060.0,-690.0,3400.0,-0.3823529411764705,1831.5361445783133,1500.0,1047.504641654343,1450.0,1300.0,570.0,640.0,0.1674697511936197,6.83087423464618,6.317164686747284,3.091042453358316,2.772588722239781,0.0,0.0,84,7056,-2.4492935982947064e-16,1.0,-2.4492935982947064e-16,1.0,2000.0,7.601402334583733,-0.0476190476190476,2022-01-01,train
Onion,2022-01-01,2000.0,2293.035389282103,541.0,7800.0,989,577,21,17,0,0,0,2022,1,1,Winter,2100.0,2710.0,2350.0,2090.0,2500.0,-0.0476190476190476,-0.1489361702127659,-0.1999999999999999,-100.0,2386.6666666666665,2215.0,2174.1666666666665,2350.0,2095.0,2095.0,306.6485501895179,272.01102918815724,504.8214505839616,1990.0,2710.0,-250.0,10.0,-400.0,2500.0,-0.1999999999999999,1834.732142857143,1500.0,1041.5872082201677,1262.5,1100.0,-115.0,5.0,0.1228040763829152,6.897704943128636,6.359573868672378,3.091042453358316,2.8903717578961645,0.0,0.0,85,7225,0.4999999999999999,0.8660254037844387,1.0,6.123233995736766e-17,2200.0,7.696667081526462,0.1,2022-02-01,train
Onion,2022-02-01,2200.0,2502.9772151898733,500.0,45000.0,1185,665,25,17,3,0,0,2022,2,1,Winter,2000.0,2100.0,2710.0,2050.0,2950.0,0.1,-0.1881918819188192,-0.2542372881355932,200.0,2270.0,2200.0,2132.5,2100.0,2075.0,2070.0,384.31757701151264,282.55972819919066,496.0411456540842,1990.0,2710.0,-710.0,-50.0,-950.0,2950.0,-0.2542372881355932,1836.6764705882356,1500.0,1035.5238888793324,1057.8,1000.0,-200.0,-75.0,0.1284362400905412,7.078341579557671,6.501289670540389,3.258096538021482,2.8903717578961645,0.0025316455696202,0.0,86,7396,0.8660254037844386,0.5000000000000001,1.0,6.123233995736766e-17,2350.0,7.762596048540069,0.0681818181818181,2022-03-01,train
Onion,2022-03-01,2350.0,2353.2788038698327,500.0,7000.0,1137,665,23,17,0,0,0,2022,3,1,Spring,2200.0,2000.0,2100.0,1990.0,2800.0,0.0681818181818181,0.119047619047619,-0.1607142857142857,150.0,2100.0,2225.0,2070.0,2100.0,2150.0,2070.0,99.99999999999972,273.1116987607828,425.9748178643237,1990.0,2710.0,100.0,210.0,-600.0,2800.0,-0.1607142857142857,1840.9011627906975,1500.0,1030.1598157560952,1000.0,900.0,-25.0,50.0,0.1227468309037225,7.037027614686276,6.501289670540389,3.1780538303479458,2.8903717578961645,0.0,0.0,87,7569,1.0,6.123233995736766e-17,1.0,6.123233995736766e-17,1500.0,7.313886831633462,-0.3617021276595744,2022-04-01,train
Onion,2022-04-01,1500.0,1624.1758708581135,355.0,32000.0,1177,676,23,19,2,0,0,2022,4,2,Spring,2350.0,2200.0,2000.0,2350.0,1450.0,-0.3617021276595744,-0.25,0.0344827586206897,-850.0,2183.333333333333,2285.0,2032.5,2200.0,2275.0,2070.0,175.5942292142121,249.6998197836768,372.2932617269228,2000.0,2710.0,350.0,0.0,900.0,1450.0,0.0344827586206897,1846.7528735632184,1500.0,1025.6063914558715,1013.0,950.0,65.0,75.0,0.1092778204742567,7.071573364211532,6.517671272912275,3.1780538303479458,2.995732273553991,0.0016992353440951,0.0,88,7744,0.8660254037844387,-0.4999999999999998,1.2246467991473532e-16,-1.0,1200.0,7.090909822079984,-0.1999999999999999,2022-05-01,train
Onion,2022-05-01,1200.0,1299.6470588235295,300.0,4700.0,561,372,21,12,0,0,0,2022,5,2,Summer,1500.0,2350.0,2200.0,2710.0,1450.0,-0.1999999999999999,-0.4545454545454546,-0.1724137931034483,-300.0,2016.6666666666667,2143.333333333333,2036.6666666666667,2200.0,2150.0,2070.0,453.6885862938733,400.8324670815316,365.3972516524307,1500.0,2710.0,-700.0,-1210.0,50.0,1450.0,-0.1724137931034483,1842.8125,1500.0,1020.3648190058996,1230.0,1275.0,-643.3333333333335,-650.0,0.1870135927285528,6.331501849893691,5.921578419643816,3.091042453358316,2.5649493574615367,0.0,0.0,89,7921,0.4999999999999999,-0.8660254037844387,1.2246467991473532e-16,-1.0,1200.0,7.090909822079984,0.0,2022-06-01,train
Onion,2022-06-01,1200.0,1384.4877408056043,200.0,45000.0,1142,658,22,18,2,0,0,2022,6,2,Summer,1200.0,1500.0,2350.0,2100.0,1650.0,0.0,-0.4893617021276596,-0.2727272727272727,0.0,1683.3333333333333,1891.6666666666667,2015.8333333333333,1500.0,2050.0,2070.0,596.5176722724426,445.4398575191343,406.6818799936257,1200.0,2350.0,-1150.0,-900.0,-450.0,1650.0,-0.2727272727272727,1835.5898876404492,1500.0,1016.8362520186352,1700.0,1500.0,-691.6666666666667,-850.0,0.2354748145475599,7.04141166379481,6.490723534502507,3.1354942159291497,2.9444389791664403,0.0017513134851138,0.0,90,8100,1.2246467991473532e-16,-1.0,1.2246467991473532e-16,-1.0,1400.0,7.244941546337007,0.1666666666666667,2022-07-01,train
Onion,2022-07-01,1400.0,1649.6558044806518,145.0,35000.0,982,614,21,19,4,0,0,2022,7,3,Monsoon,1200.0,1200.0,1500.0,2000.0,2090.0,0.1666666666666667,-0.0666666666666666,-0.3301435406698564,200.0,1300.0,1741.6666666666667,1978.3333333333333,1200.0,1750.0,2070.0,173.20508075688738,508.3469943519548,460.6484230918066,1200.0,2350.0,-300.0,-800.0,-890.0,2090.0,-0.3301435406698564,1828.5277777777776,1500.0,1013.3247684224328,2218.0,2000.0,-541.6666666666667,-550.0,0.2918738723551893,6.890609120147166,6.421622267806518,3.091042453358316,2.995732273553991,0.0040733197556008,0.0,91,8281,-0.4999999999999997,-0.8660254037844388,-1.0,-1.8369701987210294e-16,1500.0,7.313886831633462,0.0714285714285714,2022-08-01,train
Onion,2022-08-01,1500.0,1588.710503089144,165.0,5200.0,1133,645,21,18,0,0,0,2022,8,3,Monsoon,1400.0,1200.0,1200.0,2200.0,2050.0,0.0714285714285714,0.25,-0.2682926829268293,100.0,1266.6666666666667,1641.6666666666667,1920.8333333333333,1200.0,1450.0,2025.0,115.47005383792512,506.3760131233174,487.7118809172862,1200.0,2350.0,200.0,-800.0,-650.0,2050.0,-0.2682926829268293,1823.8186813186808,1500.0,1008.680264053766,2279.5,1800.0,-241.66666666666677,-50.0,0.3084523937807009,7.033506484287697,6.470799503782602,3.091042453358316,2.9444389791664403,0.0,0.0,92,8464,-0.8660254037844385,-0.5000000000000004,-1.0,-1.8369701987210294e-16,1470.0,7.293697720601438,-0.02,2022-09-01,train
Onion,2022-09-01,1470.0,1551.010348071496,209.0,6800.0,1063,641,23,18,0,0,0,2022,9,3,Monsoon,1500.0,1400.0,1200.0,2350.0,1990.0,-0.02,0.2250000000000001,-0.2613065326633166,-30.0,1366.6666666666667,1525.0,1875.0,1400.0,1450.0,1995.0,152.75252316519462,426.3214749458433,500.1545215776259,1200.0,2350.0,300.0,-850.0,-490.0,1990.0,-0.2613065326633166,1820.2989130434785,1500.0,1003.6907032552424,2410.0,2750.0,-25.0,50.0,0.2795550655382579,6.96979066990159,6.464588303689961,3.1780538303479458,2.9444389791664403,0.0,0.0,93,8649,-1.0,-1.8369701987210294e-16,-1.0,-1.8369701987210294e-16,1450.0,7.280008252884188,-0.0136054421768707,2022-10-01,train
Onion,2022-10-01,1450.0,1663.3655589123866,200.0,7800.0,993,598,22,19,0,0,0,2022,10,4,Autumn,1470.0,1500.0,1400.0,1500.0,2350.0,-0.0136054421768707,0.0357142857142858,-0.3829787234042553,-20.0,1456.6666666666667,1378.3333333333333,1831.6666666666667,1470.0,1435.0,1750.0,51.31601439446855,142.88690166234858,511.6787581238349,1200.0,1500.0,70.0,-30.0,-880.0,2350.0,-0.3829787234042553,1816.532258064516,1500.0,998.8816431347532,2492.0,1900.0,91.66666666666674,35.0,0.1036664340960207,6.901737206656574,6.395261598115449,3.1354942159291497,2.995732273553991,0.0,0.0,94,8836,-0.8660254037844386,0.5000000000000001,-2.4492935982947064e-16,1.0,2000.0,7.601402334583733,0.3793103448275863,2022-11-01,train
Onion,2022-11-01,2000.0,2230.5302491103203,520.0,9800.0,562,537,22,14,0,0,0,2022,11,4,Autumn,1450.0,1470.0,1500.0,1200.0,2710.0,0.3793103448275863,0.3333333333333332,-0.2619926199261992,550.0,1473.3333333333333,1370.0,1756.6666666666667,1470.0,1425.0,1500.0,25.166114784235145,135.64659966250164,494.46634839690375,1200.0,1500.0,-50.0,250.0,-1260.0,2710.0,-0.2619926199261992,1812.632978723404,1500.0,994.2158204926702,2263.333333333333,1575.0,80.0,25.0,0.099012116541972,6.333279628139691,6.2878585601617845,3.1354942159291497,2.70805020110221,0.0,0.0,95,9025,-0.5000000000000004,0.8660254037844384,-2.4492935982947064e-16,1.0,1620.0,7.390798521735676,-0.1899999999999999,2022-12-01,train
Onion,2022-12-01,1620.0,2083.5009487666034,400.0,72000.0,527,495,23,17,2,1,0,2022,12,4,Winter,2000.0,1450.0,1470.0,1200.0,2100.0,-0.1899999999999999,0.1020408163265305,-0.2285714285714285,-380.0,1640.0,1503.3333333333333,1697.5,1470.0,1460.0,1500.0,311.9294792096444,265.8320271650237,404.27544615476575,1200.0,2000.0,530.0,800.0,-100.0,2100.0,-0.2285714285714285,1814.6052631578948,1500.0,989.1001226526964,1731.4166666666667,1425.0,496.66666666666674,540.0,0.1768283994445834,6.269096283706261,6.206575926724928,3.1780538303479458,2.8903717578961645,0.0037950664136622,0.0,96,9216,-2.4492935982947064e-16,1.0,-2.4492935982947064e-16,1.0,1515.0,7.323830566202317,-0.0648148148148147,2023-01-01,train
Onion,2023-01-01,1515.0,1812.41,500.0,11800.0,300,295,20,12,1,0,0,2023,1,1,Winter,1620.0,2000.0,1450.0,1400.0,2000.0,-0.0648148148148147,0.0448275862068965,-0.2425,-105.0,1690.0,1573.3333333333333,1657.5,1620.0,1485.0,1500.0,281.6025568065744,221.6002406737548,384.072081302927,1400.0,2000.0,170.0,220.0,-380.0,2000.0,-0.2425,1812.578125,1500.0,984.0810175465202,1427.0833333333333,1381.25,46.66666666666674,135.0,0.1408476105977255,5.707110264748875,5.69035945432406,3.044522437723423,2.5649493574615367,0.0033333333333333,0.0,97,9409,0.4999999999999999,0.8660254037844387,1.0,6.123233995736766e-17,1600.0,7.378383712996714,0.056105610561056,2023-02-01,train
Onion,2023-02-01,1600.0,1805.6813559322036,200.0,9140.0,590,556,23,17,0,0,0,2023,2,1,Winter,1515.0,1620.0,2000.0,1500.0,2200.0,0.056105610561056,-0.1999999999999999,-0.2727272727272727,85.0,1711.6666666666667,1592.5,1617.0833333333333,1620.0,1507.5,1500.0,255.16334637508837,208.17660771565903,370.015100019476,1450.0,2000.0,-485.0,15.0,-685.0,2200.0,-0.2727272727272727,1809.5103092783504,1500.0,979.4083433469472,1214.8333333333333,1050.0,-77.5,7.5,0.1307231445624232,6.3818160174060985,6.322565239927284,3.1780538303479458,2.8903717578961645,0.0,0.0,98,9604,0.8660254037844386,0.5000000000000001,1.0,6.123233995736766e-17,1250.0,7.131698510466912,-0.21875,2023-03-01,train
Onion,2023-03-01,1250.0,1361.0767918088736,200.0,9040.0,586,551,23,18,0,0,0,2023,3,1,Spring,1600.0,1515.0,1620.0,1470.0,2350.0,-0.21875,-0.228395061728395,-0.4680851063829787,-350.0,1578.3333333333333,1609.1666666666667,1567.0833333333333,1600.0,1557.5,1500.0,55.75242894559245,203.2342654836189,321.4346981138063,1450.0,2000.0,-20.0,130.0,-750.0,2350.0,-0.4680851063829787,1807.372448979592,1500.0,974.5765887694232,1033.3333333333333,925.0,-9.166666666666742,42.5,0.126297834583295,6.375024819828097,6.313548046277095,3.1780538303479458,2.9444389791664403,0.0,0.0,99,9801,1.0,6.123233995736766e-17,1.0,6.123233995736766e-17,1230.0,7.115582126184454,-0.016,2023-04-01,train
Onion,2023-04-01,1230.0,1353.4295010845988,300.0,5800.0,461,435,21,18,0,0,0,2023,4,2,Spring,1250.0,1600.0,1515.0,1450.0,1500.0,-0.016,-0.188118811881188,-0.18,-20.0,1455.0,1572.5,1475.4166666666667,1515.0,1557.5,1485.0,182.55136263528684,248.2287251709588,218.1060869199066,1250.0,2000.0,-265.0,-200.0,-250.0,1500.0,-0.18,1801.742424242424,1500.0,971.2083793609904,997.5,935.0,-322.5,-307.5,0.1578561050371756,6.135564891081739,6.077642243349034,3.091042453358316,2.9444389791664403,0.0,0.0,100,10000,0.8660254037844387,-0.4999999999999998,1.2246467991473532e-16,-1.0,1140.0,7.039660349862076,-0.073170731707317,2023-05-01,train
Onion,2023-05-01,1140.0,1244.0733197556008,200.0,5800.0,491,475,20,14,0,0,0,2023,5,2,Summer,1230.0,1250.0,1600.0,2000.0,1200.0,-0.073170731707317,-0.2875,-0.05,-90.0,1360.0,1535.8333333333333,1452.9166666666667,1250.0,1557.5,1460.0,208.08652046684813,283.66206420081267,228.9944256301792,1230.0,2000.0,-370.0,-770.0,30.0,1200.0,-0.05,1796.025,1500.0,967.9808239997902,1225.0,1237.5,-305.83333333333326,-327.5,0.1846958638312399,6.198478716492308,6.16541785423142,3.044522437723423,2.70805020110221,0.0,0.0,101,10201,0.4999999999999999,-0.8660254037844387,1.2246467991473532e-16,-1.0,1140.0,7.039660349862076,0.0,2023-06-01,train
Onion,2023-06-01,1140.0,1450.0294237288135,140.0,10600.0,590,558,23,17,1,0,0,2023,6,2,Summer,1140.0,1230.0,1250.0,1620.0,1200.0,0.0,-0.0879999999999999,-0.05,0.0,1206.6666666666667,1392.5,1447.9166666666667,1230.0,1382.5,1460.0,58.59465277082318,209.89878513226097,235.5791541685864,1140.0,1620.0,-110.0,-480.0,-60.0,1200.0,-0.05,1789.529702970297,1500.0,965.3383262405522,1611.6666666666667,1500.0,-252.5,-242.5,0.1507352137395051,6.3818160174060985,6.326149473155099,3.1780538303479458,2.8903717578961645,0.0016949152542372,0.0,102,10404,1.2246467991473532e-16,-1.0,1.2246467991473532e-16,-1.0,1300.0,7.170888478512505,0.1403508771929824,2023-07-01,train
Onion,2023-07-01,1300.0,1673.184366729679,300.0,12540.0,529,502,20,17,3,0,0,2023,7,3,Monsoon,1140.0,1140.0,1230.0,1515.0,1400.0,0.1403508771929824,0.056910569105691,-0.0714285714285714,160.0,1170.0,1312.5,1442.9166666666667,1140.0,1240.0,1460.0,51.96152422706638,196.92003453178376,241.8720391722285,1140.0,1600.0,-90.0,-375.0,-260.0,1400.0,-0.0714285714285714,1783.1617647058824,1500.0,962.6981528361226,2107.5,1777.5,-172.5,-100.0,0.1500343120242162,6.272877006546167,6.220590170099739,3.044522437723423,2.8903717578961645,0.0056710775047258,0.0,103,10609,-0.4999999999999997,-0.8660254037844388,-1.0,-1.8369701987210294e-16,1550.0,7.346655163176539,0.1923076923076923,2023-08-01,train
Onion,2023-08-01,1550.0,1830.7351414309485,350.0,13000.0,601,576,23,17,3,0,0,2023,8,3,Monsoon,1300.0,1140.0,1140.0,1600.0,1500.0,0.1923076923076923,0.3596491228070175,0.0333333333333334,250.0,1193.3333333333333,1276.6666666666667,1434.5833333333333,1140.0,1240.0,1460.0,92.37604307034016,170.4894913672556,245.18507233713967,1140.0,1600.0,160.0,-300.0,-200.0,1500.0,0.0333333333333334,1778.4708737864078,1500.0,959.149643360739,2407.9166666666665,2425.0,23.333333333333258,60.0,0.1335426825330983,6.400257445308821,6.3578422665081,3.1780538303479458,2.8903717578961645,0.0049916805324459,0.0,104,10816,-0.8660254037844385,-0.5000000000000004,-1.0,-1.8369701987210294e-16,2155.0,7.676009932028887,0.3903225806451613,2023-09-01,train
Potato,2015-01-01,800.0,1063.4915611814347,65.0,4000.0,474,461,21,13,0,0,0,2015,1,1,Winter,,,,,,,,,,,,,,,,,,,,,,,,,,,,,1662.5,1662.5,,,,6.163314804034641,6.135564891081739,3.091042453358316,2.6390573296152584,0.0,0.0,1,1,0.4999999999999999,0.8660254037844387,1.0,6.123233995736766e-17,625.0,6.439350371100098,-0.21875,2015-02-01,train
Potato,2015-02-01,625.0,749.6376811594203,313.0,3000.0,276,274,21,10,0,0,0,2015,2,1,Winter,800.0,,,,,-0.21875,,,-175.0,,,,,,,,,,,,,,,,,,,,1274.3333333333333,1230.0,,,,5.6240175061873385,5.616771097666572,3.091042453358316,2.3978952727983707,0.0,0.0,2,4,0.8660254037844386,0.5000000000000001,1.0,6.123233995736766e-17,570.0,6.3473892096560105,-0.0879999999999999,2015-03-01,train
Potato,2015-03-01,570.0,658.0992217898832,200.0,3000.0,257,256,21,7,0,0,0,2015,3,1,Spring,625.0,800.0,,,,-0.0879999999999999,,,-55.0,712.5,,,712.5,,,123.74368670764582,,,,,,,,,,,,,1110.0,1140.0,,,,5.552959584921617,5.54907608489522,3.091042453358316,2.079441541679836,0.0,0.0,3,9,1.0,6.123233995736766e-17,1.0,6.123233995736766e-17,550.0,6.311734809152915,-0.0350877192982456,2015-04-01,train
Potato,2015-04-01,550.0,674.1907894736842,120.0,3000.0,456,444,24,12,0,0,0,2015,4,2,Spring,570.0,625.0,800.0,,,-0.0350877192982456,-0.3125,,-20.0,665.0,665.0,,625.0,625.0,,120.10412149464314,120.10412149464314,,570.0,800.0,-230.0,,,,,665.0,625.0,120.10412149464314,1108.3333333333333,1000.0,-95.0,-55.0,0.1806077014957039,6.124683390894205,6.09807428216624,3.218875824868201,2.5649493574615367,0.0,0.0,4,16,0.8660254037844387,-0.4999999999999998,1.2246467991473532e-16,-1.0,500.0,6.2166061010848646,-0.0909090909090909,2015-05-01,train
Potato,2015-05-01,500.0,568.141689373297,16.0,2950.0,367,363,22,11,0,0,0,2015,5,2,Summer,550.0,570.0,625.0,,,-0.0909090909090909,-0.1999999999999999,,-50.0,581.6666666666666,636.25,,570.0,597.5,,38.837267325770135,113.67900715025031,,550.0,800.0,-75.0,,,,,636.25,597.5,113.67900715025031,1348.888888888889,1300.0,-86.25,-47.5,0.1786703452263266,5.908082938168931,5.8971538676367405,3.1354942159291497,2.4849066497880004,0.0,0.0,5,25,0.4999999999999999,-0.8660254037844387,1.2246467991473532e-16,-1.0,600.0,6.398594934535208,0.1999999999999999,2015-06-01,train
Potato,2015-06-01,600.0,724.075055187638,30.0,3200.0,453,441,24,11,0,0,0,2015,6,2,Summer,500.0,550.0,570.0,,,0.1999999999999999,0.0526315789473683,,100.0,540.0,609.0,,550.0,570.0,,36.05551275463986,115.77996372429904,,500.0,800.0,-70.0,,,,,609.0,570.0,115.77996372429904,1641.111111111111,1500.0,-109.0,-70.0,0.1901148829627242,6.118097198041348,6.091309882077698,3.218875824868201,2.4849066497880004,0.0,0.0,6,36,1.2246467991473532e-16,-1.0,1.2246467991473532e-16,-1.0,685.0,6.530877627725885,0.1416666666666666,2015-07-01,train
Potato,2015-07-01,685.0,812.1890756302521,13.0,3000.0,476,469,26,12,0,0,0,2015,7,3,Monsoon,600.0,500.0,550.0,800.0,,0.1416666666666666,0.2454545454545453,,85.0,550.0,607.5,607.5,550.0,585.0,585.0,49.99999999999998,103.62190888031353,103.62190888031353,500.0,800.0,50.0,-200.0,,,,607.5,585.0,103.62190888031353,2028.888888888889,1990.0,-7.5,15.0,0.1705710434243844,6.1675164908883415,6.152732694704104,3.295836866004329,2.5649493574615367,0.0,0.0,7,49,-0.4999999999999997,-0.8660254037844388,-1.0,-1.8369701987210294e-16,722.5,6.5841005460715385,0.0547445255474452,2015-08-01,train
Potato,2015-08-01,722.5,882.3398058252427,14.0,3500.0,412,403,23,13,0,0,0,2015,8,3,Monsoon,685.0,600.0,500.0,625.0,,0.0547445255474452,0.445,,37.5,595.0,588.3333333333334,618.5714285714286,600.0,585.0,600.0,92.60129588726066,63.927041748126165,99.02500886620705,500.0,685.0,185.0,60.0,,,,618.5714285714286,600.0,99.02500886620705,2256.3888888888887,2060.0,96.66666666666664,100.0,0.1086578613282597,6.023447592961033,6.001414877961151,3.1780538303479458,2.6390573296152584,0.0,0.0,8,64,-0.8660254037844385,-0.5000000000000004,-1.0,-1.8369701987210294e-16,700.0,6.55250788703459,-0.0311418685121107,2015-09-01,train
Potato,2015-09-01,700.0,844.7752808988764,14.0,3000.0,445,437,27,13,0,0,0,2015,9,3,Monsoon,722.5,685.0,600.0,570.0,,-0.0311418685121107,0.1666666666666667,,-22.5,669.1666666666666,604.5833333333334,631.5625,685.0,585.0,612.5,62.76610019216849,84.2676786595351,98.76864652162794,500.0,722.5,122.5,152.5,,,,631.5625,612.5,98.76864652162794,2762.222222222222,2750.0,117.91666666666664,137.5,0.1393814119799339,6.100318952020064,6.082218910376446,3.332204510175204,2.6390573296152584,0.0,0.0,9,81,-1.0,-1.8369701987210294e-16,-1.0,-1.8369701987210294e-16,700.0,6.55250788703459,0.0,2015-10-01,train
Potato,2015-10-01,700.0,875.8063063063063,100.0,3500.0,444,436,26,13,0,0,0,2015,10,4,Autumn,700.0,722.5,685.0,550.0,,0.0,0.0218978102189781,,0.0,702.5,626.25,639.1666666666666,700.0,642.5,625.0,18.874586088176923,90.10757459836547,95.1643315533714,500.0,722.5,15.0,150.0,,,,639.1666666666666,625.0,95.1643315533714,2597.777777777778,2100.0,73.75,57.5,0.1438843506560726,6.09807428216624,6.07993319509559,3.295836866004329,2.6390573296152584,0.0,0.0,10,100,-0.8660254037844386,0.5000000000000001,-2.4492935982947064e-16,1.0,800.0,6.68586094706836,0.1428571428571428,2015-11-01,train
Potato,2015-11-01,800.0,842.8365758754863,16.0,3000.0,257,257,21,8,0,0,0,2015,11,4,Autumn,700.0,700.0,722.5,500.0,,0.1428571428571428,0.1072664359861592,,100.0,707.5,651.25,645.25,700.0,692.5,655.0,12.99038105676665,85.40711328689197,91.76093637515064,500.0,722.5,-22.5,200.0,,,,645.25,655.0,91.76093637515064,2159.5,1865.0,48.75,7.5,0.1311433601334233,5.552959584921617,5.552959584921617,3.091042453358316,2.19722457733622,0.0,0.0,11,121,-0.5000000000000004,0.8660254037844384,-2.4492935982947064e-16,1.0,860.0,6.7580945044277305,0.0749999999999999,2015-12-01,train
Potato,2015-12-01,860.0,995.5177777777776,190.0,4000.0,450,445,26,14,0,0,0,2015,12,4,Winter,800.0,700.0,700.0,600.0,,0.0749999999999999,0.2285714285714286,,60.0,733.3333333333334,701.25,659.3181818181819,700.0,700.0,685.0,57.73502691896256,64.37682036261187,98.7679788006398,600.0,800.0,100.0,200.0,,,,659.3181818181819,685.0,98.7679788006398,1893.85,1700.0,98.75,100.0,0.0918029523887513,6.111467339502679,6.100318952020064,3.295836866004329,2.70805020110221,0.0,0.0,12,144,-2.4492935982947064e-16,1.0,-2.4492935982947064e-16,1.0,700.0,6.55250788703459,-0.1860465116279069,2016-01-01,train
Potato,2016-01-01,700.0,854.7053571428571,250.0,3728.0,448,440,25,13,0,0,0,2016,1,1,Winter,860.0,800.0,700.0,685.0,800.0,-0.1860465116279069,0.0,-0.125,-160.0,786.6666666666666,744.5833333333334,676.0416666666666,800.0,711.25,692.5,80.8290376865476,69.86445209594551,110.56393837819348,685.0,860.0,160.0,175.0,60.0,800.0,-0.125,676.0416666666666,692.5,110.56393837819348,1672.75,1713.75,115.41666666666664,148.75,0.0938302658255563,6.107022887742255,6.089044875446846,3.258096538021482,2.6390573296152584,0.0,0.0,13,169,0.4999999999999999,0.8660254037844387,1.0,6.123233995736766e-17,600.0,6.398594934535208,-0.1428571428571429,2016-02-01,train
Potato,2016-02-01,600.0,747.8112244897959,175.0,3000.0,392,384,21,11,0,0,0,2016,2,1,Winter,700.0,860.0,800.0,722.5,625.0,-0.1428571428571429,-0.25,-0.04,-100.0,786.6666666666666,747.0833333333334,667.7083333333334,800.0,711.25,692.5,80.8290376865476,67.53548450012529,103.94195459121606,700.0,860.0,-100.0,-22.5,75.0,625.0,-0.04,677.8846153846154,700.0,106.06526171932892,1326.9,1340.0,-47.08333333333337,-11.25,0.0903988638038486,5.973809611869261,5.953243334287785,3.091042453358316,2.4849066497880004,0.0,0.0,14,196,0.8660254037844386,0.5000000000000001,1.0,6.123233995736766e-17,800.0,6.68586094706836,0.3333333333333332,2016-03-01,train
Potato,2016-03-01,800.0,895.2552631578948,250.0,5850.0,380,366,25,13,0,0,0,2016,3,1,Spring,600.0,700.0,860.0,700.0,570.0,0.3333333333333332,-0.0697674418604651,0.4035087719298245,200.0,720.0,726.6666666666666,665.625,700.0,700.0,692.5,131.14877048604,90.921211313239,105.1196558472988,600.0,860.0,-260.0,-100.0,30.0,570.0,0.4035087719298245,672.3214285714286,692.5,104.00843293156146,1169.0,1170.0,-126.66666666666664,-100.0,0.1251209329998702,5.942799375126701,5.905361848054571,3.258096538021482,2.6390573296152584,0.0,0.0,15,225,1.0,6.123233995736766e-17,1.0,6.123233995736766e-17,925.0,6.83087423464618,0.15625,2016-04-01,train
Potato,2016-04-01,925.0,1035.1666666666667,225.0,6500.0,378,369,26,11,0,0,0,2016,4,2,Spring,800.0,600.0,700.0,700.0,550.0,0.15625,0.3214285714285714,0.6818181818181819,125.0,700.0,743.3333333333334,684.7916666666666,700.0,750.0,700.0,100.0,94.16297927883689,107.04957609642476,600.0,860.0,100.0,100.0,250.0,550.0,0.6818181818181819,680.8333333333334,700.0,105.50756009924234,1166.35,1070.0,56.66666666666663,50.0,0.1266766537383455,5.937536205082426,5.91350300563827,3.295836866004329,2.4849066497880004,0.0,0.0,16,256,0.8660254037844387,-0.4999999999999998,1.2246467991473532e-16,-1.0,1025.0,6.933423025730715,0.1081081081081081,2016-05-01,train
Potato,2016-05-01,1025.0,1128.2088888888889,250.0,2800.0,225,225,21,7,0,0,0,2016,5,2,Summer,925.0,800.0,600.0,800.0,500.0,0.1081081081081081,0.7083333333333333,1.0499999999999998,100.0,775.0,780.8333333333334,716.0416666666666,800.0,800.0,700.0,163.93596310755,115.77636488794532,118.27096361040324,600.0,925.0,325.0,125.0,425.0,500.0,1.0499999999999998,696.09375,700.0,118.80996293100448,1484.0,1345.0,144.16666666666663,125.0,0.1482728258970484,5.420534999272286,5.420534999272286,3.091042453358316,2.079441541679836,0.0,0.0,17,289,0.4999999999999999,-0.8660254037844387,1.2246467991473532e-16,-1.0,1285.0,7.1592919047975645,0.2536585365853658,2016-06-01,train
Potato,2016-06-01,1285.0,1375.4797441364606,120.0,5750.0,469,460,25,12,0,0,0,2016,6,2,Summer,1025.0,925.0,800.0,860.0,600.0,0.2536585365853658,0.60625,1.1416666666666666,260.0,916.6666666666666,818.3333333333334,759.7916666666666,925.0,830.0,711.25,112.73124382057236,153.5143858622594,127.80693151165248,600.0,1025.0,225.0,165.0,425.0,600.0,1.1416666666666666,715.4411764705883,700.0,139.98949540422456,1797.0,1525.0,206.66666666666663,195.0,0.1875939542105002,6.152732694704104,6.133398042996649,3.258096538021482,2.5649493574615367,0.0,0.0,18,324,1.2246467991473532e-16,-1.0,1.2246467991473532e-16,-1.0,1400.0,7.244941546337007,0.0894941634241244,2016-07-01,train
Potato,2016-07-01,1400.0,1471.9617117117118,95.0,6600.0,444,436,26,12,0,0,0,2016,7,3,Monsoon,1285.0,1025.0,925.0,700.0,685.0,0.0894941634241244,0.5135135135135136,1.0437956204379564,115.0,1078.3333333333333,889.1666666666666,816.875,1025.0,862.5,761.25,185.83146486355145,246.4836032409999,188.5082738719492,600.0,1285.0,360.0,585.0,600.0,685.0,1.0437956204379564,747.0833333333334,700.0,190.96167231703237,2246.0,1995.0,395.83333333333337,422.5,0.2772074263253982,6.09807428216624,6.07993319509559,3.295836866004329,2.5649493574615367,0.0,0.0,19,361,-0.4999999999999997,-0.8660254037844388,-1.0,-1.8369701987210294e-16,1600.0,7.378383712996714,0.1428571428571428,2016-08-01,train
Potato,2016-08-01,1600.0,1613.2875,22.0,3800.0,400,395,25,12,0,0,0,2016,8,3,Monsoon,1400.0,1285.0,1025.0,600.0,722.5,0.1428571428571428,0.5609756097560976,1.2145328719723183,200.0,1236.6666666666667,1005.8333333333334,876.4583333333334,1285.0,975.0,800.0,192.1154166987474,299.08889425498006,246.9690317661612,600.0,1400.0,375.0,800.0,677.5,722.5,1.2145328719723183,781.4473684210526,700.0,238.48962793291227,2480.75,2205.0,394.1666666666666,425.0,0.2973543273454648,5.993961427306569,5.981414211254481,3.258096538021482,2.5649493574615367,0.0,0.0,20,400,-0.8660254037844385,-0.5000000000000004,-1.0,-1.8369701987210294e-16,1500.0,7.313886831633462,-0.0625,2016-09-01,train
Potato,2016-09-01,1500.0,1529.0183908045976,120.0,4400.0,435,427,23,12,0,0,0,2016,9,3,Monsoon,1600.0,1400.0,1285.0,800.0,700.0,-0.0625,0.1673151750972763,1.1428571428571428,-100.0,1428.3333333333333,1172.5,949.5833333333334,1400.0,1155.0,830.0,159.3999163529685,306.2474489689669,317.17114919044553,800.0,1600.0,315.0,800.0,900.0,700.0,1.1428571428571428,822.375,711.25,295.6098457782701,2966.0,2825.0,427.5,445.0,0.261191854131315,6.077642243349034,6.059123195581797,3.1780538303479458,2.5649493574615367,0.0,0.0,21,441,-1.0,-1.8369701987210294e-16,-1.0,-1.8369701987210294e-16,1350.0,7.208600337960199,-0.0999999999999999,2016-10-01,train
Potato,2016-10-01,1350.0,1407.913486005089,300.0,3500.0,393,382,24,11,0,0,0,2016,10,4,Autumn,1500.0,1600.0,1400.0,925.0,700.0,-0.0999999999999999,-0.0357142857142857,0.9285714285714286,-150.0,1500.0,1289.1666666666667,1016.25,1500.0,1342.5,892.5,100.00000000000011,266.7473836172844,342.96915445720606,925.0,1600.0,100.0,575.0,800.0,700.0,0.9285714285714286,854.6428571428571,722.5,323.85402355294053,2728.0,2750.0,210.8333333333333,157.5,0.2069145832842542,5.976350909297934,5.948034989180646,3.218875824868201,2.4849066497880004,0.0,0.0,22,484,-0.8660254037844386,0.5000000000000001,-2.4492935982947064e-16,1.0,1330.0,7.193685818395112,-0.0148148148148148,2016-11-01,train
Potato,2016-11-01,1330.0,1434.0462427745665,400.0,4300.0,346,339,24,12,0,0,0,2016,11,4,Autumn,1350.0,1500.0,1600.0,1025.0,800.0,-0.0148148148148148,-0.1687499999999999,0.6625000000000001,-20.0,1483.3333333333333,1360.0,1070.4166666666667,1500.0,1375.0,975.0,125.83057392117922,198.3683442487737,339.7957831439704,1025.0,1600.0,-250.0,325.0,550.0,800.0,0.6625000000000001,877.1590909090909,761.25,333.227627990653,,,-10.0,-25.0,0.14585907665351,5.849324779946859,5.828945617610208,3.218875824868201,2.5649493574615367,0.0,0.0,23,529,-0.5000000000000004,0.8660254037844384,-2.4492935982947064e-16,1.0,850.0,6.746412128573375,-0.3609022556390977,2016-12-01,train
Potato,2016-12-01,850.0,1108.8062360801782,140.0,5500.0,449,440,24,12,0,0,0,2016,12,4,Winter,1330.0,1350.0,1500.0,1285.0,860.0,-0.3609022556390977,-0.4333333333333333,-0.0116279069767442,-480.0,1393.3333333333333,1410.8333333333333,1114.5833333333333,1350.0,1375.0,1155.0,92.91573243177574,118.25466868866808,335.8737474742915,1285.0,1600.0,-170.0,45.0,470.0,860.0,-0.0116279069767442,896.8478260869565,800.0,338.982616703095,,,-80.83333333333326,-45.0,0.0838190209252225,6.1092475827643655,6.089044875446846,3.218875824868201,2.5649493574615367,0.0,0.0,24,576,-2.4492935982947064e-16,1.0,-2.4492935982947064e-16,1.0,525.0,6.26530121273771,-0.3823529411764705,2017-01-01,train
Potato,2017-01-01,525.0,631.1464435146444,200.0,3000.0,239,238,22,10,0,0,0,2017,1,1,Winter,850.0,1330.0,1350.0,1400.0,700.0,-0.3823529411764705,-0.6111111111111112,-0.25,-325.0,1176.6666666666667,1338.3333333333333,1113.75,1330.0,1375.0,1155.0,283.0783166074953,259.6471965314986,336.5744885811108,850.0,1600.0,-500.0,-550.0,150.0,700.0,-0.25,894.8958333333334,800.0,331.6694261501256,,,-488.33333333333326,-525.0,0.1940078678940213,5.480638923341991,5.476463551931511,3.1354942159291497,2.3978952727983707,0.0,0.0,25,625,0.4999999999999999,0.8660254037844387,1.0,6.123233995736766e-17,500.0,6.2166061010848646,-0.0476190476190476,2017-02-01,train
Potato,2017-02-01,500.0,698.8863109048724,150.0,3500.0,431,419,24,14,0,0,0,2017,2,1,Winter,525.0,850.0,1330.0,1600.0,600.0,-0.0476190476190476,-0.6240601503759399,-0.1666666666666666,-25.0,901.6666666666666,1192.5,1099.1666666666667,850.0,1340.0,1155.0,404.9794233455984,416.4582812239421,359.1646452871473,525.0,1600.0,-805.0,-1075.0,-75.0,600.0,-0.1666666666666666,880.1,800.0,333.00750742288074,,,-667.5,-815.0,0.3492312630808738,6.068425588244111,6.040254711277414,3.218875824868201,2.70805020110221,0.0,0.0,26,676,0.8660254037844386,0.5000000000000001,1.0,6.123233995736766e-17,450.0,6.111467339502679,-0.0999999999999999,2017-03-01,train
Potato,2017-03-01,450.0,652.5350318471337,120.0,4300.0,471,460,24,14,0,0,0,2017,3,1,Spring,500.0,525.0,850.0,1500.0,800.0,-0.0999999999999999,-0.4705882352941176,-0.4375,-50.0,625.0,1009.1666666666666,1090.8333333333333,525.0,1090.0,1155.0,195.25624189766643,442.4976459447741,372.7040827967052,500.0,1500.0,-350.0,-1000.0,-300.0,800.0,-0.4375,865.4807692307693,761.25,334.68643476451894,,,-509.1666666666666,-590.0,0.4384782618775631,6.156978985585555,6.133398042996649,3.218875824868201,2.70805020110221,0.0,0.0,27,729,1.0,6.123233995736766e-17,1.0,6.123233995736766e-17,460.0,6.133398042996649,0.0222222222222221,2017-04-01,train
Potato,2017-04-01,460.0,649.8689320388349,100.0,4300.0,412,404,24,12,0,0,0,2017,4,2,Spring,450.0,500.0,525.0,1350.0,925.0,0.0222222222222221,-0.1238095238095238,-0.5027027027027027,10.0,491.6666666666667,834.1666666666666,1061.6666666666667,500.0,687.5,1155.0,38.18813079129905,416.4182592858611,409.4193967366989,450.0,1350.0,-75.0,-900.0,-475.0,925.0,-0.5027027027027027,850.0925925925926,722.5,337.78725772515673,,,-384.1666666666666,-237.5,0.4992027084345987,6.023447592961033,6.003887067106539,3.218875824868201,2.5649493574615367,0.0,0.0,28,784,0.8660254037844387,-0.4999999999999998,1.2246467991473532e-16,-1.0,500.0,6.2166061010848646,0.0869565217391303,2017-05-01,train
Potato,2017-05-01,500.0,618.1102150537635,110.0,3400.0,372,368,20,11,0,0,0,2017,5,2,Summer,460.0,450.0,500.0,1330.0,1025.0,0.0869565217391303,0.0,-0.5121951219512195,40.0,470.0,685.8333333333334,1022.9166666666666,460.0,512.5,1155.0,26.45751311064648,348.9758826432948,444.06929400577553,450.0,1330.0,-40.0,-870.0,-565.0,1025.0,-0.5121951219512195,836.1607142857143,711.25,339.57181789804343,,,-225.83333333333337,-52.5,0.5088348228091782,5.921578419643816,5.910796644040527,3.044522437723423,2.4849066497880004,0.0,0.0,29,841,0.4999999999999999,-0.8660254037844387,1.2246467991473532e-16,-1.0,590.0,6.3818160174060985,0.1799999999999999,2017-06-01,train
Potato,2017-06-01,590.0,784.6818181818181,70.0,4200.0,418,408,26,11,0,0,0,2017,6,2,Summer,500.0,460.0,450.0,850.0,1285.0,0.1799999999999999,0.3111111111111111,-0.5408560311284047,90.0,470.0,547.5,979.1666666666666,460.0,500.0,1067.5,26.45751311064648,150.78958850000217,469.0068488225138,450.0,850.0,50.0,-350.0,-785.0,1285.0,-0.5408560311284047,824.5689655172414,700.0,339.24553171438725,,,-47.5,0.0,0.2754147735159857,6.037870919922137,6.013715156042802,3.295836866004329,2.4849066497880004,0.0,0.0,30,900,1.2246467991473532e-16,-1.0,1.2246467991473532e-16,-1.0,600.0,6.398594934535208,0.0169491525423728,2017-07-01,train
Potato,2017-07-01,600.0,763.2452830188679,210.0,3000.0,424,415,23,12,0,0,0,2017,7,3,Monsoon,590.0,500.0,460.0,525.0,1400.0,0.0169491525423728,0.3043478260869565,-0.5714285714285714,10.0,516.6666666666666,504.1666666666667,921.25,500.0,500.0,720.0,66.58328118479417,50.439733015418064,470.7157267975498,450.0,590.0,130.0,65.0,-810.0,1400.0,-0.5714285714285714,816.75,700.0,336.0849325640049,,,85.83333333333331,90.0,0.1000457514355399,6.052089168924417,6.030685260261263,3.1780538303479458,2.5649493574615367,0.0,0.0,31,961,-0.4999999999999997,-0.8660254037844388,-1.0,-1.8369701987210294e-16,600.0,6.398594934535208,0.0,2017-08-01,train
Potato,2017-08-01,600.0,740.8371212121212,10.0,3200.0,528,518,24,12,0,0,0,2017,8,3,Monsoon,600.0,590.0,500.0,500.0,1600.0,0.0,0.1999999999999999,-0.625,0.0,563.3333333333334,516.6666666666666,854.5833333333334,590.0,500.0,595.0,55.07570547286132,64.08327915038879,453.0676165336861,450.0,600.0,100.0,100.0,-1000.0,1600.0,-0.625,809.758064516129,700.0,332.7213266125207,,,83.33333333333337,100.0,0.1240321531943008,6.270988431858299,6.251903883165888,3.218875824868201,2.5649493574615367,0.0,0.0,32,1024,-0.8660254037844385,-0.5000000000000004,-1.0,-1.8369701987210294e-16,600.0,6.398594934535208,0.0,2017-09-01,train
Potato,2017-09-01,600.0,700.92,90.0,3000.0,525,516,24,12,0,0,0,2017,9,3,Monsoon,600.0,600.0,590.0,450.0,1500.0,0.0,0.0169491525423728,-0.6,0.0,596.6666666666666,533.3333333333334,771.25,600.0,545.0,595.0,5.773502691898983,71.46094504459519,391.2458248397618,450.0,600.0,10.0,150.0,-900.0,1500.0,-0.6,803.203125,700.0,329.40454242551743,,,66.66666666666663,55.0,0.1339892719586159,6.26530121273771,6.248042874508429,3.218875824868201,2.5649493574615367,0.0,0.0,33,1089,-1.0,-1.8369701987210294e-16,-1.0,-1.8369701987210294e-16,520.0,6.255750041753367,-0.1333333333333333,2017-10-01,train
Potato,2017-10-01,520.0,607.4929577464789,150.0,3000.0,284,280,19,10,0,0,0,2017,10,4,Autumn,600.0,600.0,600.0,460.0,1350.0,-0.1333333333333333,-0.1333333333333333,-0.6148148148148148,-80.0,600.0,558.3333333333334,696.25,600.0,595.0,595.0,5.626880512812589e-06,62.10206652492858,318.31320339336486,460.0,600.0,0.0,140.0,-750.0,1350.0,-0.6148148148148148,797.0454545454545,700.0,326.14069921096655,,,41.66666666666663,5.0,0.1112275818356929,5.652489180268651,5.638354669333745,2.995732273553991,2.3978952727983707,0.0,0.0,34,1156,-0.8660254037844386,0.5000000000000001,-2.4492935982947064e-16,1.0,550.0,6.311734809152915,0.0576923076923077,2017-11-01,train
Potato,2017-11-01,550.0,662.1521739130435,100.0,3500.0,460,447,25,13,0,0,0,2017,11,4,Autumn,520.0,600.0,600.0,500.0,1330.0,0.0576923076923077,-0.0833333333333333,-0.5864661654135339,30.0,573.3333333333334,568.3333333333334,627.0833333333334,600.0,595.0,557.5,46.18802153517042,45.78937285731979,245.10163321785691,500.0,600.0,-80.0,20.0,-810.0,1330.0,-0.5864661654135339,788.8970588235294,692.5,324.6566899891695,,,-48.33333333333337,-75.0,0.080567811479155,6.133398042996649,6.104793232414985,3.258096538021482,2.6390573296152584,0.0,0.0,35,1225,-0.5000000000000004,0.8660254037844384,-2.4492935982947064e-16,1.0,600.0,6.398594934535208,0.0909090909090908,2017-12-01,train
Potato,2017-12-01,600.0,776.4297029702971,80.0,4000.0,505,490,27,12,0,0,0,2017,12,4,Winter,550.0,520.0,600.0,590.0,850.0,0.0909090909090908,0.0,-0.2941176470588235,50.0,556.6666666666666,576.6666666666666,562.0833333333334,550.0,595.0,537.5,40.41451884327422,33.86246693120059,105.3016949991656,520.0,600.0,-50.0,-40.0,-300.0,850.0,-0.2941176470588235,782.0714285714286,685.0,322.38568751203115,,,-26.66666666666663,-45.0,0.0587210409211571,6.226536669287466,6.19644412779452,3.332204510175204,2.5649493574615367,0.0,0.0,36,1296,-2.4492935982947064e-16,1.0,-2.4492935982947064e-16,1.0,500.0,6.2166061010848646,-0.1666666666666666,2018-01-01,train
Potato,2018-01-01,500.0,689.1158301158301,100.0,5000.0,518,506,22,13,0,0,0,2018,1,1,Winter,600.0,550.0,520.0,600.0,525.0,-0.1666666666666666,-0.0384615384615384,-0.0476190476190476,-100.0,556.6666666666666,578.3333333333334,541.25,550.0,600.0,537.5,40.41451884327422,34.88074922742705,56.65385327503714,520.0,600.0,80.0,0.0,75.0,525.0,-0.0476190476190476,777.0138888888889,655.0,319.1925188460744,,,21.66666666666663,0.0,0.0603125346871937,6.251903883165888,6.228511003591184,3.1354942159291497,2.6390573296152584,0.0,0.0,37,1369,0.4999999999999999,0.8660254037844387,1.0,6.123233995736766e-17,500.0,6.2166061010848646,0.0,2018-02-01,train
Potato,2018-02-01,500.0,686.1623488773748,140.0,4000.0,579,559,26,14,0,0,0,2018,2,1,Winter,500.0,600.0,550.0,600.0,500.0,0.0,-0.0909090909090909,0.0,0.0,550.0,561.6666666666666,539.1666666666666,550.0,575.0,535.0,50.00000000000035,44.90731195102477,57.7547059606956,500.0,600.0,-50.0,-100.0,0.0,500.0,0.0,769.527027027027,625.0,318.0058513164049,,,-61.66666666666663,-75.0,0.0799536711294209,6.363028103540465,6.327936783729195,3.295836866004329,2.70805020110221,0.0,0.0,38,1444,0.8660254037844386,0.5000000000000001,1.0,6.123233995736766e-17,600.0,6.398594934535208,0.1999999999999999,2018-03-01,train
Potato,2018-03-01,600.0,740.2484210526316,5.0,7000.0,475,459,23,13,0,0,0,2018,3,1,Spring,500.0,500.0,600.0,600.0,450.0,0.1999999999999999,0.0,0.3333333333333332,100.0,533.3333333333334,545.0,539.1666666666666,500.0,535.0,535.0,57.73502691896289,46.36809247747836,57.7547059606956,500.0,600.0,-100.0,-100.0,50.0,450.0,0.3333333333333332,762.4342105263158,612.5,316.7116125985362,,,-45.0,-35.0,0.0850790687660153,6.16541785423142,6.131226489483141,3.1780538303479458,2.6390573296152584,0.0,0.0,39,1521,1.0,6.123233995736766e-17,1.0,6.123233995736766e-17,800.0,6.68586094706836,0.3333333333333332,2018-04-01,train
Potato,2018-04-01,800.0,827.0305810397554,9.0,2300.0,327,318,20,9,0,0,0,2018,4,2,Spring,600.0,500.0,500.0,520.0,460.0,0.3333333333333332,0.6000000000000001,0.7391304347826086,200.0,533.3333333333334,545.0,551.6666666666666,500.0,535.0,570.0,57.73502691896256,46.36809247747836,52.71420945805996,500.0,600.0,100.0,80.0,140.0,460.0,0.7391304347826086,758.2692307692307,600.0,313.5971025257577,,,55.0,65.0,0.0850790687660153,5.793013608384144,5.765191102784844,3.044522437723423,2.302585092994046,0.0,0.0,40,1600,0.8660254037844387,-0.4999999999999998,1.2246467991473532e-16,-1.0,1000.0,6.90875477931522,0.25,2018-05-01,train
Potato,2018-05-01,1000.0,1042.2733333333333,300.0,2900.0,450,441,24,12,0,0,0,2018,5,2,Summer,800.0,600.0,500.0,550.0,500.0,0.25,1.0,1.0,200.0,633.3333333333334,591.6666666666666,580.0,600.0,575.0,595.0,152.75252316519465,111.43009766964514,82.13071621174909,500.0,800.0,300.0,250.0,300.0,500.0,1.0,759.3125,612.5,309.620832787708,,,208.33333333333337,225.0,0.1883325594416537,6.111467339502679,6.091309882077698,3.218875824868201,2.5649493574615367,0.0,0.0,41,1681,0.4999999999999999,-0.8660254037844387,1.2246467991473532e-16,-1.0,1250.0,7.131698510466912,0.25,2018-06-01,train
Potato,2018-06-01,1250.0,1308.6112185686654,300.0,3600.0,517,498,24,13,0,0,0,2018,6,2,Summer,1000.0,800.0,600.0,600.0,590.0,0.25,1.0833333333333337,1.1186440677966103,250.0,800.0,666.6666666666666,621.6666666666666,800.0,600.0,600.0,200.0,196.63841605003495,142.49933545831328,500.0,1000.0,400.0,400.0,410.0,590.0,1.1186440677966103,765.1829268292682,625.0,308.02819992854467,,,333.33333333333337,400.0,0.2949576240750525,6.249975242259483,6.212606095751519,3.218875824868201,2.6390573296152584,0.0,0.0,42,1764,1.2246467991473532e-16,-1.0,1.2246467991473532e-16,-1.0,1350.0,7.208600337960199,0.08,2018-07-01,train
Potato,2018-07-01,1350.0,1330.1056603773584,423.0,3200.0,265,257,17,11,0,0,0,2018,7,3,Monsoon,1250.0,1000.0,800.0,500.0,600.0,0.08,0.6875,1.25,100.0,1016.6666666666666,775.0,676.6666666666666,1000.0,700.0,600.0,225.4624876411447,302.90262461721915,229.7956931843173,500.0,1250.0,450.0,750.0,650.0,600.0,1.25,776.7261904761905,655.0,313.3106500642296,,,475.0,550.0,0.3908420962802827,5.583496308781699,5.552959584921617,2.8903717578961645,2.4849066497880004,0.0,0.0,43,1849,-0.4999999999999997,-0.8660254037844388,-1.0,-1.8369701987210294e-16,1310.0,7.1785454837637,-0.0296296296296296,2018-08-01,train
Potato,2018-08-01,1310.0,1394.289667896679,362.0,5010.0,542,523,24,13,0,0,0,2018,8,3,Monsoon,1350.0,1250.0,1000.0,500.0,600.0,-0.0296296296296296,0.31,1.1833333333333331,-40.0,1200.0,916.6666666666666,739.1666666666666,1250.0,900.0,600.0,180.27756377319943,344.4802848737017,298.7080768099774,500.0,1350.0,350.0,850.0,750.0,600.0,1.1833333333333331,790.0581395348837,685.0,321.66627577022246,,,433.33333333333337,450.0,0.3757966744076746,6.297109319933935,6.261491684321042,3.218875824868201,2.6390573296152584,0.0,0.0,44,1936,-0.8660254037844385,-0.5000000000000004,-1.0,-1.8369701987210294e-16,1300.0,7.170888478512505,-0.0076335877862595,2018-09-01,train
Potato,2018-09-01,1300.0,1342.2658349328217,17.5,3500.0,521,502,25,14,0,0,0,2018,9,3,Monsoon,1310.0,1350.0,1250.0,600.0,600.0,-0.0076335877862595,0.04,1.1666666666666663,-10.0,1303.3333333333333,1051.6666666666667,798.3333333333334,1310.0,1125.0,600.0,50.33222956847167,304.9863384918522,336.5556372573444,600.0,1350.0,60.0,710.0,710.0,600.0,1.1666666666666663,801.875,692.5,327.4248205029596,,,258.33333333333326,185.0,0.2900028575199862,6.257667587882639,6.220590170099739,3.258096538021482,2.70805020110221,0.0,0.0,45,2025,-1.0,-1.8369701987210294e-16,-1.0,-1.8369701987210294e-16,1285.0,7.1592919047975645,-0.0115384615384614,2018-10-01,train
Potato,2018-10-01,1285.0,1385.0787878787878,390.0,3500.0,495,477,22,13,0,0,0,2018,10,4,Autumn,1300.0,1310.0,1350.0,800.0,520.0,-0.0115384615384614,-0.0481481481481481,1.4711538461538465,-15.0,1320.0,1168.3333333333333,856.6666666666666,1310.0,1275.0,700.0,26.457513110645973,219.58293801355933,358.97159506095494,800.0,1350.0,-50.0,500.0,780.0,520.0,1.4711538461538465,812.9444444444445,700.0,332.0910373236638,,,131.66666666666674,25.0,0.1879454533639594,6.206575926724928,6.169610732491456,3.1354942159291497,2.6390573296152584,0.0,0.0,46,2116,-0.8660254037844386,0.5000000000000001,-2.4492935982947064e-16,1.0,1325.0,7.189922170745808,0.0311284046692605,2018-11-01,train
Potato,2018-11-01,1325.0,1416.167441860465,450.0,4200.0,430,418,19,11,0,0,0,2018,11,4,Autumn,1285.0,1300.0,1310.0,1000.0,550.0,0.0311284046692605,0.0114503816793893,1.4090909090909092,40.0,1298.3333333333333,1249.1666666666667,920.4166666666666,1300.0,1292.5,900.0,12.58305739211803,126.34938332523292,361.6657066039486,1000.0,1350.0,-25.0,285.0,735.0,550.0,1.4090909090909092,823.2065217391304,700.0,335.67538181481484,750.0,750.0,35.83333333333326,-7.5,0.1011469379521544,6.066108090103747,6.037870919922137,2.995732273553991,2.4849066497880004,0.0,0.0,47,2209,-0.5000000000000004,0.8660254037844384,-2.4492935982947064e-16,1.0,1050.0,6.957497370876951,-0.2075471698113207,2018-12-01,train
Potato,2018-12-01,1050.0,1168.0148975791433,210.0,4400.0,537,519,24,14,0,0,0,2018,12,4,Winter,1325.0,1285.0,1300.0,1250.0,600.0,-0.2075471698113207,-0.1923076923076923,0.75,-275.0,1303.3333333333333,1303.3333333333333,985.0,1300.0,1305.0,1125.0,20.207259421636987,34.302575219167494,358.69080126076693,1250.0,1350.0,25.0,75.0,725.0,600.0,0.75,833.8829787234042,700.0,339.9791427868256,612.5,612.5,21.666666666666742,20.0,0.0263191114213561,6.2878585601617845,6.253828811575473,3.218875824868201,2.70805020110221,0.0,0.0,48,2304,-2.4492935982947064e-16,1.0,-2.4492935982947064e-16,1.0,615.0,6.423246963533519,-0.4142857142857142,2019-01-01,train
Potato,2019-01-01,615.0,807.8800705467372,200.0,3250.0,567,550,24,14,0,0,0,2019,1,1,Winter,1050.0,1325.0,1285.0,1350.0,500.0,-0.4142857142857142,-0.5214007782101167,0.2299999999999999,-435.0,1220.0,1270.0,1022.5,1285.0,1305.0,1150.0,148.57657958103627,110.0454451578982,337.68934082835807,1050.0,1350.0,-235.0,-300.0,550.0,500.0,0.2299999999999999,838.3854166666666,700.0,337.786320465231,685.0,685.0,-220.0,-255.0,0.0866499568172426,6.342121418721152,6.311734809152915,3.218875824868201,2.70805020110221,0.0,0.0,49,2401,0.4999999999999999,0.8660254037844387,1.0,6.123233995736766e-17,600.0,6.398594934535208,-0.024390243902439,2019-02-01,train
Potato,2019-02-01,600.0,752.7748691099476,200.0,3700.0,573,555,26,14,0,0,0,2019,2,1,Winter,615.0,1050.0,1325.0,1310.0,500.0,-0.024390243902439,-0.5471698113207547,0.1999999999999999,-15.0,996.6666666666666,1147.5,1032.0833333333333,1050.0,1292.5,1150.0,357.9920855735966,280.40595571421085,322.8175556601969,615.0,1325.0,-710.0,-695.0,115.0,500.0,0.1999999999999999,833.8265306122449,700.0,335.7691349570355,737.5,737.5,-532.5,-677.5,0.2443624886398351,6.352629396319567,6.320768294250582,3.295836866004329,2.70805020110221,0.0,0.0,50,2500,0.8660254037844386,0.5000000000000001,1.0,6.123233995736766e-17,600.0,6.398594934535208,0.0,2019-03-01,train
Potato,2019-03-01,600.0,754.2613636363636,150.0,3500.0,528,511,25,13,0,0,0,2019,3,1,Spring,600.0,615.0,1050.0,1300.0,600.0,0.0,-0.4285714285714286,0.0,0.0,755.0,1029.1666666666667,1040.4166666666667,615.0,1167.5,1150.0,255.58755838264116,341.3124179789928,308.82076541501414,600.0,1325.0,-450.0,-700.0,0.0,600.0,0.0,829.15,700.0,333.96642642575887,762.5,762.5,-429.16666666666674,-567.5,0.331639596416835,6.270988431858299,6.238324625039508,3.258096538021482,2.6390573296152584,0.0,0.0,51,2601,1.0,6.123233995736766e-17,1.0,6.123233995736766e-17,650.0,6.478509642208569,0.0833333333333332,2019-04-01,train
Potato,2019-04-01,650.0,802.9039451114922,180.0,5000.0,583,565,23,13,0,0,0,2019,4,2,Spring,600.0,600.0,615.0,1285.0,800.0,0.0833333333333332,0.056910569105691,-0.1875,50.0,605.0,912.5,1040.4166666666667,600.0,832.5,1150.0,8.660254037843547,349.7534846145211,308.82076541501414,600.0,1325.0,-15.0,-685.0,-200.0,800.0,-0.1875,824.656862745098,700.0,332.16337080111765,942.5,942.5,-312.5,-232.5,0.3832914899885162,6.369900982828227,6.338594078203183,3.1780538303479458,2.6390573296152584,0.0,0.0,52,2704,0.8660254037844387,-0.4999999999999998,1.2246467991473532e-16,-1.0,750.0,6.621405651764134,0.1538461538461537,2019-05-01,train
Potato,2019-05-01,750.0,867.2176724137931,290.0,3000.0,464,458,22,13,0,0,0,2019,5,2,Summer,650.0,600.0,600.0,1325.0,1000.0,0.1538461538461537,0.25,-0.25,100.0,616.6666666666666,806.6666666666666,1027.9166666666667,600.0,632.5,1150.0,28.867513459481305,308.0854859721028,322.1833070370552,600.0,1325.0,50.0,-675.0,-350.0,1000.0,-0.25,821.2980769230769,692.5,329.781378260219,1042.5,1042.5,-156.66666666666663,17.5,0.3819241561637637,6.142037405587356,6.129050210060545,3.1354942159291497,2.6390573296152584,0.0,0.0,53,2809,0.4999999999999999,-0.8660254037844387,1.2246467991473532e-16,-1.0,870.0,6.769641976852503,0.1599999999999999,2019-06-01,train
Potato,2019-06-01,870.0,1010.9818181818182,300.0,4400.0,495,482,22,12,0,0,0,2019,6,2,Summer,750.0,650.0,600.0,1050.0,1250.0,0.1599999999999999,0.4499999999999999,-0.304,120.0,666.6666666666666,710.8333333333334,1007.0833333333334,650.0,632.5,1150.0,76.37626158259737,175.51115823977327,332.0833570966876,600.0,1050.0,150.0,-300.0,-500.0,1250.0,-0.304,819.9528301886793,700.0,326.7418156256932,1161.25,1161.25,39.16666666666663,117.5,0.2469090151087079,6.206575926724928,6.180016653652572,3.1354942159291497,2.5649493574615367,0.0,0.0,54,2916,1.2246467991473532e-16,-1.0,1.2246467991473532e-16,-1.0,920.0,6.825460036255307,0.0574712643678161,2019-07-01,train
Potato,2019-07-01,920.0,1085.4182509505704,295.0,3326.0,526,507,20,13,0,0,0,2019,7,3,Monsoon,870.0,750.0,650.0,615.0,1350.0,0.0574712643678161,0.4153846153846154,-0.3185185185185185,50.0,756.6666666666666,680.8333333333334,975.4166666666666,750.0,632.5,960.0,110.15141094572208,108.5549016243244,324.85282215274987,600.0,870.0,220.0,255.0,-480.0,1350.0,-0.3185185185185185,820.8796296296297,700.0,323.71631732972713,1100.0,1100.0,189.16666666666663,237.5,0.159444163952496,6.267200548541362,6.230481447578482,3.044522437723423,2.6390573296152584,0.0,0.0,55,3025,-0.4999999999999997,-0.8660254037844388,-1.0,-1.8369701987210294e-16,930.0,6.836259277277067,0.0108695652173913,2019-08-01,train
Potato,2019-08-01,930.0,1077.5466666666666,300.0,5000.0,525,506,24,12,0,0,0,2019,8,3,Monsoon,920.0,870.0,750.0,600.0,1310.0,0.0108695652173913,0.24,-0.2900763358778626,10.0,846.6666666666666,731.6666666666666,939.5833333333334,870.0,700.0,895.0,87.36894948054113,138.7683921743951,302.74095086944124,600.0,920.0,170.0,320.0,-390.0,1310.0,-0.2900763358778626,822.6818181818181,700.0,320.9833179528812,1025.0,1025.0,188.33333333333337,220.0,0.1896606726757108,6.26530121273771,6.228511003591184,3.218875824868201,2.5649493574615367,0.0,0.0,56,3136,-0.8660254037844385,-0.5000000000000004,-1.0,-1.8369701987210294e-16,900.0,6.803505257608338,-0.032258064516129,2019-09-01,train
Potato,2019-09-01,900.0,973.7536656891496,315.0,3250.0,341,332,19,13,0,0,0,2019,9,3,Monsoon,930.0,920.0,870.0,600.0,1300.0,-0.032258064516129,0.0344827586206897,-0.3076923076923077,-30.0,906.6666666666666,786.6666666666666,907.9166666666666,920.0,810.0,895.0,32.14550253664348,141.5156057354336,279.4512344296274,600.0,930.0,60.0,330.0,-370.0,1300.0,-0.3076923076923077,824.5982142857143,700.0,318.3750564070744,1065.0,1065.0,143.33333333333337,120.0,0.1798927191552122,5.834810737062605,5.808142489980444,2.995732273553991,2.6390573296152584,0.0,0.0,57,3249,-1.0,-1.8369701987210294e-16,-1.0,-1.8369701987210294e-16,900.0,6.803505257608338,0.0,2019-10-01,train
Potato,2019-10-01,900.0,1090.3849206349207,380.0,3800.0,504,486,26,14,0,0,0,2019,10,4,Autumn,900.0,930.0,920.0,650.0,1285.0,0.0,-0.0217391304347825,-0.2996108949416343,0.0,916.6666666666666,836.6666666666666,874.5833333333334,920.0,885.0,885.0,15.2752523165201,112.36844159579093,250.8210004015302,650.0,930.0,-20.0,250.0,-385.0,1285.0,-0.2996108949416343,825.921052631579,700.0,315.6776411472639,855.0,855.0,63.33333333333337,15.0,0.1343049102738537,6.22455842927536,6.18826412308259,3.295836866004329,2.70805020110221,0.0,0.0,58,3364,-0.8660254037844386,0.5000000000000001,-2.4492935982947064e-16,1.0,1082.5,6.987951820976414,0.2027777777777777,2019-11-01,train
Potato,2019-11-01,1082.5,1270.0421686746988,250.0,4300.0,498,483,24,13,0,0,0,2019,11,4,Autumn,900.0,900.0,930.0,750.0,1325.0,0.2027777777777777,0.163978494623656,-0.1830188679245282,182.5,910.0,878.3333333333334,842.5,900.0,900.0,885.0,17.32050807568933,66.15638039272294,215.71761844849647,750.0,930.0,-30.0,150.0,-425.0,1325.0,-0.1830188679245282,827.198275862069,711.25,313.0474424508933,675.0,700.0,21.66666666666663,0.0,0.0753203571833657,6.212606095751519,6.182084906716632,3.218875824868201,2.6390573296152584,0.0,0.0,59,3481,-0.5000000000000004,0.8660254037844384,-2.4492935982947064e-16,1.0,1200.0,7.090909822079984,0.1085450346420322,2019-12-01,train
Potato,2019-12-01,1200.0,1282.8374233128834,350.0,4000.0,326,318,20,12,0,0,0,2019,12,4,Winter,1082.5,900.0,900.0,870.0,1050.0,0.1085450346420322,0.3333333333333332,0.1428571428571428,117.5,960.8333333333334,933.75,822.2916666666666,900.0,910.0,885.0,105.36642412710668,75.72565615430454,173.66850061557167,870.0,1082.5,182.5,212.5,32.5,1050.0,0.1428571428571428,831.5254237288135,722.5,312.11183373317147,575.0,600.0,148.75,172.5,0.0810984269390142,5.7899601708972535,5.765191102784844,3.044522437723423,2.5649493574615367,0.0,0.0,60,3600,-2.4492935982947064e-16,1.0,-2.4492935982947064e-16,1.0,1500.0,7.313886831633462,0.25,2020-01-01,train
Potato,2020-01-01,1500.0,1704.6178861788617,480.0,4600.0,369,360,17,12,0,0,0,2020,1,1,Winter,1200.0,1082.5,900.0,920.0,615.0,0.25,0.6666666666666667,1.4390243902439024,300.0,1060.8333333333333,988.75,834.7916666666666,1082.5,925.0,885.0,151.16905547542902,124.37594220748616,195.56578274020248,900.0,1200.0,300.0,280.0,585.0,615.0,1.4390243902439024,837.6666666666666,736.25,313.09041400948826,606.6666666666666,570.0,211.25,275.0,0.1257910919924006,5.91350300563827,5.8888779583328805,2.8903717578961645,2.5649493574615367,0.0,0.0,61,3721,0.4999999999999999,0.8660254037844387,1.0,6.123233995736766e-17,1200.0,7.090909822079984,-0.1999999999999999,2020-02-01,train
Potato,2020-02-01,1200.0,1443.2322404371585,300.0,4500.0,366,358,18,13,0,0,0,2020,2,1,Winter,1500.0,1200.0,1082.5,930.0,600.0,-0.1999999999999999,0.1085450346420322,1.0,-300.0,1260.8333333333333,1085.4166666666667,908.5416666666666,1200.0,1006.25,900.0,215.29533978545228,235.7669223336186,261.0521942180543,900.0,1500.0,417.5,570.0,900.0,600.0,1.0,848.5245901639345,750.0,321.8437693745925,645.0,550.0,414.58333333333326,493.75,0.2172132873707042,5.905361848054571,5.883322388488279,2.9444389791664403,2.6390573296152584,0.0,0.0,62,3844,0.8660254037844386,0.5000000000000001,1.0,6.123233995736766e-17,1160.0,7.057036981697891,-0.0333333333333333,2020-03-01,train
Potato,2020-03-01,1160.0,1285.1417624521073,550.0,3600.0,261,252,14,14,0,0,0,2020,3,1,Spring,1200.0,1500.0,1200.0,900.0,600.0,-0.0333333333333333,-0.0333333333333333,0.9333333333333332,-40.0,1300.0,1130.4166666666667,958.5416666666666,1200.0,1141.25,910.0,173.2050807568878,225.7233742142504,253.9471543391849,900.0,1500.0,0.0,300.0,600.0,600.0,0.9333333333333332,854.1935483870968,775.0,322.30082621775136,675.0,500.0,69.58333333333326,58.75,0.1996815695223741,5.568344503761097,5.53338948872752,2.70805020110221,2.70805020110221,0.0,0.0,63,3969,1.0,6.123233995736766e-17,1.0,6.123233995736766e-17,1650.0,7.409136443920128,0.4224137931034482,2020-04-01,train
Potato,2020-04-01,1650.0,1751.2894736842106,700.0,6000.0,304,298,16,13,0,0,0,2020,4,2,Spring,1160.0,1200.0,1500.0,900.0,650.0,0.4224137931034482,0.1,1.5384615384615383,490.0,1286.6666666666667,1173.75,1005.2083333333334,1200.0,1180.0,925.0,185.8314648635515,195.5872567423548,232.62938319189703,900.0,1500.0,-340.0,260.0,510.0,650.0,1.5384615384615383,859.047619047619,800.0,322.0043166696948,825.0,600.0,-13.75,-20.0,0.1666345105366175,5.720311776607412,5.700443573390687,2.833213344056216,2.6390573296152584,0.0,0.0,64,4096,0.8660254037844387,-0.4999999999999998,1.2246467991473532e-16,-1.0,1600.0,7.378383712996714,-0.0303030303030302,2020-05-01,train
Potato,2020-05-01,1600.0,1733.764705882353,650.0,4000.0,306,302,17,14,0,0,0,2020,5,2,Summer,1650.0,1160.0,1200.0,1082.5,750.0,-0.0303030303030302,0.3333333333333332,1.1333333333333333,-50.0,1336.6666666666667,1298.75,1088.5416666666667,1200.0,1200.0,1006.25,272.09067116190033,223.3369091753526,269.93782603451933,1082.5,1650.0,450.0,567.5,900.0,750.0,1.1333333333333333,871.40625,800.0,334.3890647538943,895.0,685.0,351.25,450.0,0.171962971453592,5.726847747587197,5.713732805509369,2.8903717578961645,2.70805020110221,0.0,0.0,65,4225,0.4999999999999999,-0.8660254037844387,1.2246467991473532e-16,-1.0,1600.0,7.378383712996714,0.0,2020-06-01,train
Potato,2020-06-01,1600.0,1777.9888579387186,600.0,4500.0,359,354,18,13,0,0,0,2020,6,2,Summer,1600.0,1650.0,1160.0,1200.0,870.0,0.0,0.3793103448275863,0.8390804597701149,0.0,1470.0,1385.0,1159.375,1600.0,1350.0,1121.25,269.6293752542553,223.0470802319537,284.17369248401576,1160.0,1650.0,440.0,400.0,730.0,870.0,0.8390804597701149,882.6153846153846,800.0,343.85436789739254,974.1666666666666,722.5,215.0,250.0,0.1610448232721687,5.886104031450156,5.872117789475416,2.9444389791664403,2.6390573296152584,0.0,0.0,66,4356,1.2246467991473532e-16,-1.0,1.2246467991473532e-16,-1.0,1950.0,7.576097340623111,0.21875,2020-07-01,train
Potato,2020-07-01,1950.0,2034.023529411765,480.0,4100.0,340,335,20,14,0,0,0,2020,7,3,Monsoon,1600.0,1600.0,1650.0,1500.0,920.0,0.21875,0.1818181818181818,1.1195652173913042,350.0,1616.6666666666667,1451.6666666666667,1220.2083333333333,1600.0,1550.0,1180.0,28.86751345948181,216.3715939458463,294.5421299031408,1160.0,1650.0,-50.0,100.0,680.0,920.0,1.1195652173913042,893.4848484848485,800.0,352.44063296802165,933.3333333333334,700.0,148.33333333333326,50.0,0.1490504665528217,5.831882477283517,5.817111159963204,3.044522437723423,2.70805020110221,0.0,0.0,67,4489,-0.4999999999999997,-0.8660254037844388,-1.0,-1.8369701987210294e-16,2250.0,7.719129840906732,0.1538461538461537,2020-08-01,train
Potato,2020-08-01,2250.0,2280.316037735849,700.0,4200.0,212,209,18,10,0,0,0,2020,8,3,Monsoon,1950.0,1600.0,1600.0,1200.0,930.0,0.1538461538461537,0.40625,1.4193548387096775,300.0,1716.6666666666667,1526.6666666666667,1306.0416666666667,1600.0,1600.0,1200.0,202.072594216369,298.7752778706199,344.8805101595024,1160.0,1950.0,350.0,750.0,1020.0,930.0,1.4193548387096775,909.2537313432836,800.0,372.8168814166003,856.6666666666666,700.0,423.33333333333326,350.0,0.1957043304829387,5.3612921657094255,5.3471075307174685,2.9444389791664403,2.3978952727983707,0.0,0.0,68,4624,-0.8660254037844385,-0.5000000000000004,-1.0,-1.8369701987210294e-16,2400.0,7.783640596221253,0.0666666666666666,2020-09-01,train
Potato,2020-09-01,2400.0,2425.052147239264,900.0,4400.0,326,319,18,13,0,0,0,2020,9,3,Monsoon,2250.0,1950.0,1600.0,1160.0,900.0,0.0666666666666666,0.5,1.6666666666666663,150.0,1933.3333333333333,1701.6666666666667,1416.0416666666667,1950.0,1625.0,1350.0,325.3203549323856,368.5331283163917,417.0042761026301,1160.0,2250.0,650.0,1090.0,1350.0,900.0,1.6666666666666663,928.970588235294,800.0,404.16978553566736,893.3333333333334,800.0,548.3333333333333,625.0,0.2165718677667335,5.7899601708972535,5.768320995793772,2.9444389791664403,2.6390573296152584,0.0,0.0,69,4761,-1.0,-1.8369701987210294e-16,-1.0,-1.8369701987210294e-16,2680.0,7.893945138235959,0.1166666666666667,2020-10-01,train
Potato,2020-10-01,2680.0,2797.5941176470587,1100.0,4800.0,340,334,18,14,0,0,0,2020,10,4,Autumn,2400.0,2250.0,1950.0,1650.0,900.0,0.1166666666666667,0.3743589743589743,1.9777777777777776,280.0,2200.0,1908.3333333333333,1541.0416666666667,2250.0,1800.0,1550.0,229.12878474779205,351.3070831433175,469.7381503819358,1600.0,2400.0,450.0,750.0,1500.0,900.0,1.9777777777777776,950.2898550724638,800.0,438.5341844428763,770.0,850.0,491.66666666666674,600.0,0.1840910479353629,5.831882477283517,5.814130531825066,2.9444389791664403,2.70805020110221,0.0,0.0,70,4900,-0.8660254037844386,0.5000000000000001,-2.4492935982947064e-16,1.0,3060.0,8.026496938945412,0.1417910447761194,2020-11-01,train
Potato,2020-11-01,3060.0,3153.434210526316,1300.0,5200.0,228,226,16,13,0,0,0,2020,11,4,Autumn,2680.0,2400.0,2250.0,1600.0,1082.5,0.1417910447761194,0.3600000000000001,1.8267898383371823,380.0,2443.333333333333,2080.0,1689.375,2400.0,2100.0,1600.0,218.2506204649447,440.2272140611016,526.5195811346255,1600.0,2680.0,430.0,1080.0,1597.5,1082.5,1.8267898383371823,975.0,825.0,481.9403339701361,631.25,612.5,600.0,580.0,0.2116476990678373,5.43372200355424,5.424950017481403,2.833213344056216,2.6390573296152584,0.0,0.0,71,5041,-0.5000000000000004,0.8660254037844384,-2.4492935982947064e-16,1.0,3150.0,8.055475141757274,0.0294117647058822,2020-12-01,train
Potato,2020-12-01,3150.0,3320.2936288088645,1000.0,6950.0,361,351,20,14,0,0,0,2020,12,4,Winter,3060.0,2680.0,2400.0,1600.0,1200.0,0.0294117647058822,0.3125,1.625,90.0,2713.333333333333,2323.333333333333,1854.1666666666667,2680.0,2325.0,1625.0,331.2602199681291,518.407818871075,620.4024842183031,1600.0,3060.0,660.0,1460.0,1860.0,1200.0,1.625,1004.3661971830986,850.0,538.6807161797268,556.25,550.0,736.6666666666665,735.0,0.2231310554681815,5.891644211825772,5.863631175598097,3.044522437723423,2.70805020110221,0.0,0.0,72,5184,-2.4492935982947064e-16,1.0,-2.4492935982947064e-16,1.0,1200.0,7.090909822079984,-0.6190476190476191,2021-01-01,train
Potato,2021-01-01,1200.0,1549.96,700.0,4700.0,350,346,18,14,0,0,0,2021,1,1,Winter,3150.0,3060.0,2680.0,1950.0,1500.0,-0.6190476190476191,-0.5522388059701493,-0.1999999999999999,-1950.0,2963.333333333333,2581.6666666666665,2016.6666666666667,3060.0,2540.0,1800.0,249.4660965609019,469.7836381427784,685.4505264732267,1950.0,3150.0,470.0,1200.0,1650.0,1500.0,-0.1999999999999999,1034.1666666666667,855.0,591.634016820496,605.0,585.0,568.3333333333335,610.0,0.1819691303329031,5.860786223465865,5.849324779946859,2.9444389791664403,2.70805020110221,0.0,0.0,73,5329,0.4999999999999999,0.8660254037844387,1.0,6.123233995736766e-17,750.0,6.621405651764134,-0.375,2021-02-01,train
Potato,2021-02-01,750.0,1011.1640625,400.0,3700.0,384,375,19,12,0,0,0,2021,2,1,Winter,1200.0,3150.0,3060.0,2250.0,1200.0,-0.375,-0.7549019607843137,-0.375,-450.0,2470.0,2456.6666666666665,1991.6666666666667,3060.0,2540.0,1800.0,1100.7724560507495,709.8920105668644,711.0022801821677,1200.0,3150.0,-1860.0,-1050.0,0.0,1200.0,-0.375,1036.4383561643835,860.0,587.831602310592,683.75,675.0,-1256.6666666666663,-1340.0,0.2889655402578824,5.953243334287785,5.929589143389895,2.995732273553991,2.5649493574615367,0.0,0.0,74,5476,0.8660254037844386,0.5000000000000001,1.0,6.123233995736766e-17,720.0,6.580639137284949,-0.04,2021-03-01,train
Potato,2021-03-01,720.0,938.5,350.0,4000.0,392,379,19,13,0,0,0,2021,3,1,Spring,750.0,1200.0,3150.0,2400.0,1160.0,-0.04,-0.7714285714285715,-0.3793103448275862,-30.0,1700.0,2206.6666666666665,1954.1666666666667,1200.0,2540.0,1800.0,1275.7350822173073,1001.4722495739288,766.2714725845984,750.0,3150.0,-2400.0,-1650.0,-410.0,1160.0,-0.3793103448275862,1032.5675675675675,855.0,584.740308383813,756.25,750.0,-1456.6666666666663,-1790.0,0.4538393880244391,5.973809611869261,5.940171252720432,2.995732273553991,2.6390573296152584,0.0,0.0,75,5625,1.0,6.123233995736766e-17,1.0,6.123233995736766e-17,780.0,6.660575149839686,0.0833333333333332,2021-04-01,train
Potato,2021-04-01,780.0,977.2049689440994,300.0,4500.0,322,319,19,12,0,0,0,2021,4,2,Spring,720.0,750.0,1200.0,2680.0,1650.0,0.0833333333333332,-0.35,-0.5272727272727273,60.0,890.0,1926.6666666666667,1917.5,750.0,1940.0,1800.0,268.88659319497464,1159.062839826498,816.6018836395344,720.0,3150.0,-480.0,-1960.0,-930.0,1650.0,-0.5272727272727273,1028.4,850.0,581.8963116978553,931.25,925.0,-1206.6666666666667,-1220.0,0.6015897092525077,5.777652323222656,5.768320995793772,2.995732273553991,2.5649493574615367,0.0,0.0,76,5776,0.8660254037844387,-0.4999999999999998,1.2246467991473532e-16,-1.0,1000.0,6.90875477931522,0.2820512820512821,2021-05-01,train
Potato,2021-05-01,1000.0,1146.6810344827586,500.0,3600.0,232,230,17,10,0,0,0,2021,5,2,Summer,780.0,720.0,750.0,3060.0,1600.0,0.2820512820512821,0.3333333333333332,-0.375,220.0,750.0,1610.0,1845.0,750.0,990.0,1775.0,29.99999999999612,1171.5630584821288,878.7646287415488,720.0,3150.0,30.0,-2280.0,-820.0,1600.0,-0.375,1025.1315789473683,825.0,578.7058686899074,1008.75,1017.5,-830.0,-210.0,0.7276789183118813,5.4510384535657,5.442417710521793,2.8903717578961645,2.3978952727983707,0.0,0.0,77,5929,0.4999999999999999,-0.8660254037844387,1.2246467991473532e-16,-1.0,1100.0,7.00397413672268,0.1,2021-06-01,train
Potato,2021-06-01,1100.0,1241.4701086956522,350.0,4200.0,368,363,20,12,0,0,0,2021,6,2,Summer,1000.0,780.0,720.0,3150.0,1600.0,0.1,0.5277777777777777,-0.3125,100.0,833.3333333333334,1266.6666666666667,1795.0,780.0,890.0,1775.0,147.42229591663906,940.7585591780004,910.4694094007468,720.0,3150.0,280.0,-2150.0,-600.0,1600.0,-0.3125,1024.8051948051948,850.0,574.8931202488868,1058.125,1016.25,-266.66666666666674,110.0,0.7427041256668424,5.910796644040527,5.8971538676367405,3.044522437723423,2.5649493574615367,0.0,0.0,78,6084,1.2246467991473532e-16,-1.0,1.2246467991473532e-16,-1.0,1100.0,7.00397413672268,0.0,2021-07-01,train
Potato,2021-07-01,1100.0,1257.5378378378375,300.0,3500.0,370,363,21,13,0,0,0,2021,7,3,Monsoon,1100.0,1000.0,780.0,1200.0,1950.0,0.0,0.4102564102564103,-0.4358974358974359,0.0,960.0,925.0,1753.3333333333333,1000.0,890.0,1575.0,163.70705543744828,202.7560110083079,931.4049342338436,720.0,1200.0,320.0,-100.0,-850.0,1950.0,-0.4358974358974359,1025.7692307692307,855.0,571.2113051619822,1025.0,1000.0,175.0,210.0,0.219195687576549,5.916202062607435,5.8971538676367405,3.091042453358316,2.6390573296152584,0.0,0.0,79,6241,-0.4999999999999997,-0.8660254037844388,-1.0,-1.8369701987210294e-16,1050.0,6.957497370876951,-0.0454545454545454,2021-08-01,train
Potato,2021-08-01,1050.0,1190.6190476190477,500.0,3600.0,210,204,17,12,0,0,0,2021,8,3,Monsoon,1100.0,1100.0,1000.0,750.0,2250.0,-0.0454545454545454,0.05,-0.5333333333333333,-50.0,1066.6666666666667,908.3333333333334,1682.5,1100.0,890.0,1150.0,57.73502691896048,178.26010957773968,947.2747993346728,720.0,1100.0,100.0,350.0,-1150.0,2250.0,-0.5333333333333333,1026.7088607594935,860.0,567.5993282982133,963.75,992.5,191.66666666666663,210.0,0.1962496619204473,5.351858133476067,5.3230099791384085,2.8903717578961645,2.5649493574615367,0.0,0.0,80,6400,-0.8660254037844385,-0.5000000000000004,-1.0,-1.8369701987210294e-16,1060.0,6.966967138613983,0.0095238095238094,2021-09-01,train
Potato,2021-09-01,1060.0,1209.2364672364672,180.0,4000.0,351,344,20,13,0,0,0,2021,9,3,Monsoon,1050.0,1100.0,1100.0,720.0,2400.0,0.0095238095238094,-0.0363636363636363,-0.5583333333333333,10.0,1083.3333333333333,958.3333333333334,1582.5,1100.0,1025.0,1100.0,28.867513459481252,166.66333330000234,945.2573002290768,720.0,1100.0,-50.0,330.0,-1350.0,2400.0,-0.5583333333333333,1027.0,865.0,564.0014981127423,1001.25,1062.5,91.66666666666664,25.0,0.1739095651826111,5.863631175598097,5.84354441703136,3.044522437723423,2.6390573296152584,0.0,0.0,81,6561,-1.0,-1.8369701987210294e-16,-1.0,-1.8369701987210294e-16,1035.0,6.943122422819428,-0.0235849056603774,2021-10-01,train
Potato,2021-10-01,1035.0,1265.7824858757062,350.0,10000.0,354,347,19,13,1,0,0,2021,10,4,Autumn,1060.0,1050.0,1100.0,780.0,2680.0,-0.0235849056603774,-0.059090909090909,-0.6138059701492538,-25.0,1070.0,1015.0,1470.8333333333333,1060.0,1055.0,1080.0,26.45751311064585,120.95453691367224,918.6794705973184,780.0,1100.0,-40.0,280.0,-1620.0,2680.0,-0.6138059701492538,1027.4074074074074,870.0,560.477397576784,840.0,855.0,45.0,5.0,0.1191670314420416,5.872117789475416,5.8522024797744745,2.995732273553991,2.6390573296152584,0.0028248587570621,0.0,82,6724,-0.8660254037844386,0.5000000000000001,-2.4492935982947064e-16,1.0,1400.0,7.244941546337007,0.3526570048309179,2021-11-01,train
Potato,2021-11-01,1400.0,1558.9131652661065,500.0,3700.0,357,351,19,15,0,0,0,2021,11,4,Autumn,1035.0,1060.0,1050.0,1000.0,3060.0,0.3526570048309179,0.3333333333333332,-0.542483660130719,365.0,1048.3333333333333,1057.5,1333.75,1050.0,1055.0,1055.0,12.583057392117771,38.69754514178933,841.322349313594,1000.0,1100.0,-15.0,35.0,-2025.0,3060.0,-0.542483660130719,1027.5,885.0,557.0075469932228,628.0,615.0,-22.5,-20.0,0.0365934233019284,5.8805329864007,5.863631175598097,2.995732273553991,2.772588722239781,0.0,0.0,83,6889,-0.5000000000000004,0.8660254037844384,-2.4492935982947064e-16,1.0,1250.0,7.131698510466912,-0.1071428571428571,2021-12-01,train
Potato,2021-12-01,1250.0,1495.889502762431,430.0,5000.0,362,357,19,15,0,0,0,2021,12,4,Winter,1400.0,1035.0,1060.0,1100.0,3150.0,-0.1071428571428571,0.179245283018868,-0.6031746031746033,-150.0,1165.0,1124.1666666666667,1195.4166666666667,1060.0,1080.0,1055.0,203.8994850410368,137.7104450165904,645.3239437865622,1035.0,1400.0,340.0,300.0,-1750.0,3150.0,-0.6031746031746033,1031.987951807229,900.0,555.108586256777,565.0,600.0,275.83333333333326,320.0,0.1225000252186126,5.8944028342648505,5.8805329864007,2.995732273553991,2.772588722239781,0.0,0.0,84,7056,-2.4492935982947064e-16,1.0,-2.4492935982947064e-16,1.0,910.0,6.814542897259958,-0.272,2022-01-01,train
Potato,2022-01-01,910.0,1204.878243512974,250.0,8000.0,501,487,21,14,0,0,0,2022,1,1,Winter,1250.0,1400.0,1035.0,1100.0,1200.0,-0.272,-0.1207729468599033,-0.2416666666666667,-340.0,1228.3333333333333,1149.1666666666667,1037.0833333333333,1250.0,1080.0,1055.0,183.4620760084583,145.82238054107924,205.0771288756458,1035.0,1400.0,215.0,150.0,50.0,1200.0,-0.2416666666666667,1034.5833333333333,900.0,552.2669373412836,604.0,600.0,100.83333333333326,170.0,0.1268940222257397,6.218600119691729,6.190315405853148,3.091042453358316,2.70805020110221,0.0,0.0,85,7225,0.4999999999999999,0.8660254037844387,1.0,6.123233995736766e-17,860.0,6.7580945044277305,-0.0549450549450549,2022-02-01,train
Potato,2022-02-01,860.0,1066.694885361552,300.0,4300.0,567,549,25,15,0,0,0,2022,2,1,Winter,910.0,1250.0,1400.0,1050.0,750.0,-0.0549450549450549,-0.3857142857142857,0.1466666666666667,-50.0,1186.6666666666667,1117.5,1012.9166666666666,1250.0,1055.0,1042.5,251.064400768674,176.1178582654261,201.18352468842977,910.0,1400.0,-490.0,-140.0,160.0,750.0,0.1466666666666667,1033.1176470588234,900.0,549.1360782383263,677.0,650.0,-207.5,-145.0,0.1575998731681665,6.342121418721152,6.309918278226516,3.258096538021482,2.772588722239781,0.0,0.0,86,7396,0.8660254037844386,0.5000000000000001,1.0,6.123233995736766e-17,950.0,6.85751406254539,0.1046511627906976,2022-03-01,train
Potato,2022-03-01,950.0,1142.3239436619715,300.0,4300.0,497,485,22,14,0,0,0,2022,3,1,Spring,860.0,910.0,1250.0,1060.0,720.0,0.1046511627906976,-0.24,0.3194444444444444,90.0,1006.6666666666666,1085.8333333333333,1022.0833333333334,910.0,1047.5,1042.5,212.21058723196012,205.33915035050532,190.32816556164255,860.0,1400.0,-390.0,-200.0,140.0,720.0,0.3194444444444444,1031.1046511627908,900.0,546.2154020071905,755.0,750.0,-225.8333333333333,-187.5,0.1891074293327754,6.210600077024653,6.186208623900494,3.1354942159291497,2.70805020110221,0.0,0.0,87,7569,1.0,6.123233995736766e-17,1.0,6.123233995736766e-17,1000.0,6.90875477931522,0.0526315789473683,2022-04-01,train
Potato,2022-04-01,1000.0,1228.2776769509985,200.0,5200.0,551,536,23,15,0,0,0,2022,4,2,Spring,950.0,860.0,910.0,1035.0,780.0,0.0526315789473683,0.098901098901099,0.2820512820512821,50.0,906.6666666666666,1067.5,1041.25,910.0,992.5,1042.5,45.0924975282292,212.8790736545065,167.3337030661117,860.0,1400.0,40.0,-85.0,170.0,780.0,0.2820512820512821,1030.1724137931035,900.0,543.1000583835347,919.0,870.0,-117.5,-42.5,0.1994183359761185,6.313548046277095,6.285998094508865,3.1780538303479458,2.772588722239781,0.0,0.0,88,7744,0.8660254037844387,-0.4999999999999998,1.2246467991473532e-16,-1.0,1045.0,6.952728644624869,0.0449999999999999,2022-05-01,train
Potato,2022-05-01,1045.0,1268.4455445544554,200.0,4300.0,303,297,20,14,0,0,0,2022,5,2,Summer,1000.0,950.0,860.0,1400.0,1000.0,0.0449999999999999,0.2151162790697673,0.0449999999999999,45.0,936.6666666666666,1061.6666666666667,1059.5833333333333,950.0,975.0,1042.5,70.94598884597605,214.4217028816521,146.91460620085053,860.0,1400.0,140.0,-400.0,0.0,1000.0,0.0449999999999999,1029.8295454545455,905.0,539.979351916666,991.0,920.0,-61.66666666666674,25.0,0.2019670670784792,5.717027701406222,5.697093486505405,3.044522437723423,2.70805020110221,0.0,0.0,89,7921,0.4999999999999999,-0.8660254037844387,1.2246467991473532e-16,-1.0,1300.0,7.170888478512505,0.2440191387559809,2022-06-01,train
Potato,2022-06-01,1300.0,1591.3576923076923,300.0,32000.0,520,507,22,16,1,0,0,2022,6,2,Summer,1045.0,1000.0,950.0,1250.0,1100.0,0.2440191387559809,0.368421052631579,0.1818181818181818,255.0,998.3333333333334,1002.5,1063.3333333333333,1000.0,975.0,1047.5,47.52192476461112,137.6135894452322,145.82575737897264,860.0,1250.0,95.0,-205.0,-55.0,1100.0,0.1818181818181818,1030.0,910.0,536.9049295816634,1032.5,930.0,42.5,70.0,0.1372704134117029,6.255750041753367,6.230481447578482,3.1354942159291497,2.833213344056216,0.0019230769230769,0.0,90,8100,1.2246467991473532e-16,-1.0,1.2246467991473532e-16,-1.0,1400.0,7.244941546337007,0.0769230769230768,2022-07-01,train
Potato,2022-07-01,1400.0,1749.0986666666668,400.0,32000.0,375,368,21,15,1,0,0,2022,7,3,Monsoon,1300.0,1045.0,1000.0,910.0,1100.0,0.0769230769230768,0.3999999999999999,0.2727272727272727,100.0,1115.0,1010.8333333333334,1080.0,1045.0,975.0,1047.5,161.78689687363445,155.89793669791652,161.0335933332473,860.0,1300.0,300.0,390.0,200.0,1100.0,0.2727272727272727,1033.0,915.0,534.6381481321756,1000.0,900.0,289.16666666666663,325.0,0.1542271426525142,5.929589143389895,5.910796644040527,3.091042453358316,2.772588722239781,0.0026666666666666,0.0,91,8281,-0.4999999999999997,-0.8660254037844388,-1.0,-1.8369701987210294e-16,1622.5,7.392339591542901,0.1589285714285715,2022-08-01,train
Potato,2022-08-01,1622.5,1809.3475836431228,440.0,5200.0,538,529,21,15,0,0,0,2022,8,3,Monsoon,1400.0,1300.0,1045.0,860.0,1050.0,0.1589285714285715,0.5526315789473684,0.5452380952380953,222.5,1248.3333333333333,1092.5,1105.0,1300.0,1022.5,1047.5,183.05281569354068,211.0864751707242,185.8029258992623,860.0,1400.0,355.0,540.0,350.0,1050.0,0.5452380952380953,1037.032967032967,920.0,533.0497829690217,951.0,900.0,307.5,377.5,0.1932141649159947,6.289715570908998,6.272877006546167,3.091042453358316,2.772588722239781,0.0,0.0,92,8464,-0.8660254037844385,-0.5000000000000004,-1.0,-1.8369701987210294e-16,1660.0,7.415175109613295,0.0231124807395994,2022-09-01,train
Potato,2022-09-01,1660.0,1828.729678638941,420.0,4600.0,529,519,23,16,0,0,0,2022,9,3,Monsoon,1622.5,1400.0,1300.0,950.0,1060.0,0.0231124807395994,0.2769230769230768,0.5660377358490567,37.5,1440.8333333333333,1219.5833333333333,1152.7083333333333,1400.0,1172.5,1052.5,165.08205030630495,265.6050482702978,236.8770738295712,950.0,1622.5,322.5,672.5,562.5,1060.0,0.5660377358490567,1043.3967391304348,922.5,533.615413523344,1017.5,1082.5,402.91666666666674,450.0,0.2177834355479039,6.272877006546167,6.253828811575473,3.1780538303479458,2.833213344056216,0.0,0.0,93,8649,-1.0,-1.8369701987210294e-16,-1.0,-1.8369701987210294e-16,1695.0,7.436027816351848,0.0210843373493976,2022-10-01,train
Potato,2022-10-01,1695.0,1935.3483606557377,600.0,50000.0,488,474,22,14,1,1,0,2022,10,4,Autumn,1660.0,1622.5,1400.0,1000.0,1035.0,0.0210843373493976,0.2107142857142856,0.6376811594202898,35.0,1560.8333333333333,1337.9166666666667,1202.7083333333333,1622.5,1350.0,1147.5,140.5421051974582,279.2866657516377,275.6757365863449,1000.0,1660.0,260.0,660.0,625.0,1035.0,0.6376811594202898,1050.02688172043,925.0,534.5451508443956,912.0,860.0,322.08333333333326,310.0,0.2087474300230241,6.192362489474872,6.163314804034641,3.1354942159291497,2.70805020110221,0.0020491803278688,0.0,94,8836,-0.8660254037844386,0.5000000000000001,-2.4492935982947064e-16,1.0,1760.0,7.473637108496206,0.0383480825958701,2022-11-01,train
Potato,2022-11-01,1760.0,1921.405109489051,300.0,4600.0,548,537,23,16,0,0,0,2022,11,4,Autumn,1695.0,1660.0,1622.5,1045.0,1400.0,0.0383480825958701,0.0847457627118644,0.2571428571428571,65.0,1659.1666666666667,1453.75,1257.7083333333333,1660.0,1511.25,1275.0,36.25718319634628,254.0952085341243,303.59860299814267,1045.0,1695.0,72.5,650.0,295.0,1400.0,0.2571428571428571,1056.8882978723404,927.5,535.809191855311,773.3333333333334,657.5,241.25,183.75,0.1747860419839204,6.3080984415095305,6.2878585601617845,3.1780538303479458,2.833213344056216,0.0,0.0,95,9025,-0.5000000000000004,0.8660254037844384,-2.4492935982947064e-16,1.0,1450.0,7.280008252884188,-0.1761363636363636,2022-12-01,train
Potato,2022-12-01,1450.0,1715.7304832713755,210.0,42000.0,538,526,24,16,1,0,0,2022,12,4,Winter,1760.0,1695.0,1660.0,1300.0,1250.0,-0.1761363636363636,-0.1265060240963855,0.1599999999999999,-310.0,1705.0,1572.9166666666667,1287.7083333333333,1695.0,1641.25,1275.0,50.74445782546188,181.2899381285861,335.0906565484335,1300.0,1760.0,100.0,460.0,510.0,1250.0,0.1599999999999999,1064.2894736842106,930.0,537.8114712530983,670.8333333333334,600.0,187.0833333333333,118.75,0.1152571792075779,6.289715570908998,6.267200548541362,3.218875824868201,2.833213344056216,0.0018587360594795,0.0,96,9216,-2.4492935982947064e-16,1.0,-2.4492935982947064e-16,1.0,1091.0,6.9957661563048505,-0.2475862068965517,2023-01-01,train
Potato,2023-01-01,1091.0,1311.1228571428571,200.0,4600.0,350,341,19,13,0,0,0,2023,1,1,Winter,1450.0,1760.0,1695.0,1400.0,910.0,-0.2475862068965517,-0.3563421828908555,0.1989010989010988,-359.0,1635.0,1597.9166666666667,1304.375,1695.0,1641.25,1350.0,163.4778272427184,142.27101485076477,338.0057237949994,1400.0,1760.0,-245.0,50.0,540.0,910.0,0.1989010989010988,1068.3072916666667,940.0,536.4198442588539,696.6666666666666,600.0,-147.91666666666674,-191.25,0.089035315682356,5.860786223465865,5.834810737062605,2.995732273553991,2.6390573296152584,0.0,0.0,97,9409,0.4999999999999999,0.8660254037844387,1.0,6.123233995736766e-17,820.0,6.710523109452428,-0.2483959670027498,2023-02-01,train
Potato,2023-02-01,820.0,1183.716393442623,250.0,42000.0,610,591,24,15,2,0,0,2023,2,1,Winter,1091.0,1450.0,1760.0,1622.5,860.0,-0.2483959670027498,-0.5340909090909092,-0.0465116279069767,-271.0,1433.6666666666667,1546.4166666666667,1319.4583333333333,1450.0,1641.25,1350.0,334.7989446419051,246.20528358803884,322.4894260657891,1091.0,1760.0,-669.0,-531.5,231.0,860.0,-0.0465116279069767,1068.541237113402,950.0,533.6236514686984,839.1666666666666,725.0,-455.41666666666674,-550.25,0.1592101850006178,6.415096959171596,6.3835066348840055,3.218875824868201,2.772588722239781,0.0032786885245901,0.0,98,9604,0.8660254037844386,0.5000000000000001,1.0,6.123233995736766e-17,700.0,6.55250788703459,-0.1463414634146341,2023-03-01,train
Potato,2023-03-01,700.0,1023.7517123287672,140.0,32000.0,584,566,24,15,2,0,0,2023,3,1,Spring,820.0,1091.0,1450.0,1660.0,950.0,-0.1463414634146341,-0.5172413793103448,-0.2631578947368421,-120.0,1120.3333333333333,1412.6666666666667,1316.125,1091.0,1555.0,1350.0,316.0226785111053,378.8517740049093,327.8326988100646,820.0,1760.0,-630.0,-840.0,-130.0,950.0,-0.2631578947368421,1066.0051020408164,940.0,531.4592413642205,895.8333333333334,875.0,-592.6666666666667,-735.0,0.2681820014192373,6.371611847231857,6.340359303727752,3.218875824868201,2.772588722239781,0.0034246575342465,0.0,99,9801,1.0,6.123233995736766e-17,1.0,6.123233995736766e-17,770.0,6.647688373563329,0.1,2023-04-01,train
Potato,2023-04-01,770.0,1005.5,140.0,3750.0,478,471,22,14,0,0,0,2023,4,2,Spring,700.0,820.0,1091.0,1695.0,1000.0,0.1,-0.2942254812098992,-0.2299999999999999,70.0,870.3333333333334,1252.6666666666667,1295.2916666666667,820.0,1270.5,1350.0,200.3006074212791,449.6139084444199,359.61737610545083,700.0,1760.0,-391.0,-995.0,-300.0,1000.0,-0.2299999999999999,1062.3080808080808,930.0,530.0187939826761,1032.5,1060.0,-552.6666666666667,-570.5,0.3589254191945874,6.171700597410915,6.156978985585555,3.1354942159291497,2.70805020110221,0.0,0.0,100,10000,0.8660254037844387,-0.4999999999999998,1.2246467991473532e-16,-1.0,935.0,6.841615476477592,0.2142857142857142,2023-05-01,train
Potato,2023-05-01,935.0,1128.997995991984,203.0,7500.0,499,492,20,14,0,0,0,2023,5,2,Summer,770.0,700.0,820.0,1760.0,1045.0,0.2142857142857142,0.1402439024390243,-0.1052631578947368,165.0,763.3333333333334,1098.5,1276.125,770.0,955.5,1350.0,60.277137733417206,425.5508195268819,382.206163132364,700.0,1760.0,-50.0,-990.0,-275.0,1045.0,-0.1052631578947368,1059.385,927.5,528.144664979648,1150.8333333333333,1135.0,-328.5,-185.5,0.3873926440845534,6.214608098422191,6.20050917404269,3.044522437723423,2.70805020110221,0.0,0.0,101,10201,0.4999999999999999,-0.8660254037844387,1.2246467991473532e-16,-1.0,1100.0,7.00397413672268,0.1764705882352941,2023-06-01,train
Potato,2023-06-01,1100.0,1361.798598949212,250.0,13980.0,571,560,24,15,2,0,0,2023,6,2,Summer,935.0,770.0,700.0,1450.0,1300.0,0.1764705882352941,0.5714285714285714,-0.1538461538461538,165.0,801.6666666666666,961.0,1266.9583333333333,770.0,877.5,1350.0,120.65791865158852,276.10867425707784,389.5027400028099,700.0,1450.0,235.0,-515.0,-365.0,1300.0,-0.1538461538461538,1058.1534653465346,930.0,525.6430382996348,1235.4166666666667,1120.0,-26.0,57.5,0.2873139170208926,6.349138991379798,6.329720905522696,3.218875824868201,2.772588722239781,0.0035026269702276,0.0,102,10404,1.2246467991473532e-16,-1.0,1.2246467991473532e-16,-1.0,1200.0,7.090909822079984,0.0909090909090908,2023-07-01,train
Potato,2023-07-01,1200.0,1457.9583333333333,400.0,14040.0,528,518,21,15,2,0,0,2023,7,3,Monsoon,1100.0,935.0,770.0,1091.0,1400.0,0.0909090909090908,0.5584415584415585,-0.1428571428571429,100.0,935.0,902.6666666666666,1250.2916666666667,935.0,877.5,1250.0,165.00000000000006,167.9067201355202,392.2297829735966,700.0,1100.0,330.0,9.0,-300.0,1400.0,-0.1428571428571429,1058.563725490196,932.5,523.0507835157867,1233.3333333333333,1100.0,197.33333333333337,222.5,0.1860118760733237,6.270988431858299,6.251903883165888,3.091042453358316,2.772588722239781,0.0037878787878787,0.0,103,10609,-0.4999999999999997,-0.8660254037844388,-1.0,-1.8369701987210294e-16,1300.0,7.170888478512505,0.0833333333333332,2023-08-01,train
Potato,2023-08-01,1300.0,1620.7555555555557,520.0,43000.0,585,575,24,13,2,0,0,2023,8,3,Monsoon,1200.0,1100.0,935.0,820.0,1622.5,0.0833333333333332,0.3903743315508021,-0.1987673343605547,100.0,1078.3333333333333,920.8333333333334,1233.625,1100.0,877.5,1150.0,133.82202110763893,195.91877568693585,389.5299687968932,700.0,1200.0,265.0,380.0,-422.5,1622.5,-0.1987673343605547,1059.9368932038835,935.0,520.6670339037942,1239.1666666666667,1092.5,279.16666666666663,322.5,0.2127624713342289,6.373319789577012,6.356107660695892,3.218875824868201,2.6390573296152584,0.0034188034188034,0.0,104,10816,-0.8660254037844385,-0.5000000000000004,-1.0,-1.8369701987210294e-16,1250.0,7.131698510466912,-0.0384615384615384,2023-09-01,train
Rice,2015-01-01,2400.0,2571.304173354735,1260.0,9400.0,623,266,15,39,0,0,0,2015,1,1,Winter,,,,,,,,,,,,,,,,,,,,,,,,,,,,,727.7777777777778,700.0,,,,6.436150368369428,5.58724865840025,2.772588722239781,3.688879454113936,0.0,0.0,1,1,0.4999999999999999,0.8660254037844387,1.0,6.123233995736766e-17,2222.5,7.706837809950751,-0.0739583333333333,2015-02-01,train
Rice,2015-02-01,2222.5,2459.252840909091,1200.0,8100.0,352,156,13,23,0,0,0,2015,2,1,Winter,2400.0,,,,,-0.0739583333333333,,,-177.5,,,,,,,,,,,,,,,,,,,,842.7777777777778,780.0,,,,5.8664680569332965,5.056245805348308,2.6390573296152584,3.1780538303479458,0.0,0.0,2,4,0.8660254037844386,0.5000000000000001,1.0,6.123233995736766e-17,2350.0,7.762596048540069,0.0573678290213723,2015-03-01,train
Rice,2015-03-01,2350.0,2490.5045871559632,1350.0,7000.0,327,147,12,24,0,0,0,2015,3,1,Spring,2222.5,2400.0,,,,0.0573678290213723,,,127.5,2311.25,,,2311.25,,,125.5114536606122,,,,,,,,,,,,,928.3333333333334,1000.0,,,,5.793013608384144,4.997212273764115,2.5649493574615367,3.218875824868201,0.0,0.0,3,9,1.0,6.123233995736766e-17,1.0,6.123233995736766e-17,2217.5,7.704586570818964,-0.0563829787234042,2015-04-01,train
Rice,2015-04-01,2217.5,2445.99209486166,990.0,7000.0,506,241,15,28,0,0,0,2015,4,2,Spring,2350.0,2222.5,2400.0,,,-0.0563829787234042,-0.0760416666666666,,-132.5,2324.1666666666665,2324.1666666666665,,2350.0,2350.0,,91.5264078467703,91.5264078467703,,2222.5,2400.0,-50.0,,,,,2324.1666666666665,2350.0,91.5264078467703,1077.2222222222222,1100.0,25.833333333333485,0.0,0.0393803117304139,6.228511003591184,5.488937726156687,2.772588722239781,3.367295829986474,0.0,0.0,4,16,0.8660254037844387,-0.4999999999999998,1.2246467991473532e-16,-1.0,2200.0,7.696667081526462,-0.0078917700112739,2015-05-01,train
Rice,2015-05-01,2200.0,2435.4288577154307,800.0,7900.0,499,244,14,35,0,0,0,2015,5,2,Summer,2217.5,2350.0,2222.5,,,-0.0078917700112739,-0.0101237345331833,,-17.5,2263.333333333333,2297.5,,2222.5,2286.25,,75.09715928937214,91.81049322744468,,2217.5,2400.0,-5.0,,,,,2297.5,2286.25,91.81049322744468,1178.3333333333333,1200.0,-80.0,-68.75,0.0399610416659171,6.214608098422191,5.501258210544727,2.70805020110221,3.58351893845611,0.0,0.0,5,25,0.4999999999999999,-0.8660254037844387,1.2246467991473532e-16,-1.0,2240.0,7.714677473800927,0.018181818181818,2015-06-01,train
Rice,2015-06-01,2240.0,2500.4677137870854,550.0,8900.0,573,246,16,37,0,0,0,2015,6,2,Summer,2200.0,2217.5,2350.0,,,0.018181818181818,-0.0468085106382978,,40.0,2255.833333333333,2278.0,,2217.5,2222.5,,82.0187986581938,90.68144793727105,,2200.0,2400.0,-150.0,,,,,2278.0,2222.5,90.68144793727105,1265.0,1300.0,-78.0,-22.5,0.0398074837301453,6.352629396319567,5.5093883366279774,2.833213344056216,3.6375861597263857,0.0,0.0,6,36,1.2246467991473532e-16,-1.0,1.2246467991473532e-16,-1.0,2295.0,7.738923757439457,0.0245535714285713,2015-07-01,train
Rice,2015-07-01,2295.0,2529.6428571428573,325.0,8700.0,574,253,18,39,0,0,0,2015,7,3,Monsoon,2240.0,2200.0,2217.5,2400.0,,0.0245535714285713,0.0349492671927846,,55.0,2219.1666666666665,2271.6666666666665,2271.6666666666665,2217.5,2231.25,2231.25,20.05201569252694,82.5782457228698,82.5782457228698,2200.0,2400.0,22.5,-160.0,,,,2271.6666666666665,2231.25,82.5782457228698,1263.3333333333333,1250.0,-31.666666666666515,8.75,0.0363513921010432,6.354370040797351,5.537334267018537,2.9444389791664403,3.688879454113936,0.0,0.0,7,49,-0.4999999999999997,-0.8660254037844388,-1.0,-1.8369701987210294e-16,2275.0,7.730174795246222,-0.008714596949891,2015-08-01,train
Rice,2015-08-01,2275.0,2481.077092511013,410.0,8700.0,454,221,17,35,0,0,0,2015,8,3,Monsoon,2295.0,2240.0,2200.0,2222.5,,-0.008714596949891,0.0340909090909091,,-20.0,2245.0,2254.1666666666665,2275.0,2240.0,2231.25,2240.0,47.69696007084743,57.15476066494077,75.8974088270915,2200.0,2350.0,95.0,72.5,,,,2275.0,2240.0,75.8974088270915,1257.7777777777778,1155.0,40.833333333333485,63.75,0.0253551618476631,6.12029741895095,5.402677381872279,2.8903717578961645,3.58351893845611,0.0,0.0,8,64,-0.8660254037844385,-0.5000000000000004,-1.0,-1.8369701987210294e-16,2250.0,7.719129840906732,-0.0109890109890109,2015-09-01,train
Rice,2015-09-01,2250.0,2534.5270506108204,325.0,8700.0,573,244,16,39,0,0,0,2015,9,3,Monsoon,2275.0,2295.0,2240.0,2350.0,,-0.0109890109890109,0.0044642857142858,,-25.0,2270.0,2262.9166666666665,2275.0,2275.0,2257.5,2257.5,27.838821814150357,55.32668132706554,70.26734661277597,2200.0,2350.0,35.0,-75.0,,,,2275.0,2257.5,70.26734661277597,1389.7222222222222,1325.0,12.083333333333483,17.5,0.024449279172336,6.352629396319567,5.501258210544727,2.833213344056216,3.688879454113936,0.0,0.0,9,81,-1.0,-1.8369701987210294e-16,-1.0,-1.8369701987210294e-16,2277.5,7.731272610703937,0.0122222222222221,2015-10-01,train
Rice,2015-10-01,2277.5,2563.5670103092784,1300.0,8700.0,582,250,16,34,0,0,0,2015,10,4,Autumn,2250.0,2275.0,2295.0,2217.5,,0.0122222222222221,-0.0076252723311547,,27.5,2273.333333333333,2246.25,2272.222222222222,2275.0,2245.0,2250.0,22.546248764114832,35.27569985131398,66.25524088284973,2200.0,2295.0,-45.0,32.5,,,,2272.222222222222,2250.0,66.25524088284973,1290.0,1200.0,3.75,5.0,0.0157042625937958,6.368187186350492,5.525452939131784,2.833213344056216,3.555348061489413,0.0,0.0,10,100,-0.8660254037844386,0.5000000000000001,-2.4492935982947064e-16,1.0,2250.0,7.719129840906732,-0.0120746432491767,2015-11-01,train
Rice,2015-11-01,2250.0,2472.3082437275984,325.0,8700.0,279,135,12,25,0,0,0,2015,11,4,Autumn,2277.5,2250.0,2275.0,2200.0,,-0.0120746432491767,-0.0109890109890109,,-27.5,2267.5,2256.25,2272.75,2275.0,2262.5,2262.5,15.206906325746166,33.976094537188835,62.488332244241136,2200.0,2295.0,2.5,77.5,,,,2272.75,2262.5,62.488332244241136,874.1,850.0,21.25,15.0,0.0150586568585878,5.634789603169249,4.912654885736052,2.5649493574615367,3.258096538021482,0.0,0.0,11,121,-0.5000000000000004,0.8660254037844384,-2.4492935982947064e-16,1.0,2300.0,7.741099090035366,0.0222222222222221,2015-12-01,train
Rice,2015-12-01,2300.0,2537.2419928825625,1200.0,8700.0,562,251,17,38,0,0,0,2015,12,4,Winter,2250.0,2277.5,2250.0,2240.0,,0.0222222222222221,0.0222222222222221,,50.0,2259.1666666666665,2264.583333333333,2270.681818181818,2250.0,2262.5,2250.0,15.877132402715269,21.119698545828257,59.67716176531551,2240.0,2295.0,0.0,10.0,,,,2270.681818181818,2250.0,59.67716176531551,735.5,687.5,-14.583333333333483,-12.5,0.0093260858344043,6.333279628139691,5.529429087511423,2.8903717578961645,3.6635616461296463,0.0,0.0,12,144,-2.4492935982947064e-16,1.0,-2.4492935982947064e-16,1.0,2300.0,7.741099090035366,0.0,2016-01-01,train
Rice,2016-01-01,2300.0,2532.97896749522,325.0,8900.0,523,239,17,35,0,0,0,2016,1,1,Winter,2300.0,2250.0,2277.5,2295.0,2400.0,0.0,0.0098792535675082,-0.0416666666666666,0.0,2275.833333333333,2274.583333333333,2273.125,2277.5,2276.25,2262.5,25.04163200219485,21.35513209199743,57.52593288722447,2250.0,2300.0,22.5,5.0,-100.0,2400.0,-0.0416666666666666,2273.125,2262.5,57.52593288722447,757.0,710.0,25.416666666666515,23.75,0.0093885907713489,6.261491684321042,5.480638923341991,2.8903717578961645,3.58351893845611,0.0,0.0,13,169,0.4999999999999999,0.8660254037844387,1.0,6.123233995736766e-17,2290.0,7.736743682453495,-0.0043478260869564,2016-02-01,train
Rice,2016-02-01,2290.0,2505.157281553398,325.0,8900.0,515,235,15,34,0,0,0,2016,2,1,Winter,2300.0,2300.0,2250.0,2275.0,2222.5,-0.0043478260869564,0.0177777777777776,0.03037120359955,-10.0,2283.333333333333,2275.4166666666665,2264.7916666666665,2300.0,2276.25,2262.5,28.867513459481536,22.383960030938677,42.84563111987738,2250.0,2300.0,50.0,25.0,77.5,2222.5,0.03037120359955,2275.192307692308,2275.0,55.57897476472048,898.5,790.0,24.583333333333485,23.75,0.0098373016067117,6.246106765481563,5.4638318050256105,2.772588722239781,3.555348061489413,0.0,0.0,14,196,0.8660254037844386,0.5000000000000001,1.0,6.123233995736766e-17,2240.0,7.714677473800927,-0.0218340611353712,2016-03-01,train
Rice,2016-03-01,2240.0,2486.865191146881,325.0,8900.0,497,246,16,37,0,0,0,2016,3,1,Spring,2290.0,2300.0,2300.0,2250.0,2350.0,-0.0218340611353712,-0.026086956521739,-0.0468085106382978,-50.0,2296.6666666666665,2277.9166666666665,2270.4166666666665,2300.0,2283.75,2276.25,5.773502691896192,23.152573651036302,41.187395100340055,2250.0,2300.0,-10.0,40.0,-60.0,2350.0,-0.0468085106382978,2276.25,2276.25,53.54500263976376,1008.5,1000.0,12.083333333333483,6.25,0.0101639247782123,6.210600077024653,5.5093883366279774,2.833213344056216,3.6375861597263857,0.0,0.0,15,225,1.0,6.123233995736766e-17,1.0,6.123233995736766e-17,2250.0,7.719129840906732,0.0044642857142858,2016-04-01,train
Rice,2016-04-01,2250.0,2525.4,1400.0,8900.0,405,211,15,35,0,0,0,2016,4,2,Spring,2240.0,2290.0,2300.0,2277.5,2217.5,0.0044642857142858,-0.0217391304347825,0.0146561443066517,10.0,2276.6666666666665,2276.25,2261.25,2290.0,2283.75,2262.5,32.1455025366431,25.77547283756391,33.36267647863672,2240.0,2300.0,-60.0,-37.5,22.5,2217.5,0.0146561443066517,2273.833333333333,2275.0,52.43930732171195,1154.5,1175.0,-36.25,-43.75,0.0113236563811373,6.0063531596017325,5.356586274672012,2.772588722239781,3.58351893845611,0.0,0.0,16,256,0.8660254037844387,-0.4999999999999998,1.2246467991473532e-16,-1.0,2210.0,7.701200180857446,-0.0177777777777777,2016-05-01,train
Rice,2016-05-01,2210.0,2438.676470588235,1400.0,8900.0,272,130,11,24,0,0,0,2016,5,2,Summer,2250.0,2240.0,2290.0,2250.0,2200.0,-0.0177777777777777,-0.0349344978165938,0.0045454545454546,-40.0,2260.0,2271.6666666666665,2263.958333333333,2250.0,2270.0,2262.5,26.45751311064576,27.868739954771204,30.70124244845453,2240.0,2300.0,-40.0,0.0,50.0,2200.0,0.0045454545454546,2272.34375,2262.5,51.01036455139943,1277.5,1275.0,-21.666666666666515,-20.0,0.0122679706330614,5.60947179518496,4.875197323201151,2.4849066497880004,3.218875824868201,0.0,0.0,17,289,0.4999999999999999,-0.8660254037844387,1.2246467991473532e-16,-1.0,2300.0,7.741099090035366,0.0407239819004525,2016-06-01,train
Rice,2016-06-01,2300.0,2602.5181644359463,1250.0,8900.0,523,239,14,31,0,0,0,2016,6,2,Summer,2210.0,2250.0,2240.0,2300.0,2240.0,0.0407239819004525,0.0267857142857141,0.0267857142857141,90.0,2233.333333333333,2265.0,2264.7916666666665,2240.0,2270.0,2262.5,20.8166599946612,37.28270376461443,28.88964766874532,2210.0,2300.0,-30.0,-90.0,-30.0,2240.0,0.0267857142857141,2268.676470588235,2250.0,51.65327348546949,1388.5,1305.0,-55.0,-60.0,0.0164603548629644,6.261491684321042,5.480638923341991,2.70805020110221,3.4657359027997265,0.0,0.0,18,324,1.2246467991473532e-16,-1.0,1.2246467991473532e-16,-1.0,2400.0,7.783640596221253,0.0434782608695651,2016-07-01,train
Rice,2016-07-01,2400.0,2643.062977099237,1410.0,8900.0,524,236,14,35,0,0,0,2016,7,3,Monsoon,2300.0,2210.0,2250.0,2300.0,2295.0,0.0434782608695651,0.0666666666666666,0.0457516339869281,100.0,2253.333333333333,2265.0,2269.7916666666665,2250.0,2270.0,2276.25,45.09249752822883,37.28270376461443,29.39655076653888,2210.0,2300.0,50.0,0.0,5.0,2295.0,0.0457516339869281,2270.4166666666665,2262.5,50.65199897338703,1399.0,1275.0,35.0,30.0,0.0164603548629644,6.263398262591624,5.468060141135132,2.70805020110221,3.58351893845611,0.0,0.0,19,361,-0.4999999999999997,-0.8660254037844388,-1.0,-1.8369701987210294e-16,2450.0,7.804251383528112,0.0208333333333332,2016-08-01,train
Rice,2016-08-01,2450.0,3468.140926640927,1425.0,210000.0,518,231,16,34,2,2,0,2016,8,3,Monsoon,2400.0,2300.0,2210.0,2290.0,2275.0,0.0208333333333332,0.1085972850678733,0.0769230769230768,50.0,2303.333333333333,2281.6666666666665,2278.5416666666665,2300.0,2270.0,2276.25,95.04384952922156,66.75827039900499,47.583160855177525,2210.0,2400.0,190.0,110.0,125.0,2275.0,0.0769230769230768,2277.236842105264,2275.0,57.50540274643108,1382.0,1220.0,118.33333333333348,130.0,0.0292585553246186,6.251903883165888,5.44673737166631,2.833213344056216,3.555348061489413,0.0038610038610038,0.0,20,400,-0.8660254037844385,-0.5000000000000004,-1.0,-1.8369701987210294e-16,2420.0,7.791935956938058,-0.0122448979591837,2016-09-01,train
Rice,2016-09-01,2420.0,2696.003898635477,1110.0,8900.0,513,235,14,33,0,0,0,2016,9,3,Monsoon,2450.0,2400.0,2300.0,2240.0,2250.0,-0.0122448979591837,0.0521739130434781,0.0755555555555556,-30.0,2383.333333333333,2308.333333333333,2293.125,2400.0,2275.0,2283.75,76.37626158259708,96.21157241551902,68.58244043750302,2210.0,2450.0,150.0,210.0,200.0,2250.0,0.0755555555555556,2285.875,2276.25,68.00868268870263,1522.75,1327.5,141.66666666666652,175.0,0.04168010357351,6.2422232654551655,5.4638318050256105,2.70805020110221,3.5263605246161616,0.0,0.0,21,441,-1.0,-1.8369701987210294e-16,-1.0,-1.8369701987210294e-16,2500.0,7.824445930877619,0.0330578512396693,2016-10-01,train
Rice,2016-10-01,2500.0,2741.0614525139663,1500.0,8900.0,358,188,13,33,0,0,0,2016,10,4,Autumn,2420.0,2450.0,2400.0,2250.0,2277.5,0.0330578512396693,0.0416666666666667,0.0976948408342481,80.0,2423.333333333333,2338.333333333333,2307.2916666666665,2420.0,2350.0,2295.0,25.166114784234864,98.6745492346768,76.01927337354951,2210.0,2450.0,20.0,170.0,142.5,2277.5,0.0976948408342481,2292.2619047619046,2277.5,72.46078578231464,1397.0,1200.0,81.66666666666652,70.0,0.0421986668145446,5.883322388488279,5.241747015059643,2.6390573296152584,3.5263605246161616,0.0,0.0,22,484,-0.8660254037844386,0.5000000000000001,-2.4492935982947064e-16,1.0,2480.0,7.816416983691801,-0.008,2016-11-01,train
Rice,2016-11-01,2480.0,2728.356818181818,1625.0,12350.0,440,208,14,35,1,0,0,2016,11,4,Autumn,2500.0,2420.0,2450.0,2210.0,2250.0,-0.008,0.0122448979591835,0.1022222222222222,-20.0,2456.6666666666665,2380.0,2325.833333333333,2450.0,2410.0,2300.0,40.41451884327323,106.39548862616304,93.2697294101493,2210.0,2500.0,50.0,290.0,250.0,2250.0,0.1022222222222222,2301.704545454545,2283.75,83.43940759772786,,,120.0,90.0,0.0447039868177155,6.089044875446846,5.342334251964811,2.70805020110221,3.58351893845611,0.0022727272727272,0.0,23,529,-0.5000000000000004,0.8660254037844384,-2.4492935982947064e-16,1.0,2500.0,7.824445930877619,0.0080645161290322,2016-12-01,train
Rice,2016-12-01,2500.0,2712.816631130064,1500.0,8900.0,469,217,14,35,0,0,0,2016,12,4,Winter,2480.0,2500.0,2420.0,2300.0,2300.0,0.0080645161290322,0.0330578512396693,0.0869565217391303,20.0,2466.6666666666665,2425.0,2345.0,2480.0,2435.0,2300.0,41.633319989322125,71.48426400264596,99.68131036640564,2300.0,2500.0,60.0,180.0,180.0,2300.0,0.0869565217391303,2309.4565217391305,2290.0,89.59808148355425,,,55.0,45.0,0.0294780470114003,6.152732694704104,5.384495062789089,2.70805020110221,3.58351893845611,0.0,0.0,24,576,-2.4492935982947064e-16,1.0,-2.4492935982947064e-16,1.0,2400.0,7.783640596221253,-0.04,2017-01-01,train
Rice,2017-01-01,2400.0,2593.742063492064,1397.0,8900.0,252,121,12,24,0,0,0,2017,1,1,Winter,2500.0,2480.0,2500.0,2400.0,2300.0,-0.04,-0.04,0.0434782608695651,-100.0,2493.333333333333,2458.333333333333,2361.6666666666665,2500.0,2465.0,2350.0,11.5470053837908,42.15052391924269,107.85793124908982,2400.0,2500.0,0.0,100.0,200.0,2300.0,0.0434782608695651,2317.395833333333,2292.5,95.87264867777874,,,41.66666666666652,35.0,0.0171459758315563,5.53338948872752,4.804021044733257,2.5649493574615367,3.218875824868201,0.0,0.0,25,625,0.4999999999999999,0.8660254037844387,1.0,6.123233995736766e-17,2400.0,7.783640596221253,0.0,2017-02-01,train
Rice,2017-02-01,2400.0,2675.568047337278,1500.0,8900.0,507,224,14,36,0,0,0,2017,2,1,Winter,2400.0,2500.0,2480.0,2450.0,2290.0,0.0,-0.032258064516129,0.0480349344978165,0.0,2460.0,2458.333333333333,2370.0,2480.0,2465.0,2400.0,52.91502622129144,42.15052391924269,106.5150437518316,2400.0,2500.0,-80.0,-50.0,110.0,2290.0,0.0480349344978165,2320.7,2295.0,95.29701376923292,,,-58.333333333333485,-65.0,0.0171459758315563,6.230481447578482,5.41610040220442,2.70805020110221,3.610917912644224,0.0,0.0,26,676,0.8660254037844386,0.5000000000000001,1.0,6.123233995736766e-17,2400.0,7.783640596221253,0.0,2017-03-01,train
Rice,2017-03-01,2400.0,2652.2046332046334,1225.0,8900.0,518,234,14,30,0,0,0,2017,3,1,Spring,2400.0,2400.0,2500.0,2420.0,2240.0,0.0,-0.04,0.0714285714285714,0.0,2433.333333333333,2450.0,2379.1666666666665,2400.0,2450.0,2400.0,57.73502691896227,48.579831205964304,103.70047193136554,2400.0,2500.0,-100.0,-20.0,160.0,2240.0,0.0714285714285714,2323.75,2297.5,94.6579368040527,,,-50.0,-50.0,0.0198285025330466,6.251903883165888,5.459585514144159,2.70805020110221,3.4339872044851463,0.0,0.0,27,729,1.0,6.123233995736766e-17,1.0,6.123233995736766e-17,2380.0,7.7752758464868625,-0.0083333333333333,2017-04-01,train
Rice,2017-04-01,2380.0,2615.025761124122,1700.0,8900.0,427,200,13,28,0,0,0,2017,4,2,Spring,2400.0,2400.0,2400.0,2500.0,2250.0,-0.0083333333333333,-0.0083333333333333,0.0577777777777777,-20.0,2400.0,2446.6666666666665,2392.5,2400.0,2440.0,2400.0,0.0,51.639777949432045,94.014022164975,2400.0,2500.0,0.0,-100.0,150.0,2250.0,0.0577777777777777,2326.574074074074,2300.0,93.97255160865052,,,-46.66666666666652,-40.0,0.0211061762736098,6.059123195581797,5.303304908059076,2.6390573296152584,3.367295829986474,0.0,0.0,28,784,0.8660254037844387,-0.4999999999999998,1.2246467991473532e-16,-1.0,2450.0,7.804251383528112,0.0294117647058822,2017-05-01,train
Rice,2017-05-01,2450.0,2684.8480176211456,1420.0,8700.0,454,222,14,32,0,0,0,2017,5,2,Summer,2380.0,2400.0,2400.0,2480.0,2210.0,0.0294117647058822,0.0208333333333332,0.1085972850678733,70.0,2393.333333333333,2426.6666666666665,2403.333333333333,2400.0,2400.0,2400.0,11.54700538379258,50.06662228138268,82.93845838203123,2380.0,2500.0,-20.0,-100.0,170.0,2210.0,0.1085972850678733,2328.4821428571427,2300.0,92.76698029080802,,,-46.66666666666652,-20.0,0.0206318498412291,6.12029741895095,5.407171771460119,2.70805020110221,3.49650756146648,0.0,0.0,29,841,0.4999999999999999,-0.8660254037844387,1.2246467991473532e-16,-1.0,2480.0,7.816416983691801,0.0122448979591835,2017-06-01,train
Rice,2017-06-01,2480.0,2734.162523900573,1100.0,8100.0,523,233,14,36,0,0,0,2017,6,2,Summer,2450.0,2380.0,2400.0,2500.0,2300.0,0.0122448979591835,0.0333333333333334,0.0782608695652173,30.0,2410.0,2421.6666666666665,2423.333333333333,2400.0,2400.0,2410.0,36.05551275463993,44.907311951024674,56.94228870026462,2380.0,2500.0,50.0,-50.0,150.0,2300.0,0.0782608695652173,2332.6724137931037,2300.0,93.84859347660452,,,28.333333333333485,50.0,0.0185439691470163,6.261491684321042,5.455321115357702,2.70805020110221,3.610917912644224,0.0,0.0,30,900,1.2246467991473532e-16,-1.0,1.2246467991473532e-16,-1.0,2500.0,7.824445930877619,0.0080645161290322,2017-07-01,train
Rice,2017-07-01,2500.0,2734.364653243848,1428.0,8400.0,447,217,13,32,0,0,0,2017,7,3,Monsoon,2480.0,2450.0,2380.0,2400.0,2400.0,0.0080645161290322,0.0504201680672269,0.0416666666666667,20.0,2436.6666666666665,2418.333333333333,2438.333333333333,2450.0,2400.0,2435.0,51.31601439446891,38.16630276391255,43.65845400447255,2380.0,2480.0,100.0,80.0,80.0,2400.0,0.0416666666666667,2337.583333333333,2300.0,96.05916669296668,,,61.66666666666652,80.0,0.0157820686825275,6.104793232414985,5.384495062789089,2.6390573296152584,3.49650756146648,0.0,0.0,31,961,-0.4999999999999997,-0.8660254037844388,-1.0,-1.8369701987210294e-16,2517.5,7.831418765185705,0.0069999999999998,2017-08-01,train
Rice,2017-08-01,2517.5,2730.998148148148,1150.0,8900.0,540,240,14,32,0,0,0,2017,8,3,Monsoon,2500.0,2480.0,2450.0,2400.0,2450.0,0.0069999999999998,0.0275510204081632,0.0275510204081632,17.5,2476.6666666666665,2435.0,2446.6666666666665,2480.0,2425.0,2450.0,25.16611478423616,48.88762624632098,45.193188009082505,2380.0,2500.0,50.0,100.0,50.0,2450.0,0.0275510204081632,2342.822580645161,2300.0,98.84698177714708,,,65.0,75.0,0.0200770538999264,6.293419278846481,5.484796933490655,2.70805020110221,3.49650756146648,0.0,0.0,32,1024,-0.8660254037844385,-0.5000000000000004,-1.0,-1.8369701987210294e-16,2500.0,7.824445930877619,-0.0069513406156901,2017-09-01,train
Rice,2017-09-01,2500.0,2696.9478417266187,1200.0,6850.0,556,250,14,32,0,0,0,2017,9,3,Monsoon,2517.5,2500.0,2480.0,2400.0,2420.0,-0.0069513406156901,0.0080645161290322,0.0330578512396693,-17.5,2499.1666666666665,2454.583333333333,2452.2916666666665,2500.0,2465.0,2465.0,18.763883748663407,55.190956384779525,49.628830666593046,2380.0,2517.5,37.5,117.5,97.5,2420.0,0.0330578512396693,2348.28125,2325.0,102.02473905397795,,,62.91666666666652,52.5,0.0224848574645172,6.322565239927284,5.525452939131784,2.70805020110221,3.49650756146648,0.0,0.0,33,1089,-1.0,-1.8369701987210294e-16,-1.0,-1.8369701987210294e-16,2575.0,7.853993087224244,0.03,2017-10-01,train
Rice,2017-10-01,2575.0,2670.5,1600.0,4800.0,248,131,11,22,0,0,0,2017,10,4,Autumn,2500.0,2517.5,2500.0,2380.0,2500.0,0.03,0.03,0.03,75.0,2505.833333333333,2471.25,2458.958333333333,2500.0,2490.0,2480.0,10.103629710819652,50.29289214193162,50.26586512703951,2380.0,2517.5,0.0,120.0,0.0,2500.0,0.03,2352.878787878788,2350.0,103.83302628973544,,,28.75,10.0,0.0203511956062444,5.517452896464707,4.882801922586371,2.4849066497880004,3.1354942159291497,0.0,0.0,34,1156,-0.8660254037844386,0.5000000000000001,-2.4492935982947064e-16,1.0,2600.0,7.8636512654486515,0.0097087378640776,2017-11-01,train
Rice,2017-11-01,2600.0,2749.8249496981894,1200.0,7500.0,497,241,15,31,0,0,0,2017,11,4,Autumn,2575.0,2500.0,2517.5,2450.0,2480.0,0.0097087378640776,0.0327706057596821,0.0483870967741935,25.0,2530.833333333333,2503.75,2465.208333333333,2517.5,2500.0,2480.0,39.23752455664541,41.82553048079566,59.62437662465592,2450.0,2575.0,57.5,125.0,95.0,2480.0,0.0483870967741935,2359.4117647058824,2365.0,109.11326271275088,,,71.25,75.0,0.0167051544606273,6.210600077024653,5.488937726156687,2.772588722239781,3.4657359027997265,0.0,0.0,35,1225,-0.5000000000000004,0.8660254037844384,-2.4492935982947064e-16,1.0,2600.0,7.8636512654486515,0.0,2017-12-01,train
Rice,2017-12-01,2600.0,2777.6692307692306,1285.0,9100.0,520,248,14,36,0,0,0,2017,12,4,Winter,2600.0,2575.0,2500.0,2480.0,2500.0,0.0,0.04,0.04,0.0,2558.333333333333,2528.75,2475.208333333333,2575.0,2508.75,2490.0,52.04164998665344,47.6904078405707,71.25863849812235,2480.0,2600.0,100.0,120.0,100.0,2500.0,0.04,2366.285714285714,2380.0,114.93183950103854,,,71.25,91.25,0.0188592814001268,6.255750041753367,5.517452896464707,2.70805020110221,3.610917912644224,0.0,0.0,36,1296,-2.4492935982947064e-16,1.0,-2.4492935982947064e-16,1.0,2575.0,7.853993087224244,-0.0096153846153845,2018-01-01,train
Rice,2018-01-01,2575.0,2721.739047619048,1340.0,5700.0,525,245,13,34,0,0,0,2018,1,1,Winter,2600.0,2600.0,2575.0,2500.0,2400.0,-0.0096153846153845,0.0,0.0729166666666667,-25.0,2591.6666666666665,2548.75,2483.5416666666665,2600.0,2546.25,2490.0,14.433756729740882,48.315370225218885,79.76142218953343,2500.0,2600.0,25.0,100.0,200.0,2400.0,0.0729166666666667,2372.777777777778,2390.0,119.7881728268964,,,51.25,53.75,0.0189564964100907,6.26530121273771,5.5053315359323625,2.6390573296152584,3.555348061489413,0.0,0.0,37,1369,0.4999999999999999,0.8660254037844387,1.0,6.123233995736766e-17,2600.0,7.8636512654486515,0.0097087378640776,2018-02-01,train
Rice,2018-02-01,2600.0,2766.201086956521,1200.0,9000.0,552,240,14,32,0,0,0,2018,2,1,Winter,2575.0,2600.0,2600.0,2517.5,2400.0,0.0097087378640776,0.0,0.0833333333333332,25.0,2591.6666666666665,2561.25,2498.125,2600.0,2575.0,2500.0,14.433756729740578,42.5367488179335,79.09376627545556,2500.0,2600.0,-25.0,57.5,175.0,2400.0,0.0833333333333332,2378.243243243244,2400.0,122.70230582941753,,,13.75,0.0,0.016607808225645,6.315358001522335,5.484796933490655,2.70805020110221,3.49650756146648,0.0,0.0,38,1444,0.8660254037844386,0.5000000000000001,1.0,6.123233995736766e-17,2625.0,7.873217054862741,0.0096153846153845,2018-03-01,train
Rice,2018-03-01,2625.0,2793.4137931034484,1350.0,8900.0,435,228,14,30,0,0,0,2018,3,1,Spring,2600.0,2575.0,2600.0,2500.0,2400.0,0.0096153846153845,0.0096153846153845,0.09375,25.0,2591.6666666666665,2575.0,2514.7916666666665,2600.0,2587.5,2508.75,14.433756729740578,38.72983346207375,77.59494428626076,2500.0,2600.0,0.0,100.0,200.0,2400.0,0.09375,2384.0789473684213,2400.0,126.2657817974297,,,25.0,12.5,0.0150407120241063,6.077642243349034,5.43372200355424,2.70805020110221,3.4339872044851463,0.0,0.0,39,1521,1.0,6.123233995736766e-17,1.0,6.123233995736766e-17,2610.0,7.867488568699128,-0.0057142857142856,2018-04-01,train
Rice,2018-04-01,2610.0,2644.98031496063,2.0,6000.0,254,131,9,22,0,0,0,2018,4,2,Spring,2625.0,2600.0,2575.0,2575.0,2380.0,-0.0057142857142856,0.0135922330097086,0.0966386554621849,-15.0,2600.0,2595.833333333333,2533.5416666666665,2600.0,2600.0,2546.25,24.999999999999943,18.819316317726127,74.45604509719267,2575.0,2625.0,50.0,50.0,245.0,2380.0,0.0966386554621849,2390.25641025641,2400.0,130.4291939286598,,,29.166666666666515,25.0,0.0072498168800229,5.541263545158426,4.882801922586371,2.302585092994046,3.1354942159291497,0.0,0.0,40,1600,0.8660254037844387,-0.4999999999999998,1.2246467991473532e-16,-1.0,2550.0,7.844240718141811,-0.0229885057471264,2018-05-01,train
Rice,2018-05-01,2550.0,2681.413276231264,2.0,5795.0,467,244,13,28,0,0,0,2018,5,2,Summer,2610.0,2625.0,2600.0,2600.0,2450.0,-0.0229885057471264,-0.0192307692307692,0.0408163265306122,-60.0,2611.6666666666665,2601.6666666666665,2552.708333333333,2610.0,2600.0,2575.0,12.583057392117796,16.32993161855347,59.42392322554268,2575.0,2625.0,10.0,10.0,160.0,2450.0,0.0408163265306122,2395.75,2400.0,133.352001898196,,,8.333333333333485,10.0,0.0062767193921409,6.148468295917647,5.501258210544727,2.6390573296152584,3.367295829986474,0.0,0.0,41,1681,0.4999999999999999,-0.8660254037844387,1.2246467991473532e-16,-1.0,2600.0,7.8636512654486515,0.0196078431372548,2018-06-01,train
Rice,2018-06-01,2600.0,2819.894026974952,1300.0,16100.0,519,234,14,30,3,0,0,2018,6,2,Summer,2550.0,2610.0,2625.0,2600.0,2480.0,0.0196078431372548,-0.0095238095238094,0.0483870967741935,50.0,2595.0,2593.333333333333,2561.0416666666665,2610.0,2600.0,2575.0,39.68626966596884,26.770630673681072,49.97110907738871,2550.0,2625.0,-75.0,-50.0,70.0,2480.0,0.0483870967741935,2399.512195121951,2400.0,133.86002426998522,,,-43.333333333333485,-50.0,0.0103228652983346,6.253828811575473,5.459585514144159,2.70805020110221,3.4339872044851463,0.0057803468208092,0.0,42,1764,1.2246467991473532e-16,-1.0,1.2246467991473532e-16,-1.0,2672.5,7.891143754388787,0.0278846153846152,2018-07-01,train
Rice,2018-07-01,2672.5,2708.872950819672,220.0,5300.0,244,124,10,21,0,0,0,2018,7,3,Monsoon,2600.0,2550.0,2610.0,2575.0,2500.0,0.0278846153846152,0.0239463601532567,0.0689999999999999,72.5,2586.6666666666665,2593.333333333333,2571.0416666666665,2600.0,2600.0,2587.5,32.14550253664318,26.770630673681072,43.91958474578816,2550.0,2625.0,-10.0,25.0,100.0,2500.0,0.0689999999999999,2404.285714285714,2400.0,135.7884448035264,,,6.666666666666515,0.0,0.0103228652983346,5.501258210544727,4.8283137373023015,2.3978952727983707,3.091042453358316,0.0,0.0,43,1849,-0.4999999999999997,-0.8660254037844388,-1.0,-1.8369701987210294e-16,2620.0,7.8713112033234065,-0.0196445275958839,2018-08-01,train
Rice,2018-08-01,2620.0,2813.8571428571427,1600.0,7350.0,539,241,13,33,0,0,0,2018,8,3,Monsoon,2672.5,2600.0,2550.0,2600.0,2517.5,-0.0196445275958839,0.0274509803921567,0.0407149950347567,-52.5,2607.5,2609.583333333333,2585.4166666666665,2600.0,2605.0,2600.0,61.593424973774574,39.82513862708617,46.69574310622404,2550.0,2672.5,122.5,72.5,155.0,2517.5,0.0407149950347567,2410.5232558139537,2400.0,140.25864515789496,,,62.91666666666652,67.5,0.0152611101237437,6.29156913955832,5.488937726156687,2.6390573296152584,3.5263605246161616,0.0,0.0,44,1936,-0.8660254037844385,-0.5000000000000004,-1.0,-1.8369701987210294e-16,2590.0,7.85979918056211,-0.0114503816793892,2018-09-01,train
Rice,2018-09-01,2590.0,2761.519565217391,3.0,9100.0,460,223,12,30,0,0,0,2018,9,3,Monsoon,2620.0,2672.5,2600.0,2625.0,2500.0,-0.0114503816793892,-0.0038461538461538,0.036,-30.0,2630.833333333333,2612.9166666666665,2593.958333333333,2620.0,2615.0,2600.0,37.4444032311016,39.69939126317469,42.31186075565702,2550.0,2672.5,20.0,-5.0,120.0,2500.0,0.036,2415.284090909091,2400.0,142.16987045994046,,,7.083333333333485,5.0,0.0151935160311942,6.133398042996649,5.41164605185504,2.5649493574615367,3.4339872044851463,0.0,0.0,45,2025,-1.0,-1.8369701987210294e-16,-1.0,-1.8369701987210294e-16,2600.0,7.8636512654486515,0.0038610038610038,2018-10-01,train
Rice,2018-10-01,2600.0,2773.106463878327,1350.0,6250.0,526,261,14,29,0,0,0,2018,10,4,Autumn,2590.0,2620.0,2672.5,2610.0,2575.0,0.0038610038610038,-0.0271281571562207,0.0097087378640776,10.0,2627.5,2607.083333333333,2601.458333333333,2620.0,2605.0,2600.0,41.75823272122511,40.13778352957013,30.459703882443023,2550.0,2672.5,-82.5,-20.0,15.0,2575.0,0.0097087378640776,2419.1666666666665,2400.0,142.93792358922826,,,-17.083333333333485,-15.0,0.0153956657297376,6.267200548541362,5.568344503761097,2.70805020110221,3.4011973816621555,0.0,0.0,46,2116,-0.8660254037844386,0.5000000000000001,-2.4492935982947064e-16,1.0,2605.0,7.8655717576847906,0.0019230769230769,2018-11-01,train
Rice,2018-11-01,2605.0,2789.075,1000.0,6900.0,400,230,14,29,0,0,0,2018,11,4,Autumn,2600.0,2590.0,2620.0,2550.0,2600.0,0.0019230769230769,-0.0057251908396946,0.0019230769230769,5.0,2603.333333333333,2605.4166666666665,2603.5416666666665,2600.0,2600.0,2600.0,15.275252316519316,40.20002072967912,29.319136113199143,2550.0,2672.5,-20.0,50.0,0.0,2600.0,0.0019230769230769,2423.0978260869565,2410.0,143.83360832593343,2350.0,2350.0,-5.416666666666515,0.0,0.01542940184731,5.993961427306569,5.442417710521793,2.70805020110221,3.4011973816621555,0.0,0.0,47,2209,-0.5000000000000004,0.8660254037844384,-2.4492935982947064e-16,1.0,2550.0,7.844240718141811,-0.0211132437619961,2018-12-01,train
Rice,2018-12-01,2550.0,2729.863453815261,390.0,6500.0,498,246,14,29,0,0,0,2018,12,4,Winter,2605.0,2600.0,2590.0,2600.0,2600.0,-0.0211132437619961,-0.0154440154440154,-0.0192307692307692,-55.0,2598.333333333333,2614.583333333333,2603.958333333333,2600.0,2602.5,2600.0,7.637626158259505,30.01735609054591,29.299750490199308,2590.0,2672.5,15.0,5.0,5.0,2600.0,-0.0192307692307692,2426.968085106383,2420.0,144.71480214303236,2256.25,2256.25,-9.583333333333483,2.5,0.0114807417716828,6.212606095751519,5.5093883366279774,2.70805020110221,3.4011973816621555,0.0,0.0,48,2304,-2.4492935982947064e-16,1.0,-2.4492935982947064e-16,1.0,2540.0,7.840312983320164,-0.0039215686274509,2019-01-01,train
Rice,2019-01-01,2540.0,2735.649727767695,200.0,7200.0,551,265,15,34,0,0,0,2019,1,1,Winter,2550.0,2605.0,2600.0,2672.5,2575.0,-0.0039215686274509,-0.0230769230769231,-0.0135922330097086,-10.0,2585.0,2606.25,2599.7916666666665,2600.0,2602.5,2600.0,30.413812651491025,40.11701633970261,33.20833570966956,2550.0,2672.5,-50.0,-122.5,-25.0,2575.0,-0.0135922330097086,2429.53125,2435.0,144.2641418360117,2295.0,2295.0,-56.25,-52.5,0.0153926201783031,6.313548046277095,5.583496308781699,2.772588722239781,3.555348061489413,0.0,0.0,49,2401,0.4999999999999999,0.8660254037844387,1.0,6.123233995736766e-17,2600.0,7.8636512654486515,0.0236220472440944,2019-02-01,train
Rice,2019-02-01,2600.0,2799.5758620689653,410.0,9500.0,580,264,13,38,0,0,0,2019,2,1,Winter,2540.0,2550.0,2605.0,2620.0,2600.0,0.0236220472440944,-0.0019193857965451,0.0,60.0,2565.0,2584.1666666666665,2596.875,2550.0,2595.0,2600.0,34.999999999999936,32.00260406071093,36.91398170686278,2540.0,2620.0,-65.0,-80.0,-60.0,2600.0,0.0,2431.785714285714,2450.0,143.62313242185857,2233.75,2233.75,-44.16666666666652,-55.0,0.0123841099235256,6.364750756851911,5.579729825986222,2.6390573296152584,3.6635616461296463,0.0,0.0,50,2500,0.8660254037844386,0.5000000000000001,1.0,6.123233995736766e-17,2600.0,7.8636512654486515,0.0,2019-03-01,train
Rice,2019-03-01,2600.0,2814.514035087719,1350.0,11500.0,570,271,13,34,1,0,0,2019,3,1,Spring,2600.0,2540.0,2550.0,2590.0,2625.0,0.0,0.0196078431372548,-0.0095238095238094,0.0,2563.333333333333,2580.833333333333,2596.875,2550.0,2595.0,2600.0,32.14550253664305,28.3578325452886,36.91398170686278,2540.0,2605.0,50.0,10.0,-25.0,2625.0,-0.0095238095238094,2435.15,2450.0,144.12686623745284,2205.0,2205.0,19.166666666666515,5.0,0.0109878589132535,6.3473892096560105,5.605802066295998,2.6390573296152584,3.555348061489413,0.0017543859649122,0.0,51,2601,1.0,6.123233995736766e-17,1.0,6.123233995736766e-17,2600.0,7.8636512654486515,0.0,2019-04-01,train
Rice,2019-04-01,2600.0,2788.729636048527,1300.0,9300.0,577,262,14,31,0,0,0,2019,4,2,Spring,2600.0,2600.0,2540.0,2600.0,2610.0,0.0,0.0236220472440944,-0.0038314176245211,0.0,2580.0,2582.5,2594.7916666666665,2600.0,2600.0,2600.0,34.6410161513774,29.28310092869202,35.87317200495412,2540.0,2605.0,60.0,0.0,-10.0,2610.0,-0.0038314176245211,2438.3823529411766,2450.0,144.53358046610825,2270.0,2270.0,17.5,0.0,0.0113390516664828,6.359573868672378,5.572154032177765,2.70805020110221,3.4657359027997265,0.0,0.0,52,2704,0.8660254037844387,-0.4999999999999998,1.2246467991473532e-16,-1.0,2550.0,7.844240718141811,-0.0192307692307692,2019-05-01,train
Rice,2019-05-01,2550.0,2775.222680412371,360.0,7000.0,485,256,15,33,0,0,0,2019,5,2,Summer,2600.0,2600.0,2600.0,2605.0,2550.0,-0.0192307692307692,-0.0192307692307692,0.0,-50.0,2600.0,2582.5,2593.958333333333,2600.0,2600.0,2600.0,0.0,29.28310092869202,35.60289718378046,2540.0,2605.0,0.0,-5.0,50.0,2550.0,0.0,2441.4903846153848,2465.0,144.85393218838573,2347.5,2347.5,17.5,0.0,0.0113390516664828,6.186208623900494,5.54907608489522,2.772588722239781,3.5263605246161616,0.0,0.0,53,2809,0.4999999999999999,-0.8660254037844387,1.2246467991473532e-16,-1.0,2590.0,7.85979918056211,0.0156862745098038,2019-06-01,train
Rice,2019-06-01,2590.0,2782.159574468085,1390.0,6800.0,470,240,13,30,0,0,0,2019,6,2,Summer,2550.0,2600.0,2600.0,2550.0,2600.0,0.0156862745098038,-0.0038461538461538,-0.0038461538461538,40.0,2583.333333333333,2573.333333333333,2593.958333333333,2600.0,2575.0,2600.0,28.867513459481355,29.43920288775888,35.60289718378046,2540.0,2600.0,-50.0,0.0,-50.0,2600.0,-0.0038461538461538,2443.5377358490564,2480.0,144.22657952308558,2362.5,2362.5,-23.333333333333485,-25.0,0.011440104749129,6.154858094016418,5.484796933490655,2.6390573296152584,3.4339872044851463,0.0,0.0,54,2916,1.2246467991473532e-16,-1.0,1.2246467991473532e-16,-1.0,2600.0,7.8636512654486515,0.0038610038610038,2019-07-01,train
Rice,2019-07-01,2600.0,2801.5289575289576,1350.0,9800.0,518,240,15,28,0,0,0,2019,7,3,Monsoon,2590.0,2550.0,2600.0,2540.0,2672.5,0.0038610038610038,0.0,-0.0271281571562207,10.0,2580.0,2580.0,2593.125,2590.0,2595.0,2600.0,26.45751311064601,27.56809750417978,35.56564033905939,2540.0,2600.0,-10.0,50.0,-82.5,2672.5,-0.0271281571562207,2446.25,2480.0,144.24310421371135,2335.0,2335.0,10.0,-5.0,0.0106853091101472,6.251903883165888,5.484796933490655,2.772588722239781,3.367295829986474,0.0,0.0,55,3025,-0.4999999999999997,-0.8660254037844388,-1.0,-1.8369701987210294e-16,2600.0,7.8636512654486515,0.0,2019-08-01,train
Rice,2019-08-01,2600.0,2810.058931860037,1400.0,7060.0,543,248,14,32,0,0,0,2019,8,3,Monsoon,2600.0,2590.0,2550.0,2600.0,2620.0,0.0,0.0196078431372548,-0.0076335877862595,0.0,2580.0,2590.0,2587.083333333333,2590.0,2600.0,2600.0,26.45751311064601,19.999999999999083,25.62476903074152,2550.0,2600.0,50.0,0.0,-20.0,2620.0,-0.0076335877862595,2449.0454545454545,2480.0,144.39728736831117,2388.75,2388.75,10.0,0.0,0.0077220077220073,6.298949246855942,5.517452896464707,2.70805020110221,3.49650756146648,0.0,0.0,56,3136,-0.8660254037844385,-0.5000000000000004,-1.0,-1.8369701987210294e-16,2600.0,7.8636512654486515,0.0,2019-09-01,train
Rice,2019-09-01,2600.0,2748.5967741935483,1400.0,4800.0,310,141,13,22,0,0,0,2019,9,3,Monsoon,2600.0,2600.0,2590.0,2600.0,2590.0,0.0,0.0038610038610038,0.0038610038610038,0.0,2596.6666666666665,2590.0,2585.4166666666665,2600.0,2600.0,2600.0,5.773502691896783,19.999999999999083,23.88022511441665,2550.0,2600.0,10.0,0.0,10.0,2590.0,0.0038610038610038,2451.741071428572,2490.0,144.493566735416,2365.0,2365.0,10.0,0.0,0.0077220077220073,5.739792912179234,4.955827057601261,2.6390573296152584,3.1354942159291497,0.0,0.0,57,3249,-1.0,-1.8369701987210294e-16,-1.0,-1.8369701987210294e-16,2650.0,7.8826922062890254,0.0192307692307691,2019-10-01,train
Rice,2019-10-01,2650.0,2803.7954022988506,1450.0,6900.0,435,234,13,28,0,0,0,2019,10,4,Autumn,2600.0,2600.0,2600.0,2600.0,2600.0,0.0192307692307691,0.0192307692307691,0.0192307692307691,50.0,2600.0,2590.0,2586.25,2600.0,2600.0,2600.0,0.0,19.999999999999083,24.22667575590759,2550.0,2600.0,0.0,0.0,0.0,2600.0,0.0192307692307691,2454.342105263158,2500.0,144.53784594276502,2400.0,2400.0,10.0,0.0,0.0077220077220073,6.077642243349034,5.459585514144159,2.6390573296152584,3.367295829986474,0.0,0.0,58,3364,-0.8660254037844386,0.5000000000000001,-2.4492935982947064e-16,1.0,2600.0,7.8636512654486515,-0.0188679245283018,2019-11-01,train
Rice,2019-11-01,2600.0,2803.3948919449904,1450.0,10000.0,509,253,13,27,1,0,0,2019,11,4,Autumn,2650.0,2600.0,2600.0,2550.0,2605.0,-0.0188679245283018,0.0,-0.0019193857965451,-50.0,2616.6666666666665,2598.333333333333,2590.4166666666665,2600.0,2600.0,2600.0,28.867513459481355,31.885210782847714,30.335872354610256,2550.0,2650.0,50.0,100.0,45.0,2605.0,-0.0019193857965451,2457.7155172413795,2500.0,145.54968742452496,2366.6666666666665,2400.0,51.66666666666652,50.0,0.0122714088965417,6.234410725718371,5.537334267018537,2.6390573296152584,3.332204510175204,0.0019646365422396,0.0,59,3481,-0.5000000000000004,0.8660254037844384,-2.4492935982947064e-16,1.0,2620.0,7.8713112033234065,0.0076923076923076,2019-12-01,train
Rice,2019-12-01,2620.0,2779.1409836065573,1800.0,5266.0,305,150,11,21,0,0,0,2019,12,4,Winter,2600.0,2650.0,2600.0,2590.0,2550.0,0.0076923076923076,0.0076923076923076,0.0274509803921567,20.0,2616.6666666666665,2606.6666666666665,2590.0,2600.0,2600.0,2600.0,28.867513459481355,21.60246899469193,30.15113445777729,2590.0,2650.0,0.0,10.0,50.0,2550.0,0.0274509803921567,2460.127118644068,2500.0,145.47367913428536,2304.1666666666665,2290.0,-6.666666666666515,0.0,0.0082873921974521,5.723585101952381,5.017279836814924,2.4849066497880004,3.091042453358316,0.0,0.0,60,3600,-2.4492935982947064e-16,1.0,-2.4492935982947064e-16,1.0,2580.0,7.855932199718614,-0.0152671755725191,2020-01-01,train
Rice,2020-01-01,2580.0,2772.4861111111118,230.0,5800.0,432,224,9,21,0,0,0,2020,1,1,Winter,2620.0,2600.0,2650.0,2600.0,2540.0,-0.0152671755725191,-0.0264150943396226,0.0157480314960629,-40.0,2623.333333333333,2611.6666666666665,2595.833333333333,2620.0,2600.0,2600.0,25.16611478423595,20.41241452319218,28.43120351538745,2600.0,2650.0,-30.0,20.0,80.0,2540.0,0.0157480314960629,2462.7916666666665,2500.0,145.70481221380408,2330.0,2350.0,8.333333333333485,20.0,0.0078158575072848,6.07073772800249,5.41610040220442,2.302585092994046,3.091042453358316,0.0,0.0,61,3721,0.4999999999999999,0.8660254037844387,1.0,6.123233995736766e-17,2600.0,7.8636512654486515,0.0077519379844961,2020-02-01,train
Rice,2020-02-01,2600.0,2802.36803874092,1613.0,11200.0,413,224,9,24,1,0,0,2020,2,1,Winter,2580.0,2620.0,2600.0,2600.0,2600.0,0.0077519379844961,0.0,0.0,20.0,2600.0,2608.333333333333,2599.1666666666665,2600.0,2600.0,2600.0,20.000000000000227,24.01388487243637,23.14316444668063,2580.0,2650.0,-20.0,-20.0,-20.0,2600.0,0.0,2464.7131147540986,2500.0,145.26276361064902,2282.5,2250.0,-28.333333333333485,-20.0,0.009206601229049,6.025865973825314,5.41610040220442,2.302585092994046,3.218875824868201,0.0024213075060532,0.0,62,3844,0.8660254037844386,0.5000000000000001,1.0,6.123233995736766e-17,2600.0,7.8636512654486515,0.0,2020-03-01,train
Rice,2020-03-01,2600.0,2748.2301255230127,1500.0,10300.0,239,129,7,15,1,0,0,2020,3,1,Spring,2600.0,2580.0,2620.0,2600.0,2600.0,0.0,-0.0076335877862595,0.0,0.0,2600.0,2608.333333333333,2599.1666666666665,2600.0,2600.0,2600.0,20.000000000000227,24.01388487243637,23.14316444668063,2580.0,2650.0,-20.0,0.0,0.0,2600.0,0.0,2466.8951612903224,2500.0,145.08807774614678,2286.6666666666665,2210.0,-8.333333333333485,0.0,0.009206601229049,5.480638923341991,4.867534450455582,2.079441541679836,2.772588722239781,0.00418410041841,0.0,63,3969,1.0,6.123233995736766e-17,1.0,6.123233995736766e-17,2625.0,7.873217054862741,0.0096153846153845,2020-04-01,train
Rice,2020-04-01,2625.0,2862.492795389049,1460.0,11000.0,347,185,7,25,2,0,0,2020,4,2,Spring,2600.0,2600.0,2580.0,2650.0,2600.0,0.0096153846153845,0.0174418604651163,0.0096153846153845,25.0,2593.333333333333,2608.333333333333,2599.1666666666665,2600.0,2600.0,2600.0,11.547005383792875,24.01388487243637,23.14316444668063,2580.0,2650.0,20.0,-50.0,0.0,2600.0,0.0096153846153845,2469.0079365079364,2500.0,144.88701081787093,2340.0,2300.0,-8.333333333333485,0.0,0.009206601229049,5.8522024797744745,5.225746673713202,2.079441541679836,3.258096538021482,0.0057636887608069,0.0,64,4096,0.8660254037844387,-0.4999999999999998,1.2246467991473532e-16,-1.0,2600.0,7.8636512654486515,-0.0095238095238094,2020-05-01,train
Rice,2020-05-01,2600.0,2856.716381418093,1430.0,11200.0,409,215,9,25,2,0,0,2020,5,2,Summer,2625.0,2600.0,2600.0,2600.0,2550.0,-0.0095238095238094,0.0,0.0196078431372548,-25.0,2608.333333333333,2604.1666666666665,2601.25,2600.0,2600.0,2600.0,14.433756729740578,16.25320481217876,24.320305769609732,2580.0,2625.0,25.0,25.0,75.0,2550.0,0.0196078431372548,2471.4453125,2508.75,145.04911913488328,2398.333333333333,2400.0,20.833333333333485,25.0,0.0062412306478766,6.016157159698354,5.375278407684165,2.302585092994046,3.258096538021482,0.0048899755501222,0.0,65,4225,0.4999999999999999,-0.8660254037844387,1.2246467991473532e-16,-1.0,2590.0,7.85979918056211,-0.0038461538461538,2020-06-01,train
Rice,2020-06-01,2590.0,2863.2564705882355,1490.0,11200.0,425,224,9,22,2,0,0,2020,6,2,Summer,2600.0,2625.0,2600.0,2620.0,2590.0,-0.0038461538461538,-0.0038461538461538,0.0,-10.0,2608.333333333333,2604.1666666666665,2605.4166666666665,2600.0,2600.0,2600.0,14.433756729740578,16.25320481217876,18.272972258271245,2580.0,2625.0,0.0,-20.0,10.0,2590.0,0.0,2473.423076923077,2517.5,144.79212552961786,2414.1666666666665,2450.0,-4.166666666666515,0.0,0.0062412306478766,6.054439346269371,5.41610040220442,2.302585092994046,3.1354942159291497,0.0047058823529411,0.0,66,4356,1.2246467991473532e-16,-1.0,1.2246467991473532e-16,-1.0,2590.0,7.85979918056211,0.0,2020-07-01,train
Rice,2020-07-01,2590.0,2836.295774647888,1500.0,11200.0,426,210,9,21,1,0,0,2020,7,3,Monsoon,2590.0,2600.0,2625.0,2580.0,2600.0,0.0,-0.0133333333333333,-0.0038461538461538,0.0,2605.0,2599.1666666666665,2605.4166666666665,2600.0,2600.0,2600.0,18.027756377319868,14.972196454315906,18.272972258271245,2580.0,2625.0,-35.0,10.0,-10.0,2600.0,-0.0038461538461538,2475.189393939394,2528.75,144.38883840176723,2390.0,2420.0,-9.166666666666517,-10.0,0.0057603833745364,6.056784013228625,5.351858133476067,2.302585092994046,3.091042453358316,0.0023474178403755,0.0,67,4489,-0.4999999999999997,-0.8660254037844388,-1.0,-1.8369701987210294e-16,2700.0,7.901377353792616,0.0424710424710423,2020-08-01,train
Rice,2020-08-01,2700.0,2948.5838926174497,1231.0,8700.0,149,90,8,18,0,0,0,2020,8,3,Monsoon,2590.0,2590.0,2600.0,2600.0,2600.0,0.0424710424710423,0.0384615384615385,0.0384615384615385,110.0,2593.333333333333,2600.833333333333,2604.583333333333,2590.0,2600.0,2600.0,5.773502691896044,12.812754062520316,18.76388374866381,2590.0,2625.0,-10.0,-10.0,-10.0,2600.0,0.0384615384615385,2476.902985074627,2540.0,143.975672366475,2450.833333333333,2500.0,-10.833333333333483,-10.0,0.0049264033563038,5.010635294096256,4.51085950651685,2.19722457733622,2.9444389791664403,0.0,0.0,68,4624,-0.8660254037844385,-0.5000000000000004,-1.0,-1.8369701987210294e-16,2600.0,7.8636512654486515,-0.037037037037037,2020-09-01,train
Rice,2020-09-01,2600.0,2730.1324324324323,1000.0,5950.0,370,206,8,21,0,0,0,2020,9,3,Monsoon,2700.0,2590.0,2590.0,2600.0,2600.0,-0.037037037037037,0.0038610038610038,0.0,-100.0,2626.6666666666665,2617.5,2612.9166666666665,2590.0,2600.0,2600.0,63.5085296108589,42.39693385139973,33.19764047840393,2590.0,2700.0,110.0,100.0,100.0,2600.0,0.0,2480.183823529412,2545.0,145.43572987908067,2443.333333333333,2480.0,82.5,100.0,0.0161974914427506,5.916202062607435,5.332718793265369,2.19722457733622,3.091042453358316,0.0,0.0,69,4761,-1.0,-1.8369701987210294e-16,-1.0,-1.8369701987210294e-16,2600.0,7.8636512654486515,0.0,2020-10-01,train
Rice,2020-10-01,2600.0,2791.295039164491,1200.0,11200.0,383,193,8,25,1,0,0,2020,10,4,Autumn,2600.0,2700.0,2590.0,2625.0,2650.0,0.0,0.0038610038610038,-0.0188679245283018,0.0,2630.0,2617.5,2612.9166666666665,2600.0,2600.0,2600.0,60.8276253029823,42.39693385139973,33.19764047840393,2590.0,2700.0,10.0,-25.0,-50.0,2650.0,-0.0188679245283018,2481.9202898550725,2550.0,145.08120502965195,2466.6666666666665,2500.0,-17.5,0.0,0.0161974914427506,5.950642552587727,5.267858159063328,2.19722457733622,3.258096538021482,0.0026109660574412,0.0,70,4900,-0.8660254037844386,0.5000000000000001,-2.4492935982947064e-16,1.0,2550.0,7.844240718141811,-0.0192307692307692,2020-11-01,train
Rice,2020-11-01,2550.0,2698.5073891625616,1608.0,5900.0,203,106,7,15,0,0,0,2020,11,4,Autumn,2600.0,2600.0,2700.0,2600.0,2600.0,-0.0192307692307692,-0.0555555555555555,-0.0192307692307692,-50.0,2633.333333333333,2613.333333333333,2608.75,2600.0,2600.0,2600.0,57.73502691896272,42.73952113286521,31.197683480436293,2590.0,2700.0,-100.0,0.0,0.0,2600.0,-0.0192307692307692,2483.6071428571427,2550.0,144.71588589163102,2418.75,2400.0,-13.333333333333483,0.0,0.0163544085967596,5.318119993844216,4.672828834461906,2.079441541679836,2.772588722239781,0.0,0.0,71,5041,-0.5000000000000004,0.8660254037844384,-2.4492935982947064e-16,1.0,2500.0,7.824445930877619,-0.0196078431372549,2020-12-01,train
Rice,2020-12-01,2500.0,2643.9487951807228,1230.0,5900.0,332,181,8,20,0,0,0,2020,12,4,Winter,2550.0,2600.0,2600.0,2590.0,2620.0,-0.0196078431372549,-0.0384615384615384,-0.0458015267175572,-50.0,2583.333333333333,2605.0,2604.583333333333,2600.0,2595.0,2600.0,28.867513459481355,50.09990019950104,35.51301511311424,2550.0,2700.0,-50.0,-40.0,-70.0,2620.0,-0.0458015267175572,2484.542253521127,2550.0,143.89437461651391,2378.125,2345.0,-55.0,-45.0,0.0192322073702499,5.808142489980444,5.204006687076795,2.19722457733622,3.044522437723423,0.0,0.0,72,5184,-2.4492935982947064e-16,1.0,-2.4492935982947064e-16,1.0,2450.0,7.804251383528112,-0.02,2021-01-01,train
Rice,2021-01-01,2450.0,2611.454545454545,1300.0,6000.0,385,205,8,22,0,0,0,2021,1,1,Winter,2500.0,2550.0,2600.0,2590.0,2580.0,-0.02,-0.0576923076923077,-0.0503875968992247,-50.0,2550.0,2590.0,2594.583333333333,2550.0,2595.0,2600.0,50.00000000000006,66.33249580710773,46.09566797499151,2500.0,2700.0,-100.0,-90.0,-80.0,2580.0,-0.0503875968992247,2484.7569444444443,2550.0,142.88905360886216,2403.75,2375.0,-90.0,-95.0,0.0256110022421265,5.955837369464831,5.327876168789581,2.19722457733622,3.1354942159291497,0.0,0.0,73,5329,0.4999999999999999,0.8660254037844387,1.0,6.123233995736766e-17,2500.0,7.824445930877619,0.0204081632653061,2021-02-01,train
Rice,2021-02-01,2500.0,2655.233415233415,1200.0,6050.0,407,202,9,24,0,0,0,2021,2,1,Winter,2450.0,2500.0,2550.0,2700.0,2600.0,0.0204081632653061,-0.0196078431372549,-0.0384615384615384,50.0,2500.0,2566.6666666666665,2583.75,2500.0,2575.0,2600.0,50.00000000000006,87.55950357709108,62.27231254009258,2450.0,2700.0,-100.0,-250.0,-150.0,2600.0,-0.0384615384615384,2484.280821917808,2550.0,141.95160037602622,2364.375,2315.0,-116.66666666666652,-125.0,0.0341140923027627,6.0112671744041615,5.313205979041787,2.302585092994046,3.218875824868201,0.0,0.0,74,5476,0.8660254037844386,0.5000000000000001,1.0,6.123233995736766e-17,2500.0,7.824445930877619,0.0,2021-03-01,train
Rice,2021-03-01,2500.0,2688.431603773585,1300.0,9700.0,424,209,9,22,0,0,0,2021,3,1,Spring,2500.0,2450.0,2500.0,2600.0,2600.0,0.0,0.0,-0.0384615384615384,0.0,2483.333333333333,2533.333333333333,2575.4166666666665,2500.0,2525.0,2595.0,28.86751345948135,60.553007081949474,66.4508818374126,2450.0,2600.0,0.0,-100.0,-100.0,2600.0,-0.0384615384615384,2484.493243243244,2545.0,140.9878187015246,2352.5,2330.0,-33.333333333333485,-25.0,0.0239025027955063,6.052089168924417,5.3471075307174685,2.302585092994046,3.1354942159291497,0.0,0.0,75,5625,1.0,6.123233995736766e-17,1.0,6.123233995736766e-17,2500.0,7.824445930877619,0.0,2021-04-01,train
Rice,2021-04-01,2500.0,2709.00288184438,1400.0,6090.0,347,187,9,21,0,0,0,2021,4,2,Spring,2500.0,2500.0,2450.0,2600.0,2625.0,0.0,0.0204081632653061,-0.0476190476190476,0.0,2483.333333333333,2516.6666666666665,2567.083333333333,2500.0,2500.0,2590.0,28.86751345948135,51.63977794943182,69.29706583495017,2450.0,2600.0,50.0,-100.0,-125.0,2625.0,-0.0476190476190476,2484.7,2540.0,140.0434054334776,2405.0,2390.0,-16.666666666666515,0.0,0.0205191170659994,5.8522024797744745,5.236441962829949,2.302585092994046,3.091042453358316,0.0,0.0,76,5776,0.8660254037844387,-0.4999999999999998,1.2246467991473532e-16,-1.0,2610.0,7.867488568699128,0.044,2021-05-01,train
Rice,2021-05-01,2610.0,2844.849785407725,1950.0,11300.0,233,145,8,18,1,0,0,2021,5,2,Summer,2500.0,2500.0,2500.0,2550.0,2600.0,0.044,0.044,0.0038461538461538,110.0,2500.0,2500.0,2556.6666666666665,2500.0,2500.0,2570.0,0.0,31.62277660168308,69.19449969382602,2450.0,2550.0,0.0,-50.0,-100.0,2600.0,0.0038461538461538,2484.9013157894738,2528.75,139.11772040821734,2466.875,2450.0,0.0,0.0,0.0126491106406732,5.455321115357702,4.983606621708336,2.19722457733622,2.9444389791664403,0.0042918454935622,0.0,77,5929,0.4999999999999999,-0.8660254037844387,1.2246467991473532e-16,-1.0,2550.0,7.844240718141811,-0.0229885057471264,2021-06-01,train
Rice,2021-06-01,2550.0,2776.7316455696205,1510.0,11200.0,395,194,9,20,2,0,0,2021,6,2,Summer,2610.0,2500.0,2500.0,2500.0,2590.0,-0.0229885057471264,0.02,-0.0154440154440154,-60.0,2536.6666666666665,2510.0,2557.5,2500.0,2500.0,2570.0,63.5085296108589,52.91502622129138,69.82120021884543,2450.0,2610.0,110.0,110.0,20.0,2590.0,-0.0154440154440154,2486.525974025974,2540.0,138.93281924671865,2465.625,2483.75,100.0,110.0,0.0210816837535025,5.981414211254481,5.272999558563747,2.302585092994046,3.044522437723423,0.0050632911392405,0.0,78,6084,1.2246467991473532e-16,-1.0,1.2246467991473532e-16,-1.0,2572.5,7.85302211909281,0.0088235294117646,2021-07-01,train
Rice,2021-07-01,2572.5,2733.470744680851,1000.0,6130.0,376,202,9,20,0,0,0,2021,7,3,Monsoon,2550.0,2610.0,2500.0,2450.0,2590.0,0.0088235294117646,0.0289999999999999,-0.0067567567567567,22.5,2553.333333333333,2518.333333333333,2554.1666666666665,2550.0,2500.0,2550.0,55.07570547286114,54.924190177613184,69.07944482239128,2450.0,2610.0,50.0,100.0,-40.0,2590.0,-0.0067567567567567,2487.339743589744,2545.0,138.2146949728099,2440.0,2460.0,31.666666666666515,50.0,0.021809737992434,5.932245187448011,5.313205979041787,2.302585092994046,3.044522437723423,0.0,0.0,79,6241,-0.4999999999999997,-0.8660254037844388,-1.0,-1.8369701987210294e-16,2600.0,7.8636512654486515,0.0106899902818269,2021-08-01,train
Rice,2021-08-01,2600.0,2741.6959064327484,2000.0,5000.0,171,85,6,13,0,0,0,2021,8,3,Monsoon,2572.5,2550.0,2610.0,2500.0,2700.0,0.0106899902818269,-0.0038314176245211,-0.037037037037037,27.5,2577.5,2538.75,2552.708333333333,2572.5,2525.0,2550.0,30.310889132455472,46.57654989369598,68.43592169897315,2500.0,2610.0,-37.5,72.5,-127.5,2700.0,-0.037037037037037,2488.4177215189875,2550.0,137.6596842081239,2488.125,2537.5,33.75,47.5,0.0183462530354292,5.147494476813453,4.454347296253507,1.9459101490553128,2.6390573296152584,0.0,0.0,80,6400,-0.8660254037844385,-0.5000000000000004,-1.0,-1.8369701987210294e-16,2540.0,7.840312983320164,-0.0230769230769231,2021-09-01,train
Rice,2021-09-01,2540.0,2736.3994910941474,1525.0,5250.0,393,203,7,21,0,0,0,2021,9,3,Monsoon,2600.0,2572.5,2550.0,2500.0,2600.0,-0.0230769230769231,-0.0039215686274509,-0.0230769230769231,-60.0,2574.1666666666665,2555.4166666666665,2544.375,2572.5,2561.25,2550.0,25.04163200219473,47.81256808273971,53.28018777267048,2500.0,2610.0,50.0,100.0,0.0,2600.0,-0.0230769230769231,2489.8125,2550.0,137.35335966547152,2483.75,2540.0,44.583333333333485,38.75,0.0187102826346935,5.976350909297934,5.318119993844216,2.079441541679836,3.091042453358316,0.0,0.0,81,6561,-1.0,-1.8369701987210294e-16,-1.0,-1.8369701987210294e-16,2552.5,7.845220246087699,0.0049212598425196,2021-10-01,train
Rice,2021-10-01,2552.5,2745.9356435643563,1450.0,6150.0,404,205,8,20,0,0,0,2021,10,4,Autumn,2540.0,2600.0,2572.5,2500.0,2600.0,0.0049212598425196,-0.0077745383867833,-0.0182692307692308,12.5,2570.833333333333,2562.083333333333,2539.375,2572.5,2561.25,2545.0,30.034702151567107,40.81717367318103,50.318587294088935,2500.0,2610.0,-32.5,40.0,-60.0,2600.0,-0.0182692307692308,2490.432098765432,2550.0,136.6060657759753,2487.5,2525.0,-22.083333333333485,-21.25,0.0159312435868652,6.003887067106539,5.327876168789581,2.19722457733622,3.044522437723423,0.0,0.0,82,6724,-0.8660254037844386,0.5000000000000001,-2.4492935982947064e-16,1.0,2600.0,7.8636512654486515,0.0186092066601371,2021-11-01,train
Rice,2021-11-01,2600.0,2770.788944723618,1350.0,6200.0,398,203,8,21,0,0,0,2021,11,4,Autumn,2552.5,2540.0,2600.0,2610.0,2550.0,0.0186092066601371,0.0,0.0196078431372548,47.5,2564.1666666666665,2570.833333333333,2535.4166666666665,2552.5,2562.5,2545.0,31.655699855371207,28.664728616657456,46.86578192190589,2540.0,2610.0,-47.5,-57.5,2.5,2550.0,0.0196078431372548,2491.189024390244,2550.0,135.9331180915752,2443.0,2400.0,-18.333333333333485,-10.0,0.0111499754748748,5.988961416889864,5.318119993844216,2.19722457733622,3.091042453358316,0.0,0.0,83,6889,-0.5000000000000004,0.8660254037844384,-2.4492935982947064e-16,1.0,2560.0,7.848153086199526,-0.0153846153846153,2021-12-01,train
Rice,2021-12-01,2560.0,2776.1930693069307,1465.0,6300.0,404,200,8,21,0,0,0,2021,12,4,Winter,2600.0,2552.5,2540.0,2550.0,2500.0,-0.0153846153846153,0.0078740157480314,0.024,-40.0,2564.1666666666665,2569.1666666666665,2539.583333333333,2552.5,2562.5,2545.0,31.655699855371207,26.10874693788699,50.3717242712688,2540.0,2600.0,60.0,50.0,100.0,2500.0,0.024,2492.5,2550.0,135.62861774426324,2422.5,2400.0,30.833333333333485,37.5,0.0101623406829271,6.003887067106539,5.303304908059076,2.19722457733622,3.091042453358316,0.0,0.0,84,7056,-2.4492935982947064e-16,1.0,-2.4492935982947064e-16,1.0,2600.0,7.8636512654486515,0.015625,2022-01-01,train
Rice,2022-01-01,2600.0,2824.0162162162164,1806.0,6170.0,370,190,8,22,0,0,0,2022,1,1,Winter,2560.0,2600.0,2552.5,2572.5,2450.0,0.015625,0.0186092066601371,0.0612244897959184,40.0,2570.833333333333,2570.833333333333,2544.583333333333,2560.0,2566.25,2551.25,25.53592241007465,24.93324420661348,49.04581964084753,2540.0,2600.0,7.5,-12.5,110.0,2450.0,0.0612244897959184,2493.303571428572,2550.0,135.01012942491445,2443.0,2400.0,-10.833333333333483,-6.25,0.0096985066605951,5.916202062607435,5.25227342804663,2.19722457733622,3.1354942159291497,0.0,0.0,85,7225,0.4999999999999999,0.8660254037844387,1.0,6.123233995736766e-17,2600.0,7.8636512654486515,0.0,2022-02-01,train
Rice,2022-02-01,2600.0,2875.232104121475,1500.0,14000.0,461,211,10,22,1,0,0,2022,2,1,Winter,2600.0,2560.0,2600.0,2600.0,2500.0,0.0,0.0,0.04,0.0,2586.6666666666665,2575.4166666666665,2557.083333333333,2600.0,2580.0,2556.25,23.09401076758544,27.67745773489005,41.24253835176837,2540.0,2600.0,0.0,0.0,100.0,2500.0,0.04,2494.558823529412,2550.0,134.7021496400374,2411.5,2380.0,24.583333333333485,20.0,0.0107467883131752,6.135564891081739,5.356586274672012,2.3978952727983707,3.1354942159291497,0.0021691973969631,0.0,86,7396,0.8660254037844386,0.5000000000000001,1.0,6.123233995736766e-17,2625.0,7.873217054862741,0.0096153846153845,2022-03-01,train
Rice,2022-03-01,2625.0,2871.2874396135267,1200.0,17000.0,414,207,10,21,1,0,0,2022,3,1,Spring,2600.0,2600.0,2560.0,2540.0,2500.0,0.0096153846153845,0.025390625,0.05,25.0,2586.6666666666665,2575.4166666666665,2565.4166666666665,2600.0,2580.0,2566.25,23.09401076758544,27.67745773489005,38.68334932696013,2540.0,2600.0,40.0,60.0,100.0,2500.0,0.05,2495.7848837209303,2550.0,134.38928398932245,2392.0,2450.0,24.583333333333485,20.0,0.0107467883131752,6.028278520230698,5.337538079701318,2.3978952727983707,3.091042453358316,0.002415458937198,0.0,87,7569,1.0,6.123233995736766e-17,1.0,6.123233995736766e-17,2630.0,7.875119281040293,0.0019047619047618,2022-04-01,train
Rice,2022-04-01,2630.0,2863.066964285714,1500.0,13000.0,448,214,11,22,1,0,0,2022,4,2,Spring,2625.0,2600.0,2600.0,2552.5,2500.0,0.0019047619047618,0.0115384615384614,0.052,5.0,2608.333333333333,2589.583333333333,2575.833333333333,2600.0,2600.0,2586.25,14.433756729740578,27.67745773489005,36.21798481752584,2552.5,2625.0,25.0,72.5,125.0,2500.0,0.052,2497.270114942529,2550.0,134.32195799207145,2442.0,2480.0,35.416666666666515,25.0,0.0106879965508827,6.107022887742255,5.3706380281276624,2.4849066497880004,3.1354942159291497,0.0022321428571428,0.0,88,7744,0.8660254037844387,-0.4999999999999998,1.2246467991473532e-16,-1.0,2700.0,7.901377353792616,0.0266159695817489,2022-05-01,train
Rice,2022-05-01,2700.0,2844.826291079812,1810.0,6450.0,213,113,8,14,0,0,0,2022,5,2,Summer,2630.0,2625.0,2600.0,2600.0,2610.0,0.0266159695817489,0.0384615384615385,0.0344827586206897,70.0,2618.333333333333,2602.5,2586.6666666666665,2625.0,2600.0,2600.0,16.07275126832146,24.849547279577493,30.457372098584244,2560.0,2630.0,30.0,30.0,20.0,2610.0,0.0344827586206897,2498.778409090909,2550.0,134.29519847363147,2493.5,2500.0,27.5,30.0,0.009548337091096,5.365976015021851,4.736198448394496,2.19722457733622,2.70805020110221,0.0,0.0,89,7921,0.4999999999999999,-0.8660254037844387,1.2246467991473532e-16,-1.0,2700.0,7.901377353792616,0.0,2022-06-01,train
Rice,2022-06-01,2700.0,2948.87185354691,1000.0,23000.0,437,213,8,21,2,0,0,2022,6,2,Summer,2700.0,2630.0,2625.0,2560.0,2550.0,0.0,0.0285714285714284,0.0588235294117647,0.0,2651.6666666666665,2619.1666666666665,2594.1666666666665,2630.0,2612.5,2600.0,41.9324854180304,46.73506891689181,44.54738709475332,2560.0,2700.0,75.0,140.0,150.0,2550.0,0.0588235294117647,2501.0393258426966,2550.0,135.22277966544468,2492.5,2517.5,80.83333333333348,87.5,0.0178434879733599,6.082218910376446,5.365976015021851,2.19722457733622,3.091042453358316,0.0045766590389016,0.0,90,8100,1.2246467991473532e-16,-1.0,1.2246467991473532e-16,-1.0,2600.0,7.8636512654486515,-0.037037037037037,2022-07-01,train
Rice,2022-07-01,2600.0,2913.5994897959185,1600.0,23000.0,392,202,9,20,1,0,0,2022,7,3,Monsoon,2700.0,2700.0,2630.0,2600.0,2572.5,-0.037037037037037,-0.0114068441064638,0.0106899902818269,-100.0,2676.6666666666665,2642.5,2606.6666666666665,2700.0,2627.5,2600.0,40.41451884327387,46.23310502226692,51.52595697727828,2600.0,2700.0,70.0,100.0,127.5,2572.5,0.0106899902818269,2503.25,2551.25,136.08668441165457,2472.0,2500.0,57.5,72.5,0.0174959716262126,5.973809611869261,5.313205979041787,2.302585092994046,3.044522437723423,0.0025510204081632,0.0,91,8281,-0.4999999999999997,-0.8660254037844388,-1.0,-1.8369701987210294e-16,2692.5,7.8985967421205885,0.0355769230769231,2022-08-01,train
Rice,2022-08-01,2692.5,2970.103004291845,1400.0,19000.0,466,220,10,20,2,0,0,2022,8,3,Monsoon,2600.0,2700.0,2700.0,2600.0,2600.0,0.0355769230769231,-0.0027777777777777,0.0355769230769231,92.5,2666.6666666666665,2642.5,2608.958333333333,2700.0,2627.5,2600.0,57.73502691896251,46.23310502226692,50.46891857791616,2600.0,2700.0,-100.0,0.0,0.0,2600.0,0.0355769230769231,2504.313186813187,2552.5,135.70805364522693,2520.5,2575.0,-42.5,-27.5,0.0174959716262126,6.1463292576688975,5.3981627015177525,2.3978952727983707,3.044522437723423,0.0042918454935622,0.0,92,8464,-0.8660254037844385,-0.5000000000000004,-1.0,-1.8369701987210294e-16,2760.0,7.923348211930154,0.0250696378830084,2022-09-01,train
Rice,2022-09-01,2760.0,3021.0426966292134,820.0,27000.0,445,221,10,17,2,0,0,2022,9,3,Monsoon,2692.5,2600.0,2700.0,2625.0,2540.0,0.0250696378830084,0.0222222222222221,0.0866141732283465,67.5,2664.1666666666665,2657.9166666666665,2616.6666666666665,2692.5,2661.25,2600.0,55.69634937168975,44.6210899314061,55.762619172432906,2600.0,2700.0,-7.5,67.5,152.5,2540.0,0.0866141732283465,2506.358695652174,2556.25,136.3790033726501,2507.0,2600.0,34.583333333333485,31.25,0.0167879943306748,6.100318952020064,5.402677381872279,2.3978952727983707,2.8903717578961645,0.0044943820224719,0.0,93,8649,-1.0,-1.8369701987210294e-16,-1.0,-1.8369701987210294e-16,2677.5,7.893012215321015,-0.029891304347826,2022-10-01,train
Rice,2022-10-01,2677.5,3005.088383838384,1260.0,28000.0,396,201,10,22,1,0,0,2022,10,4,Autumn,2760.0,2692.5,2600.0,2630.0,2552.5,-0.029891304347826,0.0298076923076922,0.0489715964740451,-82.5,2684.1666666666665,2680.4166666666665,2635.0,2692.5,2696.25,2612.5,80.32486124067275,57.017906544055386,63.84462674052088,2600.0,2760.0,160.0,130.0,207.5,2552.5,0.0489715964740451,2509.0860215053763,2560.0,138.16233016416157,2514.0,2550.0,79.58333333333348,63.75,0.0212720310439504,5.983936280687191,5.308267697401205,2.3978952727983707,3.1354942159291497,0.0025252525252525,0.0,94,8836,-0.8660254037844386,0.5000000000000001,-2.4492935982947064e-16,1.0,2850.0,7.955425088912672,0.0644257703081232,2022-11-01,train
Rice,2022-11-01,2850.0,3015.988344988345,1300.0,7200.0,429,218,11,21,0,0,0,2022,11,4,Autumn,2677.5,2760.0,2692.5,2700.0,2600.0,0.0644257703081232,0.0584958217270195,0.0961538461538462,172.5,2710.0,2688.333333333333,2645.4166666666665,2692.5,2696.25,2627.5,43.94598957811744,51.66397842468809,59.18800298176783,2600.0,2760.0,-15.0,-22.5,77.5,2600.0,0.0961538461538462,2510.877659574468,2566.25,138.51104699878644,2465.833333333333,2470.0,-10.833333333333483,-18.75,0.0192178469031697,6.063785208687608,5.389071729816501,2.4849066497880004,3.091042453358316,0.0,0.0,95,9025,-0.5000000000000004,0.8660254037844384,-2.4492935982947064e-16,1.0,2800.0,7.937731775260109,-0.0175438596491228,2022-12-01,train
Rice,2022-12-01,2800.0,2944.43670886076,1350.0,7250.0,474,230,12,22,0,0,0,2022,12,4,Winter,2850.0,2677.5,2760.0,2700.0,2560.0,-0.0175438596491228,0.0144927536231884,0.09375,-50.0,2762.5,2713.333333333333,2666.25,2760.0,2696.25,2653.75,86.27716963368702,84.37515432084632,81.53011155952832,2600.0,2850.0,90.0,150.0,290.0,2560.0,0.09375,2514.4473684210525,2572.5,142.0977801210895,2452.083333333333,2500.0,136.66666666666652,153.75,0.0310964942214421,6.163314804034641,5.442417710521793,2.5649493574615367,3.1354942159291497,0.0,0.0,96,9216,-2.4492935982947064e-16,1.0,-2.4492935982947064e-16,1.0,2800.0,7.937731775260109,0.0,2023-01-01,train
Rice,2023-01-01,2800.0,2946.723320158103,1720.0,7400.0,253,122,9,15,0,0,0,2023,1,1,Winter,2800.0,2850.0,2677.5,2600.0,2600.0,0.0,0.0457516339869281,0.0769230769230768,0.0,2775.833333333333,2730.0,2686.25,2800.0,2726.25,2685.0,88.75293422379531,90.84327162756723,82.5275436114845,2600.0,2850.0,122.5,200.0,200.0,2600.0,0.0769230769230768,2517.421875,2573.75,144.32121206977658,2469.1666666666665,2500.0,70.0,73.75,0.0332759236731015,5.537334267018537,4.812184355372417,2.302585092994046,2.772588722239781,0.0,0.0,97,9409,0.4999999999999999,0.8660254037844387,1.0,6.123233995736766e-17,2900.0,7.972810784121404,0.0357142857142858,2023-02-01,train
Rice,2023-02-01,2900.0,3039.2103092783505,1200.0,7512.0,485,222,10,21,0,0,0,2023,2,1,Winter,2800.0,2800.0,2850.0,2692.5,2600.0,0.0357142857142858,0.0175438596491228,0.1153846153846154,100.0,2816.6666666666665,2763.333333333333,2702.9166666666665,2800.0,2780.0,2696.25,28.867513459481117,67.2247474273175,83.71239544724043,2677.5,2850.0,-50.0,107.5,200.0,2600.0,0.1153846153846154,2520.335051546392,2575.0,146.4064462672017,2447.083333333333,2490.0,36.66666666666652,20.0,0.0243274116142282,6.186208623900494,5.407171771460119,2.3978952727983707,3.091042453358316,0.0,0.0,98,9604,0.8660254037844386,0.5000000000000001,1.0,6.123233995736766e-17,2950.0,7.989899374942939,0.0172413793103447,2023-03-01,train
Rice,2023-03-01,2950.0,3115.824773413897,1200.0,5400.0,331,202,10,20,0,0,0,2023,3,1,Spring,2900.0,2800.0,2800.0,2760.0,2625.0,0.0172413793103447,0.0535714285714286,0.1238095238095238,50.0,2833.333333333333,2797.9166666666665,2727.9166666666665,2800.0,2800.0,2700.0,57.73502691896251,76.26297703779096,94.30868882493692,2677.5,2900.0,100.0,140.0,275.0,2625.0,0.1238095238095238,2524.2091836734694,2575.0,150.61454735035886,2426.6666666666665,2500.0,102.08333333333348,100.0,0.0272570580626505,5.805134968916488,5.313205979041787,2.3978952727983707,3.044522437723423,0.0,0.0,99,9801,1.0,6.123233995736766e-17,1.0,6.123233995736766e-17,2780.0,7.930565854233965,-0.0576271186440677,2023-04-01,train
Rice,2023-04-01,2780.0,2984.141486810552,1200.0,9700.0,417,219,10,21,0,0,0,2023,4,2,Spring,2950.0,2900.0,2800.0,2677.5,2630.0,-0.0576271186440677,-0.0071428571428571,0.0570342205323193,-170.0,2883.333333333333,2829.583333333333,2755.0,2900.0,2825.0,2730.0,76.37626158259721,94.6099448613444,107.77185498669267,2677.5,2950.0,150.0,272.5,320.0,2630.0,0.0570342205323193,2528.510101010101,2575.0,155.83502821694933,2466.6666666666665,2535.0,120.41666666666652,125.0,0.0334359987729681,6.035481432524756,5.393627546352362,2.3978952727983707,3.091042453358316,0.0,0.0,100,10000,0.8660254037844387,-0.4999999999999998,1.2246467991473532e-16,-1.0,2900.0,7.972810784121404,0.0431654676258992,2023-05-01,train
Rice,2023-05-01,2900.0,3007.0417633410675,1200.0,8200.0,431,217,9,21,0,0,0,2023,5,2,Summer,2780.0,2950.0,2900.0,2850.0,2700.0,0.0431654676258992,0.0,0.0740740740740741,120.0,2876.6666666666665,2846.6666666666665,2767.5,2900.0,2825.0,2770.0,87.36894948054082,66.83312551921105,100.4025986624938,2780.0,2950.0,-120.0,-70.0,80.0,2700.0,0.0740740740740741,2531.025,2577.5,157.07236920180011,2509.583333333333,2545.0,-66.66666666666652,-45.0,0.0234776787538212,6.068425588244111,5.384495062789089,2.302585092994046,3.091042453358316,0.0,0.0,101,10201,0.4999999999999999,-0.8660254037844387,1.2246467991473532e-16,-1.0,2900.0,7.972810784121404,0.0,2023-06-01,train
Rice,2023-06-01,2900.0,3105.071729957806,1200.0,16500.0,474,220,9,21,1,0,0,2023,6,2,Summer,2900.0,2780.0,2950.0,2800.0,2700.0,0.0,-0.0169491525423728,0.0740740740740741,0.0,2876.6666666666665,2855.0,2784.1666666666665,2900.0,2850.0,2790.0,87.36894948054082,70.35623639735111,104.68748586612293,2780.0,2950.0,-50.0,100.0,200.0,2700.0,0.0740740740740741,2534.6782178217823,2580.0,160.53958365709067,2527.083333333333,2558.75,45.0,50.0,0.0246431651129075,6.163314804034641,5.3981627015177525,2.302585092994046,3.091042453358316,0.0021097046413502,0.0,102,10404,1.2246467991473532e-16,-1.0,1.2246467991473532e-16,-1.0,2860.0,7.95892649305011,-0.0137931034482758,2023-07-01,train
Rice,2023-07-01,2860.0,3102.35261707989,1200.0,10170.0,363,200,11,22,1,0,0,2023,7,3,Monsoon,2900.0,2900.0,2780.0,2800.0,2600.0,-0.0137931034482758,0.0287769784172662,0.1,-40.0,2860.0,2871.6666666666665,2800.833333333333,2900.0,2900.0,2800.0,69.28203230275474,66.45800679125594,105.98205965962808,2780.0,2950.0,120.0,100.0,300.0,2600.0,0.1,2538.2598039215686,2585.0,163.78709209395828,2493.333333333333,2545.0,28.333333333333485,0.0,0.0231426605192998,5.8971538676367405,5.303304908059076,2.4849066497880004,3.1354942159291497,0.0027548209366391,0.0,103,10609,-0.4999999999999997,-0.8660254037844388,-1.0,-1.8369701987210294e-16,2977.5,7.9991750970687425,0.041083916083916,2023-08-01,train
Rice,2023-08-01,2977.5,3236.261160714286,1200.0,8700.0,448,218,11,21,0,0,0,2023,8,3,Monsoon,2860.0,2900.0,2900.0,2900.0,2692.5,0.041083916083916,0.0267241379310345,0.1058495821727019,117.5,2886.6666666666665,2881.6666666666665,2822.5,2900.0,2900.0,2825.0,23.094010767584965,57.41660619251736,85.85796939766817,2780.0,2950.0,-40.0,-40.0,167.5,2692.5,0.1058495821727019,2541.383495145631,2590.0,166.03682269191046,2533.75,2587.5,-21.666666666666515,-40.0,0.0199247910442512,6.107022887742255,5.389071729816501,2.4849066497880004,3.091042453358316,0.0,0.0,104,10816,-0.8660254037844385,-0.5000000000000004,-1.0,-1.8369701987210294e-16,2977.5,7.9991750970687425,0.0,2023-09-01,train
Wheat,2015-01-01,1575.0,1622.477653631285,1300.0,3100.0,358,335,16,34,0,0,0,2015,1,1,Winter,,,,,,,,,,,,,,,,,,,,,,,,,,,,,2543.333333333333,2600.0,,,,5.883322388488279,5.817111159963204,2.833213344056216,3.555348061489413,0.0,0.0,1,1,0.4999999999999999,0.8660254037844387,1.0,6.123233995736766e-17,1550.0,7.346655163176539,-0.0158730158730159,2015-02-01,train
Wheat,2015-02-01,1550.0,1575.7175572519084,1200.0,2655.0,131,127,11,19,0,0,0,2015,2,1,Winter,1575.0,,,,,-0.0158730158730159,,,-25.0,,,,,,,,,,,,,,,,,,,,2510.277777777778,2600.0,,,,4.882801922586371,4.852030263919617,2.4849066497880004,2.995732273553991,0.0,0.0,2,4,0.8660254037844386,0.5000000000000001,1.0,6.123233995736766e-17,1510.0,7.32052696227274,-0.0258064516129031,2015-03-01,train
Wheat,2015-03-01,1510.0,1557.6699029126214,1103.0,2700.0,103,101,10,17,0,0,0,2015,3,1,Spring,1550.0,1575.0,,,,-0.0258064516129031,,,-40.0,1562.5,,,1562.5,,,17.67766952966369,,,,,,,,,,,,,2530.0,2550.0,,,,4.6443908991413725,4.624972813284271,2.3978952727983707,2.8903717578961645,0.0,0.0,3,9,1.0,6.123233995736766e-17,1.0,6.123233995736766e-17,1461.0,7.2875606403097235,-0.0324503311258278,2015-04-01,train
Wheat,2015-04-01,1461.0,1539.55223880597,1200.0,3801.0,335,320,16,30,0,0,0,2015,4,2,Spring,1510.0,1550.0,1575.0,,,-0.0324503311258278,-0.0723809523809524,,-49.0,1545.0,1545.0,,1550.0,1550.0,,32.78719262151,32.78719262151,,1510.0,1575.0,-65.0,,,,,1545.0,1550.0,32.78719262151,2550.0,2590.0,-35.0,-40.0,0.0212214838974174,5.817111159963204,5.771441123130016,2.833213344056216,3.4339872044851463,0.0,0.0,4,16,0.8660254037844387,-0.4999999999999998,1.2246467991473532e-16,-1.0,1450.0,7.280008252884188,-0.0075290896646132,2015-05-01,train
Wheat,2015-05-01,1450.0,1492.6351908396946,1215.0,3850.0,524,502,13,34,0,0,0,2015,5,2,Summer,1461.0,1510.0,1550.0,,,-0.0075290896646132,-0.0645161290322581,,-11.0,1507.0,1524.0,,1510.0,1530.0,,44.57577817604534,49.80629143659129,,1461.0,1575.0,-89.0,,,,,1524.0,1530.0,49.80629143659129,2565.555555555556,2590.0,-63.0,-69.0,0.0326812935935638,6.263398262591624,6.220590170099739,2.6390573296152584,3.555348061489413,0.0,0.0,5,25,0.4999999999999999,-0.8660254037844387,1.2246467991473532e-16,-1.0,1455.0,7.283448228756631,0.0034482758620688,2015-06-01,train
Wheat,2015-06-01,1455.0,1530.35025,1150.0,3400.0,480,444,16,34,0,0,0,2015,6,2,Summer,1450.0,1461.0,1510.0,,,0.0034482758620688,-0.0364238410596026,,5.0,1473.6666666666667,1509.2,,1461.0,1510.0,,31.94265695482038,54.36634988667164,,1450.0,1575.0,-60.0,,,,,1509.2,1510.0,54.36634988667164,2603.6111111111118,2600.0,-59.200000000000045,-60.0,0.0360232904099334,6.175867270105761,6.09807428216624,2.833213344056216,3.555348061489413,0.0,0.0,6,36,1.2246467991473532e-16,-1.0,1.2246467991473532e-16,-1.0,1451.0,7.280697195384741,-0.0027491408934707,2015-07-01,train
Wheat,2015-07-01,1451.0,1512.479392624729,1150.0,4075.0,461,432,15,38,0,0,0,2015,7,3,Monsoon,1455.0,1450.0,1461.0,1575.0,,-0.0027491408934707,-0.0068446269678302,,-4.0,1455.3333333333333,1500.1666666666667,1500.1666666666667,1455.0,1485.5,1485.5,5.50757054728641,53.42440141608204,53.42440141608204,1450.0,1575.0,-6.0,-120.0,,,,1500.1666666666667,1485.5,53.42440141608204,2581.9444444444443,2590.0,-45.16666666666674,-30.5,0.0356123106873116,6.135564891081739,6.07073772800249,2.772588722239781,3.6635616461296463,0.0,0.0,7,49,-0.4999999999999997,-0.8660254037844388,-1.0,-1.8369701987210294e-16,1454.0,7.282761179605593,0.0020675396278428,2015-08-01,train
Wheat,2015-08-01,1454.0,1491.65306122449,145.0,3200.0,441,414,16,38,0,0,0,2015,8,3,Monsoon,1451.0,1455.0,1450.0,1550.0,,0.0020675396278428,0.0027586206896552,,3.0,1452.0,1479.5,1493.142857142857,1451.0,1458.0,1461.0,2.6457513110651707,41.29285652506986,52.19012860502957,1450.0,1550.0,1.0,-99.0,,,,1493.142857142857,1461.0,52.19012860502957,2603.6111111111118,2600.0,-28.5,-7.0,0.027910007789841,6.091309882077698,6.028278520230698,2.833213344056216,3.6635616461296463,0.0,0.0,8,64,-0.8660254037844385,-0.5000000000000004,-1.0,-1.8369701987210294e-16,1461.0,7.2875606403097235,0.0048143053645117,2015-09-01,train
Wheat,2015-09-01,1461.0,1530.9420289855072,1050.0,3800.0,483,451,16,42,0,0,0,2015,9,3,Monsoon,1454.0,1451.0,1455.0,1510.0,,0.0048143053645117,0.0041237113402061,,7.0,1453.3333333333333,1463.5,1488.25,1454.0,1454.5,1458.0,2.081665999466879,23.106276203663924,50.26145924776048,1450.0,1510.0,-1.0,-56.0,,,,1488.25,1458.0,50.26145924776048,2626.1111111111118,2600.0,-9.5,-0.5,0.0157883677510515,6.182084906716632,6.113682179832232,2.833213344056216,3.7612001156935615,0.0,0.0,9,81,-1.0,-1.8369701987210294e-16,-1.0,-1.8369701987210294e-16,1500.0,7.313886831633462,0.0266940451745378,2015-10-01,train
Wheat,2015-10-01,1500.0,1578.5701219512196,1150.0,3500.0,492,462,16,37,0,0,0,2015,10,4,Autumn,1461.0,1454.0,1451.0,1461.0,,0.0266940451745378,0.0337698139214335,,39.0,1455.3333333333333,1455.3333333333333,1485.2222222222222,1454.0,1454.5,1461.0,5.131601439447209,4.76095228569586,47.8846994816136,1450.0,1461.0,10.0,0.0,,,,1485.2222222222222,1461.0,47.8846994816136,2603.333333333333,2560.0,5.666666666666743,6.5,0.0032713826974547,6.20050917404269,6.137727054086234,2.833213344056216,3.6375861597263857,0.0,0.0,10,100,-0.8660254037844386,0.5000000000000001,-2.4492935982947064e-16,1.0,1525.0,7.330405211844402,0.0166666666666666,2015-11-01,train
Wheat,2015-11-01,1525.0,1552.256,1150.0,2601.0,125,121,11,23,0,0,0,2015,11,4,Autumn,1500.0,1461.0,1454.0,1450.0,,0.0166666666666666,0.0488308115543327,,25.0,1471.6666666666667,1461.8333333333333,1486.7,1461.0,1454.5,1461.0,24.785748593361777,19.093628954880987,45.38734527498951,1450.0,1500.0,46.0,50.0,,,,1486.7,1461.0,45.38734527498951,2565.5,2557.5,38.16666666666674,45.5,0.0130614267163705,4.836281906951478,4.804021044733257,2.4849066497880004,3.1780538303479458,0.0,0.0,11,121,-0.5000000000000004,0.8660254037844384,-2.4492935982947064e-16,1.0,1560.0,7.353081920515432,0.022950819672131,2015-12-01,train
Wheat,2015-12-01,1560.0,1641.4321120689656,1150.0,4000.0,464,433,14,38,0,0,0,2015,12,4,Winter,1525.0,1500.0,1461.0,1455.0,,0.022950819672131,0.0677618069815195,,35.0,1495.3333333333333,1474.3333333333333,1490.1818181818182,1500.0,1458.0,1461.0,32.25419869309011,30.77444827558512,44.57985684548164,1451.0,1525.0,64.0,70.0,,,,1490.1818181818182,1461.0,44.57985684548164,2571.5,2600.0,50.66666666666674,67.0,0.0208734670646066,6.142037405587356,6.073044534100405,2.70805020110221,3.6635616461296463,0.0,0.0,12,144,-2.4492935982947064e-16,1.0,-2.4492935982947064e-16,1.0,1600.0,7.378383712996714,0.0256410256410255,2016-01-01,train
Wheat,2016-01-01,1600.0,1671.4610244988864,162.5,3301.0,449,419,16,36,0,0,0,2016,1,1,Winter,1560.0,1525.0,1500.0,1451.0,1575.0,0.0256410256410255,0.0666666666666666,0.0158730158730158,40.0,1528.3333333333333,1491.8333333333333,1496.0,1525.0,1480.5,1480.5,30.13856886670865,44.41358650983566,47.041567691873226,1451.0,1560.0,60.0,109.0,-15.0,1575.0,0.0158730158730158,1496.0,1480.5,47.041567691873226,2594.0,2600.0,68.16666666666674,79.5,0.0297711450183235,6.1092475827643655,6.040254711277414,2.833213344056216,3.610917912644224,0.0,0.0,13,169,0.4999999999999999,0.8660254037844387,1.0,6.123233995736766e-17,1625.0,7.3938782901077555,0.015625,2016-02-01,train
Wheat,2016-02-01,1625.0,1684.2067039106146,1150.0,3200.0,358,336,11,28,0,0,0,2016,2,1,Winter,1600.0,1560.0,1525.0,1454.0,1550.0,0.015625,0.0655737704918033,0.0483870967741935,25.0,1561.6666666666667,1516.6666666666667,1498.0833333333333,1560.0,1512.5,1480.5,37.52776749732576,56.9127987948813,51.225807298014686,1454.0,1600.0,75.0,146.0,50.0,1550.0,0.0483870967741935,1504.0,1500.0,53.48364235913631,2570.25,2605.0,83.33333333333326,87.5,0.0375249222823393,5.883322388488279,5.820082930352362,2.4849066497880004,3.367295829986474,0.0,0.0,14,196,0.8660254037844386,0.5000000000000001,1.0,6.123233995736766e-17,1611.0,7.385230923066573,-0.0086153846153845,2016-03-01,train
Wheat,2016-03-01,1611.0,1668.8859154929578,155.0,3600.0,355,332,14,35,0,0,0,2016,3,1,Spring,1625.0,1600.0,1560.0,1461.0,1510.0,-0.0086153846153845,0.0326923076923078,0.0668874172185429,-14.0,1595.0,1545.1666666666667,1504.3333333333333,1600.0,1542.5,1480.5,32.78719262151006,61.85601560613669,61.65053023930841,1461.0,1625.0,65.0,164.0,115.0,1510.0,0.0668874172185429,1512.642857142857,1505.0,60.71447317359554,2591.0,2575.0,79.83333333333326,82.5,0.0400319376158796,5.87493073085203,5.808142489980444,2.70805020110221,3.58351893845611,0.0,0.0,15,225,1.0,6.123233995736766e-17,1.0,6.123233995736766e-17,1539.0,7.339537695407674,-0.0446927374301675,2016-04-01,train
Wheat,2016-04-01,1539.0,1635.309065934066,152.5,4150.0,364,349,14,32,0,0,0,2016,4,2,Spring,1611.0,1625.0,1600.0,1500.0,1461.0,-0.0446927374301675,-0.0381249999999999,0.0533880903490759,-72.0,1612.0,1570.1666666666667,1512.75,1611.0,1580.0,1480.5,12.529964086141812,50.26098553218594,68.95601364770023,1500.0,1625.0,11.0,111.0,150.0,1461.0,0.0533880903490759,1519.2,1510.0,63.77997894547877,2611.5,2590.0,40.83333333333326,31.0,0.0320099684951826,5.899897353582492,5.857933154483459,2.70805020110221,3.49650756146648,0.0,0.0,16,256,0.8660254037844387,-0.4999999999999998,1.2246467991473532e-16,-1.0,1525.0,7.330405211844402,-0.0090968161143599,2016-05-01,train
Wheat,2016-05-01,1525.0,1550.29797979798,1330.0,2500.0,198,196,12,22,0,0,0,2016,5,2,Summer,1539.0,1611.0,1625.0,1525.0,1450.0,-0.0090968161143599,-0.0615384615384615,0.0517241379310344,-14.0,1591.6666666666667,1576.6666666666667,1519.25,1611.0,1580.0,1512.5,46.1446999484593,41.049563538076754,67.29058423934755,1525.0,1625.0,-86.0,14.0,89.0,1450.0,0.0517241379310344,1520.4375,1517.5,61.81582186894657,2629.0,2595.0,-37.66666666666674,-41.0,0.0260356639776385,5.293304824724492,5.2832037287379885,2.5649493574615367,3.1354942159291497,0.0,0.0,17,289,0.4999999999999999,-0.8660254037844387,1.2246467991473532e-16,-1.0,1621.0,7.3914152346753585,0.0629508196721311,2016-06-01,train
Wheat,2016-06-01,1621.0,1679.8159784560144,1.0,3600.0,557,520,15,43,0,0,0,2016,6,2,Summer,1525.0,1539.0,1611.0,1560.0,1455.0,0.0629508196721311,0.0062073246430789,0.1140893470790378,96.0,1558.3333333333333,1576.6666666666667,1525.5,1539.0,1580.0,1525.0,46.1446999484593,41.049563538076754,63.65889211614155,1525.0,1625.0,-86.0,-35.0,70.0,1455.0,0.1140893470790378,1520.7058823529412,1525.0,59.86314048089437,2673.25,2610.0,-51.66666666666674,-55.0,0.0260356639776385,6.324358962381311,6.255750041753367,2.772588722239781,3.784189633918261,0.0,0.0,18,324,1.2246467991473532e-16,-1.0,1.2246467991473532e-16,-1.0,1690.0,7.43307534889858,0.0425663170882171,2016-07-01,train
Wheat,2016-07-01,1690.0,1746.927813163482,160.0,3600.0,471,440,15,39,0,0,0,2016,7,3,Monsoon,1621.0,1525.0,1539.0,1600.0,1451.0,0.0425663170882171,0.0981156595191683,0.1647139903514818,69.0,1561.6666666666667,1586.8333333333333,1539.3333333333333,1539.0,1605.5,1532.0,51.85878260558508,43.57254487250649,64.96899027204977,1525.0,1625.0,82.0,21.0,170.0,1451.0,0.1647139903514818,1526.2777777777778,1525.0,62.70266487962481,2663.75,2595.0,34.16666666666674,15.5,0.027458803616746,6.156978985585555,6.089044875446846,2.772588722239781,3.688879454113936,0.0,0.0,19,361,-0.4999999999999997,-0.8660254037844388,-1.0,-1.8369701987210294e-16,1691.0,7.433666540166168,0.0005917159763313,2016-08-01,train
Wheat,2016-08-01,1691.0,1738.6554726368158,1400.0,3601.0,402,374,14,35,0,0,0,2016,8,3,Monsoon,1690.0,1621.0,1525.0,1625.0,1454.0,0.0005917159763313,0.1088524590163935,0.1629986244841816,1.0,1612.0,1601.8333333333333,1559.25,1621.0,1616.0,1549.5,82.8673639015988,61.01284017865893,71.71170184717539,1525.0,1690.0,165.0,65.0,236.0,1454.0,0.1629986244841816,1534.8947368421052,1525.0,71.58203897692191,2672.25,2600.0,88.16666666666674,74.0,0.0380893810292325,5.998936561946683,5.926926025970411,2.70805020110221,3.58351893845611,0.0,0.0,20,400,-0.8660254037844385,-0.5000000000000004,-1.0,-1.8369701987210294e-16,1680.0,7.427144133408616,-0.0065050266114724,2016-09-01,train
Wheat,2016-09-01,1680.0,1720.7287390029326,1458.0,3500.0,341,325,13,29,0,0,0,2016,9,3,Monsoon,1691.0,1690.0,1621.0,1611.0,1461.0,-0.0065050266114724,0.0363972856261567,0.1498973305954825,-11.0,1667.3333333333333,1612.8333333333333,1579.0,1690.0,1616.0,1580.0,40.12895878705718,71.13484846871164,72.71863585079136,1525.0,1691.0,70.0,80.0,230.0,1461.0,0.1498973305954825,1542.7,1532.0,77.92783436244748,2697.5,2600.0,78.16666666666674,75.0,0.0441055172896837,5.834810737062605,5.786897381366708,2.6390573296152584,3.4011973816621555,0.0,0.0,21,441,-1.0,-1.8369701987210294e-16,-1.0,-1.8369701987210294e-16,1675.0,7.424165281042028,-0.0029761904761904,2016-10-01,train
Wheat,2016-10-01,1675.0,1732.7238095238097,1081.0,3200.0,315,296,12,36,0,0,0,2016,10,4,Autumn,1680.0,1691.0,1690.0,1539.0,1500.0,-0.0029761904761904,-0.0088757396449704,0.1166666666666667,-5.0,1687.0,1624.3333333333333,1597.25,1690.0,1650.5,1605.5,6.082762530298463,76.17786205103523,67.72152202553147,1525.0,1691.0,-10.0,141.0,180.0,1500.0,0.1166666666666667,1549.2380952380952,1539.0,81.6504162646491,2703.0,2580.0,55.66666666666674,29.5,0.0468979245132578,5.755742213586912,5.6937321388027,2.5649493574615367,3.610917912644224,0.0,0.0,22,484,-0.8660254037844386,0.5000000000000001,-2.4492935982947064e-16,1.0,1738.0,7.461065514354283,0.0376119402985075,2016-11-01,train
Wheat,2016-11-01,1738.0,1787.904761904762,945.0,4100.0,147,142,10,26,0,0,0,2016,11,4,Autumn,1675.0,1680.0,1691.0,1525.0,1525.0,0.0376119402985075,0.0277942046126551,0.139672131147541,63.0,1682.0,1647.0,1611.8333333333333,1680.0,1677.5,1616.0,8.18535277187263,65.14291979946758,63.59221412224689,1525.0,1691.0,-16.0,150.0,150.0,1525.0,0.139672131147541,1554.9545454545455,1544.5,84.07280137319043,,,28.0,-2.5,0.0395524710379281,4.997212273764115,4.962844630259907,2.3978952727983707,3.295836866004329,0.0,0.0,23,529,-0.5000000000000004,0.8660254037844384,-2.4492935982947064e-16,1.0,1915.0,7.557994958530806,0.1018411967779056,2016-12-01,train
Wheat,2016-12-01,1915.0,1943.1670428893904,1300.0,4100.0,443,414,14,35,0,0,0,2016,12,4,Winter,1738.0,1675.0,1680.0,1621.0,1560.0,0.1018411967779056,0.1398809523809523,0.2275641025641026,177.0,1697.6666666666667,1682.5,1629.5833333333333,1680.0,1685.0,1623.0,35.01904243884081,37.55928646819354,66.7974663827268,1621.0,1738.0,58.0,117.0,178.0,1560.0,0.2275641025641026,1562.9130434782608,1550.0,90.5743858250716,,,55.5,53.0,0.0223234986438,6.095824562432225,6.028278520230698,2.70805020110221,3.58351893845611,0.0,0.0,24,576,-2.4492935982947064e-16,1.0,-2.4492935982947064e-16,1.0,1795.0,7.493317248862145,-0.06266318537859,2017-01-01,train
Wheat,2017-01-01,1795.0,1790.6851851851852,1250.0,2275.0,108,107,8,16,0,0,0,2017,1,1,Winter,1915.0,1738.0,1675.0,1690.0,1600.0,-0.06266318537859,0.0716417910447761,0.1218749999999999,-120.0,1776.0,1731.5,1659.1666666666667,1738.0,1690.5,1650.0,124.43070360646524,92.65149755940142,102.33619579453293,1675.0,1915.0,240.0,225.0,315.0,1600.0,0.1218749999999999,1577.5833333333333,1555.0,114.07126554565966,,,183.5,224.5,0.0535093835168359,4.691347882229144,4.68213122712422,2.19722457733622,2.833213344056216,0.0,0.0,25,625,0.4999999999999999,0.8660254037844387,1.0,6.123233995736766e-17,1850.0,7.523481312573497,0.0306406685236768,2017-02-01,train
Wheat,2017-02-01,1850.0,1873.098024691358,17.2,3800.0,405,381,13,37,0,0,0,2017,2,1,Winter,1795.0,1915.0,1738.0,1691.0,1625.0,0.0306406685236768,0.0644418872266974,0.1384615384615384,55.0,1816.0,1749.0,1675.4166666666667,1795.0,1714.5,1677.5,90.34932207825358,93.1600772863556,107.44170371401282,1675.0,1915.0,57.0,104.0,170.0,1625.0,0.1384615384615384,1586.28,1560.0,119.83687523741035,,,46.0,80.5,0.0532647668875675,6.0063531596017325,5.945420608606575,2.6390573296152584,3.6375861597263857,0.0,0.0,26,676,0.8660254037844386,0.5000000000000001,1.0,6.123233995736766e-17,1660.0,7.415175109613295,-0.1027027027027026,2017-03-01,train
Wheat,2017-03-01,1660.0,1719.602,1300.0,4530.0,500,469,12,38,0,0,0,2017,3,1,Spring,1850.0,1795.0,1915.0,1680.0,1611.0,-0.1027027027027026,-0.1331592689295039,0.0304158907510863,-190.0,1853.3333333333333,1775.5,1694.1666666666667,1850.0,1766.5,1685.0,60.06940430313367,95.93487374255368,117.04686965899482,1675.0,1915.0,-65.0,170.0,239.0,1611.0,0.0304158907510863,1596.423076923077,1567.5,128.3018855907965,,,74.5,83.5,0.0540325957434827,6.2166061010848646,6.152732694704104,2.5649493574615367,3.6635616461296463,0.0,0.0,27,729,1.0,6.123233995736766e-17,1.0,6.123233995736766e-17,1625.0,7.3938782901077555,-0.0210843373493976,2017-04-01,train
Wheat,2017-04-01,1625.0,1691.747368421053,1420.0,3800.0,380,359,16,32,0,0,0,2017,4,2,Spring,1660.0,1850.0,1795.0,1675.0,1539.0,-0.0210843373493976,-0.0947075208913649,0.0558804418453542,-35.0,1768.3333333333333,1772.1666666666667,1698.25,1795.0,1766.5,1685.0,97.76672917374972,100.17068766194228,114.71317987207776,1660.0,1915.0,-135.0,-15.0,121.0,1539.0,0.0558804418453542,1598.7777777777778,1575.0,126.40391100732884,,,-112.16666666666674,-106.5,0.0565244170010019,5.942799375126701,5.886104031450156,2.833213344056216,3.49650756146648,0.0,0.0,28,784,0.8660254037844387,-0.4999999999999998,1.2246467991473532e-16,-1.0,1625.0,7.3938782901077555,0.0,2017-05-01,train
Wheat,2017-05-01,1625.0,1631.1254863813228,1400.0,3200.0,514,483,14,36,0,0,0,2017,5,2,Summer,1625.0,1660.0,1850.0,1738.0,1525.0,0.0,-0.1216216216216216,0.0655737704918033,0.0,1711.6666666666667,1763.8333333333333,1705.4166666666667,1660.0,1766.5,1685.0,121.07160415776,111.3290917355675,106.23255650037842,1625.0,1915.0,-225.0,-113.0,100.0,1525.0,0.0655737704918033,1599.7142857142858,1587.5,124.13996197329104,,,-138.83333333333326,-141.5,0.0631176935097236,6.244166900663736,6.182084906716632,2.70805020110221,3.610917912644224,0.0,0.0,29,841,0.4999999999999999,-0.8660254037844387,1.2246467991473532e-16,-1.0,1623.5,7.392955355109155,-0.0009230769230769,2017-06-01,train
Wheat,2017-06-01,1623.5,1644.7456896551723,1085.0,3900.0,464,434,17,43,0,0,0,2017,6,2,Summer,1625.0,1625.0,1660.0,1915.0,1621.0,-0.0009230769230769,-0.0219879518072289,0.001542257865515,-1.5,1636.6666666666667,1745.0,1713.75,1625.0,1727.5,1685.0,20.20725942163701,125.25973016097296,94.01269256667632,1625.0,1915.0,-35.0,-290.0,4.0,1621.0,0.001542257865515,1600.5862068965516,1600.0,121.99341821864792,,,-120.0,-102.5,0.0717820803214744,6.142037405587356,6.075346031088684,2.8903717578961645,3.784189633918261,0.0,0.0,30,900,1.2246467991473532e-16,-1.0,1.2246467991473532e-16,-1.0,1622.5,7.392339591542901,-0.0006159531875576,2017-07-01,train
Wheat,2017-07-01,1622.5,1646.5380813953489,142.1,4951.0,344,327,17,30,0,0,0,2017,7,3,Monsoon,1623.5,1625.0,1625.0,1795.0,1690.0,-0.0006159531875576,-0.0015384615384614,-0.0399408284023669,-1.0,1624.5,1696.4166666666667,1713.9583333333333,1625.0,1642.5,1685.0,0.8660254037844386,100.15009568975196,93.79098094198952,1623.5,1850.0,-1.5,-171.5,-66.5,1690.0,-0.0399408284023669,1601.35,1605.5,119.9446100613054,,,-72.91666666666674,-19.0,0.0590362601698198,5.84354441703136,5.793013608384144,2.8903717578961645,3.4339872044851463,0.0,0.0,31,961,-0.4999999999999997,-0.8660254037844388,-1.0,-1.8369701987210294e-16,1620.0,7.390798521735676,-0.0015408320493066,2017-08-01,train
Wheat,2017-08-01,1620.0,1632.580782312925,15.0,4000.0,588,561,16,36,0,0,0,2017,8,3,Monsoon,1622.5,1623.5,1625.0,1850.0,1691.0,-0.0015408320493066,-0.003076923076923,-0.041986989946777,-2.5,1623.6666666666667,1667.6666666666667,1708.3333333333333,1623.5,1625.0,1677.5,1.258305739211818,90.48296340564056,97.31633828381406,1622.5,1850.0,-2.5,-227.5,-68.5,1691.0,-0.041986989946777,1602.032258064516,1611.0,117.98975488602602,,,-45.16666666666674,-2.5,0.0542572237091588,6.3784261836515865,6.331501849893691,2.833213344056216,3.610917912644224,0.0,0.0,32,1024,-0.8660254037844385,-0.5000000000000004,-1.0,-1.8369701987210294e-16,1601.0,7.379008127628304,-0.0117283950617284,2017-09-01,train
Wheat,2017-09-01,1601.0,1635.26427406199,1085.0,4000.0,613,586,15,36,0,0,0,2017,9,3,Monsoon,1620.0,1622.5,1623.5,1660.0,1680.0,-0.0117283950617284,-0.0138589467200492,-0.0470238095238095,-19.0,1622.0,1629.3333333333333,1702.4166666666667,1622.5,1624.25,1667.5,1.802775637732034,15.13825177048241,100.5699289353465,1620.0,1660.0,-3.5,-40.0,-60.0,1680.0,-0.0470238095238095,1602.59375,1615.5,116.11454560739963,,,-9.333333333333258,-4.25,0.0092910710538967,6.419994928147142,6.375024819828097,2.772588722239781,3.610917912644224,0.0,0.0,33,1089,-1.0,-1.8369701987210294e-16,-1.0,-1.8369701987210294e-16,1570.0,7.359467638255621,-0.0193628981886321,2017-10-01,train
Wheat,2017-10-01,1570.0,1556.4271523178809,144.0,1750.0,151,151,11,18,0,0,0,2017,10,4,Autumn,1601.0,1620.0,1622.5,1625.0,1675.0,-0.0193628981886321,-0.0323574730354391,-0.062686567164179,-31.0,1614.5,1619.5,1695.8333333333333,1620.0,1623.0,1642.5,11.757976016304854,9.252026804968304,104.67272227222728,1601.0,1625.0,-21.5,-24.0,-74.0,1675.0,-0.062686567164179,1602.5454545454545,1611.0,114.28619254668592,,,-18.5,-22.0,0.0057128908953184,5.0238805208462765,5.0238805208462765,2.4849066497880004,2.9444389791664403,0.0,0.0,34,1156,-0.8660254037844386,0.5000000000000001,-2.4492935982947064e-16,1.0,1600.0,7.378383712996714,0.019108280254777,2017-11-01,train
Wheat,2017-11-01,1600.0,1634.008806262231,1050.0,3800.0,511,486,12,31,0,0,0,2017,11,4,Autumn,1570.0,1601.0,1620.0,1625.0,1738.0,0.019108280254777,-0.0123456790123457,-0.0794016110471806,30.0,1597.0,1610.3333333333333,1687.0833333333333,1601.0,1621.25,1625.0,25.23885892824793,21.651019991365843,110.7829231452488,1570.0,1625.0,-50.0,-55.0,-168.0,1738.0,-0.0794016110471806,1601.5882352941176,1606.0,112.67958532186113,,,-40.33333333333326,-51.25,0.0134450548487057,6.238324625039508,6.18826412308259,2.5649493574615367,3.4657359027997265,0.0,0.0,35,1225,-0.5000000000000004,0.8660254037844384,-2.4492935982947064e-16,1.0,1620.0,7.390798521735676,0.0124999999999999,2017-12-01,train
Wheat,2017-12-01,1620.0,1654.91252699784,1300.0,4250.0,463,438,14,35,0,0,0,2017,12,4,Winter,1600.0,1570.0,1601.0,1623.5,1915.0,0.0124999999999999,0.0118675827607745,-0.1540469973890339,20.0,1590.3333333333333,1606.1666666666667,1675.5833333333333,1600.0,1610.5,1624.25,17.616280348965102,20.646226451013376,112.170899105163,1570.0,1623.5,-1.0,-23.5,-315.0,1915.0,-0.1540469973890339,1601.5428571428572,1601.0,111.0104904574186,,,-6.166666666666743,-10.5,0.0128543487294884,6.139884552226255,6.084499413075172,2.70805020110221,3.58351893845611,0.0,0.0,36,1296,-2.4492935982947064e-16,1.0,-2.4492935982947064e-16,1.0,1630.0,7.396948602621014,0.0061728395061728,2018-01-01,train
Wheat,2018-01-01,1630.0,1674.241,950.0,4780.0,500,468,11,35,0,0,0,2018,1,1,Winter,1620.0,1600.0,1570.0,1622.5,1795.0,0.0061728395061728,0.0382165605095541,-0.0919220055710307,10.0,1596.6666666666667,1605.5833333333333,1651.0,1600.0,1610.5,1623.0,25.16611478423581,20.10078771258789,83.62388740936767,1570.0,1622.5,50.0,-2.5,-175.0,1795.0,-0.0919220055710307,1602.0555555555557,1606.0,109.4563695058301,,,14.416666666666742,9.5,0.0125193051617301,6.2166061010848646,6.150602768446279,2.4849066497880004,3.58351893845611,0.0,0.0,37,1369,0.4999999999999999,0.8660254037844387,1.0,6.123233995736766e-17,1615.0,7.38770923908104,-0.00920245398773,2018-02-01,train
Wheat,2018-02-01,1615.0,1658.5309187279152,164.0,4100.0,566,533,13,34,0,0,0,2018,2,1,Winter,1630.0,1620.0,1600.0,1620.0,1850.0,-0.00920245398773,0.0093749999999999,-0.127027027027027,-15.0,1616.6666666666667,1606.8333333333333,1637.25,1620.0,1610.5,1623.0,15.275252316519351,21.544527534075183,70.29725844906477,1570.0,1630.0,30.0,10.0,-220.0,1850.0,-0.127027027027027,1602.8108108108108,1611.0,108.02316825514733,,,23.166666666666742,19.5,0.0134080660931906,6.340359303727752,6.280395838960195,2.6390573296152584,3.555348061489413,0.0,0.0,38,1444,0.8660254037844386,0.5000000000000001,1.0,6.123233995736766e-17,1650.0,7.409136443920128,0.021671826625387,2018-03-01,train
Wheat,2018-03-01,1650.0,1710.0465994962217,164.0,4250.0,397,373,13,33,0,0,0,2018,3,1,Spring,1615.0,1630.0,1620.0,1601.0,1660.0,0.021671826625387,0.0185185185185186,-0.0060240963855421,35.0,1621.6666666666667,1606.0,1617.6666666666667,1620.0,1608.0,1621.25,7.637626158259468,21.023796041625246,21.29696236698278,1570.0,1630.0,-5.0,14.0,-45.0,1660.0,-0.0060240963855421,1603.1315789473683,1613.0,106.57174237627537,,,9.0,7.0,0.0130907820931664,5.986452005284438,5.924255797414532,2.6390573296152584,3.5263605246161616,0.0,0.0,39,1521,1.0,6.123233995736766e-17,1.0,6.123233995736766e-17,1696.0,7.436617265234227,0.0278787878787878,2018-04-01,train
Wheat,2018-04-01,1696.0,1661.8159722222222,164.0,2400.0,144,144,12,16,0,0,0,2018,4,2,Spring,1650.0,1615.0,1630.0,1570.0,1625.0,0.0278787878787878,0.0404907975460122,0.0436923076923077,46.0,1631.6666666666667,1614.1666666666667,1616.8333333333333,1630.0,1617.5,1621.25,17.559422921421085,27.27941837111853,19.619486293588768,1570.0,1650.0,20.0,80.0,25.0,1625.0,0.0436923076923077,1604.3333333333333,1615.0,105.42759634068976,,,35.83333333333326,32.5,0.016900001055933,4.976733742420574,4.976733742420574,2.5649493574615367,2.833213344056216,0.0,0.0,40,1600,0.8660254037844387,-0.4999999999999998,1.2246467991473532e-16,-1.0,1735.0,7.459338895220296,0.0229952830188679,2018-05-01,train
Wheat,2018-05-01,1735.0,1721.4607142857142,1350.0,3200.0,560,533,14,36,0,0,0,2018,5,2,Summer,1696.0,1650.0,1615.0,1600.0,1625.0,0.0229952830188679,0.0743034055727553,0.0676923076923077,39.0,1653.6666666666667,1635.1666666666667,1622.75,1650.0,1625.0,1621.25,40.62429486567522,34.11988667429161,30.1733627257866,1600.0,1696.0,81.0,96.0,71.0,1625.0,0.0676923076923077,1606.625,1617.5,105.07163307440814,,,60.83333333333326,71.0,0.020866305172332,6.329720905522696,6.280395838960195,2.70805020110221,3.610917912644224,0.0,0.0,41,1681,0.4999999999999999,-0.8660254037844387,1.2246467991473532e-16,-1.0,1735.0,7.459338895220296,0.0,2018-06-01,train
Wheat,2018-06-01,1735.0,1758.1869244935542,1300.0,4000.0,543,512,15,38,0,0,0,2018,6,2,Summer,1735.0,1696.0,1650.0,1620.0,1623.5,0.0,0.0515151515151515,0.0686787804126887,0.0,1693.6666666666667,1657.6666666666667,1631.9166666666667,1696.0,1640.0,1621.25,42.54801209614053,47.98610910113975,44.3143898921695,1615.0,1735.0,85.0,115.0,111.5,1623.5,0.0686787804126887,1609.7560975609756,1620.0,105.66930265876758,,,77.33333333333326,95.0,0.0289479845774018,6.298949246855942,6.240275845170769,2.772588722239781,3.6635616461296463,0.0,0.0,42,1764,1.2246467991473532e-16,-1.0,1.2246467991473532e-16,-1.0,1674.0,7.423568444259167,-0.0351585014409221,2018-07-01,train
Wheat,2018-07-01,1674.0,1660.661971830986,1277.0,2362.0,142,140,8,17,0,0,0,2018,7,3,Monsoon,1735.0,1735.0,1696.0,1630.0,1622.5,-0.0351585014409221,-0.0129716981132075,0.0317411402157163,-61.0,1722.0,1676.8333333333333,1641.2083333333333,1735.0,1673.0,1621.25,22.516660498395083,52.67035852039055,53.18982230624347,1615.0,1735.0,39.0,105.0,112.5,1622.5,0.0317411402157163,1612.7380952380952,1620.0,106.14677126480063,,,58.16666666666674,62.0,0.0314106103888622,4.962844630259907,4.948759890378168,2.19722457733622,2.8903717578961645,0.0,0.0,43,1849,-0.4999999999999997,-0.8660254037844388,-1.0,-1.8369701987210294e-16,1855.0,7.526178913346146,0.1081242532855435,2018-08-01,train
Wheat,2018-08-01,1855.0,1892.2624309392263,1250.0,4025.0,543,513,14,37,0,0,0,2018,8,3,Monsoon,1674.0,1735.0,1735.0,1615.0,1620.0,0.1081242532855435,0.0691642651296831,0.1450617283950617,181.0,1714.6666666666667,1684.1666666666667,1645.5,1735.0,1685.0,1625.0,35.21836642056721,47.6714449819436,53.619026473818586,1615.0,1735.0,-61.0,59.0,54.0,1620.0,0.1450617283950617,1614.1627906976744,1620.0,105.29079465767936,,,-10.166666666666742,-11.0,0.0283056575845286,6.298949246855942,6.2422232654551655,2.70805020110221,3.6375861597263857,0.0,0.0,44,1936,-0.8660254037844385,-0.5000000000000004,-1.0,-1.8369701987210294e-16,1812.5,7.503013958722957,-0.022911051212938,2018-09-01,train
Wheat,2018-09-01,1812.5,1860.3997395833333,172.0,4150.0,384,365,14,35,0,0,0,2018,9,3,Monsoon,1855.0,1674.0,1735.0,1650.0,1601.0,-0.022911051212938,0.0446685878962536,0.1321049344159899,-42.5,1754.6666666666667,1724.1666666666667,1665.0833333333333,1735.0,1715.5,1640.0,92.08872533233009,72.33648226632563,79.9220737893352,1650.0,1855.0,120.0,205.0,254.0,1601.0,0.1321049344159899,1619.6363636363635,1620.5,110.21149665879528,,,130.83333333333326,139.5,0.0419544604734609,5.953243334287785,5.902633333401366,2.70805020110221,3.58351893845611,0.0,0.0,45,2025,-1.0,-1.8369701987210294e-16,-1.0,-1.8369701987210294e-16,1850.0,7.523481312573497,0.0206896551724138,2018-10-01,train
Wheat,2018-10-01,1850.0,1882.6040404040405,1300.0,4000.0,495,468,12,36,0,0,0,2018,10,4,Autumn,1812.5,1855.0,1674.0,1696.0,1570.0,0.0206896551724138,0.1051373954599761,0.1783439490445859,37.5,1780.5,1751.25,1682.7083333333333,1812.5,1735.0,1662.0,94.6480322035276,69.37416666165981,87.46959428419963,1674.0,1855.0,138.5,116.5,242.5,1570.0,0.1783439490445859,1623.9222222222222,1621.0,112.68141713555409,,,61.25,77.5,0.0396140851743953,6.206575926724928,6.150602768446279,2.5649493574615367,3.610917912644224,0.0,0.0,46,2116,-0.8660254037844386,0.5000000000000001,-2.4492935982947064e-16,1.0,1858.0,7.527793987721444,0.0043243243243242,2018-11-01,train
Wheat,2018-11-01,1858.0,1906.670644391408,1250.0,4200.0,419,403,12,26,0,0,0,2018,11,4,Autumn,1850.0,1812.5,1855.0,1735.0,1600.0,0.0043243243243242,0.0016172506738545,0.1612499999999999,8.0,1839.1666666666667,1776.9166666666667,1706.0416666666667,1850.0,1773.75,1685.0,23.22893310794383,73.22596306410989,91.90421355790518,1674.0,1855.0,-5.0,115.0,250.0,1600.0,0.1612499999999999,1628.8369565217392,1621.75,116.30157419149693,1587.5,1587.5,73.08333333333326,76.25,0.0412095651066603,6.040254711277414,6.001414877961151,2.5649493574615367,3.295836866004329,0.0,0.0,47,2209,-0.5000000000000004,0.8660254037844384,-2.4492935982947064e-16,1.0,1911.0,7.555905093611346,0.0285252960172228,2018-12-01,train
Wheat,2018-12-01,1911.0,1955.820281124498,1300.0,3950.0,498,475,14,35,0,0,0,2018,12,4,Winter,1858.0,1850.0,1812.5,1735.0,1620.0,0.0285252960172228,0.0543448275862068,0.1796296296296295,53.0,1840.1666666666667,1797.4166666666667,1727.5416666666667,1850.0,1831.25,1715.5,24.291630931934748,76.29706197925553,94.96876480126964,1674.0,1858.0,45.5,123.0,238.0,1620.0,0.1796296296296295,1633.712765957447,1622.5,119.78884251051606,1587.5,1587.5,60.58333333333326,26.75,0.0424481776508445,6.212606095751519,6.16541785423142,2.70805020110221,3.58351893845611,0.0,0.0,48,2304,-2.4492935982947064e-16,1.0,-2.4492935982947064e-16,1.0,1920.0,7.560601162768557,0.0047095761381474,2019-01-01,train
Wheat,2019-01-01,1920.0,1971.9239130434785,1300.0,5050.0,460,437,12,34,0,0,0,2019,1,1,Winter,1911.0,1858.0,1850.0,1674.0,1630.0,0.0047095761381474,0.0378378378378378,0.1779141104294479,9.0,1873.0,1826.75,1751.7916666666667,1858.0,1852.5,1735.0,33.15116890850146,81.17742912903599,101.91115969165033,1674.0,1911.0,61.0,237.0,281.0,1630.0,0.1779141104294479,1639.4895833333333,1623.0,125.08356736739871,1560.5,1560.5,84.25,58.5,0.044438171139475,6.133398042996649,6.082218910376446,2.5649493574615367,3.555348061489413,0.0,0.0,49,2401,0.4999999999999999,0.8660254037844387,1.0,6.123233995736766e-17,1970.0,7.58629630715272,0.0260416666666667,2019-02-01,train
Wheat,2019-02-01,1970.0,2003.2074898785424,1600.0,3950.0,494,476,15,36,0,0,0,2019,2,1,Winter,1920.0,1911.0,1858.0,1855.0,1615.0,0.0260416666666667,0.0602798708288481,0.2198142414860682,50.0,1896.3333333333333,1867.75,1775.9583333333333,1911.0,1856.5,1773.75,33.50124375800589,40.56075689628599,104.74958414613384,1812.5,1920.0,62.0,65.0,305.0,1615.0,0.2198142414860682,1645.2142857142858,1623.5,130.0991208655922,1500.0,1500.0,52.25,63.5,0.0217163736561563,6.20455776256869,6.1675164908883415,2.772588722239781,3.610917912644224,0.0,0.0,50,2500,0.8660254037844386,0.5000000000000001,1.0,6.123233995736766e-17,1925.0,7.563200592358071,-0.0228426395939086,2019-03-01,train
Wheat,2019-03-01,1925.0,1949.475108225108,1495.0,3200.0,462,438,12,35,0,0,0,2019,3,1,Spring,1970.0,1920.0,1911.0,1812.5,1650.0,-0.0228426395939086,0.0073260073260073,0.1666666666666667,-45.0,1933.6666666666667,1886.9166666666667,1805.5416666666667,1920.0,1884.5,1831.25,31.785741037976894,57.12128908442328,105.28736830333696,1812.5,1970.0,59.0,157.5,320.0,1650.0,0.1666666666666667,1651.71,1624.25,136.7116393981827,1487.5,1487.5,83.08333333333326,85.5,0.0302722902889669,6.137727054086234,6.084499413075172,2.5649493574615367,3.58351893845611,0.0,0.0,51,2601,1.0,6.123233995736766e-17,1.0,6.123233995736766e-17,1845.0,7.520776415062797,-0.0415584415584415,2019-04-01,train
Wheat,2019-04-01,1845.0,1883.0727650727647,184.0,3415.0,481,458,14,35,0,0,0,2019,4,2,Spring,1925.0,1970.0,1920.0,1850.0,1696.0,-0.0415584415584415,-0.0390625,0.0878537735849056,-80.0,1938.3333333333333,1905.6666666666667,1828.4583333333333,1925.0,1915.5,1852.5,27.537852736430388,44.982959736618376,98.03280024686906,1850.0,1970.0,5.0,75.0,229.0,1696.0,0.0878537735849056,1657.0686274509803,1625.0,140.64398386023626,1538.0,1538.0,19.333333333333258,9.5,0.0236048415619827,6.1779441140506,6.129050210060545,2.70805020110221,3.58351893845611,0.0,0.0,52,2704,0.8660254037844387,-0.4999999999999998,1.2246467991473532e-16,-1.0,1840.0,7.518064181233078,-0.002710027100271,2019-05-01,train
Wheat,2019-05-01,1840.0,1831.2408293460928,379.0,3000.0,627,596,11,35,0,0,0,2019,5,2,Summer,1845.0,1925.0,1970.0,1858.0,1735.0,-0.002710027100271,-0.065989847715736,0.0605187319884725,-5.0,1913.3333333333333,1904.8333333333333,1840.875,1925.0,1915.5,1852.5,63.31139971074185,46.248963952355005,88.72483638141688,1845.0,1970.0,-125.0,-13.0,110.0,1735.0,0.0605187319884725,1660.6826923076924,1625.0,141.6759291843762,1570.5,1570.5,-59.83333333333326,-70.5,0.024279795582652,6.442540166468199,6.391917113392602,2.4849066497880004,3.58351893845611,0.0,0.0,53,2809,0.4999999999999999,-0.8660254037844387,1.2246467991473532e-16,-1.0,1840.0,7.518064181233078,0.0,2019-06-01,train
Wheat,2019-06-01,1840.0,1890.9816053511704,391.0,3200.0,598,567,15,34,0,0,0,2019,6,2,Summer,1840.0,1845.0,1925.0,1911.0,1735.0,0.0,-0.0441558441558441,0.0605187319884725,0.0,1870.0,1901.8333333333333,1849.625,1845.0,1915.5,1852.5,47.69696007084715,50.30076208832463,82.27755824591051,1840.0,1970.0,-85.0,-71.0,105.0,1735.0,0.0605187319884725,1664.066037735849,1625.0,142.45265872643196,1572.5,1572.5,-61.83333333333326,-75.5,0.0264485647646961,6.395261598115449,6.342121418721152,2.772588722239781,3.555348061489413,0.0,0.0,54,2916,1.2246467991473532e-16,-1.0,1.2246467991473532e-16,-1.0,1845.0,7.520776415062797,0.0027173913043478,2019-07-01,train
Wheat,2019-07-01,1845.0,1873.1893805309733,1450.0,3600.0,565,537,15,35,0,0,0,2019,7,3,Monsoon,1840.0,1840.0,1845.0,1920.0,1674.0,0.0027173913043478,0.0,0.1021505376344085,5.0,1841.6666666666667,1890.0,1858.375,1840.0,1882.5,1852.5,2.88675134594594,55.76737397439101,74.1623296314493,1840.0,1970.0,-5.0,-80.0,166.0,1674.0,0.1021505376344085,1667.324074074074,1625.0,143.1191006004217,1570.5,1570.5,-50.0,-42.5,0.0295065470763973,6.338594078203183,6.2878585601617845,2.772588722239781,3.58351893845611,0.0,0.0,55,3025,-0.4999999999999997,-0.8660254037844388,-1.0,-1.8369701987210294e-16,1925.0,7.563200592358071,0.043360433604336,2019-08-01,train
Wheat,2019-08-01,1925.0,1957.055437100213,1660.0,4200.0,469,455,11,32,0,0,0,2019,8,3,Monsoon,1845.0,1840.0,1840.0,1970.0,1855.0,0.043360433604336,0.046195652173913,0.0377358490566037,80.0,1841.6666666666667,1877.5,1872.625,1840.0,1845.0,1852.5,2.886751345948096,56.1025846106897,46.95119564747396,1840.0,1970.0,5.0,-125.0,-10.0,1855.0,0.0377358490566037,1670.5545454545454,1625.0,143.79755808231823,1587.5,1587.5,-32.5,0.0,0.0298815364104871,6.152732694704104,6.1224928095143865,2.4849066497880004,3.49650756146648,0.0,0.0,56,3136,-0.8660254037844385,-0.5000000000000004,-1.0,-1.8369701987210294e-16,1900.0,7.550135342488429,-0.0129870129870129,2019-09-01,train
Wheat,2019-09-01,1900.0,1924.9259259259256,1700.0,3000.0,189,184,11,20,0,0,0,2019,9,3,Monsoon,1925.0,1845.0,1840.0,1925.0,1812.5,-0.0129870129870129,0.0326086956521738,0.0482758620689656,-25.0,1870.0,1870.0,1878.4583333333333,1845.0,1845.0,1854.0,47.69696007084728,42.66145801539845,48.871565600485205,1840.0,1925.0,85.0,0.0,112.5,1812.5,0.0482758620689656,1675.0982142857142,1627.5,146.48513482270465,1631.5,1631.5,55.0,80.0,0.0228136139119777,5.247024072160486,5.220355825078324,2.4849066497880004,3.044522437723423,0.0,0.0,57,3249,-1.0,-1.8369701987210294e-16,-1.0,-1.8369701987210294e-16,1950.0,7.576097340623111,0.0263157894736842,2019-10-01,train
Wheat,2019-10-01,1950.0,1985.158301158301,1675.0,4050.0,777,567,13,36,0,0,0,2019,10,4,Autumn,1900.0,1925.0,1845.0,1845.0,1850.0,0.0263157894736842,0.056910569105691,0.0540540540540539,50.0,1890.0,1865.8333333333333,1885.75,1900.0,1845.0,1879.0,40.92676385936225,37.06975406805764,44.46474599459378,1840.0,1925.0,55.0,55.0,50.0,1850.0,0.0540540540540539,1679.0438596491229,1630.0,148.19615622731703,1737.5,1737.5,34.16666666666674,55.0,0.0198676663160648,6.656726524178391,6.342121418721152,2.6390573296152584,3.610917912644224,0.0,0.0,58,3364,-0.8660254037844386,0.5000000000000001,-2.4492935982947064e-16,1.0,2000.0,7.601402334583733,0.0256410256410255,2019-11-01,train
Wheat,2019-11-01,2000.0,2038.41064453125,1580.0,3900.0,1024,597,14,36,0,0,0,2019,11,4,Autumn,1950.0,1900.0,1925.0,1840.0,1858.0,0.0256410256410255,0.0389610389610388,0.0764262648008611,50.0,1925.0,1883.3333333333333,1894.0833333333333,1925.0,1872.5,1905.5,24.99999999999999,48.33908011812244,46.48060853406592,1840.0,1950.0,25.0,110.0,92.0,1858.0,0.0764262648008611,1683.7155172413793,1640.0,151.13773525545764,1656.6666666666667,1600.0,66.66666666666674,77.5,0.0256667682043128,6.932447891572509,6.393590753950631,2.70805020110221,3.610917912644224,0.0,0.0,59,3481,-0.5000000000000004,0.8660254037844384,-2.4492935982947064e-16,1.0,1960.0,7.581209826196346,-0.02,2019-12-01,train
Wheat,2019-12-01,1960.0,1987.5107033639144,1700.0,3000.0,327,198,12,23,0,0,0,2019,12,4,Winter,2000.0,1950.0,1900.0,1840.0,1911.0,-0.02,0.0315789473684211,0.0256410256410255,-40.0,1950.0,1910.0,1905.9166666666667,1950.0,1912.5,1915.5,49.99999999999999,61.88699378705972,53.93676151220392,1840.0,2000.0,100.0,160.0,89.0,1911.0,0.0256410256410255,1689.0762711864406,1650.0,155.38436252368092,1675.0,1625.0,90.0,87.5,0.0324015674277799,5.793013608384144,5.293304824724492,2.5649493574615367,3.1780538303479458,0.0,0.0,60,3600,-2.4492935982947064e-16,1.0,-2.4492935982947064e-16,1.0,2115.0,7.65728279297819,0.0790816326530612,2020-01-01,train
Wheat,2020-01-01,2115.0,2149.483146067416,801.0,4450.0,801,517,10,26,0,0,0,2020,1,1,Winter,1960.0,2000.0,1950.0,1845.0,1920.0,0.0790816326530612,0.0846153846153845,0.1015625,155.0,1970.0,1930.0,1910.0,1960.0,1937.5,1922.5,26.4575131106459,53.57238094391128,56.16534033143196,1845.0,2000.0,10.0,115.0,40.0,1920.0,0.1015625,1693.5916666666667,1655.0,157.98228530994038,1593.6666666666667,1611.0,30.0,22.5,0.0277577103336327,6.687108607866515,6.249975242259483,2.3978952727983707,3.295836866004329,0.0,0.0,61,3721,0.4999999999999999,0.8660254037844387,1.0,6.123233995736766e-17,2055.0,7.628517626575055,-0.0283687943262411,2020-02-01,train
Wheat,2020-02-01,2055.0,2092.400432900433,1500.0,3950.0,693,439,10,27,0,0,0,2020,2,1,Winter,2115.0,1960.0,2000.0,1925.0,1970.0,-0.0283687943262411,0.0275,0.0431472081218273,-60.0,2025.0,1975.0,1926.25,2000.0,1955.0,1925.0,80.46738469715541,76.41989269816796,81.71805742362608,1900.0,2115.0,115.0,190.0,145.0,1970.0,0.0431472081218273,1700.5,1660.0,165.69145522124347,1541.6666666666667,1539.0,140.0,160.0,0.0386936165560344,6.542471960506805,6.0867747269123065,2.3978952727983707,3.332204510175204,0.0,0.0,62,3844,0.8660254037844386,0.5000000000000001,1.0,6.123233995736766e-17,1970.0,7.58629630715272,-0.0413625304136252,2020-03-01,train
Wheat,2020-03-01,1970.0,1956.2988047808765,1505.0,2650.0,251,170,7,15,0,0,0,2020,3,1,Spring,2055.0,2115.0,1960.0,1900.0,1925.0,-0.0413625304136252,0.0051020408163264,0.0233766233766232,-85.0,2043.3333333333333,1996.6666666666667,1933.3333333333333,2055.0,1980.0,1925.0,78.15582725128904,77.82458908767941,89.19675221699922,1900.0,2115.0,95.0,155.0,130.0,1925.0,0.0233766233766232,1706.217741935484,1667.0,170.3835023609527,1533.3333333333333,1525.0,58.33333333333326,75.0,0.0389772566382367,5.529429087511423,5.14166355650266,2.079441541679836,2.772588722239781,0.0,0.0,63,3969,1.0,6.123233995736766e-17,1.0,6.123233995736766e-17,2000.0,7.601402334583733,0.015228426395939,2020-04-01,train
Wheat,2020-04-01,2000.0,2019.205223880597,1600.0,3300.0,268,176,8,15,0,0,0,2020,4,2,Spring,1970.0,2055.0,2115.0,1950.0,1845.0,0.015228426395939,-0.0543735224586288,0.0840108401084009,30.0,2046.6666666666667,2008.3333333333333,1937.0833333333333,2055.0,1985.0,1937.5,72.85830998131472,64.54972243678623,89.75872541362729,1950.0,2115.0,-145.0,20.0,125.0,1845.0,0.0840108401084009,1710.404761904762,1674.0,172.2404278238954,1566.5,1621.0,-38.33333333333326,-15.0,0.0321409406324246,5.594711379601839,5.176149732573829,2.19722457733622,2.772588722239781,0.0,0.0,64,4096,0.8660254037844387,-0.4999999999999998,1.2246467991473532e-16,-1.0,1925.0,7.563200592358071,-0.0374999999999999,2020-05-01,train
Wheat,2020-05-01,1925.0,1908.2732250580048,1250.0,4800.0,862,569,11,31,0,0,0,2020,5,2,Summer,2000.0,1970.0,2055.0,2000.0,1840.0,-0.0374999999999999,-0.0632603406326034,0.046195652173913,-75.0,2008.3333333333333,2016.6666666666667,1950.0,2000.0,2000.0,1955.0,43.10839052125869,58.45225972249605,86.39233972775904,1960.0,2115.0,-55.0,0.0,160.0,1840.0,0.046195652173913,1714.9296875,1674.5,174.6604158093483,1587.8333333333333,1622.5,-16.666666666666742,0.0,0.0289845915979319,6.760414691083428,6.345636360828596,2.4849066497880004,3.4657359027997265,0.0,0.0,65,4225,0.4999999999999999,-0.8660254037844387,1.2246467991473532e-16,-1.0,1866.0,7.532088143541722,-0.0306493506493507,2020-06-01,train
Wheat,2020-06-01,1866.0,1874.3517871900824,660.0,4500.0,968,588,11,33,0,0,0,2020,6,2,Summer,1925.0,2000.0,1970.0,1960.0,1840.0,-0.0306493506493507,-0.0527918781725887,0.0141304347826087,-59.0,1965.0,2004.1666666666667,1957.0833333333333,1970.0,1985.0,1955.0,37.74917217635389,69.67184988692452,79.78546043590823,1925.0,2115.0,-45.0,-35.0,85.0,1840.0,0.0141304347826087,1718.1615384615384,1675.0,175.23845601450083,1588.3333333333333,1620.0,-79.16666666666674,-60.0,0.0347635009830808,6.876264611890766,6.3784261836515865,2.4849066497880004,3.5263605246161616,0.0,0.0,66,4356,1.2246467991473532e-16,-1.0,1.2246467991473532e-16,-1.0,1833.5,7.514527243795337,-0.0174169346195069,2020-07-01,train
Wheat,2020-07-01,1833.5,1874.3667127071824,1250.0,4500.0,724,471,9,30,0,0,0,2020,7,3,Monsoon,1866.0,1925.0,2000.0,2115.0,1845.0,-0.0174169346195069,-0.08325,-0.0062330623306232,-32.5,1930.3333333333333,1988.5,1959.25,1925.0,1985.0,1955.0,67.15901527965802,89.37281465859456,76.60658053860885,1866.0,2115.0,-134.0,-249.0,21.0,1845.0,-0.0062330623306232,1720.4015151515152,1677.5,174.83487197698136,1580.6666666666667,1601.0,-122.5,-119.0,0.0449448401602185,6.586171654854675,6.156978985585555,2.302585092994046,3.4339872044851463,0.0,0.0,67,4489,-0.4999999999999997,-0.8660254037844388,-1.0,-1.8369701987210294e-16,1709.0,7.444248649496705,-0.067902917916553,2020-08-01,train
Wheat,2020-08-01,1709.0,1788.3313953488373,1416.0,4300.0,258,212,9,22,0,0,0,2020,8,3,Monsoon,1833.5,1866.0,1925.0,2055.0,1925.0,-0.067902917916553,-0.1122077922077922,-0.1122077922077922,-124.5,1874.8333333333333,1941.5833333333333,1958.2916666666667,1866.0,1947.5,1955.0,46.38516285767825,83.37050837476168,78.22068382971385,1833.5,2055.0,-91.5,-221.5,-91.5,1925.0,-0.1122077922077922,1722.089552238806,1680.0,174.05460927652143,1581.6666666666667,1570.0,-108.08333333333326,-114.0,0.0429394437742881,5.556828061699537,5.3612921657094255,2.302585092994046,3.1354942159291497,0.0,0.0,68,4624,-0.8660254037844385,-0.5000000000000004,-1.0,-1.8369701987210294e-16,1661.0,7.415776975415394,-0.0280866003510824,2020-09-01,train
Wheat,2020-09-01,1661.0,1722.992283950617,1330.0,4800.0,648,446,8,23,0,0,0,2020,9,3,Monsoon,1709.0,1833.5,1866.0,1970.0,1900.0,-0.0280866003510824,-0.109860664523044,-0.1257894736842105,-48.0,1802.8333333333333,1883.9166666666667,1940.2916666666667,1833.5,1895.5,1955.0,82.8708835076188,105.86048208215506,106.36695879944378,1709.0,2000.0,-157.0,-261.0,-191.0,1900.0,-0.1257894736842105,1721.8970588235295,1685.0,172.75810365733955,1621.0,1600.0,-174.91666666666674,-186.5,0.0561917010211819,6.47543271670409,6.102558594613569,2.19722457733622,3.1780538303479458,0.0,0.0,69,4761,-1.0,-1.8369701987210294e-16,-1.0,-1.8369701987210294e-16,1610.0,7.384610383176974,-0.0307043949428055,2020-10-01,train
Wheat,2020-10-01,1610.0,1701.8220611916263,1070.0,5900.0,621,398,9,28,0,0,0,2020,10,4,Autumn,1661.0,1709.0,1833.5,2000.0,1950.0,-0.0307043949428055,-0.1218980092718843,-0.1743589743589744,-51.0,1734.5,1832.4166666666667,1920.375,1709.0,1849.75,1955.0,89.03229751051012,128.37461457261068,133.50980982003503,1661.0,2000.0,-172.5,-339.0,-289.0,1950.0,-0.1743589743589744,1721.0144927536232,1680.0,171.63975550327555,1698.3333333333333,1620.0,-171.41666666666674,-188.75,0.070057545812512,6.432940092739179,5.988961416889864,2.302585092994046,3.367295829986474,0.0,0.0,70,4900,-0.8660254037844386,0.5000000000000001,-2.4492935982947064e-16,1.0,1660.0,7.415175109613295,0.0310559006211179,2020-11-01,train
Wheat,2020-11-01,1660.0,1689.5463414634146,1300.0,2401.0,205,129,9,15,0,0,0,2020,11,4,Autumn,1610.0,1661.0,1709.0,1925.0,2000.0,0.0310559006211179,-0.0286717378583967,-0.17,50.0,1660.0,1767.4166666666667,1892.0416666666667,1661.0,1771.25,1942.5,49.50757517794612,125.247920807758,160.08384995105396,1610.0,1925.0,-99.0,-315.0,-390.0,2000.0,-0.17,1719.428571428571,1677.5,170.90730358360776,1650.0,1615.0,-157.41666666666674,-161.25,0.0708649653304302,5.327876168789581,4.867534450455582,2.302585092994046,2.772588722239781,0.0,0.0,71,5041,-0.5000000000000004,0.8660254037844384,-2.4492935982947064e-16,1.0,1650.0,7.409136443920128,-0.0060240963855421,2020-12-01,train
Wheat,2020-12-01,1650.0,1688.1324786324783,1300.0,6100.0,468,338,9,24,0,0,0,2020,12,4,Winter,1660.0,1610.0,1661.0,1866.0,1960.0,-0.0060240963855421,-0.0066225165562914,-0.1581632653061224,-10.0,1643.6666666666667,1723.25,1863.7083333333333,1660.0,1685.0,1895.5,29.16047553338799,103.37976107536622,169.07508530146288,1610.0,1866.0,-1.0,-206.0,-300.0,1960.0,-0.1581632653061224,1718.5915492957747,1675.0,169.8286596598204,1660.0,1620.0,-63.25,-25.0,0.0599911568695002,6.150602768446279,5.82600010738045,2.302585092994046,3.218875824868201,0.0,0.0,72,5184,-2.4492935982947064e-16,1.0,-2.4492935982947064e-16,1.0,1700.0,7.438971592395862,0.0303030303030302,2021-01-01,train
Wheat,2021-01-01,1700.0,1719.9793152639088,1095.0,4800.0,701,455,9,29,0,0,0,2021,1,1,Winter,1650.0,1660.0,1610.0,1833.5,2115.0,0.0303030303030302,0.0559006211180124,-0.1962174940898344,50.0,1640.0,1687.25,1837.875,1650.0,1660.5,1849.75,26.457513110645664,78.29287962516031,176.54282573410268,1610.0,1833.5,40.0,-183.5,-465.0,2115.0,-0.1962174940898344,1717.638888888889,1674.5,168.8220836595213,1607.75,1630.5,-37.25,-10.5,0.0464026549860188,6.553933404025811,6.1224928095143865,2.302585092994046,3.4011973816621555,0.0,0.0,73,5329,0.4999999999999999,0.8660254037844387,1.0,6.123233995736766e-17,1700.0,7.438971592395862,0.0,2021-02-01,train
Wheat,2021-02-01,1700.0,1736.1614457831324,1290.0,5587.0,830,524,10,30,0,0,0,2021,2,1,Winter,1700.0,1650.0,1660.0,1709.0,2055.0,0.0,0.0240963855421687,-0.1727493917274939,0.0,1670.0,1665.0,1803.2916666666667,1660.0,1660.5,1771.25,26.457513110645664,35.92213802100125,156.87291589826492,1610.0,1709.0,40.0,-9.0,-355.0,2055.0,-0.1727493917274939,1717.3972602739725,1675.0,167.65831984906646,1580.25,1582.0,35.0,39.5,0.021574857670271,6.7226297948554485,6.263398262591624,2.3978952727983707,3.4339872044851463,0.0,0.0,74,5476,0.8660254037844386,0.5000000000000001,1.0,6.123233995736766e-17,1700.0,7.438971592395862,0.0,2021-03-01,train
Wheat,2021-03-01,1700.0,1743.6237993596585,1200.0,5207.0,937,562,9,32,0,0,0,2021,3,1,Spring,1700.0,1700.0,1650.0,1661.0,1970.0,0.0,0.0303030303030302,-0.1370558375634517,0.0,1683.3333333333333,1663.5,1773.7083333333333,1700.0,1660.5,1704.5,28.867513459481085,33.84523600153891,137.34833922504697,1610.0,1700.0,50.0,39.0,-270.0,1970.0,-0.1370558375634517,1717.162162162162,1677.5,166.51829691124013,1583.75,1575.0,36.5,39.5,0.0203457986182981,6.843749949006225,6.333279628139691,2.302585092994046,3.49650756146648,0.0,0.0,75,5625,1.0,6.123233995736766e-17,1.0,6.123233995736766e-17,1760.0,7.473637108496206,0.0352941176470589,2021-04-01,train
Wheat,2021-04-01,1760.0,1832.2483443708609,1425.0,4600.0,755,536,10,30,0,0,0,2021,4,2,Spring,1700.0,1700.0,1700.0,1610.0,2000.0,0.0352941176470589,0.0352941176470589,-0.12,60.0,1700.0,1670.0,1751.2083333333333,1700.0,1680.0,1700.0,0.0,36.87817782916963,123.70703263857784,1610.0,1700.0,0.0,90.0,-300.0,2000.0,-0.12,1716.9333333333334,1680.0,165.40121844491674,1608.625,1622.25,30.0,20.0,0.0220827412150716,6.628041376179533,6.285998094508865,2.3978952727983707,3.4339872044851463,0.0,0.0,76,5776,0.8660254037844387,-0.4999999999999998,1.2246467991473532e-16,-1.0,1975.0,7.588829878307813,0.1221590909090908,2021-05-01,train
Wheat,2021-05-01,1975.0,1952.315789473684,910.0,7562.0,418,325,10,20,0,0,0,2021,5,2,Summer,1760.0,1700.0,1700.0,1660.0,1925.0,0.1221590909090908,0.161764705882353,0.0259740259740259,215.0,1720.0,1695.0,1731.2083333333333,1700.0,1700.0,1700.0,34.64101615137755,38.85871845544876,96.16166745579284,1650.0,1760.0,60.0,100.0,-165.0,1925.0,0.0259740259740259,1717.5,1685.0,164.36909685217597,1609.375,1648.25,65.0,60.0,0.022925497613834,6.037870919922137,5.786897381366708,2.3978952727983707,3.044522437723423,0.0,0.0,77,5929,0.4999999999999999,-0.8660254037844387,1.2246467991473532e-16,-1.0,1840.0,7.518064181233078,-0.0683544303797468,2021-06-01,train
Wheat,2021-06-01,1840.0,1869.337167070218,1375.0,5300.0,826,522,10,27,0,0,0,2021,6,2,Summer,1975.0,1760.0,1700.0,1650.0,1866.0,-0.0683544303797468,0.0823529411764705,-0.0139335476956056,-135.0,1811.6666666666667,1747.5,1735.375,1760.0,1700.0,1700.0,144.59714151162646,116.77970714126567,105.91101002943108,1650.0,1975.0,275.0,325.0,109.0,1866.0,-0.0139335476956056,1720.844155844156,1690.0,165.90006225491877,1655.0,1655.5,227.5,275.0,0.0668267279778344,6.717804695023691,6.259581464064923,2.3978952727983707,3.332204510175204,0.0,0.0,78,6084,1.2246467991473532e-16,-1.0,1.2246467991473532e-16,-1.0,1700.0,7.438971592395862,-0.0760869565217391,2021-07-01,train
Wheat,2021-07-01,1700.0,1764.8032786885246,1350.0,8250.0,854,526,9,32,0,0,0,2021,7,3,Monsoon,1840.0,1975.0,1760.0,1700.0,1833.5,-0.0760869565217391,-0.034090909090909,-0.0728115625852194,-140.0,1858.3333333333333,1779.1666666666667,1733.2083333333333,1840.0,1730.0,1700.0,108.66615541802018,110.65336265413004,103.22778394786737,1700.0,1975.0,80.0,140.0,6.5,1833.5,-0.0728115625852194,1722.371794871795,1690.5,165.37054881362164,1638.625,1640.5,60.83333333333326,110.0,0.0621939274870988,6.75110146893676,6.267200548541362,2.302585092994046,3.49650756146648,0.0,0.0,79,6241,-0.4999999999999997,-0.8660254037844388,-1.0,-1.8369701987210294e-16,1709.0,7.444248649496705,0.0052941176470588,2021-08-01,train
Wheat,2021-08-01,1709.0,1733.5988372093022,1464.0,2300.0,172,125,8,15,0,0,0,2021,8,3,Monsoon,1700.0,1840.0,1975.0,1700.0,1709.0,0.0052941176470588,-0.1346835443037974,0.0,9.0,1838.3333333333333,1779.1666666666667,1722.0833333333333,1840.0,1730.0,1700.0,137.50757554888864,110.65336265413004,98.52314756472352,1700.0,1975.0,-275.0,0.0,-9.0,1709.0,0.0,1722.0886075949368,1691.0,164.32633962390267,1648.75,1622.5,-79.16666666666674,-30.0,0.0621939274870988,5.153291594497779,4.836281906951478,2.19722457733622,2.772588722239781,0.0,0.0,80,6400,-0.8660254037844385,-0.5000000000000004,-1.0,-1.8369701987210294e-16,1830.0,7.5126175446745105,0.0708016383850205,2021-09-01,train
Wheat,2021-09-01,1830.0,1860.8797035347775,1269.0,4730.0,877,559,10,29,0,0,0,2021,9,3,Monsoon,1709.0,1700.0,1840.0,1700.0,1661.0,0.0708016383850205,-0.0054347826086956,0.1017459361830221,121.0,1749.6666666666667,1780.6666666666667,1722.0833333333333,1709.0,1734.5,1700.0,78.36027905344204,109.41968134968415,98.52314756472352,1700.0,1975.0,-131.0,9.0,48.0,1661.0,0.1017459361830221,1721.925,1693.5,163.28954441866662,1680.25,1669.0,-71.66666666666674,-25.5,0.0614487165947309,6.777646593635117,6.327936783729195,2.3978952727983707,3.4011973816621555,0.0,0.0,81,6561,-1.0,-1.8369701987210294e-16,-1.0,-1.8369701987210294e-16,1850.0,7.523481312573497,0.0109289617486338,2021-10-01,train
Wheat,2021-10-01,1850.0,1886.09410430839,967.0,4620.0,882,548,9,28,0,0,0,2021,10,4,Autumn,1830.0,1709.0,1700.0,1760.0,1610.0,0.0109289617486338,0.0882352941176469,0.1490683229813665,20.0,1746.3333333333333,1802.3333333333333,1736.1666666666667,1709.0,1795.0,1700.0,72.59706146486452,102.93039719473737,101.04439468357164,1700.0,1975.0,130.0,70.0,220.0,1610.0,0.1490683229813665,1723.2592592592594,1696.0,162.7095017030181,1751.5,1765.5,27.666666666666742,35.0,0.0571095231337547,6.78332520060396,6.3080984415095305,2.302585092994046,3.367295829986474,0.0,0.0,82,6724,-0.8660254037844386,0.5000000000000001,-2.4492935982947064e-16,1.0,1910.0,7.555381944240273,0.0324324324324323,2021-11-01,train
Wheat,2021-11-01,1910.0,1938.413748378729,1150.0,5350.0,771,506,10,25,0,0,0,2021,11,4,Autumn,1850.0,1830.0,1709.0,1975.0,1660.0,0.0324324324324323,0.1176126389701579,0.1506024096385543,60.0,1796.3333333333333,1817.3333333333333,1756.1666666666667,1830.0,1835.0,1704.5,76.29110913686682,102.08166665305964,97.49110293516476,1700.0,1975.0,141.0,-125.0,190.0,1660.0,0.1506024096385543,1724.8048780487804,1698.0,162.30659442300805,1704.0,1630.0,32.66666666666674,15.0,0.0561711298531142,6.648984550024776,6.228511003591184,2.3978952727983707,3.258096538021482,0.0,0.0,83,6889,-0.5000000000000004,0.8660254037844384,-2.4492935982947064e-16,1.0,1927.0,7.564238475170491,0.0089005235602093,2021-12-01,train
Wheat,2021-12-01,1927.0,1968.28323699422,1400.0,4900.0,865,532,9,30,0,0,0,2021,12,4,Winter,1910.0,1850.0,1830.0,1840.0,1650.0,0.0089005235602093,0.0530054644808744,0.1678787878787879,17.0,1863.3333333333333,1806.5,1777.0,1850.0,1835.0,1734.5,41.63331998932263,83.81825576805882,101.69383640927376,1700.0,1910.0,80.0,70.0,260.0,1650.0,0.1678787878787879,1727.0361445783133,1700.0,162.58963349961715,1722.0,1625.0,103.5,75.0,0.0463981487783331,6.763884908562435,6.278521424165844,2.302585092994046,3.4339872044851463,0.0,0.0,84,7056,-2.4492935982947064e-16,1.0,-2.4492935982947064e-16,1.0,1920.0,7.560601162768557,-0.0036325895173845,2022-01-01,train
Wheat,2022-01-01,1920.0,1953.4007444168733,1500.0,4500.0,806,488,10,33,0,0,0,2022,1,1,Winter,1927.0,1910.0,1850.0,1700.0,1700.0,-0.0036325895173845,0.0378378378378378,0.1294117647058823,-7.0,1895.6666666666667,1821.0,1800.0833333333333,1910.0,1840.0,1795.0,40.45161719058129,97.22551105548229,101.68351822585451,1700.0,1927.0,77.0,227.0,227.0,1700.0,0.1294117647058823,1729.4166666666667,1700.0,163.07332287820148,1671.2,1650.0,106.0,87.0,0.0533912746048777,6.693323668269949,6.192362489474872,2.3978952727983707,3.5263605246161616,0.0,0.0,85,7225,0.4999999999999999,0.8660254037844387,1.0,6.123233995736766e-17,1951.0,7.576609766973037,0.0161458333333333,2022-02-01,train
Wheat,2022-02-01,1951.0,2002.8247991967871,1396.0,8700.0,996,569,11,36,0,0,0,2022,2,1,Winter,1920.0,1927.0,1910.0,1709.0,1700.0,0.0161458333333333,0.0214659685863873,0.1476470588235294,31.0,1919.0,1857.6666666666667,1818.4166666666667,1920.0,1880.0,1835.0,8.544003745317278,82.89431021889463,101.83092790890063,1709.0,1927.0,10.0,211.0,220.0,1700.0,0.1476470588235294,1731.6588235294118,1700.0,163.4124968221435,1633.2,1625.0,62.33333333333326,40.0,0.044622811888872,6.904750769961838,6.345636360828596,2.4849066497880004,3.610917912644224,0.0,0.0,86,7396,0.8660254037844386,0.5000000000000001,1.0,6.123233995736766e-17,2050.5,7.626326511882241,0.0509994874423371,2022-03-01,train
Wheat,2022-03-01,2050.5,2088.981598984772,1179.0,4400.0,788,559,13,36,0,0,0,2022,3,1,Spring,1951.0,1920.0,1927.0,1830.0,1700.0,0.0509994874423371,0.0640892579138556,0.2061764705882351,99.5,1932.6666666666667,1898.0,1839.3333333333333,1927.0,1915.0,1845.0,16.2583311976761,47.34131388121423,101.07183164222872,1830.0,1951.0,24.0,121.0,251.0,1700.0,0.2061764705882351,1734.2093023255811,1700.0,164.16122751225714,1635.0,1625.0,53.0,36.0,0.0249427365022203,6.670766320845874,6.327936783729195,2.6390573296152584,3.610917912644224,0.0,0.0,87,7569,1.0,6.123233995736766e-17,1.0,6.123233995736766e-17,2025.0,7.613818684808629,-0.0124359912216532,2022-04-01,train
Wheat,2022-04-01,2025.0,2094.3063147973608,1600.0,7001.0,1061,681,15,37,0,0,0,2022,4,2,Spring,2050.5,1951.0,1920.0,1850.0,1760.0,-0.0124359912216532,0.0546875,0.1505681818181818,-25.5,1973.8333333333333,1934.75,1868.5416666666667,1951.0,1923.5,1880.0,68.18052018966512,65.93159333733429,107.58114449807216,1850.0,2050.5,130.5,200.5,290.5,1760.0,0.1505681818181818,1737.844827586207,1700.0,166.68962786234945,1654.9,1623.5,115.75,127.0,0.0340775776391442,6.967909201801884,6.525029657843462,2.772588722239781,3.6375861597263857,0.0,0.0,88,7744,0.8660254037844387,-0.4999999999999998,1.2246467991473532e-16,-1.0,2025.0,7.613818684808629,0.0,2022-05-01,train
Wheat,2022-05-01,2025.0,2068.73595505618,1750.0,3650.0,445,299,12,19,0,0,0,2022,5,2,Summer,2025.0,2050.5,1951.0,1910.0,1975.0,0.0,0.0379292670425421,0.0253164556962024,0.0,2008.8333333333333,1963.9166666666667,1890.625,2025.0,1939.0,1915.0,51.682524448147234,59.31813944036236,110.43573305938436,1910.0,2050.5,74.0,115.0,50.0,1975.0,0.0253164556962024,1741.1079545454545,1700.0,168.5321424519554,1656.5,1674.0,61.08333333333326,86.0,0.0302040002242266,6.100318952020064,5.703782474656201,2.5649493574615367,2.995732273553991,0.0,0.0,89,7921,0.4999999999999999,-0.8660254037844387,1.2246467991473532e-16,-1.0,2030.0,7.616283561580385,0.0024691358024691,2022-06-01,train
Wheat,2022-06-01,2030.0,2086.229845626072,1410.0,6980.0,1166,648,12,36,0,0,0,2022,6,2,Summer,2025.0,2025.0,2050.5,1927.0,1840.0,0.0024691358024691,-0.0099975615703487,0.1032608695652173,5.0,2033.5,1983.0833333333333,1894.7916666666667,2025.0,1988.0,1915.0,14.722431864335674,56.94419783144075,114.76685028457648,1920.0,2050.5,-25.5,98.0,185.0,1840.0,0.1032608695652173,1744.297752808989,1700.0,170.25239817929685,1709.0,1691.0,41.91666666666674,37.0,0.0287149797864137,7.062191632286556,6.47543271670409,2.5649493574615367,3.610917912644224,0.0,0.0,90,8100,1.2246467991473532e-16,-1.0,1.2246467991473532e-16,-1.0,2035.0,7.618742377670413,0.0024630541871921,2022-07-01,train
Wheat,2022-07-01,2035.0,2078.149188514357,1500.0,5000.0,801,537,14,37,0,0,0,2022,7,3,Monsoon,2030.0,2025.0,2025.0,1920.0,1700.0,0.0024630541871921,0.0049382716049382,0.1970588235294117,5.0,2026.6666666666667,2000.25,1910.625,2025.0,2025.0,1923.5,2.886751345948096,51.96320813806235,119.52807296728544,1920.0,2050.5,5.0,110.0,330.0,1700.0,0.1970588235294117,1747.4722222222222,1704.5,171.9510049291072,1690.9,1680.0,29.75,5.0,0.0259783567744343,6.687108607866515,6.2878585601617845,2.70805020110221,3.6375861597263857,0.0,0.0,91,8281,-0.4999999999999997,-0.8660254037844388,-1.0,-1.8369701987210294e-16,2225.0,7.70796153183549,0.0933660933660933,2022-08-01,train
Wheat,2022-08-01,2225.0,2242.296168958743,1600.0,4900.0,1018,587,13,35,0,0,0,2022,8,3,Monsoon,2035.0,2030.0,2025.0,1951.0,1709.0,0.0933660933660933,0.0987654320987654,0.3019309537741368,190.0,2030.0,2019.4166666666667,1938.5416666666667,2030.0,2027.5,1939.0,4.999999999999972,34.825876394805164,103.97146862422794,1951.0,2050.5,10.0,84.0,326.0,1709.0,0.3019309537741368,1750.631868131868,1709.0,173.62923197249995,1709.0,1675.0,15.583333333333258,7.5,0.0172455130086106,6.926577033222725,6.376726947898627,2.6390573296152584,3.58351893845611,0.0,0.0,92,8464,-0.8660254037844385,-0.5000000000000004,-1.0,-1.8369701987210294e-16,2250.0,7.719129840906732,0.0112359550561798,2022-09-01,train
Wheat,2022-09-01,2250.0,2265.7507629704983,1700.0,4800.0,983,588,11,37,0,0,0,2022,9,3,Monsoon,2225.0,2035.0,2030.0,2050.5,1830.0,0.0112359550561798,0.1083743842364532,0.2295081967213115,25.0,2096.6666666666665,2065.083333333333,1981.5416666666667,2035.0,2032.5,1988.0,111.16804097101536,78.91160666635952,107.06486104085248,2025.0,2225.0,195.0,174.5,395.0,1830.0,0.2295081967213115,1755.7880434782608,1709.0,179.61555761344644,1744.2,1738.0,159.91666666666652,192.5,0.0382123110446032,6.891625897052253,6.3784261836515865,2.4849066497880004,3.6375861597263857,0.0,0.0,93,8649,-1.0,-1.8369701987210294e-16,-1.0,-1.8369701987210294e-16,2260.0,7.72356247227797,0.0044444444444444,2022-10-01,train
Wheat,2022-10-01,2260.0,2282.430749682338,1851.0,4900.0,787,497,12,36,0,0,0,2022,10,4,Autumn,2250.0,2225.0,2035.0,2025.0,1850.0,0.0044444444444444,0.1105651105651106,0.2216216216216215,10.0,2170.0,2098.333333333333,2016.5416666666667,2225.0,2032.5,2025.0,117.57976016304856,108.15112882751724,120.7916046024076,2025.0,2250.0,215.0,225.0,400.0,1850.0,0.2216216216216215,1761.1021505376343,1709.0,185.84233264792115,1793.2,1911.0,151.66666666666652,217.5,0.0515414434444085,6.669498089857879,6.210600077024653,2.5649493574615367,3.610917912644224,0.0,0.0,94,8836,-0.8660254037844386,0.5000000000000001,-2.4492935982947064e-16,1.0,2390.0,7.779466967458324,0.0575221238938052,2022-11-01,train
Wheat,2022-11-01,2390.0,2422.6833333333334,1700.0,5980.0,810,518,11,38,0,0,0,2022,11,4,Autumn,2260.0,2250.0,2225.0,2025.0,1910.0,0.0575221238938052,0.0741573033707865,0.2513089005235602,130.0,2245.0,2137.5,2050.708333333333,2250.0,2130.0,2027.5,18.027756377320557,118.35328470304304,127.2164330317963,2025.0,2260.0,35.0,235.0,350.0,1910.0,0.2513089005235602,1766.409574468085,1722.0,191.86939670310852,1772.5,1712.5,122.5,130.0,0.0553699577558096,6.698268054115413,6.251903883165888,2.4849066497880004,3.6635616461296463,0.0,0.0,95,9025,-0.5000000000000004,0.8660254037844384,-2.4492935982947064e-16,1.0,2510.0,7.828436359157585,0.0502092050209204,2022-12-01,train
Wheat,2022-12-01,2510.0,2528.1002991944765,1600.0,5755.0,869,522,11,37,0,0,0,2022,12,4,Winter,2390.0,2260.0,2250.0,2030.0,1927.0,0.0502092050209204,0.1155555555555556,0.3025428126621692,120.0,2300.0,2198.333333333333,2090.708333333333,2260.0,2237.5,2032.5,78.10249675906668,140.66508687896305,152.00006853068712,2030.0,2390.0,140.0,360.0,463.0,1927.0,0.3025428126621692,1772.9736842105262,1735.0,201.28473492264123,1777.5,1737.5,191.6666666666665,152.5,0.0639871509684441,6.76849321164863,6.259581464064923,2.4849066497880004,3.6375861597263857,0.0,0.0,96,9216,-2.4492935982947064e-16,1.0,-2.4492935982947064e-16,1.0,2575.0,7.853993087224244,0.0258964143426294,2023-01-01,train
Wheat,2023-01-01,2575.0,2545.0778688524592,660.0,3540.0,244,153,8,20,0,0,0,2023,1,1,Winter,2510.0,2390.0,2260.0,2035.0,1920.0,0.0258964143426294,0.1393805309734512,0.3411458333333332,65.0,2386.6666666666665,2278.333333333333,2139.2916666666665,2390.0,2255.0,2042.75,125.03332889007382,160.83117442419615,184.5942058498416,2035.0,2510.0,250.0,475.0,590.0,1920.0,0.3411458333333332,1780.6510416666667,1735.0,213.88660448436428,1721.0,1655.0,231.6666666666665,255.0,0.0705915908226171,5.501258210544727,5.0369526024136295,2.19722457733622,3.044522437723423,0.0,0.0,97,9409,0.4999999999999999,0.8660254037844387,1.0,6.123233995736766e-17,2650.0,7.8826922062890254,0.0291262135922329,2023-02-01,train
Wheat,2023-02-01,2650.0,2654.0798175598634,1700.0,4950.0,877,490,10,36,0,0,0,2023,2,1,Winter,2575.0,2510.0,2390.0,2225.0,1951.0,0.0291262135922329,0.108786610878661,0.3582778062532035,75.0,2491.6666666666665,2368.333333333333,2193.875,2510.0,2325.0,2137.75,93.85272150200755,148.00900873482732,209.07285865762967,2225.0,2575.0,185.0,350.0,624.0,1951.0,0.3582778062532035,1788.840206185567,1735.0,227.54339726183457,1694.3333333333333,1660.5,206.6666666666665,250.0,0.0624950072068236,6.777646593635117,6.19644412779452,2.3978952727983707,3.610917912644224,0.0,0.0,98,9604,0.8660254037844386,0.5000000000000001,1.0,6.123233995736766e-17,2200.0,7.696667081526462,-0.1698113207547169,2023-03-01,train
Wheat,2023-03-01,2200.0,2268.6382054992764,341.0,4750.0,691,498,11,34,0,0,0,2023,3,1,Spring,2650.0,2575.0,2510.0,2250.0,2050.5,-0.1698113207547169,-0.1235059760956175,0.0729090465740063,-450.0,2578.333333333333,2439.1666666666665,2252.125,2575.0,2450.0,2237.5,70.05949852327946,166.2653501685369,231.43250783288585,2250.0,2650.0,140.0,400.0,599.5,2050.5,0.0729090465740063,1797.6275510204082,1736.5,242.50676801294645,1683.3333333333333,1680.0,210.83333333333348,200.0,0.0681648172880916,6.539585955617669,6.212606095751519,2.4849066497880004,3.555348061489413,0.0,0.0,99,9801,1.0,6.123233995736766e-17,1.0,6.123233995736766e-17,2150.0,7.67368812926773,-0.0227272727272727,2023-04-01,train
Wheat,2023-04-01,2150.0,2228.200123915737,235.0,4300.0,807,515,12,35,0,0,0,2023,4,2,Spring,2200.0,2650.0,2575.0,2260.0,2025.0,-0.0227272727272727,-0.1650485436893204,0.0617283950617284,-50.0,2475.0,2430.833333333333,2264.583333333333,2575.0,2450.0,2237.5,241.091269024824,178.44933921610976,223.47928858004497,2200.0,2650.0,-375.0,-60.0,175.0,2025.0,0.0617283950617284,1801.6919191919192,1738.0,244.632019645988,1690.0833333333333,1679.25,-230.83333333333348,-250.0,0.0734107669041246,6.694562058521095,6.246106765481563,2.5649493574615367,3.58351893845611,0.0,0.0,100,10000,0.8660254037844387,-0.4999999999999998,1.2246467991473532e-16,-1.0,2129.0,7.6638772587034705,-0.009767441860465,2023-05-01,train
Wheat,2023-05-01,2129.0,2197.4261125104954,1500.0,5690.0,1191,716,15,40,0,0,0,2023,5,2,Summer,2150.0,2200.0,2650.0,2390.0,2025.0,-0.009767441860465,-0.1966037735849056,0.051358024691358,-21.0,2333.333333333333,2412.5,2275.0,2200.0,2450.0,2237.5,275.3785273643052,203.4146012458288,214.0093455903284,2150.0,2650.0,-500.0,-240.0,125.0,2025.0,0.051358024691358,1805.175,1749.0,245.87296932655,1686.0,1682.0,-262.5,-300.0,0.0843169331588927,7.083387847625295,6.57507584059962,2.772588722239781,3.713572066704308,0.0,0.0,101,10201,0.4999999999999999,-0.8660254037844387,1.2246467991473532e-16,-1.0,2240.0,7.714677473800927,0.0521371535932362,2023-06-01,train
Wheat,2023-06-01,2240.0,2290.6143099068586,1800.0,4726.0,1181,640,14,37,0,0,0,2023,6,2,Summer,2129.0,2150.0,2200.0,2510.0,2030.0,0.0521371535932362,0.018181818181818,0.1034482758620689,111.0,2159.6666666666665,2369.0,2283.6666666666665,2150.0,2355.0,2237.5,36.4737348421223,234.6912865872944,204.87571990370463,2129.0,2650.0,-71.0,-381.0,99.0,2030.0,0.1034482758620689,1808.381188118812,1760.0,246.7533702760193,1709.0,1700.0,-240.0,-226.0,0.0990676600199638,7.074963197966044,6.46302945692067,2.70805020110221,3.6375861597263857,0.0,0.0,102,10404,1.2246467991473532e-16,-1.0,1.2246467991473532e-16,-1.0,2223.5,7.707287450246096,-0.0073660714285713,2023-07-01,train
Wheat,2023-07-01,2223.5,2270.9994394618834,1600.0,5070.0,892,548,10,33,0,0,0,2023,7,3,Monsoon,2240.0,2129.0,2150.0,2575.0,2035.0,-0.0073660714285713,0.0341860465116279,0.0926289926289927,-16.5,2173.0,2324.0,2301.1666666666665,2150.0,2220.0,2245.0,58.96609195122319,228.03947026775768,189.64072890760235,2129.0,2650.0,90.0,-335.0,205.0,2035.0,0.0926289926289927,1812.612745098039,1777.5,249.2203874467788,1685.9166666666667,1670.5,-84.0,20.0,0.0981236963286392,6.794586580876499,6.3080984415095305,2.3978952727983707,3.5263605246161616,0.0,0.0,103,10609,-0.4999999999999997,-0.8660254037844388,-1.0,-1.8369701987210294e-16,2325.0,7.75190533307861,0.0456487519676185,2023-08-01,train
Wheat,2023-08-01,2325.0,2380.42850678733,1800.0,4900.0,1105,613,12,38,0,0,0,2023,8,3,Monsoon,2223.5,2240.0,2129.0,2650.0,2225.0,0.0456487519676185,0.0920620009394082,0.0449438202247192,101.5,2197.5,2265.4166666666665,2316.875,2223.5,2211.75,2245.0,59.89365575751832,193.14098909000705,172.63362742577857,2129.0,2650.0,94.5,-426.5,-1.5,2225.0,0.0449438202247192,1816.6019417475727,1795.0,251.2786941884557,1692.5,1642.5,-41.91666666666652,11.75,0.0852562762214487,7.00850518208228,6.419994928147142,2.5649493574615367,3.6635616461296463,0.0,0.0,104,10816,-0.8660254037844385,-0.5000000000000004,-1.0,-1.8369701987210294e-16,2340.0,7.75833346749091,0.0064516129032257,2023-09-01,train
