Crop,Year,Month,Date,HTTP_Status,Success,States,Markets,Observations,Error
Wheat,2015,1,2015-01-01,,False,0,0,0,name 'test_price_url' is not defined
Wheat,2015,1,2015-01-08,,False,0,0,0,name 'test_price_url' is not defined
Wheat,2015,1,2015-01-15,,False,0,0,0,name 'test_price_url' is not defined
Wheat,2015,1,2015-01-22,,False,0,0,0,name 'test_price_url' is not defined
Wheat,2015,1,2015-01-28,,False,0,0,0,name 'test_price_url' is not defined
Wheat,2015,2,2015-02-01,,False,0,0,0,name 'test_price_url' is not defined
Wheat,2015,2,2015-02-08,,False,0,0,0,name 'test_price_url' is not defined
Wheat,2015,2,2015-02-15,,False,0,0,0,name 'test_price_url' is not defined
Wheat,2015,2,2015-02-22,,False,0,0,0,name 'test_price_url' is not defined
Wheat,2015,2,2015-02-28,,False,0,0,0,name 'test_price_url' is not defined
Wheat,2015,3,2015-03-01,,False,0,0,0,name 'test_price_url' is not defined
Wheat,2015,3,2015-03-08,,False,0,0,0,name 'test_price_url' is not defined
Wheat,2015,3,2015-03-15,,False,0,0,0,name 'test_price_url' is not defined
Wheat,2015,3,2015-03-22,,False,0,0,0,name 'test_price_url' is not defined
Wheat,2015,3,2015-03-28,,False,0,0,0,name 'test_price_url' is not defined
Wheat,2015,4,2015-04-01,,False,0,0,0,name 'test_price_url' is not defined
Wheat,2015,4,2015-04-08,,False,0,0,0,name 'test_price_url' is not defined
Wheat,2015,4,2015-04-15,,False,0,0,0,name 'test_price_url' is not defined
Wheat,2015,4,2015-04-22,,False,0,0,0,name 'test_price_url' is not defined
Wheat,2015,4,2015-04-28,,False,0,0,0,name 'test_price_url' is not defined
Wheat,2015,5,2015-05-01,,False,0,0,0,name 'test_price_url' is not defined
Wheat,2015,5,2015-05-08,,False,0,0,0,name 'test_price_url' is not defined
Wheat,2015,5,2015-05-15,,False,0,0,0,name 'test_price_url' is not defined
Wheat,2015,5,2015-05-22,,False,0,0,0,name 'test_price_url' is not defined
Wheat,2015,5,2015-05-28,,False,0,0,0,name 'test_price_url' is not defined
Wheat,2015,6,2015-06-01,,False,0,0,0,name 'test_price_url' is not defined
Wheat,2015,6,2015-06-08,,False,0,0,0,name 'test_price_url' is not defined
Wheat,2015,6,2015-06-15,,False,0,0,0,name 'test_price_url' is not defined
Wheat,2015,6,2015-06-22,,False,0,0,0,name 'test_price_url' is not defined
Wheat,2015,6,2015-06-28,,False,0,0,0,name 'test_price_url' is not defined
Wheat,2015,7,2015-07-01,,False,0,0,0,name 'test_price_url' is not defined
Wheat,2015,7,2015-07-08,,False,0,0,0,name 'test_price_url' is not defined
Wheat,2015,7,2015-07-15,,False,0,0,0,name 'test_price_url' is not defined
Wheat,2015,7,2015-07-22,,False,0,0,0,name 'test_price_url' is not defined
Wheat,2015,7,2015-07-28,,False,0,0,0,name 'test_price_url' is not defined
Wheat,2015,8,2015-08-01,,False,0,0,0,name 'test_price_url' is not defined
Wheat,2015,8,2015-08-08,,False,0,0,0,name 'test_price_url' is not defined
Wheat,2015,8,2015-08-15,,False,0,0,0,name 'test_price_url' is not defined
Wheat,2015,8,2015-08-22,,False,0,0,0,name 'test_price_url' is not defined
Wheat,2015,8,2015-08-28,,False,0,0,0,name 'test_price_url' is not defined
Wheat,2015,9,2015-09-01,,False,0,0,0,name 'test_price_url' is not defined
Wheat,2015,9,2015-09-08,,False,0,0,0,name 'test_price_url' is not defined
Wheat,2015,9,2015-09-15,,False,0,0,0,name 'test_price_url' is not defined
Wheat,2015,9,2015-09-22,,False,0,0,0,name 'test_price_url' is not defined
Wheat,2015,9,2015-09-28,,False,0,0,0,name 'test_price_url' is not defined
Wheat,2015,10,2015-10-01,,False,0,0,0,name 'test_price_url' is not defined
Wheat,2015,10,2015-10-08,,False,0,0,0,name 'test_price_url' is not defined
Wheat,2015,10,2015-10-15,,False,0,0,0,name 'test_price_url' is not defined
Wheat,2015,10,2015-10-22,,False,0,0,0,name 'test_price_url' is not defined
Wheat,2015,10,2015-10-28,,False,0,0,0,name 'test_price_url' is not defined
Wheat,2015,11,2015-11-01,,False,0,0,0,name 'test_price_url' is not defined
Wheat,2015,11,2015-11-08,,False,0,0,0,name 'test_price_url' is not defined
Wheat,2015,11,2015-11-15,,False,0,0,0,name 'test_price_url' is not defined
Wheat,2015,11,2015-11-22,,False,0,0,0,name 'test_price_url' is not defined
Wheat,2015,11,2015-11-28,,False,0,0,0,name 'test_price_url' is not defined
Wheat,2015,1,2015-01-01,200.0,True,16,337,358,
Wheat,2015,2,2015-02-01,200.0,True,11,128,131,
Wheat,2015,3,2015-03-01,200.0,True,10,101,103,
Wheat,2015,4,2015-04-01,200.0,True,16,320,335,
Wheat,2015,5,2015-05-01,200.0,True,13,509,527,
Wheat,2015,6,2015-06-01,200.0,True,16,446,481,
Wheat,2015,7,2015-07-01,200.0,True,15,436,462,
Wheat,2015,8,2015-08-01,200.0,True,16,416,442,
Wheat,2015,9,2015-09-01,200.0,True,16,454,484,
Wheat,2015,10,2015-10-01,200.0,True,16,463,493,
Wheat,2015,11,2015-11-01,200.0,True,11,122,125,
Wheat,2015,12,2015-12-01,200.0,True,14,434,465,
Wheat,2016,1,2016-01-01,200.0,True,16,420,449,
Wheat,2016,2,2016-02-01,200.0,True,11,337,360,
Wheat,2016,3,2016-03-01,200.0,True,14,333,357,
Wheat,2016,4,2016-04-01,200.0,True,14,350,364,
Wheat,2016,5,2016-05-01,200.0,True,12,196,198,
Wheat,2016,6,2016-06-01,200.0,True,15,522,557,
Wheat,2016,7,2016-07-01,200.0,True,15,441,471,
Wheat,2016,8,2016-08-01,200.0,True,14,376,402,
Wheat,2016,9,2016-09-01,200.0,True,13,327,341,
Wheat,2016,10,2016-10-01,200.0,True,12,296,315,
Wheat,2016,11,2016-11-01,200.0,True,10,142,147,
Wheat,2016,12,2016-12-01,200.0,True,14,417,443,
Wheat,2017,1,2017-01-01,200.0,True,8,107,108,
Wheat,2017,2,2017-02-01,200.0,True,13,383,405,
Wheat,2017,3,2017-03-01,200.0,True,12,471,500,
Wheat,2017,4,2017-04-01,200.0,True,16,360,380,
Wheat,2017,5,2017-05-01,200.0,True,14,487,514,
Wheat,2017,6,2017-06-01,200.0,True,17,435,464,
Wheat,2017,7,2017-07-01,200.0,True,17,328,344,
Wheat,2017,8,2017-08-01,200.0,True,16,561,588,
Wheat,2017,9,2017-09-01,200.0,True,15,589,613,
Wheat,2017,10,2017-10-01,200.0,True,11,151,151,
Wheat,2017,11,2017-11-01,200.0,True,12,488,511,
Wheat,2017,12,2017-12-01,200.0,True,14,439,463,
Wheat,2018,1,2018-01-01,200.0,True,11,469,500,
Wheat,2018,2,2018-02-01,200.0,True,13,535,566,
Wheat,2018,3,2018-03-01,200.0,True,13,373,397,
Wheat,2018,4,2018-04-01,200.0,True,12,144,144,
Wheat,2018,5,2018-05-01,200.0,True,14,538,560,
Wheat,2018,6,2018-06-01,200.0,True,15,514,543,
Wheat,2018,7,2018-07-01,200.0,True,8,140,142,
Wheat,2018,8,2018-08-01,200.0,True,14,516,543,
Wheat,2018,9,2018-09-01,200.0,True,14,366,384,
Wheat,2018,10,2018-10-01,200.0,True,12,470,495,
Wheat,2018,11,2018-11-01,200.0,True,12,404,419,
Wheat,2018,12,2018-12-01,200.0,True,14,475,498,
Wheat,2019,1,2019-01-01,200.0,True,12,438,460,
Wheat,2019,2,2019-02-01,200.0,True,15,477,494,
Wheat,2019,3,2019-03-01,200.0,True,12,439,462,
Wheat,2019,4,2019-04-01,200.0,True,14,459,481,
Wheat,2019,5,2019-05-01,200.0,True,11,603,627,
Wheat,2019,6,2019-06-01,200.0,True,15,571,598,
Wheat,2019,7,2019-07-01,200.0,True,15,539,565,
Wheat,2019,8,2019-08-01,200.0,True,11,457,469,
Wheat,2019,9,2019-09-01,200.0,True,11,184,189,
Wheat,2015,1,2015-01-01,200,True,16,337,358,
Wheat,2015,2,2015-02-01,200,True,11,128,131,
Wheat,2015,3,2015-03-01,200,True,10,101,103,
Wheat,2015,4,2015-04-01,200,True,16,320,335,
Wheat,2015,5,2015-05-01,200,True,13,509,527,
Wheat,2015,6,2015-06-01,200,True,16,446,481,
Wheat,2015,7,2015-07-01,200,True,15,436,462,
Wheat,2015,8,2015-08-01,200,True,16,416,442,
Wheat,2015,9,2015-09-01,200,True,16,454,484,
Wheat,2015,10,2015-10-01,200,True,16,463,493,
Wheat,2015,11,2015-11-01,200,True,11,122,125,
Wheat,2015,12,2015-12-01,200,True,14,434,465,
Wheat,2016,1,2016-01-01,200,True,16,420,449,
Wheat,2016,2,2016-02-01,200,True,11,337,360,
Wheat,2016,3,2016-03-01,200,True,14,333,357,
Wheat,2016,4,2016-04-01,200,True,14,350,364,
Wheat,2016,5,2016-05-01,200,True,12,196,198,
Wheat,2016,6,2016-06-01,200,True,15,522,557,
Wheat,2016,7,2016-07-01,200,True,15,441,471,
Wheat,2016,8,2016-08-01,200,True,14,376,402,
Wheat,2016,9,2016-09-01,200,True,13,327,341,
Wheat,2016,10,2016-10-01,200,True,12,296,315,
Wheat,2016,11,2016-11-01,200,True,10,142,147,
Wheat,2016,12,2016-12-01,200,True,14,417,443,
Wheat,2017,1,2017-01-01,200,True,8,107,108,
Wheat,2017,2,2017-02-01,200,True,13,383,405,
Wheat,2017,3,2017-03-01,200,True,12,471,500,
Wheat,2017,4,2017-04-01,200,True,16,360,380,
Wheat,2017,5,2017-05-01,200,True,14,487,514,
Wheat,2017,6,2017-06-01,200,True,17,435,464,
Wheat,2017,7,2017-07-01,200,True,17,328,344,
Wheat,2017,8,2017-08-01,200,True,16,561,588,
Wheat,2017,9,2017-09-01,200,True,15,589,613,
Wheat,2017,10,2017-10-01,200,True,11,151,151,
Wheat,2017,11,2017-11-01,200,True,12,488,511,
Wheat,2017,12,2017-12-01,200,True,14,439,463,
Wheat,2018,1,2018-01-01,200,True,11,469,500,
Wheat,2018,2,2018-02-01,200,True,13,535,566,
Wheat,2018,3,2018-03-01,200,True,13,373,397,
Wheat,2018,4,2018-04-01,200,True,12,144,144,
Wheat,2018,5,2018-05-01,200,True,14,538,560,
Wheat,2018,6,2018-06-01,200,True,15,514,543,
Wheat,2018,7,2018-07-01,200,True,8,140,142,
Wheat,2018,8,2018-08-01,200,True,14,516,543,
Wheat,2018,9,2018-09-01,200,True,14,366,384,
Wheat,2018,10,2018-10-01,200,True,12,470,495,
Wheat,2018,11,2018-11-01,200,True,12,404,419,
Wheat,2018,12,2018-12-01,200,True,14,475,498,
Wheat,2019,1,2019-01-01,200,True,12,438,460,
Wheat,2019,2,2019-02-01,200,True,15,477,494,
Wheat,2019,3,2019-03-01,200,True,12,439,462,
Wheat,2019,4,2019-04-01,200,True,14,459,481,
Wheat,2019,5,2019-05-01,200,True,11,603,627,
Wheat,2019,6,2019-06-01,200,True,15,571,598,
Wheat,2019,7,2019-07-01,200,True,15,539,565,
Wheat,2019,8,2019-08-01,200,True,11,457,469,
Wheat,2019,9,2019-09-01,200,True,11,184,189,
Wheat,2019,10,2019-10-01,200,True,13,537,557,
Wheat,2019,10,2019-10-08,200,True,11,214,220,
Wheat,2019,11,2019-11-01,200,True,12,496,514,
Wheat,2019,11,2019-11-08,200,True,14,492,510,
Wheat,2019,12,2019-12-01,200,True,10,163,168,
Wheat,2019,12,2019-12-08,200,True,10,156,159,
Wheat,2020,1,2020-01-01,200,True,10,319,328,
Wheat,2020,1,2020-01-08,200,True,8,456,473,
Wheat,2020,2,2020-02-01,200,True,10,316,327,
Wheat,2020,2,2020-02-08,200,True,9,352,366,
Wheat,2020,3,2020-03-01,200,True,6,110,111,
Wheat,2020,3,2020-03-08,200,True,6,137,140,
Wheat,2020,4,2020-04-01,200,True,8,125,126,
Wheat,2020,4,2020-04-08,200,True,8,141,142,
Wheat,2020,5,2020-05-01,200,True,9,329,335,
Wheat,2020,5,2020-05-08,200,True,11,508,527,
Wheat,2020,6,2020-06-01,200,True,9,396,411,
Wheat,2020,6,2020-06-08,200,True,10,538,557,
Wheat,2020,7,2020-07-01,200,True,9,273,285,
Wheat,2020,7,2020-07-08,200,True,9,431,439,
Wheat,2020,8,2020-08-01,200,True,7,59,60,
Wheat,2020,8,2020-08-08,200,True,8,192,198,
Wheat,2020,9,2020-09-01,200,True,8,217,224,
Wheat,2020,9,2020-09-08,200,True,8,413,424,
Wheat,2020,10,2020-10-01,200,True,8,248,257,
Wheat,2020,10,2020-10-08,200,True,9,354,364,
Wheat,2020,11,2020-11-01,200,True,7,86,86,
Wheat,2020,11,2020-11-08,200,True,8,117,119,
Wheat,2020,12,2020-12-01,200,True,9,266,277,
Wheat,2020,12,2020-12-08,200,True,8,185,191,
Wheat,2021,1,2021-01-01,200,True,9,317,329,
Wheat,2021,1,2021-01-08,200,True,8,357,372,
Wheat,2021,2,2021-02-01,200,True,9,351,365,
Wheat,2021,2,2021-02-08,200,True,10,443,465,
Wheat,2021,3,2021-03-01,200,True,9,395,412,
Wheat,2021,3,2021-03-08,200,True,9,505,525,
Wheat,2021,4,2021-04-01,200,True,10,223,227,
Wheat,2021,4,2021-04-08,200,True,10,499,528,
Wheat,2021,5,2021-05-01,200,True,8,143,143,
Wheat,2021,5,2021-05-08,200,True,10,272,275,
Wheat,2021,6,2021-06-01,200,True,9,317,328,
Wheat,2021,6,2021-06-08,200,True,10,480,498,
Wheat,2021,7,2021-07-01,200,True,9,350,375,
Wheat,2021,7,2021-07-08,200,True,8,458,479,
Wheat,2021,8,2021-08-01,200,True,6,63,66,
Wheat,2021,8,2021-08-08,200,True,7,104,106,
Wheat,2021,9,2021-09-01,200,True,9,352,361,
Wheat,2021,9,2021-09-08,200,True,10,497,516,
Wheat,2021,10,2021-10-01,200,True,8,349,357,
Wheat,2021,10,2021-10-08,200,True,9,501,525,
Wheat,2021,11,2021-11-01,200,True,7,297,307,
Wheat,2021,11,2021-11-08,200,True,10,445,464,
Wheat,2021,12,2021-12-01,200,True,9,332,349,
Wheat,2021,12,2021-12-08,200,True,9,486,516,
Wheat,2022,1,2022-01-01,200,True,10,416,440,
Wheat,2022,1,2022-01-08,200,True,10,351,366,
Wheat,2022,2,2022-02-01,200,True,10,460,479,
Wheat,2022,2,2022-02-08,200,True,10,487,517,
Wheat,2022,3,2022-03-01,200,True,10,215,219,
Wheat,2022,3,2022-03-08,200,True,12,536,569,
Wheat,2022,4,2022-04-01,200,True,13,375,386,
Wheat,2022,4,2022-04-08,200,True,14,642,675,
Wheat,2022,5,2022-05-01,200,True,11,241,245,
Wheat,2022,5,2022-05-08,200,True,10,198,200,
Wheat,2022,6,2022-06-01,200,True,12,551,580,
Wheat,2022,6,2022-06-08,200,True,11,558,586,
Wheat,2022,7,2022-07-01,200,True,11,292,308,
Wheat,2022,7,2022-07-08,200,True,12,477,493,
Wheat,2022,8,2022-08-01,200,True,11,493,517,
Wheat,2022,8,2022-08-08,200,True,12,474,501,
Wheat,2022,9,2022-09-01,200,True,11,465,485,
Wheat,2022,9,2022-09-08,200,True,10,475,498,
Wheat,2022,10,2022-10-01,200,True,10,401,416,
Wheat,2022,10,2022-10-08,200,True,12,359,371,
Wheat,2022,11,2022-11-01,200,True,10,473,499,
Wheat,2022,11,2022-11-08,200,True,11,300,311,
Wheat,2022,12,2022-12-01,200,True,10,402,419,
Wheat,2022,12,2022-12-08,200,True,11,428,450,
Wheat,2023,1,2023-01-01,200,True,7,120,124,
Wheat,2023,1,2023-01-08,200,True,7,117,120,
Wheat,2023,2,2023-02-01,200,True,10,398,422,
Wheat,2023,2,2023-02-08,200,True,10,428,455,
Wheat,2023,3,2023-03-01,200,True,11,470,498,
Wheat,2023,3,2023-03-08,200,True,8,188,193,
Wheat,2023,4,2023-04-01,200,True,10,332,343,
Wheat,2023,4,2023-04-08,200,True,12,442,464,
Wheat,2023,5,2023-05-01,200,True,13,501,519,
Wheat,2023,5,2023-05-08,200,True,15,633,672,
Wheat,2023,6,2023-06-01,200,True,13,563,600,
Wheat,2023,6,2023-06-08,200,True,11,547,581,
Wheat,2023,7,2023-07-01,200,True,10,472,493,
Wheat,2023,7,2023-07-08,200,True,10,389,401,
Wheat,2023,8,2023-08-01,200,True,12,508,537,
Wheat,2023,8,2023-08-08,200,True,9,536,568,
Wheat,2023,9,2023-09-01,200,True,12,509,535,
Wheat,2023,9,2023-09-08,200,True,12,385,392,
Wheat,2023,10,2023-10-01,200,True,7,113,116,
Wheat,2023,10,2023-10-08,200,True,10,144,148,
Wheat,2023,11,2023-11-01,200,True,8,424,452,
Wheat,2023,11,2023-11-08,200,True,11,433,465,
Wheat,2023,12,2023-12-01,200,True,11,400,428,
Wheat,2023,12,2023-12-08,200,True,13,458,493,
Wheat,2024,1,2024-01-01,200,True,11,304,324,
Wheat,2024,1,2024-01-08,200,True,10,371,397,
Wheat,2024,2,2024-02-01,200,True,11,366,392,
Wheat,2024,2,2024-02-08,200,True,11,371,407,
Wheat,2024,3,2024-03-01,200,True,10,482,554,
Wheat,2024,3,2024-03-08,200,True,8,204,219,
Wheat,2024,4,2024-04-01,200,True,10,366,454,
Wheat,2024,4,2024-04-08,200,True,11,500,646,
Wheat,2024,5,2024-05-01,200,True,11,613,732,
Wheat,2024,5,2024-05-08,200,True,12,657,750,
Wheat,2024,6,2024-06-01,200,True,13,573,684,
Wheat,2024,6,2024-06-08,200,True,11,461,508,
Wheat,2024,7,2024-07-01,200,True,13,477,513,
Wheat,2024,7,2024-07-08,200,True,13,513,551,
Wheat,2024,8,2024-08-01,200,True,11,468,505,
Wheat,2024,8,2024-08-08,200,True,13,523,625,
Wheat,2024,9,2024-09-01,200,True,9,154,171,
Wheat,2024,9,2024-09-08,200,True,9,156,175,
Wheat,2024,10,2024-10-01,200,True,11,515,629,
Wheat,2024,10,2024-10-08,200,True,8,484,578,
Wheat,2024,11,2024-11-01,200,True,7,107,109,
Wheat,2024,11,2024-11-08,200,True,11,560,661,
Wheat,2024,12,2024-12-01,200,True,7,68,70,
Wheat,2024,12,2024-12-08,200,True,9,140,148,
Wheat,2025,1,2025-01-01,200,True,11,375,429,
Wheat,2025,1,2025-01-08,200,True,10,475,555,
Wheat,2025,2,2025-02-01,200,True,11,472,575,
Wheat,2025,2,2025-02-08,200,True,11,343,404,
Wheat,2025,3,2025-03-01,200,True,11,452,613,
Wheat,2025,3,2025-03-08,200,True,10,399,485,
Wheat,2025,4,2025-04-01,200,True,9,458,628,
Wheat,2025,4,2025-04-08,200,True,13,699,1063,
Wheat,2025,5,2025-05-01,200,True,11,584,750,
Wheat,2025,5,2025-05-08,200,True,14,704,948,
Wheat,2025,6,2025-06-01,200,True,10,202,238,
Wheat,2025,6,2025-06-08,200,True,9,205,230,
Wheat,2025,7,2025-07-01,200,True,9,508,659,
Wheat,2025,7,2025-07-08,200,True,10,556,710,
Wheat,2025,8,2025-08-01,200,True,13,578,719,
Wheat,2025,8,2025-08-08,200,True,11,556,655,
Wheat,2025,9,2025-09-01,200,True,13,519,644,
Wheat,2025,9,2025-09-08,200,True,10,567,720,
Wheat,2025,10,2025-10-01,200,True,6,277,317,
Wheat,2025,10,2025-10-08,200,True,10,600,778,
Wheat,2025,11,2025-11-01,200,True,8,478,593,
Wheat,2025,11,2025-11-08,200,True,8,225,296,
Wheat,2025,12,2025-12-01,200,True,10,467,612,
Wheat,2025,12,2025-12-08,200,True,9,496,649,
Rice,2015,1,2015-01-01,200,True,13,208,294,
Rice,2015,1,2015-01-08,200,True,15,241,329,
Rice,2015,2,2015-02-01,200,True,13,136,177,
Rice,2015,2,2015-02-08,200,True,12,135,175,
Rice,2015,3,2015-03-01,200,True,12,119,163,
Rice,2015,3,2015-03-08,200,True,12,126,164,
Rice,2015,4,2015-04-01,200,True,14,197,255,
Rice,2015,4,2015-04-08,200,True,14,203,251,
Rice,2015,5,2015-05-01,200,True,13,168,213,
Rice,2015,5,2015-05-08,200,True,14,215,287,
Rice,2015,6,2015-06-01,200,True,16,215,283,
Rice,2015,6,2015-06-08,200,True,16,218,290,
Rice,2015,7,2015-07-01,200,True,18,223,297,
Rice,2015,7,2015-07-08,200,True,16,207,277,
Rice,2015,8,2015-08-01,200,True,16,188,242,
Rice,2015,8,2015-08-08,200,True,15,166,212,
Rice,2015,9,2015-09-01,200,True,15,210,278,
Rice,2015,9,2015-09-08,200,True,16,218,295,
Rice,2015,10,2015-10-01,200,True,16,209,283,
Rice,2015,10,2015-10-08,200,True,16,223,299,
Rice,2015,11,2015-11-01,200,True,12,113,147,
Rice,2015,11,2015-11-08,200,True,10,98,132,
Rice,2015,12,2015-12-01,200,True,17,207,271,
Rice,2015,12,2015-12-08,200,True,17,216,291,
Rice,2016,1,2016-01-01,200,True,13,192,254,
Rice,2016,1,2016-01-08,200,True,16,199,269,
Rice,2016,2,2016-02-01,200,True,15,186,245,
Rice,2016,2,2016-02-08,200,True,14,204,270,
Rice,2016,3,2016-03-01,200,True,16,165,214,
Rice,2016,3,2016-03-08,200,True,15,216,283,
Rice,2016,4,2016-04-01,200,True,13,180,234,
Rice,2016,4,2016-04-08,200,True,14,132,171,
Rice,2016,5,2016-05-01,200,True,11,96,125,
Rice,2016,5,2016-05-08,200,True,11,114,147,
Rice,2016,6,2016-06-01,200,True,14,205,262,
Rice,2016,6,2016-06-08,200,True,13,200,261,
Rice,2016,7,2016-07-01,200,True,14,195,269,
Rice,2016,7,2016-07-08,200,True,13,187,255,
Rice,2016,8,2016-08-01,200,True,12,174,238,
Rice,2016,8,2016-08-08,200,True,16,203,280,
Rice,2016,9,2016-09-01,200,True,14,200,262,
Rice,2016,9,2016-09-08,200,True,14,188,251,
Rice,2016,10,2016-10-01,200,True,13,160,212,
Rice,2016,10,2016-10-08,200,True,12,115,146,
Rice,2016,11,2016-11-01,200,True,11,130,174,
Rice,2016,11,2016-11-08,200,True,14,195,266,
Rice,2016,12,2016-12-01,200,True,14,191,252,
Rice,2016,12,2016-12-08,200,True,13,162,217,
Rice,2017,1,2017-01-01,200,True,12,97,121,
Rice,2017,1,2017-01-08,200,True,10,102,131,
Rice,2017,2,2017-02-01,200,True,14,187,243,
Rice,2017,2,2017-02-08,200,True,14,197,264,
Rice,2017,3,2017-03-01,200,True,14,195,245,
Rice,2017,3,2017-03-08,200,True,14,202,273,
Rice,2017,4,2017-04-01,200,True,13,172,219,
Rice,2017,4,2017-04-08,200,True,12,166,208,
Rice,2017,5,2017-05-01,200,True,12,155,188,
Rice,2017,5,2017-05-08,200,True,14,204,266,
Rice,2017,6,2017-06-01,200,True,14,205,270,
Rice,2017,6,2017-06-08,200,True,14,196,253,
Rice,2017,7,2017-07-01,200,True,13,186,243,
Rice,2017,7,2017-07-08,200,True,12,157,204,
Rice,2017,8,2017-08-01,200,True,14,205,263,
Rice,2017,8,2017-08-08,200,True,14,217,277,
Rice,2017,9,2017-09-01,200,True,14,220,278,
Rice,2017,9,2017-09-08,200,True,13,220,278,
Rice,2017,10,2017-10-01,200,True,10,88,107,
Rice,2017,10,2017-10-08,200,True,11,118,141,
Rice,2017,11,2017-11-01,200,True,13,178,220,
Rice,2017,11,2017-11-08,200,True,14,220,277,
Rice,2017,12,2017-12-01,200,True,14,194,244,
Rice,2017,12,2017-12-08,200,True,14,216,276,
Rice,2018,1,2018-01-01,200,True,12,205,251,
Rice,2018,1,2018-01-08,200,True,13,218,274,
Rice,2018,2,2018-02-01,200,True,14,216,269,
Rice,2018,2,2018-02-08,200,True,14,222,283,
Rice,2018,3,2018-03-01,200,True,13,142,172,
Rice,2018,3,2018-03-08,200,True,13,213,263,
Rice,2018,4,2018-04-01,200,True,9,111,127,
Rice,2018,4,2018-04-08,200,True,9,109,127,
Rice,2018,5,2018-05-01,200,True,10,166,190,
Rice,2018,5,2018-05-08,200,True,13,222,277,
Rice,2018,6,2018-06-01,200,True,14,212,260,
Rice,2018,6,2018-06-08,200,True,13,207,259,
Rice,2018,7,2018-07-01,200,True,9,96,113,
Rice,2018,7,2018-07-08,200,True,9,108,131,
Rice,2018,8,2018-08-01,200,True,13,206,264,
Rice,2018,8,2018-08-08,200,True,11,221,275,
Rice,2018,9,2018-09-01,200,True,12,203,255,
Rice,2018,9,2018-09-08,200,True,11,174,205,
Rice,2018,10,2018-10-01,200,True,14,213,261,
Rice,2018,10,2018-10-08,200,True,14,219,265,
Rice,2018,11,2018-11-01,200,True,11,178,216,
Rice,2018,11,2018-11-08,200,True,12,137,184,
Rice,2018,12,2018-12-01,200,True,14,222,271,
Rice,2018,12,2018-12-08,200,True,12,195,227,
Rice,2019,1,2019-01-01,200,True,12,226,278,
Rice,2019,1,2019-01-08,200,True,15,226,273,
Rice,2019,2,2019-02-01,200,True,13,238,302,
Rice,2019,2,2019-02-08,200,True,13,228,278,
Rice,2019,3,2019-03-01,200,True,13,229,277,
Rice,2019,3,2019-03-08,200,True,13,239,293,
Rice,2019,4,2019-04-01,200,True,14,234,286,
Rice,2019,4,2019-04-08,200,True,14,235,291,
Rice,2019,5,2019-05-01,200,True,13,173,195,
Rice,2019,5,2019-05-08,200,True,13,237,290,
Rice,2019,6,2019-06-01,200,True,13,211,254,
Rice,2019,6,2019-06-08,200,True,11,183,216,
Rice,2019,7,2019-07-01,200,True,14,211,261,
Rice,2019,7,2019-07-08,200,True,13,215,257,
Rice,2019,8,2019-08-01,200,True,12,224,272,
Rice,2019,8,2019-08-08,200,True,14,218,271,
Rice,2019,9,2019-09-01,200,True,13,129,156,
Rice,2019,9,2019-09-08,200,True,12,127,154,
Rice,2019,10,2019-10-01,200,True,12,210,256,
Rice,2019,10,2019-10-08,200,True,12,156,179,
Rice,2019,11,2019-11-01,200,True,11,197,233,
Rice,2019,11,2019-11-08,200,True,13,224,276,
Rice,2019,12,2019-12-01,200,True,11,132,158,
Rice,2019,12,2019-12-08,200,True,9,123,147,
Rice,2020,1,2020-01-01,200,True,9,178,202,
Rice,2020,1,2020-01-08,200,True,7,202,230,
Rice,2020,2,2020-02-01,200,True,9,184,211,
Rice,2020,2,2020-02-08,200,True,9,182,202,
Rice,2020,3,2020-03-01,200,True,7,109,126,
Rice,2020,3,2020-03-08,200,True,6,103,113,
Rice,2020,4,2020-04-01,200,True,7,138,159,
Rice,2020,4,2020-04-08,200,True,6,164,188,
Rice,2020,5,2020-05-01,200,True,8,156,180,
Rice,2020,5,2020-05-08,200,True,9,194,229,
Rice,2020,6,2020-06-01,200,True,7,176,198,
Rice,2020,6,2020-06-08,200,True,9,202,227,
Rice,2020,7,2020-07-01,200,True,9,174,203,
Rice,2020,7,2020-07-08,200,True,9,192,223,
Rice,2020,8,2020-08-01,200,True,6,67,82,
Rice,2020,8,2020-08-08,200,True,8,53,67,
Rice,2020,9,2020-09-01,200,True,8,144,163,
Rice,2020,9,2020-09-08,200,True,8,180,207,
Rice,2020,10,2020-10-01,200,True,7,154,183,
Rice,2020,10,2020-10-08,200,True,8,173,200,
Rice,2020,11,2020-11-01,200,True,7,84,95,
Rice,2020,11,2020-11-08,200,True,6,96,108,
Rice,2020,12,2020-12-01,200,True,8,145,165,
Rice,2020,12,2020-12-08,200,True,8,144,167,
Rice,2021,1,2021-01-01,200,True,8,152,173,
Rice,2021,1,2021-01-08,200,True,7,184,212,
Rice,2021,2,2021-02-01,200,True,9,169,196,
Rice,2021,2,2021-02-08,200,True,9,180,211,
Rice,2021,3,2021-03-01,200,True,9,165,190,
Rice,2021,3,2021-03-08,200,True,9,196,234,
Rice,2021,4,2021-04-01,200,True,7,129,149,
Rice,2021,4,2021-04-08,200,True,9,173,198,
Rice,2021,5,2021-05-01,200,True,7,57,74,
Rice,2021,5,2021-05-08,200,True,8,131,159,
Rice,2021,6,2021-06-01,200,True,9,155,184,
Rice,2021,6,2021-06-08,200,True,9,179,211,
Rice,2021,7,2021-07-01,200,True,9,141,165,
Rice,2021,7,2021-07-08,200,True,8,187,211,
Rice,2021,8,2021-08-01,200,True,6,64,79,
Rice,2021,8,2021-08-08,200,True,6,74,92,
Rice,2021,9,2021-09-01,200,True,7,161,186,
Rice,2021,9,2021-09-08,200,True,7,183,207,
Rice,2021,10,2021-10-01,200,True,8,158,184,
Rice,2021,10,2021-10-08,200,True,8,189,220,
Rice,2021,11,2021-11-01,200,True,8,159,183,
Rice,2021,11,2021-11-08,200,True,8,186,215,
Rice,2021,12,2021-12-01,200,True,8,161,188,
Rice,2021,12,2021-12-08,200,True,8,188,216,
Rice,2022,1,2022-01-01,200,True,8,166,196,
Rice,2022,1,2022-01-08,200,True,7,149,174,
Rice,2022,2,2022-02-01,200,True,9,195,230,
Rice,2022,2,2022-02-08,200,True,10,190,231,
Rice,2022,3,2022-03-01,200,True,9,150,179,
Rice,2022,3,2022-03-08,200,True,10,195,235,
Rice,2022,4,2022-04-01,200,True,11,186,213,
Rice,2022,4,2022-04-08,200,True,11,199,235,
Rice,2022,5,2022-05-01,200,True,8,94,109,
Rice,2022,5,2022-05-08,200,True,8,86,104,
Rice,2022,6,2022-06-01,200,True,8,187,212,
Rice,2022,6,2022-06-08,200,True,8,191,225,
Rice,2022,7,2022-07-01,200,True,9,145,168,
Rice,2022,7,2022-07-08,200,True,9,191,224,
Rice,2022,8,2022-08-01,200,True,10,198,236,
Rice,2022,8,2022-08-08,200,True,10,198,230,
Rice,2022,9,2022-09-01,200,True,10,196,221,
Rice,2022,9,2022-09-08,200,True,9,194,224,
Rice,2022,10,2022-10-01,200,True,10,177,207,
Rice,2022,10,2022-10-08,200,True,9,162,189,
Rice,2022,11,2022-11-01,200,True,10,194,221,
Rice,2022,11,2022-11-08,200,True,8,174,208,
Rice,2022,12,2022-12-01,200,True,11,198,236,
Rice,2022,12,2022-12-08,200,True,10,208,238,
Rice,2023,1,2023-01-01,200,True,8,105,122,
Rice,2023,1,2023-01-08,200,True,9,113,131,
Rice,2023,2,2023-02-01,200,True,10,203,241,
Rice,2023,2,2023-02-08,200,True,10,207,244,
Rice,2023,3,2023-03-01,200,True,10,193,220,
Rice,2023,3,2023-03-08,200,True,7,84,111,
Rice,2023,4,2023-04-01,200,True,9,180,209,
Rice,2023,4,2023-04-08,200,True,10,181,208,
Rice,2023,5,2023-05-01,200,True,9,168,187,
Rice,2023,5,2023-05-08,200,True,9,206,244,
Rice,2023,6,2023-06-01,200,True,9,199,239,
Rice,2023,6,2023-06-08,200,True,9,201,235,
Rice,2023,7,2023-07-01,200,True,10,180,211,
Rice,2023,7,2023-07-08,200,True,10,136,152,
Rice,2023,8,2023-08-01,200,True,11,194,227,
Rice,2023,8,2023-08-08,200,True,11,192,221,
Rice,2023,9,2023-09-01,200,True,12,202,231,
Rice,2023,9,2023-09-08,200,True,10,201,235,
Rice,2023,10,2023-10-01,200,True,5,78,87,
Rice,2023,10,2023-10-08,200,True,6,100,112,
Rice,2023,11,2023-11-01,200,True,9,187,217,
Rice,2023,11,2023-11-08,200,True,12,191,227,
Rice,2023,12,2023-12-01,200,True,10,193,231,
Rice,2023,12,2023-12-08,200,True,13,196,228,
Rice,2024,1,2024-01-01,200,True,10,178,205,
Rice,2024,1,2024-01-08,200,True,9,185,225,
Rice,2024,2,2024-02-01,200,True,10,183,218,
Rice,2024,2,2024-02-08,200,True,10,174,212,
Rice,2024,3,2024-03-01,200,True,10,193,232,
Rice,2024,3,2024-03-08,200,True,9,144,163,
Rice,2024,4,2024-04-01,200,True,10,158,190,
Rice,2024,4,2024-04-08,200,True,10,173,202,
Rice,2024,5,2024-05-01,200,True,9,170,200,
Rice,2024,5,2024-05-08,200,True,10,181,210,
Rice,2024,6,2024-06-01,200,True,8,168,201,
Rice,2024,6,2024-06-08,200,True,8,163,191,
Rice,2024,7,2024-07-01,200,True,10,194,231,
Rice,2024,7,2024-07-08,200,True,9,186,218,
Rice,2024,8,2024-08-01,200,True,10,201,234,
Rice,2024,8,2024-08-08,200,True,9,190,224,
Rice,2024,9,2024-09-01,200,True,6,104,123,
Rice,2024,9,2024-09-08,200,True,6,100,118,
Rice,2024,10,2024-10-01,200,True,10,172,203,
Rice,2024,10,2024-10-08,200,True,10,171,198,
Rice,2024,11,2024-11-01,200,True,8,121,136,
Rice,2024,11,2024-11-08,200,True,10,188,218,
Rice,2024,12,2024-12-01,200,True,7,79,95,
Rice,2024,12,2024-12-08,200,True,8,90,109,
Rice,2025,1,2025-01-01,200,True,6,140,156,
Rice,2025,1,2025-01-08,200,True,11,180,209,
Rice,2025,2,2025-02-01,200,True,10,173,195,
Rice,2025,2,2025-02-08,200,True,10,152,176,
Rice,2025,3,2025-03-01,200,True,11,178,200,
Rice,2025,3,2025-03-08,200,True,10,155,178,
Rice,2025,4,2025-04-01,200,True,10,156,175,
Rice,2025,4,2025-04-08,200,True,10,184,210,
Rice,2025,5,2025-05-01,200,True,7,148,165,
Rice,2025,5,2025-05-08,200,True,12,178,202,
Rice,2025,6,2025-06-01,200,True,6,94,110,
Rice,2025,6,2025-06-08,200,True,7,100,119,
Rice,2025,7,2025-07-01,200,True,11,173,215,
Rice,2025,7,2025-07-08,200,True,10,179,206,
Rice,2025,8,2025-08-01,200,True,11,194,220,
Rice,2025,8,2025-08-08,200,True,10,194,216,
Rice,2025,9,2025-09-01,200,True,12,183,209,
Rice,2025,9,2025-09-08,200,True,11,192,219,
Rice,2025,10,2025-10-01,200,True,9,90,106,
Rice,2025,10,2025-10-08,200,True,10,186,208,
Rice,2025,11,2025-11-01,200,True,9,173,196,
Rice,2025,11,2025-11-08,200,True,6,45,50,
Rice,2025,12,2025-12-01,200,True,10,118,137,
Rice,2025,12,2025-12-08,200,True,10,124,144,
Maize,2015,1,2015-01-01,200,True,13,164,176,
Maize,2015,1,2015-01-08,200,True,15,228,234,
Maize,2015,2,2015-02-01,200,True,14,70,71,
Maize,2015,2,2015-02-08,200,True,12,54,54,
Maize,2015,3,2015-03-01,200,True,10,53,54,
Maize,2015,3,2015-03-08,200,True,10,55,56,
Maize,2015,4,2015-04-01,200,True,14,149,152,
Maize,2015,4,2015-04-08,200,True,16,177,179,
Maize,2015,5,2015-05-01,200,True,13,108,111,
Maize,2015,5,2015-05-08,200,True,13,179,182,
Maize,2015,6,2015-06-01,200,True,16,188,192,
Maize,2015,6,2015-06-08,200,True,16,203,208,
Maize,2015,7,2015-07-01,200,True,17,195,202,
Maize,2015,7,2015-07-08,200,True,17,186,192,
Maize,2015,8,2015-08-01,200,True,18,141,146,
Maize,2015,8,2015-08-08,200,True,16,135,141,
Maize,2015,9,2015-09-01,200,True,15,146,153,
Maize,2015,9,2015-09-08,200,True,17,168,174,
Maize,2015,10,2015-10-01,200,True,17,190,191,
Maize,2015,10,2015-10-08,200,True,18,244,252,
Maize,2015,11,2015-11-01,200,True,13,90,93,
Maize,2015,11,2015-11-08,200,True,14,79,81,
Maize,2015,12,2015-12-01,200,True,16,273,281,
Maize,2015,12,2015-12-08,200,True,17,266,273,
Maize,2016,1,2016-01-01,200,True,15,225,234,
Maize,2016,1,2016-01-08,200,True,17,229,238,
Maize,2016,2,2016-02-01,200,True,13,188,194,
Maize,2016,2,2016-02-08,200,True,14,180,187,
Maize,2016,3,2016-03-01,200,True,14,165,169,
Maize,2016,3,2016-03-08,200,True,16,176,182,
Maize,2016,4,2016-04-01,200,True,13,152,156,
Maize,2016,4,2016-04-08,200,True,13,71,72,
Maize,2016,5,2016-05-01,200,True,11,48,48,
Maize,2016,5,2016-05-08,200,True,11,58,58,
Maize,2016,6,2016-06-01,200,True,16,183,191,
Maize,2016,6,2016-06-08,200,True,14,192,198,
Maize,2016,7,2016-07-01,200,True,18,163,168,
Maize,2016,7,2016-07-08,200,True,17,154,158,
Maize,2016,8,2016-08-01,200,True,15,132,138,
Maize,2016,8,2016-08-08,200,True,16,149,153,
Maize,2016,9,2016-09-01,200,True,15,117,123,
Maize,2016,9,2016-09-08,200,True,17,149,156,
Maize,2016,10,2016-10-01,200,True,13,126,130,
Maize,2016,10,2016-10-08,200,True,10,118,122,
Maize,2016,11,2016-11-01,200,True,13,94,96,
Maize,2016,11,2016-11-08,200,True,16,331,340,
Maize,2016,12,2016-12-01,200,True,15,322,336,
Maize,2016,12,2016-12-08,200,True,15,309,318,
Maize,2017,1,2017-01-01,200,True,14,71,72,
Maize,2017,1,2017-01-08,200,True,13,83,86,
Maize,2017,2,2017-02-01,200,True,15,262,272,
Maize,2017,2,2017-02-08,200,True,16,264,271,
Maize,2017,3,2017-03-01,200,True,16,263,270,
Maize,2017,3,2017-03-08,200,True,17,249,258,
Maize,2017,4,2017-04-01,200,True,13,142,144,
Maize,2017,4,2017-04-08,200,True,13,156,158,
Maize,2017,5,2017-05-01,200,True,13,123,128,
Maize,2017,5,2017-05-08,200,True,15,247,253,
Maize,2017,6,2017-06-01,200,True,14,186,190,
Maize,2017,6,2017-06-08,200,True,16,194,200,
Maize,2017,7,2017-07-01,200,True,14,148,151,
Maize,2017,7,2017-07-08,200,True,15,157,158,
Maize,2017,8,2017-08-01,200,True,14,191,197,
Maize,2017,8,2017-08-08,200,True,16,165,170,
Maize,2017,9,2017-09-01,200,True,18,200,204,
Maize,2017,9,2017-09-08,200,True,19,226,230,
Maize,2017,10,2017-10-01,200,True,13,57,57,
Maize,2017,10,2017-10-08,200,True,14,89,89,
Maize,2017,11,2017-11-01,200,True,13,289,294,
Maize,2017,11,2017-11-08,200,True,15,373,381,
Maize,2017,12,2017-12-01,200,True,16,288,293,
Maize,2017,12,2017-12-08,200,True,16,341,348,
Maize,2018,1,2018-01-01,200,True,12,262,270,
Maize,2018,1,2018-01-08,200,True,15,310,316,
Maize,2018,2,2018-02-01,200,True,16,288,294,
Maize,2018,2,2018-02-08,200,True,13,274,282,
Maize,2018,3,2018-03-01,200,True,14,177,177,
Maize,2018,3,2018-03-08,200,True,14,261,266,
Maize,2018,4,2018-04-01,200,True,8,53,53,
Maize,2018,4,2018-04-08,200,True,7,60,60,
Maize,2018,5,2018-05-01,200,True,9,107,109,
Maize,2018,5,2018-05-08,200,True,13,243,249,
Maize,2018,6,2018-06-01,200,True,16,207,212,
Maize,2018,6,2018-06-08,200,True,14,196,201,
Maize,2018,7,2018-07-01,200,True,11,49,49,
Maize,2018,7,2018-07-08,200,True,12,63,63,
Maize,2018,8,2018-08-01,200,True,16,199,205,
Maize,2018,8,2018-08-08,200,True,14,159,163,
Maize,2018,9,2018-09-01,200,True,13,123,126,
Maize,2018,9,2018-09-08,200,True,11,105,110,
Maize,2018,10,2018-10-01,200,True,14,197,199,
Maize,2018,10,2018-10-08,200,True,15,210,214,
Maize,2018,11,2018-11-01,200,True,9,204,209,
Maize,2018,11,2018-11-08,200,True,11,65,65,
Maize,2018,12,2018-12-01,200,True,12,287,290,
Maize,2018,12,2018-12-08,200,True,13,176,177,
Maize,2019,1,2019-01-01,200,True,13,259,260,
Maize,2019,1,2019-01-08,200,True,13,276,279,
Maize,2019,2,2019-02-01,200,True,16,253,255,
Maize,2019,2,2019-02-08,200,True,13,225,226,
Maize,2019,3,2019-03-01,200,True,13,192,194,
Maize,2019,3,2019-03-08,200,True,14,228,232,
Maize,2019,4,2019-04-01,200,True,12,152,156,
Maize,2019,4,2019-04-08,200,True,14,213,215,
Maize,2019,5,2019-05-01,200,True,12,115,119,
Maize,2019,5,2019-05-08,200,True,14,196,200,
Maize,2019,6,2019-06-01,200,True,13,163,165,
Maize,2019,6,2019-06-08,200,True,14,130,132,
Maize,2019,7,2019-07-01,200,True,15,179,183,
Maize,2019,7,2019-07-08,200,True,17,178,183,
Maize,2019,8,2019-08-01,200,True,15,136,138,
Maize,2019,8,2019-08-08,200,True,14,141,146,
Maize,2019,9,2019-09-01,200,True,10,51,52,
Maize,2019,9,2019-09-08,200,True,9,54,55,
Maize,2019,10,2019-10-01,200,True,13,176,183,
Maize,2019,10,2019-10-08,200,True,14,74,76,
Maize,2019,11,2019-11-01,200,True,11,231,234,
Maize,2019,11,2019-11-08,200,True,15,288,291,
Maize,2019,12,2019-12-01,200,True,11,78,78,
Maize,2019,12,2019-12-08,200,True,11,91,91,
Maize,2020,1,2020-01-01,200,True,9,199,201,
Maize,2020,1,2020-01-08,200,True,10,242,244,
Maize,2020,2,2020-02-01,200,True,10,135,136,
Maize,2020,2,2020-02-08,200,True,10,136,137,
Maize,2020,3,2020-03-01,200,True,7,30,30,
Maize,2020,3,2020-03-08,200,True,7,43,43,
Maize,2020,4,2020-04-01,200,True,6,47,47,
Maize,2020,4,2020-04-08,200,True,6,67,67,
Maize,2020,5,2020-05-01,200,True,7,42,43,
Maize,2020,5,2020-05-08,200,True,9,145,147,
Maize,2020,6,2020-06-01,200,True,11,155,157,
Maize,2020,6,2020-06-08,200,True,13,201,205,
Maize,2020,7,2020-07-01,200,True,12,121,122,
Maize,2020,7,2020-07-08,200,True,13,164,165,
Maize,2020,8,2020-08-01,200,True,7,25,25,
Maize,2020,8,2020-08-08,200,True,7,45,46,
Maize,2020,9,2020-09-01,200,True,9,93,94,
Maize,2020,9,2020-09-08,200,True,11,150,151,
Maize,2020,10,2020-10-01,200,True,9,119,120,
Maize,2020,10,2020-10-08,200,True,12,161,163,
Maize,2020,11,2020-11-01,200,True,5,36,36,
Maize,2020,11,2020-11-08,200,True,9,41,41,
Maize,2020,12,2020-12-01,200,True,10,164,169,
Maize,2020,12,2020-12-08,200,True,10,119,120,
Maize,2021,1,2021-01-01,200,True,8,140,142,
Maize,2021,1,2021-01-08,200,True,11,194,196,
Maize,2021,2,2021-02-01,200,True,12,165,170,
Maize,2021,2,2021-02-08,200,True,12,207,211,
Maize,2021,3,2021-03-01,200,True,11,141,143,
Maize,2021,3,2021-03-08,200,True,11,195,197,
Maize,2021,4,2021-04-01,200,True,10,70,72,
Maize,2021,4,2021-04-08,200,True,11,157,159,
Maize,2021,5,2021-05-01,200,True,5,12,12,
Maize,2021,5,2021-05-08,200,True,10,47,47,
Maize,2021,6,2021-06-01,200,True,12,95,96,
Maize,2021,6,2021-06-08,200,True,12,139,141,
Maize,2021,7,2021-07-01,200,True,12,94,97,
Maize,2021,7,2021-07-08,200,True,11,155,157,
Maize,2021,8,2021-08-01,200,True,6,20,20,
Maize,2021,8,2021-08-08,200,True,6,26,26,
Maize,2021,9,2021-09-01,200,True,10,100,101,
Maize,2021,9,2021-09-08,200,True,11,140,142,
Maize,2021,10,2021-10-01,200,True,12,112,114,
Maize,2021,10,2021-10-08,200,True,11,190,193,
Maize,2021,11,2021-11-01,200,True,12,141,143,
Maize,2021,11,2021-11-08,200,True,11,270,275,
Maize,2021,12,2021-12-01,200,True,11,179,182,
Maize,2021,12,2021-12-08,200,True,12,289,291,
Maize,2022,1,2022-01-01,200,True,11,188,189,
Maize,2022,1,2022-01-08,200,True,11,151,152,
Maize,2022,2,2022-02-01,200,True,12,187,192,
Maize,2022,2,2022-02-08,200,True,12,217,218,
Maize,2022,3,2022-03-01,200,True,14,80,81,
Maize,2022,3,2022-03-08,200,True,13,199,202,
Maize,2022,4,2022-04-01,200,True,12,102,104,
Maize,2022,4,2022-04-08,200,True,12,211,213,
Maize,2022,5,2022-05-01,200,True,8,39,39,
Maize,2022,5,2022-05-08,200,True,9,41,41,
Maize,2022,6,2022-06-01,200,True,13,191,193,
Maize,2022,6,2022-06-08,200,True,13,180,182,
Maize,2022,7,2022-07-01,200,True,13,99,99,
Maize,2022,7,2022-07-08,200,True,14,168,169,
Maize,2022,8,2022-08-01,200,True,13,155,157,
Maize,2022,8,2022-08-08,200,True,13,159,162,
Maize,2022,9,2022-09-01,200,True,15,138,140,
Maize,2022,9,2022-09-08,200,True,12,147,148,
Maize,2022,10,2022-10-01,200,True,10,141,142,
Maize,2022,10,2022-10-08,200,True,11,125,127,
Maize,2022,11,2022-11-01,200,True,12,275,280,
Maize,2022,11,2022-11-08,200,True,13,176,178,
Maize,2022,12,2022-12-01,200,True,12,268,271,
Maize,2022,12,2022-12-08,200,True,11,273,277,
Maize,2023,1,2023-01-01,200,True,11,70,70,
Maize,2023,1,2023-01-08,200,True,10,71,71,
Maize,2023,2,2023-02-01,200,True,12,223,225,
Maize,2023,2,2023-02-08,200,True,13,231,233,
Maize,2023,3,2023-03-01,200,True,13,205,207,
Maize,2023,3,2023-03-08,200,True,10,88,88,
Maize,2023,4,2023-04-01,200,True,11,130,131,
Maize,2023,4,2023-04-08,200,True,11,150,152,
Maize,2023,5,2023-05-01,200,True,10,103,105,
Maize,2023,5,2023-05-08,200,True,11,214,216,
Maize,2023,6,2023-06-01,200,True,14,214,216,
Maize,2023,6,2023-06-08,200,True,14,220,226,
Maize,2023,7,2023-07-01,200,True,13,166,167,
Maize,2023,7,2023-07-08,200,True,13,135,136,
Maize,2023,8,2023-08-01,200,True,17,187,189,
Maize,2023,8,2023-08-08,200,True,15,185,187,
Maize,2023,9,2023-09-01,200,True,15,163,164,
Maize,2023,9,2023-09-08,200,True,13,146,146,
Maize,2023,10,2023-10-01,200,True,7,44,44,
Maize,2023,10,2023-10-08,200,True,8,68,68,
Maize,2023,11,2023-11-01,200,True,11,268,271,
Maize,2023,11,2023-11-08,200,True,14,293,297,
Maize,2023,12,2023-12-01,200,True,12,246,248,
Maize,2023,12,2023-12-08,200,True,11,295,301,
Maize,2024,1,2024-01-01,200,True,9,149,155,
Maize,2024,1,2024-01-08,200,True,11,197,207,
Maize,2024,2,2024-02-01,200,True,13,199,207,
Maize,2024,2,2024-02-08,200,True,12,169,177,
Maize,2024,3,2024-03-01,200,True,13,205,216,
Maize,2024,3,2024-03-08,200,True,10,100,107,
Maize,2024,4,2024-04-01,200,True,10,134,149,
Maize,2024,4,2024-04-08,200,True,11,150,165,
Maize,2024,5,2024-05-01,200,True,11,115,128,
Maize,2024,5,2024-05-08,200,True,12,185,200,
Maize,2024,6,2024-06-01,200,True,13,165,172,
Maize,2024,6,2024-06-08,200,True,13,154,159,
Maize,2024,7,2024-07-01,200,True,14,201,205,
Maize,2024,7,2024-07-08,200,True,13,205,211,
Maize,2024,8,2024-08-01,200,True,15,212,218,
Maize,2024,8,2024-08-08,200,True,15,193,200,
Maize,2024,9,2024-09-01,200,True,8,73,73,
Maize,2024,9,2024-09-08,200,True,8,77,77,
Maize,2024,10,2024-10-01,200,True,12,243,256,
Maize,2024,10,2024-10-08,200,True,11,258,303,
Maize,2024,11,2024-11-01,200,True,10,110,121,
Maize,2024,11,2024-11-08,200,True,12,391,475,
Maize,2024,12,2024-12-01,200,True,9,38,38,
Maize,2024,12,2024-12-08,200,True,9,138,151,
Maize,2025,1,2025-01-01,200,True,9,214,230,
Maize,2025,1,2025-01-08,200,True,12,285,314,
Maize,2025,2,2025-02-01,200,True,10,235,270,
Maize,2025,2,2025-02-08,200,True,11,181,207,
Maize,2025,3,2025-03-01,200,True,12,218,256,
Maize,2025,3,2025-03-08,200,True,9,184,210,
Maize,2025,4,2025-04-01,200,True,11,157,181,
Maize,2025,4,2025-04-08,200,True,12,239,284,
Maize,2025,5,2025-05-01,200,True,11,159,197,
Maize,2025,5,2025-05-08,200,True,13,233,273,
Maize,2025,6,2025-06-01,200,True,7,103,115,
Maize,2025,6,2025-06-08,200,True,10,109,122,
Maize,2025,7,2025-07-01,200,True,14,228,254,
Maize,2025,7,2025-07-08,200,True,13,222,241,
Maize,2025,8,2025-08-01,200,True,12,195,209,
Maize,2025,8,2025-08-08,200,True,9,136,145,
Maize,2025,9,2025-09-01,200,True,14,187,197,
Maize,2025,9,2025-09-08,200,True,13,207,223,
Maize,2025,10,2025-10-01,200,True,8,77,81,
Maize,2025,10,2025-10-08,200,True,10,267,308,
Maize,2025,11,2025-11-01,200,True,9,290,344,
Maize,2025,11,2025-11-08,200,True,8,199,284,
Maize,2025,12,2025-12-01,200,True,11,322,436,
Maize,2025,12,2025-12-08,200,True,12,351,463,
Jowar/Sorghum,2015,1,2015-01-01,200,True,7,71,76,
Jowar/Sorghum,2015,1,2015-01-08,200,True,6,81,85,
Jowar/Sorghum,2015,2,2015-02-01,200,True,7,20,21,
Jowar/Sorghum,2015,2,2015-02-08,200,True,6,14,14,
Jowar/Sorghum,2015,3,2015-03-01,200,True,4,11,12,
Jowar/Sorghum,2015,3,2015-03-08,200,True,6,15,16,
Jowar/Sorghum,2015,4,2015-04-01,200,True,8,47,49,
Jowar/Sorghum,2015,4,2015-04-08,200,True,9,48,51,
Jowar/Sorghum,2015,5,2015-05-01,200,True,4,24,24,
Jowar/Sorghum,2015,5,2015-05-08,200,True,7,53,57,
Jowar/Sorghum,2015,6,2015-06-01,200,True,8,82,88,
Jowar/Sorghum,2015,6,2015-06-08,200,True,8,84,91,
Jowar/Sorghum,2015,7,2015-07-01,200,True,7,78,84,
Jowar/Sorghum,2015,7,2015-07-08,200,True,7,54,60,
Jowar/Sorghum,2015,8,2015-08-01,200,True,5,27,27,
Jowar/Sorghum,2015,8,2015-08-08,200,True,7,55,60,
Jowar/Sorghum,2015,9,2015-09-01,200,True,7,59,64,
Jowar/Sorghum,2015,9,2015-09-08,200,True,8,68,72,
Jowar/Sorghum,2015,10,2015-10-01,200,True,7,74,79,
Jowar/Sorghum,2015,10,2015-10-08,200,True,7,83,88,
Jowar/Sorghum,2015,11,2015-11-01,200,True,6,10,10,
Jowar/Sorghum,2015,11,2015-11-08,200,True,6,15,15,
Jowar/Sorghum,2015,12,2015-12-01,200,True,7,89,94,
Jowar/Sorghum,2015,12,2015-12-08,200,True,8,96,103,
Jowar/Sorghum,2016,1,2016-01-01,200,True,6,80,86,
Jowar/Sorghum,2016,1,2016-01-08,200,True,8,90,95,
Jowar/Sorghum,2016,2,2016-02-01,200,True,9,67,70,
Jowar/Sorghum,2016,2,2016-02-08,200,True,7,61,63,
Jowar/Sorghum,2016,3,2016-03-01,200,True,8,79,87,
Jowar/Sorghum,2016,3,2016-03-08,200,True,7,67,71,
Jowar/Sorghum,2016,4,2016-04-01,200,True,7,66,73,
Jowar/Sorghum,2016,4,2016-04-08,200,True,6,46,51,
Jowar/Sorghum,2016,5,2016-05-01,200,True,3,4,4,
Jowar/Sorghum,2016,5,2016-05-08,200,True,5,13,13,
Jowar/Sorghum,2016,6,2016-06-01,200,True,7,94,103,
Jowar/Sorghum,2016,6,2016-06-08,200,True,7,104,111,
Jowar/Sorghum,2016,7,2016-07-01,200,True,5,100,111,
Jowar/Sorghum,2016,7,2016-07-08,200,True,5,75,82,
Jowar/Sorghum,2016,8,2016-08-01,200,True,5,74,81,
Jowar/Sorghum,2016,8,2016-08-08,200,True,7,65,67,
Jowar/Sorghum,2016,9,2016-09-01,200,True,6,30,32,
Jowar/Sorghum,2016,9,2016-09-08,200,True,8,76,82,
Jowar/Sorghum,2016,10,2016-10-01,200,True,6,53,54,
Jowar/Sorghum,2016,10,2016-10-08,200,True,6,55,59,
Jowar/Sorghum,2016,11,2016-11-01,200,True,5,25,25,
Jowar/Sorghum,2016,11,2016-11-08,200,True,7,122,133,
Jowar/Sorghum,2016,12,2016-12-01,200,True,7,125,137,
Jowar/Sorghum,2016,12,2016-12-08,200,True,7,110,126,
Jowar/Sorghum,2017,1,2017-01-01,200,True,4,18,19,
Jowar/Sorghum,2017,1,2017-01-08,200,True,4,15,16,
Jowar/Sorghum,2017,2,2017-02-01,200,True,9,118,134,
Jowar/Sorghum,2017,2,2017-02-08,200,True,9,117,127,
Jowar/Sorghum,2017,3,2017-03-01,200,True,7,120,133,
Jowar/Sorghum,2017,3,2017-03-08,200,True,9,121,132,
Jowar/Sorghum,2017,4,2017-04-01,200,True,7,69,76,
Jowar/Sorghum,2017,4,2017-04-08,200,True,7,83,88,
Jowar/Sorghum,2017,5,2017-05-01,200,True,5,26,26,
Jowar/Sorghum,2017,5,2017-05-08,200,True,7,89,93,
Jowar/Sorghum,2017,6,2017-06-01,200,True,6,73,81,
Jowar/Sorghum,2017,6,2017-06-08,200,True,7,81,90,
Jowar/Sorghum,2017,7,2017-07-01,200,True,6,65,71,
Jowar/Sorghum,2017,7,2017-07-08,200,True,8,68,74,
Jowar/Sorghum,2017,8,2017-08-01,200,True,8,82,87,
Jowar/Sorghum,2017,8,2017-08-08,200,True,7,72,76,
Jowar/Sorghum,2017,9,2017-09-01,200,True,7,95,105,
Jowar/Sorghum,2017,9,2017-09-08,200,True,7,99,106,
Jowar/Sorghum,2017,10,2017-10-01,200,True,2,10,10,
Jowar/Sorghum,2017,10,2017-10-08,200,True,5,16,16,
Jowar/Sorghum,2017,11,2017-11-01,200,True,8,100,106,
Jowar/Sorghum,2017,11,2017-11-08,200,True,9,129,140,
Jowar/Sorghum,2017,12,2017-12-01,200,True,8,74,82,
Jowar/Sorghum,2017,12,2017-12-08,200,True,7,118,130,
Jowar/Sorghum,2018,1,2018-01-01,200,True,7,102,110,
Jowar/Sorghum,2018,1,2018-01-08,200,True,8,112,124,
Jowar/Sorghum,2018,2,2018-02-01,200,True,8,94,100,
Jowar/Sorghum,2018,2,2018-02-08,200,True,9,110,117,
Jowar/Sorghum,2018,3,2018-03-01,200,True,7,63,66,
Jowar/Sorghum,2018,3,2018-03-08,200,True,8,88,93,
Jowar/Sorghum,2018,4,2018-04-01,200,True,4,13,13,
Jowar/Sorghum,2018,4,2018-04-08,200,True,3,12,12,
Jowar/Sorghum,2018,5,2018-05-01,200,True,7,24,26,
Jowar/Sorghum,2018,5,2018-05-08,200,True,6,78,87,
Jowar/Sorghum,2018,6,2018-06-01,200,True,7,80,83,
Jowar/Sorghum,2018,6,2018-06-08,200,True,7,92,100,
Jowar/Sorghum,2018,7,2018-07-01,200,True,3,11,12,
Jowar/Sorghum,2018,7,2018-07-08,200,True,3,7,7,
Jowar/Sorghum,2018,8,2018-08-01,200,True,8,76,79,
Jowar/Sorghum,2018,8,2018-08-08,200,True,6,79,85,
Jowar/Sorghum,2018,9,2018-09-01,200,True,8,36,39,
Jowar/Sorghum,2018,9,2018-09-08,200,True,5,56,59,
Jowar/Sorghum,2018,10,2018-10-01,200,True,9,79,81,
Jowar/Sorghum,2018,10,2018-10-08,200,True,8,65,69,
Jowar/Sorghum,2018,11,2018-11-01,200,True,6,69,75,
Jowar/Sorghum,2018,11,2018-11-08,200,True,6,33,38,
Jowar/Sorghum,2018,12,2018-12-01,200,True,8,101,106,
Jowar/Sorghum,2018,12,2018-12-08,200,True,8,88,96,
Jowar/Sorghum,2019,1,2019-01-01,200,True,7,100,108,
Jowar/Sorghum,2019,1,2019-01-08,200,True,8,93,100,
Jowar/Sorghum,2019,2,2019-02-01,200,True,8,98,107,
Jowar/Sorghum,2019,2,2019-02-08,200,True,8,99,104,
Jowar/Sorghum,2019,3,2019-03-01,200,True,8,82,89,
Jowar/Sorghum,2019,3,2019-03-08,200,True,10,98,106,
Jowar/Sorghum,2019,4,2019-04-01,200,True,9,81,88,
Jowar/Sorghum,2019,4,2019-04-08,200,True,7,97,107,
Jowar/Sorghum,2019,5,2019-05-01,200,True,6,31,31,
Jowar/Sorghum,2019,5,2019-05-08,200,True,8,93,94,
Jowar/Sorghum,2019,6,2019-06-01,200,True,8,78,82,
Jowar/Sorghum,2019,6,2019-06-08,200,True,8,77,83,
Jowar/Sorghum,2019,7,2019-07-01,200,True,8,77,83,
Jowar/Sorghum,2019,7,2019-07-08,200,True,7,87,91,
Jowar/Sorghum,2019,8,2019-08-01,200,True,7,53,55,
Jowar/Sorghum,2019,8,2019-08-08,200,True,8,60,66,
Jowar/Sorghum,2019,9,2019-09-01,200,True,5,15,16,
Jowar/Sorghum,2019,9,2019-09-08,200,True,6,11,12,
Jowar/Sorghum,2019,10,2019-10-01,200,True,7,78,84,
Jowar/Sorghum,2019,10,2019-10-08,200,True,7,33,36,
Jowar/Sorghum,2019,11,2019-11-01,200,True,8,91,94,
Jowar/Sorghum,2019,11,2019-11-08,200,True,7,89,96,
Jowar/Sorghum,2019,12,2019-12-01,200,True,7,25,26,
Jowar/Sorghum,2019,12,2019-12-08,200,True,6,24,25,
Jowar/Sorghum,2020,1,2020-01-01,200,True,7,85,96,
Jowar/Sorghum,2020,1,2020-01-08,200,True,7,92,98,
Jowar/Sorghum,2020,2,2020-02-01,200,True,7,73,81,
Jowar/Sorghum,2020,2,2020-02-08,200,True,6,75,79,
Jowar/Sorghum,2020,3,2020-03-01,200,True,4,14,14,
Jowar/Sorghum,2020,3,2020-03-08,200,True,6,14,15,
Jowar/Sorghum,2020,4,2020-04-01,200,True,3,18,18,
Jowar/Sorghum,2020,4,2020-04-08,200,True,3,9,9,
Jowar/Sorghum,2020,5,2020-05-01,200,True,5,15,15,
Jowar/Sorghum,2020,5,2020-05-08,200,True,5,76,81,
Jowar/Sorghum,2020,6,2020-06-01,200,True,6,84,88,
Jowar/Sorghum,2020,6,2020-06-08,200,True,7,90,96,
Jowar/Sorghum,2020,7,2020-07-01,200,True,6,46,47,
Jowar/Sorghum,2020,7,2020-07-08,200,True,7,89,92,
Jowar/Sorghum,2020,8,2020-08-01,200,True,4,11,12,
Jowar/Sorghum,2020,8,2020-08-08,200,True,5,42,44,
Jowar/Sorghum,2020,9,2020-09-01,200,True,6,21,22,
Jowar/Sorghum,2020,9,2020-09-08,200,True,6,74,79,
Jowar/Sorghum,2020,10,2020-10-01,200,True,5,61,65,
Jowar/Sorghum,2020,10,2020-10-08,200,True,7,86,92,
Jowar/Sorghum,2020,11,2020-11-01,200,True,3,6,7,
Jowar/Sorghum,2020,11,2020-11-08,200,True,7,13,14,
Jowar/Sorghum,2020,12,2020-12-01,200,True,8,87,91,
Jowar/Sorghum,2020,12,2020-12-08,200,True,8,24,24,
Jowar/Sorghum,2021,1,2021-01-01,200,True,7,77,84,
Jowar/Sorghum,2021,1,2021-01-08,200,True,8,60,62,
Jowar/Sorghum,2021,2,2021-02-01,200,True,7,86,91,
Jowar/Sorghum,2021,2,2021-02-08,200,True,7,80,85,
Jowar/Sorghum,2021,3,2021-03-01,200,True,7,75,79,
Jowar/Sorghum,2021,3,2021-03-08,200,True,8,99,104,
Jowar/Sorghum,2021,4,2021-04-01,200,True,5,38,39,
Jowar/Sorghum,2021,4,2021-04-08,200,True,7,76,80,
Jowar/Sorghum,2021,5,2021-05-01,200,True,3,6,6,
Jowar/Sorghum,2021,5,2021-05-08,200,True,5,32,32,
Jowar/Sorghum,2021,6,2021-06-01,200,True,6,74,76,
Jowar/Sorghum,2021,6,2021-06-08,200,True,7,85,88,
Jowar/Sorghum,2021,7,2021-07-01,200,True,7,65,67,
Jowar/Sorghum,2021,7,2021-07-08,200,True,6,73,76,
Jowar/Sorghum,2021,8,2021-08-01,200,True,3,5,5,
Jowar/Sorghum,2021,8,2021-08-08,200,True,4,10,10,
Jowar/Sorghum,2021,9,2021-09-01,200,True,7,81,82,
Jowar/Sorghum,2021,9,2021-09-08,200,True,8,81,85,
Jowar/Sorghum,2021,10,2021-10-01,200,True,7,73,73,
Jowar/Sorghum,2021,10,2021-10-08,200,True,7,83,88,
Jowar/Sorghum,2021,11,2021-11-01,200,True,6,51,54,
Jowar/Sorghum,2021,11,2021-11-08,200,True,6,87,91,
Jowar/Sorghum,2021,12,2021-12-01,200,True,8,71,74,
Jowar/Sorghum,2021,12,2021-12-08,200,True,8,111,115,
Jowar/Sorghum,2022,1,2022-01-01,200,True,7,88,89,
Jowar/Sorghum,2022,1,2022-01-08,200,True,7,69,70,
Jowar/Sorghum,2022,2,2022-02-01,200,True,8,72,73,
Jowar/Sorghum,2022,2,2022-02-08,200,True,8,100,103,
Jowar/Sorghum,2022,3,2022-03-01,200,True,6,16,16,
Jowar/Sorghum,2022,3,2022-03-08,200,True,9,89,92,
Jowar/Sorghum,2022,4,2022-04-01,200,True,6,27,27,
Jowar/Sorghum,2022,4,2022-04-08,200,True,9,86,87,
Jowar/Sorghum,2022,5,2022-05-01,200,True,4,6,6,
Jowar/Sorghum,2022,5,2022-05-08,200,True,4,12,13,
Jowar/Sorghum,2022,6,2022-06-01,200,True,9,81,82,
Jowar/Sorghum,2022,6,2022-06-08,200,True,9,89,92,
Jowar/Sorghum,2022,7,2022-07-01,200,True,8,39,40,
Jowar/Sorghum,2022,7,2022-07-08,200,True,9,90,93,
Jowar/Sorghum,2022,8,2022-08-01,200,True,9,60,63,
Jowar/Sorghum,2022,8,2022-08-08,200,True,9,87,89,
Jowar/Sorghum,2022,9,2022-09-01,200,True,9,48,50,
Jowar/Sorghum,2022,9,2022-09-08,200,True,9,57,58,
Jowar/Sorghum,2022,10,2022-10-01,200,True,8,46,47,
Jowar/Sorghum,2022,10,2022-10-08,200,True,8,54,55,
Jowar/Sorghum,2022,11,2022-11-01,200,True,7,72,73,
Jowar/Sorghum,2022,11,2022-11-08,200,True,8,46,47,
Jowar/Sorghum,2022,12,2022-12-01,200,True,7,54,55,
Jowar/Sorghum,2022,12,2022-12-08,200,True,7,67,68,
Jowar/Sorghum,2023,1,2023-01-01,200,True,5,11,12,
Jowar/Sorghum,2023,1,2023-01-08,200,True,6,9,10,
Jowar/Sorghum,2023,2,2023-02-01,200,True,9,76,77,
Jowar/Sorghum,2023,2,2023-02-08,200,True,8,73,75,
Jowar/Sorghum,2023,3,2023-03-01,200,True,8,73,76,
Jowar/Sorghum,2023,3,2023-03-08,200,True,5,59,60,
Jowar/Sorghum,2023,4,2023-04-01,200,True,7,50,50,
Jowar/Sorghum,2023,4,2023-04-08,200,True,8,64,65,
Jowar/Sorghum,2023,5,2023-05-01,200,True,6,22,23,
Jowar/Sorghum,2023,5,2023-05-08,200,True,8,87,91,
Jowar/Sorghum,2023,6,2023-06-01,200,True,9,106,110,
Jowar/Sorghum,2023,6,2023-06-08,200,True,8,103,105,
Jowar/Sorghum,2023,7,2023-07-01,200,True,9,82,84,
Jowar/Sorghum,2023,7,2023-07-08,200,True,8,79,83,
Jowar/Sorghum,2023,8,2023-08-01,200,True,7,76,78,
Jowar/Sorghum,2023,8,2023-08-08,200,True,9,72,75,
Jowar/Sorghum,2023,9,2023-09-01,200,True,6,61,62,
Jowar/Sorghum,2023,9,2023-09-08,200,True,7,54,56,
Jowar/Sorghum,2023,10,2023-10-01,200,True,3,4,5,
Jowar/Sorghum,2023,10,2023-10-08,200,True,4,8,9,
Jowar/Sorghum,2023,11,2023-11-01,200,True,9,67,69,
Jowar/Sorghum,2023,11,2023-11-08,200,True,7,77,79,
Jowar/Sorghum,2023,12,2023-12-01,200,True,7,65,65,
Jowar/Sorghum,2023,12,2023-12-08,200,True,8,86,88,
Jowar/Sorghum,2024,1,2024-01-01,200,True,6,62,65,
Jowar/Sorghum,2024,1,2024-01-08,200,True,7,70,73,
Jowar/Sorghum,2024,2,2024-02-01,200,True,6,64,64,
Jowar/Sorghum,2024,2,2024-02-08,200,True,6,66,66,
Jowar/Sorghum,2024,3,2024-03-01,200,True,7,96,100,
Jowar/Sorghum,2024,3,2024-03-08,200,True,7,16,16,
Jowar/Sorghum,2024,4,2024-04-01,200,True,6,49,51,
Jowar/Sorghum,2024,4,2024-04-08,200,True,7,53,55,
Jowar/Sorghum,2024,5,2024-05-01,200,True,8,31,32,
Jowar/Sorghum,2024,5,2024-05-08,200,True,9,81,84,
Jowar/Sorghum,2024,6,2024-06-01,200,True,6,95,97,
Jowar/Sorghum,2024,6,2024-06-08,200,True,6,100,105,
Jowar/Sorghum,2024,7,2024-07-01,200,True,7,109,116,
Jowar/Sorghum,2024,7,2024-07-08,200,True,7,109,115,
Jowar/Sorghum,2024,8,2024-08-01,200,True,7,101,104,
Jowar/Sorghum,2024,8,2024-08-08,200,True,7,97,102,
Jowar/Sorghum,2024,9,2024-09-01,200,True,2,4,4,
Jowar/Sorghum,2024,9,2024-09-08,200,True,2,10,10,
Jowar/Sorghum,2024,10,2024-10-01,200,True,7,94,98,
Jowar/Sorghum,2024,10,2024-10-08,200,True,4,43,44,
Jowar/Sorghum,2024,11,2024-11-01,200,True,3,6,6,
Jowar/Sorghum,2024,11,2024-11-08,200,True,7,119,124,
Jowar/Sorghum,2024,12,2024-12-01,200,True,2,7,7,
Jowar/Sorghum,2024,12,2024-12-08,200,True,5,12,12,
Jowar/Sorghum,2025,1,2025-01-01,200,True,6,73,76,
Jowar/Sorghum,2025,1,2025-01-08,200,True,7,83,85,
Jowar/Sorghum,2025,2,2025-02-01,200,True,7,80,85,
Jowar/Sorghum,2025,2,2025-02-08,200,True,7,63,68,
Jowar/Sorghum,2025,3,2025-03-01,200,True,9,72,79,
Jowar/Sorghum,2025,3,2025-03-08,200,True,6,77,83,
Jowar/Sorghum,2025,4,2025-04-01,200,True,7,55,60,
Jowar/Sorghum,2025,4,2025-04-08,200,True,7,88,99,
Jowar/Sorghum,2025,5,2025-05-01,200,True,6,22,22,
Jowar/Sorghum,2025,5,2025-05-08,200,True,8,88,91,
Jowar/Sorghum,2025,6,2025-06-01,200,True,5,9,9,
Jowar/Sorghum,2025,6,2025-06-08,200,True,2,7,7,
Jowar/Sorghum,2025,7,2025-07-01,200,True,7,75,78,
Jowar/Sorghum,2025,7,2025-07-08,200,True,7,82,88,
Jowar/Sorghum,2025,8,2025-08-01,200,True,6,81,86,
Jowar/Sorghum,2025,8,2025-08-08,200,True,4,70,76,
Jowar/Sorghum,2025,9,2025-09-01,200,True,7,50,54,
Jowar/Sorghum,2025,9,2025-09-08,200,True,9,77,85,
Jowar/Sorghum,2025,10,2025-10-01,200,True,3,42,47,
Jowar/Sorghum,2025,10,2025-10-08,200,True,7,83,86,
Jowar/Sorghum,2025,11,2025-11-01,200,True,5,54,55,
Jowar/Sorghum,2025,11,2025-11-08,200,True,4,36,39,
Jowar/Sorghum,2025,12,2025-12-01,200,True,8,59,63,
Jowar/Sorghum,2025,12,2025-12-08,200,True,6,62,67,
Groundnut,2015,1,2015-01-01,200,True,10,70,84,
Groundnut,2015,1,2015-01-08,200,True,12,98,109,
Groundnut,2015,2,2015-02-01,200,True,5,16,16,
Groundnut,2015,2,2015-02-08,200,True,6,18,18,
Groundnut,2015,3,2015-03-01,200,True,4,14,14,
Groundnut,2015,3,2015-03-08,200,True,4,10,10,
Groundnut,2015,4,2015-04-01,200,True,11,66,68,
Groundnut,2015,4,2015-04-08,200,True,11,64,70,
Groundnut,2015,5,2015-05-01,200,True,7,34,42,
Groundnut,2015,5,2015-05-08,200,True,11,68,75,
Groundnut,2015,6,2015-06-01,200,True,11,88,100,
Groundnut,2015,6,2015-06-08,200,True,13,90,102,
Groundnut,2015,7,2015-07-01,200,True,10,73,81,
Groundnut,2015,7,2015-07-08,200,True,11,72,78,
Groundnut,2015,8,2015-08-01,200,True,9,33,37,
Groundnut,2015,8,2015-08-08,200,True,8,42,46,
Groundnut,2015,9,2015-09-01,200,True,9,55,59,
Groundnut,2015,9,2015-09-08,200,True,10,60,66,
Groundnut,2015,10,2015-10-01,200,True,12,87,95,
Groundnut,2015,10,2015-10-08,200,True,13,102,115,
Groundnut,2015,11,2015-11-01,200,True,5,13,13,
Groundnut,2015,11,2015-11-08,200,True,6,15,15,
Groundnut,2015,12,2015-12-01,200,True,12,106,118,
Groundnut,2015,12,2015-12-08,200,True,12,114,128,
Groundnut,2016,1,2016-01-01,200,True,10,83,94,
Groundnut,2016,1,2016-01-08,200,True,12,98,103,
Groundnut,2016,2,2016-02-01,200,True,12,73,76,
Groundnut,2016,2,2016-02-08,200,True,13,65,70,
Groundnut,2016,3,2016-03-01,200,True,11,66,71,
Groundnut,2016,3,2016-03-08,200,True,11,73,80,
Groundnut,2016,4,2016-04-01,200,True,12,68,74,
Groundnut,2016,4,2016-04-08,200,True,7,28,31,
Groundnut,2016,5,2016-05-01,200,True,5,9,9,
Groundnut,2016,5,2016-05-08,200,True,7,12,12,
Groundnut,2016,6,2016-06-01,200,True,12,99,111,
Groundnut,2016,6,2016-06-08,200,True,12,108,119,
Groundnut,2016,7,2016-07-01,200,True,13,83,90,
Groundnut,2016,7,2016-07-08,200,True,13,63,69,
Groundnut,2016,8,2016-08-01,200,True,9,51,56,
Groundnut,2016,8,2016-08-08,200,True,9,49,54,
Groundnut,2016,9,2016-09-01,200,True,8,33,35,
Groundnut,2016,9,2016-09-08,200,True,11,61,64,
Groundnut,2016,10,2016-10-01,200,True,11,59,64,
Groundnut,2016,10,2016-10-08,200,True,10,65,71,
Groundnut,2016,11,2016-11-01,200,True,10,38,38,
Groundnut,2016,11,2016-11-08,200,True,13,106,115,
Groundnut,2016,12,2016-12-01,200,True,12,99,109,
Groundnut,2016,12,2016-12-08,200,True,11,96,106,
Groundnut,2017,1,2017-01-01,200,True,3,8,8,
Groundnut,2017,1,2017-01-08,200,True,6,12,12,
Groundnut,2017,2,2017-02-01,200,True,11,102,111,
Groundnut,2017,2,2017-02-08,200,True,12,112,122,
Groundnut,2017,3,2017-03-01,200,True,13,107,116,
Groundnut,2017,3,2017-03-08,200,True,14,103,111,
Groundnut,2017,4,2017-04-01,200,True,9,41,43,
Groundnut,2017,4,2017-04-08,200,True,8,45,52,
Groundnut,2017,5,2017-05-01,200,True,5,32,38,
Groundnut,2017,5,2017-05-08,200,True,11,78,85,
Groundnut,2017,6,2017-06-01,200,True,10,77,88,
Groundnut,2017,6,2017-06-08,200,True,10,73,82,
Groundnut,2017,7,2017-07-01,200,True,9,30,33,
Groundnut,2017,7,2017-07-08,200,True,8,29,31,
Groundnut,2017,8,2017-08-01,200,True,9,63,68,
Groundnut,2017,8,2017-08-08,200,True,9,59,62,
Groundnut,2017,9,2017-09-01,200,True,9,68,72,
Groundnut,2017,9,2017-09-08,200,True,10,57,62,
Groundnut,2017,10,2017-10-01,200,True,6,10,10,
Groundnut,2017,10,2017-10-08,200,True,7,14,14,
Groundnut,2017,11,2017-11-01,200,True,9,93,101,
Groundnut,2017,11,2017-11-08,200,True,12,126,135,
Groundnut,2017,12,2017-12-01,200,True,13,114,123,
Groundnut,2017,12,2017-12-08,200,True,11,124,135,
Groundnut,2018,1,2018-01-01,200,True,9,90,99,
Groundnut,2018,1,2018-01-08,200,True,11,121,130,
Groundnut,2018,2,2018-02-01,200,True,11,99,108,
Groundnut,2018,2,2018-02-08,200,True,10,107,116,
Groundnut,2018,3,2018-03-01,200,True,10,54,57,
Groundnut,2018,3,2018-03-08,200,True,11,98,108,
Groundnut,2018,4,2018-04-01,200,True,3,12,12,
Groundnut,2018,4,2018-04-08,200,True,3,12,12,
Groundnut,2018,5,2018-05-01,200,True,8,36,41,
Groundnut,2018,5,2018-05-08,200,True,9,79,86,
Groundnut,2018,6,2018-06-01,200,True,9,101,111,
Groundnut,2018,6,2018-06-08,200,True,9,100,110,
Groundnut,2018,7,2018-07-01,200,True,4,12,14,
Groundnut,2018,7,2018-07-08,200,True,6,15,15,
Groundnut,2018,8,2018-08-01,200,True,10,76,82,
Groundnut,2018,8,2018-08-08,200,True,10,63,66,
Groundnut,2018,9,2018-09-01,200,True,10,26,27,
Groundnut,2018,9,2018-09-08,200,True,11,40,43,
Groundnut,2018,10,2018-10-01,200,True,11,70,77,
Groundnut,2018,10,2018-10-08,200,True,12,81,89,
Groundnut,2018,11,2018-11-01,200,True,8,55,57,
Groundnut,2018,11,2018-11-08,200,True,10,24,24,
Groundnut,2018,12,2018-12-01,200,True,11,90,102,
Groundnut,2018,12,2018-12-08,200,True,9,73,84,
Groundnut,2019,1,2019-01-01,200,True,11,88,98,
Groundnut,2019,1,2019-01-08,200,True,8,84,92,
Groundnut,2019,2,2019-02-01,200,True,12,95,104,
Groundnut,2019,2,2019-02-08,200,True,13,89,97,
Groundnut,2019,3,2019-03-01,200,True,10,83,90,
Groundnut,2019,3,2019-03-08,200,True,12,95,103,
Groundnut,2019,4,2019-04-01,200,True,12,72,79,
Groundnut,2019,4,2019-04-08,200,True,11,72,78,
Groundnut,2019,5,2019-05-01,200,True,9,33,38,
Groundnut,2019,5,2019-05-08,200,True,12,72,76,
Groundnut,2019,6,2019-06-01,200,True,12,74,81,
Groundnut,2019,6,2019-06-08,200,True,10,53,60,
Groundnut,2019,7,2019-07-01,200,True,11,71,77,
Groundnut,2019,7,2019-07-08,200,True,10,67,71,
Groundnut,2019,8,2019-08-01,200,True,8,38,39,
Groundnut,2019,8,2019-08-08,200,True,11,55,58,
Groundnut,2019,9,2019-09-01,200,True,5,10,10,
Groundnut,2019,9,2019-09-08,200,True,4,10,10,
Groundnut,2019,10,2019-10-01,200,True,13,69,71,
Groundnut,2019,10,2019-10-08,200,True,8,19,19,
Groundnut,2019,11,2019-11-01,200,True,12,97,104,
Groundnut,2019,11,2019-11-08,200,True,12,112,113,
Groundnut,2019,12,2019-12-01,200,True,9,20,20,
Groundnut,2019,12,2019-12-08,200,True,8,18,18,
Groundnut,2020,1,2020-01-01,200,True,6,55,63,
Groundnut,2020,1,2020-01-08,200,True,11,89,100,
Groundnut,2020,2,2020-02-01,200,True,10,51,59,
Groundnut,2020,2,2020-02-08,200,True,11,54,61,
Groundnut,2020,3,2020-03-01,200,True,6,12,12,
Groundnut,2020,3,2020-03-08,200,True,4,9,9,
Groundnut,2020,4,2020-04-01,200,True,3,8,8,
Groundnut,2020,4,2020-04-08,200,True,2,14,14,
Groundnut,2020,5,2020-05-01,200,True,4,8,8,
Groundnut,2020,5,2020-05-08,200,True,6,55,60,
Groundnut,2020,6,2020-06-01,200,True,8,65,71,
Groundnut,2020,6,2020-06-08,200,True,9,101,108,
Groundnut,2020,7,2020-07-01,200,True,9,60,68,
Groundnut,2020,7,2020-07-08,200,True,8,73,79,
Groundnut,2020,8,2020-08-01,200,True,6,14,15,
Groundnut,2020,8,2020-08-08,200,True,6,21,23,
Groundnut,2020,9,2020-09-01,200,True,9,34,35,
Groundnut,2020,9,2020-09-08,200,True,9,60,63,
Groundnut,2020,10,2020-10-01,200,True,10,43,46,
Groundnut,2020,10,2020-10-08,200,True,11,84,91,
Groundnut,2020,11,2020-11-01,200,True,4,10,10,
Groundnut,2020,11,2020-11-08,200,True,8,15,16,
Groundnut,2020,12,2020-12-01,200,True,10,70,78,
Groundnut,2020,12,2020-12-08,200,True,8,43,45,
Groundnut,2021,1,2021-01-01,200,True,7,56,64,
Groundnut,2021,1,2021-01-08,200,True,8,91,101,
Groundnut,2021,2,2021-02-01,200,True,10,64,73,
Groundnut,2021,2,2021-02-08,200,True,9,83,92,
Groundnut,2021,3,2021-03-01,200,True,9,55,60,
Groundnut,2021,3,2021-03-08,200,True,9,61,69,
Groundnut,2021,4,2021-04-01,200,True,7,20,21,
Groundnut,2021,4,2021-04-08,200,True,7,50,56,
Groundnut,2021,5,2021-05-01,200,True,3,3,3,
Groundnut,2021,5,2021-05-08,200,True,6,15,16,
Groundnut,2021,6,2021-06-01,200,True,7,51,55,
Groundnut,2021,6,2021-06-08,200,True,10,69,74,
Groundnut,2021,7,2021-07-01,200,True,7,55,62,
Groundnut,2021,7,2021-07-08,200,True,6,74,78,
Groundnut,2021,8,2021-08-01,200,True,2,5,5,
Groundnut,2021,8,2021-08-08,200,True,3,9,9,
Groundnut,2021,9,2021-09-01,200,True,8,49,50,
Groundnut,2021,9,2021-09-08,200,True,9,62,64,
Groundnut,2021,10,2021-10-01,200,True,10,44,45,
Groundnut,2021,10,2021-10-08,200,True,9,85,88,
Groundnut,2021,11,2021-11-01,200,True,9,50,52,
Groundnut,2021,11,2021-11-08,200,True,9,70,71,
Groundnut,2021,12,2021-12-01,200,True,10,68,70,
Groundnut,2021,12,2021-12-08,200,True,9,110,120,
Groundnut,2022,1,2022-01-01,200,True,8,82,94,
Groundnut,2022,1,2022-01-08,200,True,9,66,72,
Groundnut,2022,2,2022-02-01,200,True,11,87,92,
Groundnut,2022,2,2022-02-08,200,True,9,96,104,
Groundnut,2022,3,2022-03-01,200,True,6,26,27,
Groundnut,2022,3,2022-03-08,200,True,12,87,95,
Groundnut,2022,4,2022-04-01,200,True,10,35,36,
Groundnut,2022,4,2022-04-08,200,True,10,71,77,
Groundnut,2022,5,2022-05-01,200,True,5,11,11,
Groundnut,2022,5,2022-05-08,200,True,4,7,7,
Groundnut,2022,6,2022-06-01,200,True,11,92,99,
Groundnut,2022,6,2022-06-08,200,True,10,106,114,
Groundnut,2022,7,2022-07-01,200,True,11,55,59,
Groundnut,2022,7,2022-07-08,200,True,11,91,97,
Groundnut,2022,8,2022-08-01,200,True,10,68,73,
Groundnut,2022,8,2022-08-08,200,True,10,67,71,
Groundnut,2022,9,2022-09-01,200,True,10,54,55,
Groundnut,2022,9,2022-09-08,200,True,11,65,69,
Groundnut,2022,10,2022-10-01,200,True,8,63,69,
Groundnut,2022,10,2022-10-08,200,True,9,71,78,
Groundnut,2022,11,2022-11-01,200,True,11,93,100,
Groundnut,2022,11,2022-11-08,200,True,9,74,79,
Groundnut,2022,12,2022-12-01,200,True,11,74,76,
Groundnut,2022,12,2022-12-08,200,True,11,78,85,
Groundnut,2023,1,2023-01-01,200,True,4,15,15,
Groundnut,2023,1,2023-01-08,200,True,3,18,18,
Groundnut,2023,2,2023-02-01,200,True,10,82,90,
Groundnut,2023,2,2023-02-08,200,True,10,91,96,
Groundnut,2023,3,2023-03-01,200,True,10,80,86,
Groundnut,2023,3,2023-03-08,200,True,8,38,38,
Groundnut,2023,4,2023-04-01,200,True,4,27,27,
Groundnut,2023,4,2023-04-08,200,True,9,40,44,
Groundnut,2023,5,2023-05-01,200,True,9,32,38,
Groundnut,2023,5,2023-05-08,200,True,11,74,80,
Groundnut,2023,6,2023-06-01,200,True,11,94,103,
Groundnut,2023,6,2023-06-08,200,True,12,97,105,
Groundnut,2023,7,2023-07-01,200,True,10,57,62,
Groundnut,2023,7,2023-07-08,200,True,7,50,56,
Groundnut,2023,8,2023-08-01,200,True,10,70,72,
Groundnut,2023,8,2023-08-08,200,True,10,71,74,
Groundnut,2023,9,2023-09-01,200,True,11,63,67,
Groundnut,2023,9,2023-09-08,200,True,10,44,45,
Groundnut,2023,10,2023-10-01,200,True,4,6,6,
Groundnut,2023,10,2023-10-08,200,True,8,10,10,
Groundnut,2023,11,2023-11-01,200,True,11,91,100,
Groundnut,2023,11,2023-11-08,200,True,10,106,114,
Groundnut,2023,12,2023-12-01,200,True,12,110,121,
Groundnut,2023,12,2023-12-08,200,True,11,109,117,
Groundnut,2024,1,2024-01-01,200,True,8,59,70,
Groundnut,2024,1,2024-01-08,200,True,11,81,89,
Groundnut,2024,2,2024-02-01,200,True,9,74,81,
Groundnut,2024,2,2024-02-08,200,True,9,74,83,
Groundnut,2024,3,2024-03-01,200,True,11,86,94,
Groundnut,2024,3,2024-03-08,200,True,6,32,32,
Groundnut,2024,4,2024-04-01,200,True,8,49,53,
Groundnut,2024,4,2024-04-08,200,True,6,47,53,
Groundnut,2024,5,2024-05-01,200,True,6,51,58,
Groundnut,2024,5,2024-05-08,200,True,7,89,100,
Groundnut,2024,6,2024-06-01,200,True,9,86,99,
Groundnut,2024,6,2024-06-08,200,True,10,82,92,
Groundnut,2024,7,2024-07-01,200,True,11,86,94,
Groundnut,2024,7,2024-07-08,200,True,10,118,126,
Groundnut,2024,8,2024-08-01,200,True,11,103,109,
Groundnut,2024,8,2024-08-08,200,True,12,107,112,
Groundnut,2024,9,2024-09-01,200,True,6,52,52,
Groundnut,2024,9,2024-09-08,200,True,6,60,60,
Groundnut,2024,10,2024-10-01,200,True,12,124,131,
Groundnut,2024,10,2024-10-08,200,True,10,134,142,
Groundnut,2024,11,2024-11-01,200,True,4,44,44,
Groundnut,2024,11,2024-11-08,200,True,11,157,165,
Groundnut,2024,12,2024-12-01,200,True,5,13,13,
Groundnut,2024,12,2024-12-08,200,True,7,58,59,
Groundnut,2025,1,2025-01-01,200,True,7,105,113,
Groundnut,2025,1,2025-01-08,200,True,10,141,152,
Groundnut,2025,2,2025-02-01,200,True,9,126,144,
Groundnut,2025,2,2025-02-08,200,True,9,114,128,
Groundnut,2025,3,2025-03-01,200,True,9,102,118,
Groundnut,2025,3,2025-03-08,200,True,9,109,119,
Groundnut,2025,4,2025-04-01,200,True,7,86,97,
Groundnut,2025,4,2025-04-08,200,True,9,108,120,
Groundnut,2025,5,2025-05-01,200,True,6,80,88,
Groundnut,2025,5,2025-05-08,200,True,10,105,108,
Groundnut,2025,6,2025-06-01,200,True,6,57,57,
Groundnut,2025,6,2025-06-08,200,True,6,50,51,
Groundnut,2025,7,2025-07-01,200,True,8,107,119,
Groundnut,2025,7,2025-07-08,200,True,9,116,122,
Groundnut,2025,8,2025-08-01,200,True,9,107,113,
Groundnut,2025,8,2025-08-08,200,True,7,57,62,
Groundnut,2025,9,2025-09-01,200,True,9,100,105,
Groundnut,2025,9,2025-09-08,200,True,10,91,96,
Groundnut,2025,10,2025-10-01,200,True,7,48,56,
Groundnut,2025,10,2025-10-08,200,True,10,142,158,
Groundnut,2025,11,2025-11-01,200,True,8,128,138,
Groundnut,2025,11,2025-11-08,200,True,7,98,109,
Groundnut,2025,12,2025-12-01,200,True,10,141,165,
Groundnut,2025,12,2025-12-08,200,True,9,149,170,
Cotton,2015,1,2015-01-01,200,True,11,176,196,
Cotton,2015,1,2015-01-08,200,True,13,223,249,
Cotton,2015,2,2015-02-01,200,True,10,39,40,
Cotton,2015,2,2015-02-08,200,True,9,30,32,
Cotton,2015,3,2015-03-01,200,True,9,30,30,
Cotton,2015,3,2015-03-08,200,True,9,28,28,
Cotton,2015,4,2015-04-01,200,True,11,112,118,
Cotton,2015,4,2015-04-08,200,True,10,127,129,
Cotton,2015,5,2015-05-01,200,True,7,71,71,
Cotton,2015,5,2015-05-08,200,True,9,93,96,
Cotton,2015,6,2015-06-01,200,True,9,74,75,
Cotton,2015,6,2015-06-08,200,True,8,70,71,
Cotton,2015,7,2015-07-01,200,True,6,45,45,
Cotton,2015,7,2015-07-08,200,True,6,54,55,
Cotton,2015,8,2015-08-01,200,True,5,30,30,
Cotton,2015,8,2015-08-08,200,True,5,29,29,
Cotton,2015,9,2015-09-01,200,True,6,51,54,
Cotton,2015,9,2015-09-08,200,True,8,55,58,
Cotton,2015,10,2015-10-01,200,True,9,112,123,
Cotton,2015,10,2015-10-08,200,True,10,126,139,
Cotton,2015,11,2015-11-01,200,True,7,48,50,
Cotton,2015,11,2015-11-08,200,True,8,51,55,
Cotton,2015,12,2015-12-01,200,True,11,253,279,
Cotton,2015,12,2015-12-08,200,True,12,259,278,
Cotton,2016,1,2016-01-01,200,True,9,234,250,
Cotton,2016,1,2016-01-08,200,True,11,254,271,
Cotton,2016,2,2016-02-01,200,True,11,200,212,
Cotton,2016,2,2016-02-08,200,True,12,203,216,
Cotton,2016,3,2016-03-01,200,True,11,175,181,
Cotton,2016,3,2016-03-08,200,True,11,164,172,
Cotton,2016,4,2016-04-01,200,True,10,116,118,
Cotton,2016,4,2016-04-08,200,True,9,66,68,
Cotton,2016,5,2016-05-01,200,True,5,22,22,
Cotton,2016,5,2016-05-08,200,True,5,32,32,
Cotton,2016,6,2016-06-01,200,True,9,71,72,
Cotton,2016,6,2016-06-08,200,True,8,60,61,
Cotton,2016,7,2016-07-01,200,True,7,47,48,
Cotton,2016,7,2016-07-08,200,True,5,31,31,
Cotton,2016,8,2016-08-01,200,True,6,30,31,
Cotton,2016,8,2016-08-08,200,True,5,32,34,
Cotton,2016,9,2016-09-01,200,True,6,23,25,
Cotton,2016,9,2016-09-08,200,True,9,47,51,
Cotton,2016,10,2016-10-01,200,True,9,78,92,
Cotton,2016,10,2016-10-08,200,True,7,82,99,
Cotton,2016,11,2016-11-01,200,True,10,80,93,
Cotton,2016,11,2016-11-08,200,True,11,214,238,
Cotton,2016,12,2016-12-01,200,True,10,255,282,
Cotton,2016,12,2016-12-08,200,True,11,261,288,
Cotton,2017,1,2017-01-01,200,True,8,76,79,
Cotton,2017,1,2017-01-08,200,True,7,70,73,
Cotton,2017,2,2017-02-01,200,True,11,262,287,
Cotton,2017,2,2017-02-08,200,True,12,247,261,
Cotton,2017,3,2017-03-01,200,True,11,236,250,
Cotton,2017,3,2017-03-08,200,True,10,217,230,
Cotton,2017,4,2017-04-01,200,True,9,111,116,
Cotton,2017,4,2017-04-08,200,True,9,120,124,
Cotton,2017,5,2017-05-01,200,True,7,73,73,
Cotton,2017,5,2017-05-08,200,True,9,105,105,
Cotton,2017,6,2017-06-01,200,True,8,69,69,
Cotton,2017,6,2017-06-08,200,True,8,55,55,
Cotton,2017,7,2017-07-01,200,True,7,24,24,
Cotton,2017,7,2017-07-08,200,True,6,20,21,
Cotton,2017,8,2017-08-01,200,True,7,35,35,
Cotton,2017,8,2017-08-08,200,True,8,31,31,
Cotton,2017,9,2017-09-01,200,True,9,48,52,
Cotton,2017,9,2017-09-08,200,True,10,59,61,
Cotton,2017,10,2017-10-01,200,True,6,18,19,
Cotton,2017,10,2017-10-08,200,True,6,27,27,
Cotton,2017,11,2017-11-01,200,True,11,185,201,
Cotton,2017,11,2017-11-08,200,True,12,226,238,
Cotton,2017,12,2017-12-01,200,True,12,228,244,
Cotton,2017,12,2017-12-08,200,True,12,254,268,
Cotton,2018,1,2018-01-01,200,True,11,223,235,
Cotton,2018,1,2018-01-08,200,True,12,246,262,
Cotton,2018,2,2018-02-01,200,True,12,223,231,
Cotton,2018,2,2018-02-08,200,True,12,234,241,
Cotton,2018,3,2018-03-01,200,True,11,144,147,
Cotton,2018,3,2018-03-08,200,True,11,216,219,
Cotton,2018,4,2018-04-01,200,True,7,34,35,
Cotton,2018,4,2018-04-08,200,True,8,35,36,
Cotton,2018,5,2018-05-01,200,True,7,70,71,
Cotton,2018,5,2018-05-08,200,True,8,110,112,
Cotton,2018,6,2018-06-01,200,True,8,68,69,
Cotton,2018,6,2018-06-08,200,True,7,51,51,
Cotton,2018,7,2018-07-01,200,True,4,5,5,
Cotton,2018,7,2018-07-08,200,True,3,3,3,
Cotton,2018,8,2018-08-01,200,True,6,22,22,
Cotton,2018,8,2018-08-08,200,True,7,22,22,
Cotton,2018,9,2018-09-01,200,True,4,14,15,
Cotton,2018,9,2018-09-08,200,True,8,23,24,
Cotton,2018,10,2018-10-01,200,True,10,114,131,
Cotton,2018,10,2018-10-08,200,True,10,127,141,
Cotton,2018,11,2018-11-01,200,True,9,119,135,
Cotton,2018,11,2018-11-08,200,True,8,39,43,
Cotton,2018,12,2018-12-01,200,True,11,178,194,
Cotton,2018,12,2018-12-08,200,True,11,168,182,
Cotton,2019,1,2019-01-01,200,True,10,203,219,
Cotton,2019,1,2019-01-08,200,True,11,208,221,
Cotton,2019,2,2019-02-01,200,True,10,205,216,
Cotton,2019,2,2019-02-08,200,True,11,194,204,
Cotton,2019,3,2019-03-01,200,True,11,159,161,
Cotton,2019,3,2019-03-08,200,True,10,166,168,
Cotton,2019,4,2019-04-01,200,True,10,144,148,
Cotton,2019,4,2019-04-08,200,True,10,145,145,
Cotton,2019,5,2019-05-01,200,True,7,67,67,
Cotton,2019,5,2019-05-08,200,True,9,83,83,
Cotton,2019,6,2019-06-01,200,True,9,50,50,
Cotton,2019,6,2019-06-08,200,True,8,41,41,
Cotton,2019,7,2019-07-01,200,True,8,34,34,
Cotton,2019,7,2019-07-08,200,True,7,34,34,
Cotton,2019,8,2019-08-01,200,True,6,25,25,
Cotton,2019,8,2019-08-08,200,True,8,33,33,
Cotton,2019,9,2019-09-01,200,True,3,9,9,
Cotton,2019,9,2019-09-08,200,True,6,12,12,
Cotton,2019,10,2019-10-01,200,True,10,100,111,
Cotton,2019,10,2019-10-08,200,True,9,54,61,
Cotton,2019,11,2019-11-01,200,True,10,110,120,
Cotton,2019,11,2019-11-08,200,True,11,133,142,
Cotton,2019,12,2019-12-01,200,True,10,57,60,
Cotton,2019,12,2019-12-08,200,True,8,46,48,
Cotton,2020,1,2020-01-01,200,True,9,119,127,
Cotton,2020,1,2020-01-08,200,True,11,152,155,
Cotton,2020,2,2020-02-01,200,True,9,107,113,
Cotton,2020,2,2020-02-08,200,True,7,120,128,
Cotton,2020,3,2020-03-01,200,True,4,18,18,
Cotton,2020,3,2020-03-08,200,True,5,22,22,
Cotton,2020,4,2020-04-01,404,False,0,0,0,"{""success"":false,""message"":""No data found.""}"
Cotton,2020,4,2020-04-08,200,True,1,2,2,
Cotton,2020,4,2020-04-15,200,True,1,9,9,
Cotton,2020,5,2020-05-01,200,True,4,17,17,
Cotton,2020,5,2020-05-08,200,True,6,59,61,
Cotton,2020,6,2020-06-01,200,True,5,55,57,
Cotton,2020,6,2020-06-08,200,True,6,65,67,
Cotton,2020,7,2020-07-01,200,True,5,34,34,
Cotton,2020,7,2020-07-08,200,True,5,40,40,
Cotton,2020,8,2020-08-01,200,True,4,11,11,
Cotton,2020,8,2020-08-08,200,True,4,17,18,
Cotton,2020,9,2020-09-01,200,True,6,23,23,
Cotton,2020,9,2020-09-08,200,True,6,29,29,
Cotton,2020,10,2020-10-01,200,True,7,42,43,
Cotton,2020,10,2020-10-08,200,True,8,74,75,
Cotton,2020,11,2020-11-01,200,True,3,10,10,
Cotton,2020,11,2020-11-08,200,True,6,20,20,
Cotton,2020,12,2020-12-01,200,True,9,89,91,
Cotton,2020,12,2020-12-08,200,True,8,50,50,
Cotton,2021,1,2021-01-01,200,True,7,76,76,
Cotton,2021,1,2021-01-08,200,True,9,105,105,
Cotton,2021,2,2021-02-01,200,True,9,81,82,
Cotton,2021,2,2021-02-08,200,True,9,133,135,
Cotton,2021,3,2021-03-01,200,True,9,70,70,
Cotton,2021,3,2021-03-08,200,True,9,110,110,
Cotton,2021,4,2021-04-01,200,True,6,31,32,
Cotton,2021,4,2021-04-08,200,True,7,56,56,
Cotton,2021,5,2021-05-01,200,True,1,1,1,
Cotton,2021,5,2021-05-08,200,True,3,5,5,
Cotton,2021,6,2021-06-01,200,True,4,12,12,
Cotton,2021,6,2021-06-08,200,True,4,19,19,
Cotton,2021,7,2021-07-01,200,True,4,11,11,
Cotton,2021,7,2021-07-08,200,True,4,21,21,
Cotton,2021,8,2021-08-01,404,False,0,0,0,"{""success"":false,""message"":""No data found.""}"
Cotton,2021,8,2021-08-08,200,True,1,3,3,
Cotton,2021,8,2021-08-15,404,False,0,0,0,"{""success"":false,""message"":""No data found.""}"
Cotton,2021,8,2021-08-22,404,False,0,0,0,"{""success"":false,""message"":""No data found.""}"
Cotton,2021,8,2021-08-28,200,True,3,4,4,
Cotton,2021,9,2021-09-01,200,True,4,7,7,
Cotton,2021,9,2021-09-08,200,True,6,32,32,
Cotton,2021,10,2021-10-01,200,True,7,28,29,
Cotton,2021,10,2021-10-08,200,True,7,76,76,
Cotton,2021,11,2021-11-01,200,True,9,55,56,
Cotton,2021,11,2021-11-08,200,True,9,102,103,
Cotton,2021,12,2021-12-01,200,True,9,83,85,
Cotton,2021,12,2021-12-08,200,True,10,167,174,
Cotton,2022,1,2022-01-01,200,True,9,174,180,
Cotton,2022,1,2022-01-08,200,True,11,162,166,
Cotton,2022,2,2022-02-01,200,True,10,185,190,
Cotton,2022,2,2022-02-08,200,True,11,197,201,
Cotton,2022,3,2022-03-01,200,True,8,77,81,
Cotton,2022,3,2022-03-08,200,True,11,152,157,
Cotton,2022,4,2022-04-01,200,True,8,66,67,
Cotton,2022,4,2022-04-08,200,True,10,107,107,
Cotton,2022,5,2022-05-01,200,True,5,19,19,
Cotton,2022,5,2022-05-08,200,True,4,14,14,
Cotton,2022,6,2022-06-01,200,True,8,40,40,
Cotton,2022,6,2022-06-08,200,True,7,31,31,
Cotton,2022,7,2022-07-01,200,True,5,17,17,
Cotton,2022,7,2022-07-08,200,True,6,27,27,
Cotton,2022,8,2022-08-01,200,True,6,27,28,
Cotton,2022,8,2022-08-08,200,True,5,30,31,
Cotton,2022,9,2022-09-01,200,True,10,49,50,
Cotton,2022,9,2022-09-08,200,True,10,70,71,
Cotton,2022,10,2022-10-01,200,True,10,85,88,
Cotton,2022,10,2022-10-08,200,True,9,85,90,
Cotton,2022,11,2022-11-01,200,True,10,116,123,
Cotton,2022,11,2022-11-08,200,True,10,103,107,
Cotton,2022,12,2022-12-01,200,True,11,156,163,
Cotton,2022,12,2022-12-08,200,True,11,165,170,
Cotton,2023,1,2023-01-01,200,True,5,48,50,
Cotton,2023,1,2023-01-08,200,True,6,46,50,
Cotton,2023,2,2023-02-01,200,True,11,187,191,
Cotton,2023,2,2023-02-08,200,True,11,192,197,
Cotton,2023,3,2023-03-01,200,True,11,176,180,
Cotton,2023,3,2023-03-08,200,True,9,92,93,
Cotton,2023,4,2023-04-01,200,True,8,90,92,
Cotton,2023,4,2023-04-08,200,True,9,108,109,
Cotton,2023,5,2023-05-01,200,True,6,88,89,
Cotton,2023,5,2023-05-08,200,True,9,135,136,
Cotton,2023,6,2023-06-01,200,True,9,117,118,
Cotton,2023,6,2023-06-08,200,True,9,119,120,
Cotton,2023,7,2023-07-01,200,True,9,73,74,
Cotton,2023,7,2023-07-08,200,True,9,62,63,
Cotton,2023,8,2023-08-01,200,True,9,61,62,
Cotton,2023,8,2023-08-08,200,True,9,64,65,
Cotton,2023,9,2023-09-01,200,True,11,85,87,
Cotton,2023,9,2023-09-08,200,True,11,75,76,
Cotton,2023,10,2023-10-01,200,True,5,19,20,
Cotton,2023,10,2023-10-08,200,True,7,27,28,
Cotton,2023,11,2023-11-01,200,True,8,120,128,
Cotton,2023,11,2023-11-08,200,True,9,127,133,
Cotton,2023,12,2023-12-01,200,True,10,134,143,
Cotton,2023,12,2023-12-08,200,True,10,168,178,
Cotton,2024,1,2024-01-01,200,True,7,105,110,
Cotton,2024,1,2024-01-08,200,True,10,143,146,
Cotton,2024,2,2024-02-01,200,True,10,139,141,
Cotton,2024,2,2024-02-08,200,True,10,140,142,
Cotton,2024,3,2024-03-01,200,True,10,131,132,
Cotton,2024,3,2024-03-08,200,True,8,67,68,
Cotton,2024,4,2024-04-01,200,True,9,66,67,
Cotton,2024,4,2024-04-08,200,True,7,69,71,
Cotton,2024,5,2024-05-01,200,True,5,56,56,
Cotton,2024,5,2024-05-08,200,True,8,78,78,
Cotton,2024,6,2024-06-01,200,True,7,58,58,
Cotton,2024,6,2024-06-08,200,True,7,46,46,
Cotton,2024,7,2024-07-01,200,True,7,38,38,
Cotton,2024,7,2024-07-08,200,True,8,43,43,
Cotton,2024,8,2024-08-01,200,True,6,32,32,
Cotton,2024,8,2024-08-08,200,True,7,34,34,
Cotton,2024,9,2024-09-01,200,True,3,6,6,
Cotton,2024,9,2024-09-08,200,True,3,6,6,
Cotton,2024,10,2024-10-01,200,True,7,70,71,
Cotton,2024,10,2024-10-08,200,True,8,102,108,
Cotton,2024,11,2024-11-01,200,True,7,32,33,
Cotton,2024,11,2024-11-08,200,True,8,179,195,
Cotton,2024,12,2024-12-01,200,True,7,16,16,
Cotton,2024,12,2024-12-08,200,True,6,52,58,
Cotton,2025,1,2025-01-01,200,True,6,96,104,
Cotton,2025,1,2025-01-08,200,True,9,179,196,
Cotton,2025,2,2025-02-01,200,True,9,154,171,
Cotton,2025,2,2025-02-08,200,True,9,141,158,
Cotton,2025,3,2025-03-01,200,True,9,120,135,
Cotton,2025,3,2025-03-08,200,True,9,130,141,
Cotton,2025,4,2025-04-01,200,True,8,83,88,
Cotton,2025,4,2025-04-08,200,True,8,96,106,
Cotton,2025,5,2025-05-01,200,True,7,50,51,
Cotton,2025,5,2025-05-08,200,True,8,50,53,
Cotton,2025,6,2025-06-01,200,True,4,10,10,
Cotton,2025,6,2025-06-08,200,True,5,13,14,
Cotton,2025,7,2025-07-01,200,True,5,29,29,
Cotton,2025,7,2025-07-08,200,True,7,27,27,
Cotton,2025,8,2025-08-01,200,True,4,24,24,
Cotton,2025,8,2025-08-08,200,True,3,22,22,
Cotton,2025,9,2025-09-01,200,True,6,31,31,
Cotton,2025,9,2025-09-08,200,True,5,31,31,
Cotton,2025,10,2025-10-01,200,True,6,83,89,
Cotton,2025,10,2025-10-08,200,True,8,116,129,
Cotton,2025,11,2025-11-01,200,True,8,120,139,
Cotton,2025,11,2025-11-08,200,True,6,72,87,
Cotton,2025,12,2025-12-01,200,True,10,158,188,
Cotton,2025,12,2025-12-08,200,True,10,153,183,
Banana,2015,1,2015-01-01,200,True,17,171,237,
Banana,2015,1,2015-01-08,200,True,20,179,236,
Banana,2015,2,2015-02-01,200,True,13,56,60,
Banana,2015,2,2015-02-08,200,True,12,59,65,
Banana,2015,3,2015-03-01,200,True,14,67,71,
Banana,2015,3,2015-03-08,200,True,12,66,73,
Banana,2015,4,2015-04-01,200,True,21,187,241,
Banana,2015,4,2015-04-08,200,True,21,173,192,
Banana,2015,5,2015-05-01,200,True,17,146,166,
Banana,2015,5,2015-05-08,200,True,21,188,257,
Banana,2015,6,2015-06-01,200,True,22,190,257,
Banana,2015,6,2015-06-08,200,True,19,193,259,
Banana,2015,7,2015-07-01,200,True,19,192,255,
Banana,2015,7,2015-07-08,200,True,20,192,269,
Banana,2015,8,2015-08-01,200,True,18,180,254,
Banana,2015,8,2015-08-08,200,True,21,176,235,
Banana,2015,9,2015-09-01,200,True,20,200,267,
Banana,2015,9,2015-09-08,200,True,21,213,272,
Banana,2015,10,2015-10-01,200,True,22,189,263,
Banana,2015,10,2015-10-08,200,True,23,203,269,
Banana,2015,11,2015-11-01,200,True,15,81,89,
Banana,2015,11,2015-11-08,200,True,16,67,77,
Banana,2015,12,2015-12-01,200,True,22,183,240,
Banana,2015,12,2015-12-08,200,True,21,201,272,
Banana,2016,1,2016-01-01,200,True,19,170,238,
Banana,2016,1,2016-01-08,200,True,20,167,226,
Banana,2016,2,2016-02-01,200,True,22,161,205,
Banana,2016,2,2016-02-08,200,True,20,186,258,
Banana,2016,3,2016-03-01,200,True,20,140,191,
Banana,2016,3,2016-03-08,200,True,23,205,283,
Banana,2016,4,2016-04-01,200,True,21,149,203,
Banana,2016,4,2016-04-08,200,True,18,153,208,
Banana,2016,5,2016-05-01,200,True,13,70,82,
Banana,2016,5,2016-05-08,200,True,15,77,88,
Banana,2016,6,2016-06-01,200,True,20,194,273,
Banana,2016,6,2016-06-08,200,True,19,200,280,
Banana,2016,7,2016-07-01,200,True,22,184,260,
Banana,2016,7,2016-07-08,200,True,21,177,245,
Banana,2016,8,2016-08-01,200,True,22,169,250,
Banana,2016,8,2016-08-08,200,True,24,212,295,
Banana,2016,9,2016-09-01,200,True,21,182,265,
Banana,2016,9,2016-09-08,200,True,21,181,256,
Banana,2016,10,2016-10-01,200,True,19,175,254,
Banana,2016,10,2016-10-08,200,True,16,142,177,
Banana,2016,11,2016-11-01,200,True,18,137,200,
Banana,2016,11,2016-11-08,200,True,19,188,263,
Banana,2016,12,2016-12-01,200,True,20,180,256,
Banana,2016,12,2016-12-08,200,True,19,143,201,
Banana,2017,1,2017-01-01,200,True,13,60,75,
Banana,2017,1,2017-01-08,200,True,14,60,75,
Banana,2017,2,2017-02-01,200,True,22,164,232,
Banana,2017,2,2017-02-08,200,True,23,174,233,
Banana,2017,3,2017-03-01,200,True,20,181,252,
Banana,2017,3,2017-03-08,200,True,22,202,276,
Banana,2017,4,2017-04-01,200,True,17,172,258,
Banana,2017,4,2017-04-08,200,True,17,132,173,
Banana,2017,5,2017-05-01,200,True,19,145,186,
Banana,2017,5,2017-05-08,200,True,22,180,240,
Banana,2017,6,2017-06-01,200,True,22,163,231,
Banana,2017,6,2017-06-08,200,True,22,164,235,
Banana,2017,7,2017-07-01,200,True,18,155,235,
Banana,2017,7,2017-07-08,200,True,17,152,205,
Banana,2017,8,2017-08-01,200,True,21,208,278,
Banana,2017,8,2017-08-08,200,True,21,224,299,
Banana,2017,9,2017-09-01,200,True,22,203,256,
Banana,2017,9,2017-09-08,200,True,22,236,314,
Banana,2017,10,2017-10-01,200,True,13,93,116,
Banana,2017,10,2017-10-08,200,True,15,127,143,
Banana,2017,11,2017-11-01,200,True,20,172,218,
Banana,2017,11,2017-11-08,200,True,23,237,337,
Banana,2017,12,2017-12-01,200,True,23,189,267,
Banana,2017,12,2017-12-08,200,True,23,211,279,
Banana,2018,1,2018-01-01,200,True,18,189,251,
Banana,2018,1,2018-01-08,200,True,20,213,288,
Banana,2018,2,2018-02-01,200,True,21,187,264,
Banana,2018,2,2018-02-08,200,True,21,212,291,
Banana,2018,3,2018-03-01,200,True,20,178,250,
Banana,2018,3,2018-03-08,200,True,22,206,284,
Banana,2018,4,2018-04-01,200,True,12,81,90,
Banana,2018,4,2018-04-08,200,True,13,91,97,
Banana,2018,5,2018-05-01,200,True,17,169,199,
Banana,2018,5,2018-05-08,200,True,20,212,281,
Banana,2018,6,2018-06-01,200,True,21,193,242,
Banana,2018,6,2018-06-08,200,True,21,211,270,
Banana,2018,7,2018-07-01,200,True,11,62,66,
Banana,2018,7,2018-07-08,200,True,14,87,99,
Banana,2018,8,2018-08-01,200,True,22,225,290,
Banana,2018,8,2018-08-08,200,True,21,231,294,
Banana,2018,9,2018-09-01,200,True,20,206,259,
Banana,2018,9,2018-09-08,200,True,18,187,203,
Banana,2018,10,2018-10-01,200,True,19,206,269,
Banana,2018,10,2018-10-08,200,True,19,217,295,
Banana,2018,11,2018-11-01,200,True,16,175,225,
Banana,2018,11,2018-11-08,200,True,20,149,231,
Banana,2018,12,2018-12-01,200,True,20,205,277,
Banana,2018,12,2018-12-08,200,True,21,177,233,
Banana,2019,1,2019-01-01,200,True,19,214,307,
Banana,2019,1,2019-01-08,200,True,16,171,201,
Banana,2019,2,2019-02-01,200,True,22,225,312,
Banana,2019,2,2019-02-08,200,True,21,220,295,
Banana,2019,3,2019-03-01,200,True,20,206,282,
Banana,2019,3,2019-03-08,200,True,20,228,306,
Banana,2019,4,2019-04-01,200,True,20,232,316,
Banana,2019,4,2019-04-08,200,True,19,241,338,
Banana,2019,5,2019-05-01,200,True,22,202,228,
Banana,2019,5,2019-05-08,200,True,21,245,334,
Banana,2019,6,2019-06-01,200,True,21,209,268,
Banana,2019,6,2019-06-08,200,True,19,185,234,
Banana,2019,7,2019-07-01,200,True,18,228,329,
Banana,2019,7,2019-07-08,200,True,18,234,330,
Banana,2019,8,2019-08-01,200,True,21,213,300,
Banana,2019,8,2019-08-08,200,True,21,214,296,
Banana,2019,9,2019-09-01,200,True,15,109,134,
Banana,2019,9,2019-09-08,200,True,15,121,156,
Banana,2019,10,2019-10-01,200,True,20,217,299,
Banana,2019,10,2019-10-08,200,True,19,174,221,
Banana,2019,11,2019-11-01,200,True,20,211,295,
Banana,2019,11,2019-11-08,200,True,20,226,311,
Banana,2019,12,2019-12-01,200,True,15,104,119,
Banana,2019,12,2019-12-08,200,True,15,108,134,
Banana,2020,1,2020-01-01,200,True,11,129,182,
Banana,2020,1,2020-01-08,200,True,14,152,170,
Banana,2020,2,2020-02-01,200,True,14,145,192,
Banana,2020,2,2020-02-08,200,True,17,158,193,
Banana,2020,3,2020-03-01,200,True,11,72,87,
Banana,2020,3,2020-03-08,200,True,10,82,97,
Banana,2020,4,2020-04-01,200,True,12,107,130,
Banana,2020,4,2020-04-08,200,True,11,163,198,
Banana,2020,5,2020-05-01,200,True,15,116,118,
Banana,2020,5,2020-05-08,200,True,15,180,229,
Banana,2020,6,2020-06-01,200,True,16,154,199,
Banana,2020,6,2020-06-08,200,True,18,196,258,
Banana,2020,7,2020-07-01,200,True,17,137,174,
Banana,2020,7,2020-07-08,200,True,15,190,243,
Banana,2020,8,2020-08-01,200,True,11,78,93,
Banana,2020,8,2020-08-08,200,True,15,137,149,
Banana,2020,9,2020-09-01,200,True,15,104,113,
Banana,2020,9,2020-09-08,200,True,13,168,216,
Banana,2020,10,2020-10-01,200,True,16,134,161,
Banana,2020,10,2020-10-08,200,True,18,193,245,
Banana,2020,11,2020-11-01,200,True,8,64,74,
Banana,2020,11,2020-11-08,200,True,13,94,118,
Banana,2020,12,2020-12-01,200,True,14,141,185,
Banana,2020,12,2020-12-08,200,True,14,149,191,
Banana,2021,1,2021-01-01,200,True,13,143,189,
Banana,2021,1,2021-01-08,200,True,13,196,267,
Banana,2021,2,2021-02-01,200,True,16,148,200,
Banana,2021,2,2021-02-08,200,True,16,194,247,
Banana,2021,3,2021-03-01,200,True,14,156,219,
Banana,2021,3,2021-03-08,200,True,16,216,284,
Banana,2021,4,2021-04-01,200,True,17,128,148,
Banana,2021,4,2021-04-08,200,True,18,195,261,
Banana,2021,5,2021-05-01,200,True,10,81,98,
Banana,2021,5,2021-05-08,200,True,13,142,171,
Banana,2021,6,2021-06-01,200,True,13,139,189,
Banana,2021,6,2021-06-08,200,True,15,198,256,
Banana,2021,7,2021-07-01,200,True,14,135,191,
Banana,2021,7,2021-07-08,200,True,15,189,252,
Banana,2021,8,2021-08-01,200,True,9,45,53,
Banana,2021,8,2021-08-08,200,True,13,65,82,
Banana,2021,9,2021-09-01,200,True,15,148,203,
Banana,2021,9,2021-09-08,200,True,15,209,269,
Banana,2021,10,2021-10-01,200,True,17,155,212,
Banana,2021,10,2021-10-08,200,True,16,221,298,
Banana,2021,11,2021-11-01,200,True,15,160,218,
Banana,2021,11,2021-11-08,200,True,16,197,267,
Banana,2021,12,2021-12-01,200,True,13,144,202,
Banana,2021,12,2021-12-08,200,True,15,190,273,
Banana,2022,1,2022-01-01,200,True,20,215,321,
Banana,2022,1,2022-01-08,200,True,18,175,219,
Banana,2022,2,2022-02-01,200,True,21,246,341,
Banana,2022,2,2022-02-08,200,True,22,248,339,
Banana,2022,3,2022-03-01,200,True,19,188,260,
Banana,2022,3,2022-03-08,200,True,22,264,365,
Banana,2022,4,2022-04-01,200,True,23,233,313,
Banana,2022,4,2022-04-08,200,True,22,253,315,
Banana,2022,5,2022-05-01,200,True,13,96,121,
Banana,2022,5,2022-05-08,200,True,14,91,109,
Banana,2022,6,2022-06-01,200,True,19,221,292,
Banana,2022,6,2022-06-08,200,True,22,233,311,
Banana,2022,7,2022-07-01,200,True,14,173,240,
Banana,2022,7,2022-07-08,200,True,20,242,321,
Banana,2022,8,2022-08-01,200,True,21,235,324,
Banana,2022,8,2022-08-08,200,True,21,245,326,
Banana,2022,9,2022-09-01,200,True,21,227,295,
Banana,2022,9,2022-09-08,200,True,22,206,237,
Banana,2022,10,2022-10-01,200,True,21,216,296,
Banana,2022,10,2022-10-08,200,True,19,205,260,
Banana,2022,11,2022-11-01,200,True,23,225,303,
Banana,2022,11,2022-11-08,200,True,23,205,293,
Banana,2022,12,2022-12-01,200,True,23,221,318,
Banana,2022,12,2022-12-08,200,True,24,242,336,
Banana,2023,1,2023-01-01,200,True,15,102,115,
Banana,2023,1,2023-01-08,200,True,15,100,118,
Banana,2023,2,2023-02-01,200,True,23,240,334,
Banana,2023,2,2023-02-08,200,True,23,261,363,
Banana,2023,3,2023-03-01,200,True,23,238,329,
Banana,2023,3,2023-03-08,200,True,17,127,207,
Banana,2023,4,2023-04-01,200,True,20,212,292,
Banana,2023,4,2023-04-08,200,True,23,197,250,
Banana,2023,5,2023-05-01,200,True,21,228,280,
Banana,2023,5,2023-05-08,200,True,21,259,353,
Banana,2023,6,2023-06-01,200,True,21,254,362,
Banana,2023,6,2023-06-08,200,True,19,274,365,
Banana,2023,7,2023-07-01,200,True,19,233,297,
Banana,2023,7,2023-07-08,200,True,18,211,279,
Banana,2023,8,2023-08-01,200,True,23,255,360,
Banana,2023,8,2023-08-08,200,True,21,279,380,
Banana,2023,9,2023-09-01,200,True,23,269,349,
Banana,2023,9,2023-09-08,200,True,21,279,389,
Banana,2023,10,2023-10-01,200,True,12,95,130,
Banana,2023,10,2023-10-08,200,True,13,115,161,
Banana,2023,11,2023-11-01,200,True,22,237,347,
Banana,2023,11,2023-11-08,200,True,22,268,397,
Banana,2023,12,2023-12-01,200,True,20,239,331,
Banana,2023,12,2023-12-08,200,True,20,265,376,
Banana,2024,1,2024-01-01,200,True,13,183,260,
Banana,2024,1,2024-01-08,200,True,17,220,319,
Banana,2024,2,2024-02-01,200,True,16,216,316,
Banana,2024,2,2024-02-08,200,True,16,217,337,
Banana,2024,3,2024-03-01,200,True,18,237,310,
Banana,2024,3,2024-03-08,200,True,17,182,246,
Banana,2024,4,2024-04-01,200,True,15,187,273,
Banana,2024,4,2024-04-08,200,True,17,259,398,
Banana,2024,5,2024-05-01,200,True,15,252,375,
Banana,2024,5,2024-05-08,200,True,17,290,416,
Banana,2024,6,2024-06-01,200,True,16,244,384,
Banana,2024,6,2024-06-08,200,True,16,244,379,
Banana,2024,7,2024-07-01,200,True,18,381,568,
Banana,2024,7,2024-07-08,200,True,18,405,606,
Banana,2024,8,2024-08-01,200,True,19,456,626,
Banana,2024,8,2024-08-08,200,True,20,466,611,
Banana,2024,9,2024-09-01,200,True,14,286,346,
Banana,2024,9,2024-09-08,200,True,14,294,360,
Banana,2024,10,2024-10-01,200,True,21,431,570,
Banana,2024,10,2024-10-08,200,True,20,437,581,
Banana,2024,11,2024-11-01,200,True,19,376,528,
Banana,2024,11,2024-11-08,200,True,22,457,600,
Banana,2024,12,2024-12-01,200,True,15,126,193,
Banana,2024,12,2024-12-08,200,True,16,291,367,
Banana,2025,1,2025-01-01,200,True,14,305,344,
Banana,2025,1,2025-01-08,200,True,19,442,590,
Banana,2025,2,2025-02-01,200,True,21,435,570,
Banana,2025,2,2025-02-08,200,True,18,418,576,
Banana,2025,3,2025-03-01,200,True,19,434,578,
Banana,2025,3,2025-03-08,200,True,19,412,557,
Banana,2025,4,2025-04-01,200,True,20,428,560,
Banana,2025,4,2025-04-08,200,True,21,462,619,
Banana,2025,5,2025-05-01,200,True,21,400,503,
Banana,2025,5,2025-05-08,200,True,22,480,639,
Banana,2025,6,2025-06-01,200,True,15,312,403,
Banana,2025,6,2025-06-08,200,True,15,341,472,
Banana,2025,7,2025-07-01,200,True,22,463,637,
Banana,2025,7,2025-07-08,200,True,21,510,707,
Banana,2025,8,2025-08-01,200,True,23,432,648,
Banana,2025,8,2025-08-08,200,True,20,399,624,
Banana,2025,9,2025-09-01,200,True,21,401,609,
Banana,2025,9,2025-09-08,200,True,23,446,629,
Banana,2025,10,2025-10-01,200,True,17,232,350,
Banana,2025,10,2025-10-08,200,True,23,420,629,
Banana,2025,11,2025-11-01,200,True,21,388,552,
Banana,2025,11,2025-11-08,200,True,17,152,173,
Banana,2025,12,2025-12-01,200,True,20,358,449,
Banana,2025,12,2025-12-08,200,True,20,345,445,
Onion,2015,1,2015-01-01,200,True,20,430,461,
Onion,2015,1,2015-01-08,200,True,22,483,517,
Onion,2015,2,2015-02-01,200,True,19,231,236,
Onion,2015,2,2015-02-08,200,True,20,238,243,
Onion,2015,3,2015-03-01,200,True,20,217,222,
Onion,2015,3,2015-03-08,200,True,19,234,239,
Onion,2015,4,2015-04-01,200,True,23,418,441,
Onion,2015,4,2015-04-08,200,True,23,435,454,
Onion,2015,5,2015-05-01,200,True,21,359,366,
Onion,2015,5,2015-05-08,200,True,24,444,470,
Onion,2015,6,2015-06-01,200,True,25,451,477,
Onion,2015,6,2015-06-08,200,True,23,469,492,
Onion,2015,7,2015-07-01,200,True,24,473,499,
Onion,2015,7,2015-07-08,200,True,23,431,457,
Onion,2015,8,2015-08-01,200,True,22,385,409,
Onion,2015,8,2015-08-08,200,True,24,352,368,
Onion,2015,9,2015-09-01,200,True,24,405,431,
Onion,2015,9,2015-09-08,200,True,24,421,446,
Onion,2015,10,2015-10-01,200,True,24,408,440,
Onion,2015,10,2015-10-08,200,True,25,428,461,
Onion,2015,11,2015-11-01,200,True,19,204,207,
Onion,2015,11,2015-11-08,200,True,19,197,201,
Onion,2015,12,2015-12-01,200,True,25,420,442,
Onion,2015,12,2015-12-08,200,True,24,458,490,
Onion,2016,1,2016-01-01,200,True,23,415,436,
Onion,2016,1,2016-01-08,200,True,24,417,442,
Onion,2016,2,2016-02-01,200,True,20,353,372,
Onion,2016,2,2016-02-08,200,True,21,426,455,
Onion,2016,3,2016-03-01,200,True,23,355,382,
Onion,2016,3,2016-03-08,200,True,24,447,481,
Onion,2016,4,2016-04-01,200,True,23,344,364,
Onion,2016,4,2016-04-08,200,True,20,304,320,
Onion,2016,5,2016-05-01,200,True,19,212,214,
Onion,2016,5,2016-05-08,200,True,21,243,246,
Onion,2016,6,2016-06-01,200,True,24,457,484,
Onion,2016,6,2016-06-08,200,True,23,476,503,
Onion,2016,7,2016-07-01,200,True,23,425,452,
Onion,2016,7,2016-07-08,200,True,24,400,425,
Onion,2016,8,2016-08-01,200,True,22,352,381,
Onion,2016,8,2016-08-08,200,True,23,438,471,
Onion,2016,9,2016-09-01,200,True,22,367,393,
Onion,2016,9,2016-09-08,200,True,24,377,408,
Onion,2016,10,2016-10-01,200,True,22,347,374,
Onion,2016,10,2016-10-08,200,True,21,289,302,
Onion,2016,11,2016-11-01,200,True,24,287,303,
Onion,2016,11,2016-11-08,200,True,24,417,452,
Onion,2016,12,2016-12-01,200,True,23,418,458,
Onion,2016,12,2016-12-08,200,True,24,347,378,
Onion,2017,1,2017-01-01,200,True,20,210,214,
Onion,2017,1,2017-01-08,200,True,23,220,225,
Onion,2017,2,2017-02-01,200,True,24,394,423,
Onion,2017,2,2017-02-08,200,True,24,400,428,
Onion,2017,3,2017-03-01,200,True,24,433,466,
Onion,2017,3,2017-03-08,200,True,23,461,500,
Onion,2017,4,2017-04-01,200,True,23,370,392,
Onion,2017,4,2017-04-08,200,True,21,366,384,
Onion,2017,5,2017-05-01,200,True,20,330,340,
Onion,2017,5,2017-05-08,200,True,23,420,446,
Onion,2017,6,2017-06-01,200,True,24,391,419,
Onion,2017,6,2017-06-08,200,True,25,402,427,
Onion,2017,7,2017-07-01,200,True,22,391,413,
Onion,2017,7,2017-07-08,200,True,20,374,392,
Onion,2017,8,2017-08-01,200,True,23,473,498,
Onion,2017,8,2017-08-08,200,True,24,498,522,
Onion,2017,9,2017-09-01,200,True,23,468,492,
Onion,2017,9,2017-09-08,200,True,25,493,514,
Onion,2017,10,2017-10-01,200,True,16,229,236,
Onion,2017,10,2017-10-08,200,True,22,288,295,
Onion,2017,11,2017-11-01,200,True,23,370,388,
Onion,2017,11,2017-11-08,200,True,26,466,493,
Onion,2017,12,2017-12-01,200,True,25,329,349,
Onion,2017,12,2017-12-08,200,True,26,418,437,
Onion,2018,1,2018-01-01,200,True,21,439,471,
Onion,2018,1,2018-01-08,200,True,24,478,510,
Onion,2018,2,2018-02-01,200,True,25,492,529,
Onion,2018,2,2018-02-08,200,True,25,501,539,
Onion,2018,3,2018-03-01,200,True,24,401,434,
Onion,2018,3,2018-03-08,200,True,25,495,539,
Onion,2018,4,2018-04-01,200,True,19,257,268,
Onion,2018,4,2018-04-08,200,True,20,276,285,
Onion,2018,5,2018-05-01,200,True,21,393,405,
Onion,2018,5,2018-05-08,200,True,24,521,549,
Onion,2018,6,2018-06-01,200,True,23,467,496,
Onion,2018,6,2018-06-08,200,True,23,492,523,
Onion,2018,7,2018-07-01,200,True,18,231,243,
Onion,2018,7,2018-07-08,200,True,19,278,289,
Onion,2018,8,2018-08-01,200,True,24,506,538,
Onion,2018,8,2018-08-08,200,True,25,520,551,
Onion,2018,9,2018-09-01,200,True,23,458,487,
Onion,2018,9,2018-09-08,200,True,22,422,442,
Onion,2018,10,2018-10-01,200,True,23,450,481,
Onion,2018,10,2018-10-08,200,True,22,501,532,
Onion,2018,11,2018-11-01,200,True,18,383,405,
Onion,2018,11,2018-11-08,200,True,21,309,340,
Onion,2018,12,2018-12-01,200,True,23,474,512,
Onion,2018,12,2018-12-08,200,True,22,438,468,
Onion,2019,1,2019-01-01,200,True,23,501,543,
Onion,2019,1,2019-01-08,200,True,23,484,512,
Onion,2019,2,2019-02-01,200,True,25,499,531,
Onion,2019,2,2019-02-08,200,True,24,514,541,
Onion,2019,3,2019-03-01,200,True,25,486,511,
Onion,2019,3,2019-03-08,200,True,26,521,550,
Onion,2019,4,2019-04-01,200,True,22,514,547,
Onion,2019,4,2019-04-08,200,True,21,550,588,
Onion,2019,5,2019-05-01,200,True,20,425,433,
Onion,2019,5,2019-05-08,200,True,23,530,553,
Onion,2019,6,2019-06-01,200,True,22,475,506,
Onion,2019,6,2019-06-08,200,True,19,433,450,
Onion,2019,7,2019-07-01,200,True,19,493,523,
Onion,2019,7,2019-07-08,200,True,21,545,577,
Onion,2019,8,2019-08-01,200,True,23,482,511,
Onion,2019,8,2019-08-08,200,True,24,500,527,
Onion,2019,9,2019-09-01,200,True,19,304,319,
Onion,2019,9,2019-09-08,200,True,19,315,330,
Onion,2019,10,2019-10-01,200,True,24,446,475,
Onion,2019,10,2019-10-08,200,True,24,368,379,
Onion,2019,11,2019-11-01,200,True,22,432,454,
Onion,2019,11,2019-11-08,200,True,22,411,432,
Onion,2019,12,2019-12-01,200,True,14,80,82,
Onion,2019,12,2019-12-08,200,True,11,59,60,
Onion,2020,1,2020-01-01,200,True,16,319,342,
Onion,2020,1,2020-01-08,200,True,18,429,441,
Onion,2020,2,2020-02-01,200,True,19,307,327,
Onion,2020,2,2020-02-08,200,True,19,418,437,
Onion,2020,3,2020-03-01,200,True,14,212,219,
Onion,2020,3,2020-03-08,200,True,15,261,273,
Onion,2020,4,2020-04-01,200,True,16,287,298,
Onion,2020,4,2020-04-08,200,True,16,392,402,
Onion,2020,5,2020-05-01,200,True,17,286,288,
Onion,2020,5,2020-05-08,200,True,18,425,437,
Onion,2020,6,2020-06-01,200,True,18,350,363,
Onion,2020,6,2020-06-08,200,True,20,487,508,
Onion,2020,7,2020-07-01,200,True,19,313,329,
Onion,2020,7,2020-07-08,200,True,19,468,484,
Onion,2020,8,2020-08-01,200,True,15,185,192,
Onion,2020,8,2020-08-08,200,True,18,336,345,
Onion,2020,9,2020-09-01,200,True,19,296,303,
Onion,2020,9,2020-09-08,200,True,19,466,479,
Onion,2020,10,2020-10-01,200,True,19,308,325,
Onion,2020,10,2020-10-08,200,True,20,456,481,
Onion,2020,11,2020-11-01,200,True,15,180,184,
Onion,2020,11,2020-11-08,200,True,18,265,273,
Onion,2020,12,2020-12-01,200,True,19,326,357,
Onion,2020,12,2020-12-08,200,True,19,346,360,
Onion,2021,1,2021-01-01,200,True,18,344,374,
Onion,2021,1,2021-01-08,200,True,19,451,472,
Onion,2021,2,2021-02-01,200,True,21,352,369,
Onion,2021,2,2021-02-08,200,True,19,499,527,
Onion,2021,3,2021-03-01,200,True,20,379,410,
Onion,2021,3,2021-03-08,200,True,20,534,573,
Onion,2021,4,2021-04-01,200,True,20,288,298,
Onion,2021,4,2021-04-08,200,True,20,524,562,
Onion,2021,5,2021-05-01,200,True,17,204,208,
Onion,2021,5,2021-05-08,200,True,20,343,360,
Onion,2021,6,2021-06-01,200,True,21,344,360,
Onion,2021,6,2021-06-08,200,True,21,509,532,
Onion,2021,7,2021-07-01,200,True,21,349,370,
Onion,2021,7,2021-07-08,200,True,20,520,548,
Onion,2021,8,2021-08-01,200,True,17,178,183,
Onion,2021,8,2021-08-08,200,True,16,231,236,
Onion,2021,9,2021-09-01,200,True,21,356,376,
Onion,2021,9,2021-09-08,200,True,20,528,551,
Onion,2021,10,2021-10-01,200,True,18,338,357,
Onion,2021,10,2021-10-08,200,True,19,506,534,
Onion,2021,11,2021-11-01,200,True,20,334,350,
Onion,2021,11,2021-11-08,200,True,19,478,503,
Onion,2021,12,2021-12-01,200,True,19,348,382,
Onion,2021,12,2021-12-08,200,True,21,508,543,
Onion,2022,1,2022-01-01,200,True,21,482,508,
Onion,2022,1,2022-01-08,200,True,20,465,481,
Onion,2022,2,2022-02-01,200,True,24,529,553,
Onion,2022,2,2022-02-08,200,True,24,607,632,
Onion,2022,3,2022-03-01,200,True,22,452,472,
Onion,2022,3,2022-03-08,200,True,23,633,665,
Onion,2022,4,2022-04-01,200,True,23,507,535,
Onion,2022,4,2022-04-08,200,True,23,606,642,
Onion,2022,5,2022-05-01,200,True,21,266,273,
Onion,2022,5,2022-05-08,200,True,20,282,288,
Onion,2022,6,2022-06-01,200,True,21,517,539,
Onion,2022,6,2022-06-08,200,True,22,575,603,
Onion,2022,7,2022-07-01,200,True,20,373,389,
Onion,2022,7,2022-07-08,200,True,21,562,593,
Onion,2022,8,2022-08-01,200,True,20,524,548,
Onion,2022,8,2022-08-08,200,True,21,555,585,
Onion,2022,9,2022-09-01,200,True,22,498,517,
Onion,2022,9,2022-09-08,200,True,23,531,546,
Onion,2022,10,2022-10-01,200,True,22,452,476,
Onion,2022,10,2022-10-08,200,True,20,494,517,
Onion,2022,11,2022-11-01,200,True,22,539,562,
Onion,2023,4,2023-04-01,200,True,21,435,461,
Onion,2023,1,2023-01-01,200,True,20,295,300,
Onion,2022,12,2022-12-01,200,True,23,496,527,
Onion,2023,5,2023-05-01,200,True,20,477,491,
Onion,2023,6,2023-06-01,200,True,23,560,590,
Onion,2023,7,2023-07-01,200,True,20,503,529,
Onion,2023,10,2023-10-01,200,True,17,238,246,
Onion,2023,9,2023-09-01,200,True,24,574,598,
Onion,2023,8,2023-08-01,200,True,23,578,601,
Onion,2023,2,2023-02-01,200,True,23,558,590,
Onion,2023,3,2023-03-01,200,True,23,552,586,
Onion,2023,11,2023-11-01,200,True,22,494,515,
Onion,2024,1,2024-01-01,200,True,19,473,505,
Onion,2023,12,2023-12-01,200,True,21,483,508,
Onion,2024,4,2024-04-01,200,True,19,381,403,
Onion,2024,2,2024-02-01,200,True,24,542,574,
Onion,2024,3,2024-03-01,200,True,25,533,567,
Onion,2024,6,2024-06-01,200,True,21,497,532,
Onion,2024,9,2024-09-01,200,True,21,453,457,
Onion,2024,5,2024-05-01,200,True,22,474,498,
Onion,2024,8,2024-08-01,200,True,24,735,769,
Onion,2024,7,2024-07-01,200,True,24,635,673,
Onion,2024,12,2024-12-01,200,True,19,236,240,
Onion,2024,11,2024-11-01,200,True,21,524,544,
Onion,2024,10,2024-10-01,200,True,24,687,717,
Onion,2025,1,2025-01-01,200,True,18,536,554,
Onion,2025,2,2025-02-01,200,True,22,672,724,
Onion,2025,4,2025-04-01,200,True,21,647,705,
Onion,2025,3,2025-03-01,200,True,23,685,763,
Onion,2025,6,2025-06-01,200,True,19,467,499,
Onion,2025,5,2025-05-01,200,True,21,630,695,
Onion,2025,7,2025-07-01,200,True,23,688,766,
Onion,2025,8,2025-08-01,200,True,24,710,767,
Onion,2025,10,2025-10-01,200,True,20,366,400,
Onion,2025,9,2025-09-01,200,True,23,729,811,
Potato,2015,3,2015-03-01,200,True,21,256,257,
Potato,2015,2,2015-02-01,200,True,21,275,277,
Potato,2015,1,2015-01-01,200,True,21,462,475,
Onion,2025,11,2025-11-01,200,True,21,689,759,
Onion,2025,12,2025-12-01,200,True,22,593,633,
Potato,2015,4,2015-04-01,200,True,24,445,456,
Potato,2015,5,2015-05-01,200,True,22,364,367,
Potato,2015,6,2015-06-01,200,True,24,443,454,
Potato,2015,7,2015-07-01,200,True,26,472,478,
Potato,2015,8,2015-08-01,200,True,23,404,412,
Potato,2015,10,2015-10-01,200,True,26,437,444,
Potato,2015,11,2015-11-01,200,True,21,257,257,
Potato,2015,9,2015-09-01,200,True,27,438,445,
Potato,2015,12,2015-12-01,200,True,26,447,451,
Potato,2016,1,2016-01-01,200,True,25,442,450,
Potato,2016,2,2016-02-01,200,True,21,385,393,
Potato,2016,5,2016-05-01,200,True,21,225,225,
Potato,2016,3,2016-03-01,200,True,25,367,381,
Potato,2016,4,2016-04-01,200,True,26,371,379,
Potato,2016,6,2016-06-01,200,True,25,461,469,
Potato,2016,8,2016-08-01,200,True,25,395,400,
Potato,2016,7,2016-07-01,200,True,26,437,444,
Potato,2016,9,2016-09-01,200,True,23,428,435,
Potato,2016,10,2016-10-01,200,True,24,382,393,
Potato,2016,11,2016-11-01,200,True,24,339,346,
Potato,2017,1,2017-01-01,200,True,22,238,239,
Potato,2017,3,2017-03-01,200,True,24,460,471,
Potato,2016,12,2016-12-01,200,True,24,440,449,
Potato,2017,2,2017-02-01,200,True,24,419,431,
Potato,2017,4,2017-04-01,200,True,24,404,412,
Potato,2017,5,2017-05-01,200,True,20,368,372,
Potato,2017,6,2017-06-01,200,True,26,408,418,
Potato,2017,7,2017-07-01,200,True,23,415,424,
Potato,2017,8,2017-08-01,200,True,24,518,528,
Potato,2017,10,2017-10-01,200,True,19,280,284,
Potato,2017,9,2017-09-01,200,True,24,516,525,
Potato,2017,11,2017-11-01,200,True,25,448,460,
Potato,2017,12,2017-12-01,200,True,27,490,505,
Potato,2018,2,2018-02-01,200,True,26,560,579,
Potato,2018,3,2018-03-01,200,True,23,460,475,
Potato,2018,1,2018-01-01,200,True,22,506,518,
Potato,2018,4,2018-04-01,200,True,20,318,327,
Potato,2018,7,2018-07-01,200,True,17,257,265,
Potato,2018,5,2018-05-01,200,True,24,443,450,
Potato,2018,6,2018-06-01,200,True,24,499,517,
Potato,2018,8,2018-08-01,200,True,24,524,542,
Potato,2018,9,2018-09-01,200,True,25,502,521,
Potato,2018,11,2018-11-01,200,True,19,419,430,
Potato,2018,10,2018-10-01,200,True,22,478,495,
Potato,2018,12,2018-12-01,200,True,24,519,537,
Potato,2019,2,2019-02-01,200,True,26,557,573,
Potato,2019,1,2019-01-01,200,True,24,552,567,
Potato,2019,3,2019-03-01,200,True,25,512,528,
Potato,2019,4,2019-04-01,200,True,23,566,583,
Potato,2019,5,2019-05-01,200,True,22,458,464,
Potato,2019,9,2019-09-01,200,True,19,332,341,
Potato,2019,7,2019-07-01,200,True,20,508,526,
Potato,2019,6,2019-06-01,200,True,22,483,495,
Potato,2019,10,2019-10-01,200,True,26,486,504,
Potato,2019,8,2019-08-01,200,True,24,507,525,
Potato,2019,12,2019-12-01,200,True,20,318,326,
Potato,2019,11,2019-11-01,200,True,24,483,498,
Potato,2020,2,2020-02-01,200,True,18,359,366,
Potato,2020,1,2020-01-01,200,True,17,360,369,
Potato,2020,3,2020-03-01,429,False,0,0,0,"<!doctype html><meta charset=""utf-8""><meta name=viewport content=""width=device-width, initial-scale=1""><title>429</title>429 Too Many Requests"
Potato,2020,3,2020-03-08,429,False,0,0,0,"<!doctype html><meta charset=""utf-8""><meta name=viewport content=""width=device-width, initial-scale=1""><title>429</title>429 Too Many Requests"
Potato,2020,3,2020-03-15,429,False,0,0,0,"<!doctype html><meta charset=""utf-8""><meta name=viewport content=""width=device-width, initial-scale=1""><title>429</title>429 Too Many Requests"
Potato,2020,4,2020-04-01,429,False,0,0,0,"<!doctype html><meta charset=""utf-8""><meta name=viewport content=""width=device-width, initial-scale=1""><title>429</title>429 Too Many Requests"
Potato,2020,4,2020-04-08,429,False,0,0,0,"<!doctype html><meta charset=""utf-8""><meta name=viewport content=""width=device-width, initial-scale=1""><title>429</title>429 Too Many Requests"
Potato,2020,4,2020-04-15,429,False,0,0,0,"<!doctype html><meta charset=""utf-8""><meta name=viewport content=""width=device-width, initial-scale=1""><title>429</title>429 Too Many Requests"
Potato,2020,5,2020-05-01,429,False,0,0,0,"<!doctype html><meta charset=""utf-8""><meta name=viewport content=""width=device-width, initial-scale=1""><title>429</title>429 Too Many Requests"
Potato,2020,5,2020-05-08,429,False,0,0,0,"<!doctype html><meta charset=""utf-8""><meta name=viewport content=""width=device-width, initial-scale=1""><title>429</title>429 Too Many Requests"
Potato,2020,5,2020-05-15,429,False,0,0,0,"<!doctype html><meta charset=""utf-8""><meta name=viewport content=""width=device-width, initial-scale=1""><title>429</title>429 Too Many Requests"
Potato,2020,6,2020-06-01,429,False,0,0,0,"<!doctype html><meta charset=""utf-8""><meta name=viewport content=""width=device-width, initial-scale=1""><title>429</title>429 Too Many Requests"
Potato,2020,6,2020-06-08,429,False,0,0,0,"<!doctype html><meta charset=""utf-8""><meta name=viewport content=""width=device-width, initial-scale=1""><title>429</title>429 Too Many Requests"
Potato,2020,6,2020-06-15,429,False,0,0,0,"<!doctype html><meta charset=""utf-8""><meta name=viewport content=""width=device-width, initial-scale=1""><title>429</title>429 Too Many Requests"
Potato,2020,7,2020-07-01,429,False,0,0,0,"<!doctype html><meta charset=""utf-8""><meta name=viewport content=""width=device-width, initial-scale=1""><title>429</title>429 Too Many Requests"
Potato,2020,7,2020-07-08,429,False,0,0,0,"<!doctype html><meta charset=""utf-8""><meta name=viewport content=""width=device-width, initial-scale=1""><title>429</title>429 Too Many Requests"
Potato,2020,7,2020-07-15,429,False,0,0,0,"<!doctype html><meta charset=""utf-8""><meta name=viewport content=""width=device-width, initial-scale=1""><title>429</title>429 Too Many Requests"
Potato,2020,8,2020-08-01,429,False,0,0,0,"<!doctype html><meta charset=""utf-8""><meta name=viewport content=""width=device-width, initial-scale=1""><title>429</title>429 Too Many Requests"
Potato,2020,8,2020-08-08,429,False,0,0,0,"<!doctype html><meta charset=""utf-8""><meta name=viewport content=""width=device-width, initial-scale=1""><title>429</title>429 Too Many Requests"
Potato,2020,8,2020-08-15,429,False,0,0,0,"<!doctype html><meta charset=""utf-8""><meta name=viewport content=""width=device-width, initial-scale=1""><title>429</title>429 Too Many Requests"
Potato,2020,9,2020-09-01,429,False,0,0,0,"<!doctype html><meta charset=""utf-8""><meta name=viewport content=""width=device-width, initial-scale=1""><title>429</title>429 Too Many Requests"
Potato,2020,9,2020-09-08,429,False,0,0,0,"<!doctype html><meta charset=""utf-8""><meta name=viewport content=""width=device-width, initial-scale=1""><title>429</title>429 Too Many Requests"
Potato,2020,9,2020-09-15,429,False,0,0,0,"<!doctype html><meta charset=""utf-8""><meta name=viewport content=""width=device-width, initial-scale=1""><title>429</title>429 Too Many Requests"
Potato,2020,11,2020-11-01,429,False,0,0,0,"<!doctype html><meta charset=""utf-8""><meta name=viewport content=""width=device-width, initial-scale=1""><title>429</title>429 Too Many Requests"
Potato,2020,11,2020-11-08,429,False,0,0,0,"<!doctype html><meta charset=""utf-8""><meta name=viewport content=""width=device-width, initial-scale=1""><title>429</title>429 Too Many Requests"
Potato,2020,11,2020-11-15,429,False,0,0,0,"<!doctype html><meta charset=""utf-8""><meta name=viewport content=""width=device-width, initial-scale=1""><title>429</title>429 Too Many Requests"
Potato,2020,10,2020-10-01,429,False,0,0,0,"<!doctype html><meta charset=""utf-8""><meta name=viewport content=""width=device-width, initial-scale=1""><title>429</title>429 Too Many Requests"
Potato,2020,10,2020-10-08,429,False,0,0,0,"<!doctype html><meta charset=""utf-8""><meta name=viewport content=""width=device-width, initial-scale=1""><title>429</title>429 Too Many Requests"
Potato,2020,10,2020-10-15,429,False,0,0,0,"<!doctype html><meta charset=""utf-8""><meta name=viewport content=""width=device-width, initial-scale=1""><title>429</title>429 Too Many Requests"
Potato,2020,12,2020-12-01,429,False,0,0,0,"<!doctype html><meta charset=""utf-8""><meta name=viewport content=""width=device-width, initial-scale=1""><title>429</title>429 Too Many Requests"
Potato,2020,12,2020-12-08,429,False,0,0,0,"<!doctype html><meta charset=""utf-8""><meta name=viewport content=""width=device-width, initial-scale=1""><title>429</title>429 Too Many Requests"
Potato,2020,12,2020-12-15,429,False,0,0,0,"<!doctype html><meta charset=""utf-8""><meta name=viewport content=""width=device-width, initial-scale=1""><title>429</title>429 Too Many Requests"
Potato,2021,1,2021-01-01,429,False,0,0,0,"<!doctype html><meta charset=""utf-8""><meta name=viewport content=""width=device-width, initial-scale=1""><title>429</title>429 Too Many Requests"
Potato,2021,1,2021-01-08,429,False,0,0,0,"<!doctype html><meta charset=""utf-8""><meta name=viewport content=""width=device-width, initial-scale=1""><title>429</title>429 Too Many Requests"
Potato,2021,1,2021-01-15,429,False,0,0,0,"<!doctype html><meta charset=""utf-8""><meta name=viewport content=""width=device-width, initial-scale=1""><title>429</title>429 Too Many Requests"
Potato,2021,2,2021-02-01,429,False,0,0,0,"<!doctype html><meta charset=""utf-8""><meta name=viewport content=""width=device-width, initial-scale=1""><title>429</title>429 Too Many Requests"
Potato,2021,2,2021-02-08,429,False,0,0,0,"<!doctype html><meta charset=""utf-8""><meta name=viewport content=""width=device-width, initial-scale=1""><title>429</title>429 Too Many Requests"
Potato,2021,2,2021-02-15,429,False,0,0,0,"<!doctype html><meta charset=""utf-8""><meta name=viewport content=""width=device-width, initial-scale=1""><title>429</title>429 Too Many Requests"
Potato,2021,3,2021-03-01,429,False,0,0,0,"<!doctype html><meta charset=""utf-8""><meta name=viewport content=""width=device-width, initial-scale=1""><title>429</title>429 Too Many Requests"
Potato,2021,3,2021-03-08,429,False,0,0,0,"<!doctype html><meta charset=""utf-8""><meta name=viewport content=""width=device-width, initial-scale=1""><title>429</title>429 Too Many Requests"
Potato,2021,3,2021-03-15,429,False,0,0,0,"<!doctype html><meta charset=""utf-8""><meta name=viewport content=""width=device-width, initial-scale=1""><title>429</title>429 Too Many Requests"
Potato,2021,4,2021-04-01,429,False,0,0,0,"<!doctype html><meta charset=""utf-8""><meta name=viewport content=""width=device-width, initial-scale=1""><title>429</title>429 Too Many Requests"
Potato,2021,4,2021-04-08,429,False,0,0,0,"<!doctype html><meta charset=""utf-8""><meta name=viewport content=""width=device-width, initial-scale=1""><title>429</title>429 Too Many Requests"
Potato,2021,4,2021-04-15,429,False,0,0,0,"<!doctype html><meta charset=""utf-8""><meta name=viewport content=""width=device-width, initial-scale=1""><title>429</title>429 Too Many Requests"
Potato,2021,5,2021-05-01,429,False,0,0,0,"<!doctype html><meta charset=""utf-8""><meta name=viewport content=""width=device-width, initial-scale=1""><title>429</title>429 Too Many Requests"
Potato,2021,5,2021-05-08,429,False,0,0,0,"<!doctype html><meta charset=""utf-8""><meta name=viewport content=""width=device-width, initial-scale=1""><title>429</title>429 Too Many Requests"
Potato,2021,5,2021-05-15,429,False,0,0,0,"<!doctype html><meta charset=""utf-8""><meta name=viewport content=""width=device-width, initial-scale=1""><title>429</title>429 Too Many Requests"
Potato,2021,6,2021-06-01,429,False,0,0,0,"<!doctype html><meta charset=""utf-8""><meta name=viewport content=""width=device-width, initial-scale=1""><title>429</title>429 Too Many Requests"
Potato,2021,6,2021-06-08,429,False,0,0,0,"<!doctype html><meta charset=""utf-8""><meta name=viewport content=""width=device-width, initial-scale=1""><title>429</title>429 Too Many Requests"
Potato,2021,6,2021-06-15,429,False,0,0,0,"<!doctype html><meta charset=""utf-8""><meta name=viewport content=""width=device-width, initial-scale=1""><title>429</title>429 Too Many Requests"
Potato,2021,7,2021-07-01,429,False,0,0,0,"<!doctype html><meta charset=""utf-8""><meta name=viewport content=""width=device-width, initial-scale=1""><title>429</title>429 Too Many Requests"
Potato,2021,7,2021-07-08,429,False,0,0,0,"<!doctype html><meta charset=""utf-8""><meta name=viewport content=""width=device-width, initial-scale=1""><title>429</title>429 Too Many Requests"
Potato,2021,7,2021-07-15,429,False,0,0,0,"<!doctype html><meta charset=""utf-8""><meta name=viewport content=""width=device-width, initial-scale=1""><title>429</title>429 Too Many Requests"
Potato,2021,8,2021-08-01,429,False,0,0,0,"<!doctype html><meta charset=""utf-8""><meta name=viewport content=""width=device-width, initial-scale=1""><title>429</title>429 Too Many Requests"
Potato,2021,8,2021-08-08,429,False,0,0,0,"<!doctype html><meta charset=""utf-8""><meta name=viewport content=""width=device-width, initial-scale=1""><title>429</title>429 Too Many Requests"
Potato,2021,8,2021-08-15,429,False,0,0,0,"<!doctype html><meta charset=""utf-8""><meta name=viewport content=""width=device-width, initial-scale=1""><title>429</title>429 Too Many Requests"
Potato,2021,9,2021-09-01,429,False,0,0,0,"<!doctype html><meta charset=""utf-8""><meta name=viewport content=""width=device-width, initial-scale=1""><title>429</title>429 Too Many Requests"
Potato,2021,9,2021-09-08,429,False,0,0,0,"<!doctype html><meta charset=""utf-8""><meta name=viewport content=""width=device-width, initial-scale=1""><title>429</title>429 Too Many Requests"
Potato,2021,9,2021-09-15,429,False,0,0,0,"<!doctype html><meta charset=""utf-8""><meta name=viewport content=""width=device-width, initial-scale=1""><title>429</title>429 Too Many Requests"
Potato,2021,10,2021-10-01,429,False,0,0,0,"<!doctype html><meta charset=""utf-8""><meta name=viewport content=""width=device-width, initial-scale=1""><title>429</title>429 Too Many Requests"
Potato,2021,10,2021-10-08,429,False,0,0,0,"<!doctype html><meta charset=""utf-8""><meta name=viewport content=""width=device-width, initial-scale=1""><title>429</title>429 Too Many Requests"
Potato,2021,10,2021-10-15,429,False,0,0,0,"<!doctype html><meta charset=""utf-8""><meta name=viewport content=""width=device-width, initial-scale=1""><title>429</title>429 Too Many Requests"
Potato,2021,11,2021-11-01,429,False,0,0,0,"<!doctype html><meta charset=""utf-8""><meta name=viewport content=""width=device-width, initial-scale=1""><title>429</title>429 Too Many Requests"
Potato,2021,11,2021-11-08,429,False,0,0,0,"<!doctype html><meta charset=""utf-8""><meta name=viewport content=""width=device-width, initial-scale=1""><title>429</title>429 Too Many Requests"
Potato,2021,11,2021-11-15,429,False,0,0,0,"<!doctype html><meta charset=""utf-8""><meta name=viewport content=""width=device-width, initial-scale=1""><title>429</title>429 Too Many Requests"
Potato,2021,12,2021-12-01,429,False,0,0,0,"<!doctype html><meta charset=""utf-8""><meta name=viewport content=""width=device-width, initial-scale=1""><title>429</title>429 Too Many Requests"
Potato,2021,12,2021-12-08,429,False,0,0,0,"<!doctype html><meta charset=""utf-8""><meta name=viewport content=""width=device-width, initial-scale=1""><title>429</title>429 Too Many Requests"
Potato,2021,12,2021-12-15,429,False,0,0,0,"<!doctype html><meta charset=""utf-8""><meta name=viewport content=""width=device-width, initial-scale=1""><title>429</title>429 Too Many Requests"
Potato,2022,1,2022-01-01,429,False,0,0,0,"<!doctype html><meta charset=""utf-8""><meta name=viewport content=""width=device-width, initial-scale=1""><title>429</title>429 Too Many Requests"
Potato,2022,1,2022-01-08,429,False,0,0,0,"<!doctype html><meta charset=""utf-8""><meta name=viewport content=""width=device-width, initial-scale=1""><title>429</title>429 Too Many Requests"
Potato,2022,1,2022-01-15,429,False,0,0,0,"<!doctype html><meta charset=""utf-8""><meta name=viewport content=""width=device-width, initial-scale=1""><title>429</title>429 Too Many Requests"
Potato,2022,3,2022-03-01,429,False,0,0,0,"<!doctype html><meta charset=""utf-8""><meta name=viewport content=""width=device-width, initial-scale=1""><title>429</title>429 Too Many Requests"
Potato,2022,3,2022-03-08,429,False,0,0,0,"<!doctype html><meta charset=""utf-8""><meta name=viewport content=""width=device-width, initial-scale=1""><title>429</title>429 Too Many Requests"
Potato,2022,3,2022-03-15,429,False,0,0,0,"<!doctype html><meta charset=""utf-8""><meta name=viewport content=""width=device-width, initial-scale=1""><title>429</title>429 Too Many Requests"
Potato,2022,2,2022-02-01,429,False,0,0,0,"<!doctype html><meta charset=""utf-8""><meta name=viewport content=""width=device-width, initial-scale=1""><title>429</title>429 Too Many Requests"
Potato,2022,2,2022-02-08,429,False,0,0,0,"<!doctype html><meta charset=""utf-8""><meta name=viewport content=""width=device-width, initial-scale=1""><title>429</title>429 Too Many Requests"
Potato,2022,2,2022-02-15,429,False,0,0,0,"<!doctype html><meta charset=""utf-8""><meta name=viewport content=""width=device-width, initial-scale=1""><title>429</title>429 Too Many Requests"
Potato,2022,4,2022-04-01,429,False,0,0,0,"<!doctype html><meta charset=""utf-8""><meta name=viewport content=""width=device-width, initial-scale=1""><title>429</title>429 Too Many Requests"
Potato,2022,4,2022-04-08,429,False,0,0,0,"<!doctype html><meta charset=""utf-8""><meta name=viewport content=""width=device-width, initial-scale=1""><title>429</title>429 Too Many Requests"
Potato,2022,4,2022-04-15,429,False,0,0,0,"<!doctype html><meta charset=""utf-8""><meta name=viewport content=""width=device-width, initial-scale=1""><title>429</title>429 Too Many Requests"
Potato,2022,6,2022-06-01,429,False,0,0,0,"<!doctype html><meta charset=""utf-8""><meta name=viewport content=""width=device-width, initial-scale=1""><title>429</title>429 Too Many Requests"
Potato,2022,6,2022-06-08,429,False,0,0,0,"<!doctype html><meta charset=""utf-8""><meta name=viewport content=""width=device-width, initial-scale=1""><title>429</title>429 Too Many Requests"
Potato,2022,6,2022-06-15,429,False,0,0,0,"<!doctype html><meta charset=""utf-8""><meta name=viewport content=""width=device-width, initial-scale=1""><title>429</title>429 Too Many Requests"
Potato,2022,5,2022-05-01,429,False,0,0,0,"<!doctype html><meta charset=""utf-8""><meta name=viewport content=""width=device-width, initial-scale=1""><title>429</title>429 Too Many Requests"
Potato,2022,5,2022-05-08,429,False,0,0,0,"<!doctype html><meta charset=""utf-8""><meta name=viewport content=""width=device-width, initial-scale=1""><title>429</title>429 Too Many Requests"
Potato,2022,5,2022-05-15,429,False,0,0,0,"<!doctype html><meta charset=""utf-8""><meta name=viewport content=""width=device-width, initial-scale=1""><title>429</title>429 Too Many Requests"
Potato,2022,8,2022-08-01,429,False,0,0,0,"<!doctype html><meta charset=""utf-8""><meta name=viewport content=""width=device-width, initial-scale=1""><title>429</title>429 Too Many Requests"
Potato,2022,8,2022-08-08,429,False,0,0,0,"<!doctype html><meta charset=""utf-8""><meta name=viewport content=""width=device-width, initial-scale=1""><title>429</title>429 Too Many Requests"
Potato,2022,8,2022-08-15,429,False,0,0,0,"<!doctype html><meta charset=""utf-8""><meta name=viewport content=""width=device-width, initial-scale=1""><title>429</title>429 Too Many Requests"
Potato,2022,7,2022-07-01,429,False,0,0,0,"<!doctype html><meta charset=""utf-8""><meta name=viewport content=""width=device-width, initial-scale=1""><title>429</title>429 Too Many Requests"
Potato,2022,7,2022-07-08,429,False,0,0,0,"<!doctype html><meta charset=""utf-8""><meta name=viewport content=""width=device-width, initial-scale=1""><title>429</title>429 Too Many Requests"
Potato,2022,7,2022-07-15,429,False,0,0,0,"<!doctype html><meta charset=""utf-8""><meta name=viewport content=""width=device-width, initial-scale=1""><title>429</title>429 Too Many Requests"
Potato,2022,9,2022-09-01,429,False,0,0,0,"<!doctype html><meta charset=""utf-8""><meta name=viewport content=""width=device-width, initial-scale=1""><title>429</title>429 Too Many Requests"
Potato,2022,9,2022-09-08,429,False,0,0,0,"<!doctype html><meta charset=""utf-8""><meta name=viewport content=""width=device-width, initial-scale=1""><title>429</title>429 Too Many Requests"
Potato,2022,9,2022-09-15,429,False,0,0,0,"<!doctype html><meta charset=""utf-8""><meta name=viewport content=""width=device-width, initial-scale=1""><title>429</title>429 Too Many Requests"
Potato,2022,10,2022-10-01,429,False,0,0,0,"<!doctype html><meta charset=""utf-8""><meta name=viewport content=""width=device-width, initial-scale=1""><title>429</title>429 Too Many Requests"
Potato,2022,10,2022-10-08,429,False,0,0,0,"<!doctype html><meta charset=""utf-8""><meta name=viewport content=""width=device-width, initial-scale=1""><title>429</title>429 Too Many Requests"
Potato,2022,10,2022-10-15,429,False,0,0,0,"<!doctype html><meta charset=""utf-8""><meta name=viewport content=""width=device-width, initial-scale=1""><title>429</title>429 Too Many Requests"
Potato,2022,11,2022-11-01,429,False,0,0,0,"<!doctype html><meta charset=""utf-8""><meta name=viewport content=""width=device-width, initial-scale=1""><title>429</title>429 Too Many Requests"
Potato,2022,11,2022-11-08,429,False,0,0,0,"<!doctype html><meta charset=""utf-8""><meta name=viewport content=""width=device-width, initial-scale=1""><title>429</title>429 Too Many Requests"
Potato,2022,11,2022-11-15,429,False,0,0,0,"<!doctype html><meta charset=""utf-8""><meta name=viewport content=""width=device-width, initial-scale=1""><title>429</title>429 Too Many Requests"
Potato,2023,1,2023-01-01,429,False,0,0,0,"<!doctype html><meta charset=""utf-8""><meta name=viewport content=""width=device-width, initial-scale=1""><title>429</title>429 Too Many Requests"
Potato,2023,1,2023-01-08,429,False,0,0,0,"<!doctype html><meta charset=""utf-8""><meta name=viewport content=""width=device-width, initial-scale=1""><title>429</title>429 Too Many Requests"
Potato,2023,1,2023-01-15,429,False,0,0,0,"<!doctype html><meta charset=""utf-8""><meta name=viewport content=""width=device-width, initial-scale=1""><title>429</title>429 Too Many Requests"
Potato,2022,12,2022-12-01,429,False,0,0,0,"<!doctype html><meta charset=""utf-8""><meta name=viewport content=""width=device-width, initial-scale=1""><title>429</title>429 Too Many Requests"
Potato,2022,12,2022-12-08,429,False,0,0,0,"<!doctype html><meta charset=""utf-8""><meta name=viewport content=""width=device-width, initial-scale=1""><title>429</title>429 Too Many Requests"
Potato,2022,12,2022-12-15,429,False,0,0,0,"<!doctype html><meta charset=""utf-8""><meta name=viewport content=""width=device-width, initial-scale=1""><title>429</title>429 Too Many Requests"
Potato,2023,2,2023-02-01,429,False,0,0,0,"<!doctype html><meta charset=""utf-8""><meta name=viewport content=""width=device-width, initial-scale=1""><title>429</title>429 Too Many Requests"
Potato,2023,2,2023-02-08,429,False,0,0,0,"<!doctype html><meta charset=""utf-8""><meta name=viewport content=""width=device-width, initial-scale=1""><title>429</title>429 Too Many Requests"
Potato,2023,2,2023-02-15,429,False,0,0,0,"<!doctype html><meta charset=""utf-8""><meta name=viewport content=""width=device-width, initial-scale=1""><title>429</title>429 Too Many Requests"
Potato,2023,3,2023-03-01,429,False,0,0,0,"<!doctype html><meta charset=""utf-8""><meta name=viewport content=""width=device-width, initial-scale=1""><title>429</title>429 Too Many Requests"
Potato,2023,3,2023-03-08,429,False,0,0,0,"<!doctype html><meta charset=""utf-8""><meta name=viewport content=""width=device-width, initial-scale=1""><title>429</title>429 Too Many Requests"
Potato,2023,3,2023-03-15,429,False,0,0,0,"<!doctype html><meta charset=""utf-8""><meta name=viewport content=""width=device-width, initial-scale=1""><title>429</title>429 Too Many Requests"
Potato,2023,4,2023-04-01,429,False,0,0,0,"<!doctype html><meta charset=""utf-8""><meta name=viewport content=""width=device-width, initial-scale=1""><title>429</title>429 Too Many Requests"
Potato,2023,4,2023-04-08,429,False,0,0,0,"<!doctype html><meta charset=""utf-8""><meta name=viewport content=""width=device-width, initial-scale=1""><title>429</title>429 Too Many Requests"
Potato,2023,4,2023-04-15,429,False,0,0,0,"<!doctype html><meta charset=""utf-8""><meta name=viewport content=""width=device-width, initial-scale=1""><title>429</title>429 Too Many Requests"
Potato,2023,5,2023-05-01,429,False,0,0,0,"<!doctype html><meta charset=""utf-8""><meta name=viewport content=""width=device-width, initial-scale=1""><title>429</title>429 Too Many Requests"
Potato,2023,5,2023-05-08,429,False,0,0,0,"<!doctype html><meta charset=""utf-8""><meta name=viewport content=""width=device-width, initial-scale=1""><title>429</title>429 Too Many Requests"
Potato,2023,5,2023-05-15,429,False,0,0,0,"<!doctype html><meta charset=""utf-8""><meta name=viewport content=""width=device-width, initial-scale=1""><title>429</title>429 Too Many Requests"
Potato,2023,6,2023-06-01,429,False,0,0,0,"<!doctype html><meta charset=""utf-8""><meta name=viewport content=""width=device-width, initial-scale=1""><title>429</title>429 Too Many Requests"
Potato,2023,6,2023-06-08,429,False,0,0,0,"<!doctype html><meta charset=""utf-8""><meta name=viewport content=""width=device-width, initial-scale=1""><title>429</title>429 Too Many Requests"
Potato,2023,6,2023-06-15,429,False,0,0,0,"<!doctype html><meta charset=""utf-8""><meta name=viewport content=""width=device-width, initial-scale=1""><title>429</title>429 Too Many Requests"
Potato,2023,7,2023-07-01,429,False,0,0,0,"<!doctype html><meta charset=""utf-8""><meta name=viewport content=""width=device-width, initial-scale=1""><title>429</title>429 Too Many Requests"
Potato,2023,7,2023-07-08,429,False,0,0,0,"<!doctype html><meta charset=""utf-8""><meta name=viewport content=""width=device-width, initial-scale=1""><title>429</title>429 Too Many Requests"
Potato,2023,7,2023-07-15,429,False,0,0,0,"<!doctype html><meta charset=""utf-8""><meta name=viewport content=""width=device-width, initial-scale=1""><title>429</title>429 Too Many Requests"
Potato,2023,8,2023-08-01,429,False,0,0,0,"<!doctype html><meta charset=""utf-8""><meta name=viewport content=""width=device-width, initial-scale=1""><title>429</title>429 Too Many Requests"
Potato,2023,8,2023-08-08,429,False,0,0,0,"<!doctype html><meta charset=""utf-8""><meta name=viewport content=""width=device-width, initial-scale=1""><title>429</title>429 Too Many Requests"
Potato,2023,8,2023-08-15,429,False,0,0,0,"<!doctype html><meta charset=""utf-8""><meta name=viewport content=""width=device-width, initial-scale=1""><title>429</title>429 Too Many Requests"
Potato,2023,9,2023-09-01,429,False,0,0,0,"<!doctype html><meta charset=""utf-8""><meta name=viewport content=""width=device-width, initial-scale=1""><title>429</title>429 Too Many Requests"
Potato,2023,9,2023-09-08,429,False,0,0,0,"<!doctype html><meta charset=""utf-8""><meta name=viewport content=""width=device-width, initial-scale=1""><title>429</title>429 Too Many Requests"
Potato,2023,9,2023-09-15,429,False,0,0,0,"<!doctype html><meta charset=""utf-8""><meta name=viewport content=""width=device-width, initial-scale=1""><title>429</title>429 Too Many Requests"
Potato,2023,10,2023-10-01,429,False,0,0,0,"<!doctype html><meta charset=""utf-8""><meta name=viewport content=""width=device-width, initial-scale=1""><title>429</title>429 Too Many Requests"
Potato,2023,10,2023-10-08,429,False,0,0,0,"<!doctype html><meta charset=""utf-8""><meta name=viewport content=""width=device-width, initial-scale=1""><title>429</title>429 Too Many Requests"
Potato,2023,10,2023-10-15,429,False,0,0,0,"<!doctype html><meta charset=""utf-8""><meta name=viewport content=""width=device-width, initial-scale=1""><title>429</title>429 Too Many Requests"
Potato,2023,11,2023-11-01,429,False,0,0,0,"<!doctype html><meta charset=""utf-8""><meta name=viewport content=""width=device-width, initial-scale=1""><title>429</title>429 Too Many Requests"
Potato,2023,11,2023-11-08,429,False,0,0,0,"<!doctype html><meta charset=""utf-8""><meta name=viewport content=""width=device-width, initial-scale=1""><title>429</title>429 Too Many Requests"
Potato,2023,11,2023-11-15,429,False,0,0,0,"<!doctype html><meta charset=""utf-8""><meta name=viewport content=""width=device-width, initial-scale=1""><title>429</title>429 Too Many Requests"
Potato,2023,12,2023-12-01,429,False,0,0,0,"<!doctype html><meta charset=""utf-8""><meta name=viewport content=""width=device-width, initial-scale=1""><title>429</title>429 Too Many Requests"
Potato,2023,12,2023-12-08,429,False,0,0,0,"<!doctype html><meta charset=""utf-8""><meta name=viewport content=""width=device-width, initial-scale=1""><title>429</title>429 Too Many Requests"
Potato,2023,12,2023-12-15,429,False,0,0,0,"<!doctype html><meta charset=""utf-8""><meta name=viewport content=""width=device-width, initial-scale=1""><title>429</title>429 Too Many Requests"
Potato,2024,1,2024-01-01,429,False,0,0,0,"<!doctype html><meta charset=""utf-8""><meta name=viewport content=""width=device-width, initial-scale=1""><title>429</title>429 Too Many Requests"
Potato,2024,1,2024-01-08,429,False,0,0,0,"<!doctype html><meta charset=""utf-8""><meta name=viewport content=""width=device-width, initial-scale=1""><title>429</title>429 Too Many Requests"
Potato,2024,1,2024-01-15,429,False,0,0,0,"<!doctype html><meta charset=""utf-8""><meta name=viewport content=""width=device-width, initial-scale=1""><title>429</title>429 Too Many Requests"
Potato,2024,2,2024-02-01,429,False,0,0,0,"<!doctype html><meta charset=""utf-8""><meta name=viewport content=""width=device-width, initial-scale=1""><title>429</title>429 Too Many Requests"
Potato,2024,2,2024-02-08,429,False,0,0,0,"<!doctype html><meta charset=""utf-8""><meta name=viewport content=""width=device-width, initial-scale=1""><title>429</title>429 Too Many Requests"
Potato,2024,2,2024-02-15,429,False,0,0,0,"<!doctype html><meta charset=""utf-8""><meta name=viewport content=""width=device-width, initial-scale=1""><title>429</title>429 Too Many Requests"
Potato,2024,3,2024-03-01,429,False,0,0,0,"<!doctype html><meta charset=""utf-8""><meta name=viewport content=""width=device-width, initial-scale=1""><title>429</title>429 Too Many Requests"
Potato,2024,3,2024-03-08,429,False,0,0,0,"<!doctype html><meta charset=""utf-8""><meta name=viewport content=""width=device-width, initial-scale=1""><title>429</title>429 Too Many Requests"
Potato,2024,3,2024-03-15,429,False,0,0,0,"<!doctype html><meta charset=""utf-8""><meta name=viewport content=""width=device-width, initial-scale=1""><title>429</title>429 Too Many Requests"
Potato,2024,4,2024-04-01,429,False,0,0,0,"<!doctype html><meta charset=""utf-8""><meta name=viewport content=""width=device-width, initial-scale=1""><title>429</title>429 Too Many Requests"
Potato,2024,4,2024-04-08,429,False,0,0,0,"<!doctype html><meta charset=""utf-8""><meta name=viewport content=""width=device-width, initial-scale=1""><title>429</title>429 Too Many Requests"
Potato,2024,4,2024-04-15,429,False,0,0,0,"<!doctype html><meta charset=""utf-8""><meta name=viewport content=""width=device-width, initial-scale=1""><title>429</title>429 Too Many Requests"
Potato,2024,5,2024-05-01,429,False,0,0,0,"<!doctype html><meta charset=""utf-8""><meta name=viewport content=""width=device-width, initial-scale=1""><title>429</title>429 Too Many Requests"
Potato,2024,5,2024-05-08,429,False,0,0,0,"<!doctype html><meta charset=""utf-8""><meta name=viewport content=""width=device-width, initial-scale=1""><title>429</title>429 Too Many Requests"
Potato,2024,5,2024-05-15,429,False,0,0,0,"<!doctype html><meta charset=""utf-8""><meta name=viewport content=""width=device-width, initial-scale=1""><title>429</title>429 Too Many Requests"
Potato,2024,6,2024-06-01,429,False,0,0,0,"<!doctype html><meta charset=""utf-8""><meta name=viewport content=""width=device-width, initial-scale=1""><title>429</title>429 Too Many Requests"
Potato,2024,6,2024-06-08,429,False,0,0,0,"<!doctype html><meta charset=""utf-8""><meta name=viewport content=""width=device-width, initial-scale=1""><title>429</title>429 Too Many Requests"
Potato,2024,6,2024-06-15,429,False,0,0,0,"<!doctype html><meta charset=""utf-8""><meta name=viewport content=""width=device-width, initial-scale=1""><title>429</title>429 Too Many Requests"
Potato,2024,7,2024-07-01,429,False,0,0,0,"<!doctype html><meta charset=""utf-8""><meta name=viewport content=""width=device-width, initial-scale=1""><title>429</title>429 Too Many Requests"
Potato,2024,7,2024-07-08,429,False,0,0,0,"<!doctype html><meta charset=""utf-8""><meta name=viewport content=""width=device-width, initial-scale=1""><title>429</title>429 Too Many Requests"
Potato,2024,7,2024-07-15,429,False,0,0,0,"<!doctype html><meta charset=""utf-8""><meta name=viewport content=""width=device-width, initial-scale=1""><title>429</title>429 Too Many Requests"
Potato,2024,8,2024-08-01,429,False,0,0,0,"<!doctype html><meta charset=""utf-8""><meta name=viewport content=""width=device-width, initial-scale=1""><title>429</title>429 Too Many Requests"
Potato,2024,8,2024-08-08,429,False,0,0,0,"<!doctype html><meta charset=""utf-8""><meta name=viewport content=""width=device-width, initial-scale=1""><title>429</title>429 Too Many Requests"
Potato,2024,8,2024-08-15,429,False,0,0,0,"<!doctype html><meta charset=""utf-8""><meta name=viewport content=""width=device-width, initial-scale=1""><title>429</title>429 Too Many Requests"
Potato,2024,9,2024-09-01,429,False,0,0,0,"<!doctype html><meta charset=""utf-8""><meta name=viewport content=""width=device-width, initial-scale=1""><title>429</title>429 Too Many Requests"
Potato,2024,9,2024-09-08,429,False,0,0,0,"<!doctype html><meta charset=""utf-8""><meta name=viewport content=""width=device-width, initial-scale=1""><title>429</title>429 Too Many Requests"
Potato,2024,9,2024-09-15,429,False,0,0,0,"<!doctype html><meta charset=""utf-8""><meta name=viewport content=""width=device-width, initial-scale=1""><title>429</title>429 Too Many Requests"
Potato,2024,10,2024-10-01,429,False,0,0,0,"<!doctype html><meta charset=""utf-8""><meta name=viewport content=""width=device-width, initial-scale=1""><title>429</title>429 Too Many Requests"
Potato,2024,10,2024-10-08,429,False,0,0,0,"<!doctype html><meta charset=""utf-8""><meta name=viewport content=""width=device-width, initial-scale=1""><title>429</title>429 Too Many Requests"
Potato,2024,10,2024-10-15,429,False,0,0,0,"<!doctype html><meta charset=""utf-8""><meta name=viewport content=""width=device-width, initial-scale=1""><title>429</title>429 Too Many Requests"
Potato,2024,11,2024-11-01,429,False,0,0,0,"<!doctype html><meta charset=""utf-8""><meta name=viewport content=""width=device-width, initial-scale=1""><title>429</title>429 Too Many Requests"
Potato,2024,11,2024-11-08,429,False,0,0,0,"<!doctype html><meta charset=""utf-8""><meta name=viewport content=""width=device-width, initial-scale=1""><title>429</title>429 Too Many Requests"
Potato,2024,11,2024-11-15,429,False,0,0,0,"<!doctype html><meta charset=""utf-8""><meta name=viewport content=""width=device-width, initial-scale=1""><title>429</title>429 Too Many Requests"
Potato,2024,12,2024-12-01,429,False,0,0,0,"<!doctype html><meta charset=""utf-8""><meta name=viewport content=""width=device-width, initial-scale=1""><title>429</title>429 Too Many Requests"
Potato,2024,12,2024-12-08,429,False,0,0,0,"<!doctype html><meta charset=""utf-8""><meta name=viewport content=""width=device-width, initial-scale=1""><title>429</title>429 Too Many Requests"
Potato,2024,12,2024-12-15,429,False,0,0,0,"<!doctype html><meta charset=""utf-8""><meta name=viewport content=""width=device-width, initial-scale=1""><title>429</title>429 Too Many Requests"
Potato,2025,1,2025-01-01,429,False,0,0,0,"<!doctype html><meta charset=""utf-8""><meta name=viewport content=""width=device-width, initial-scale=1""><title>429</title>429 Too Many Requests"
Potato,2025,1,2025-01-08,429,False,0,0,0,"<!doctype html><meta charset=""utf-8""><meta name=viewport content=""width=device-width, initial-scale=1""><title>429</title>429 Too Many Requests"
Potato,2025,1,2025-01-15,429,False,0,0,0,"<!doctype html><meta charset=""utf-8""><meta name=viewport content=""width=device-width, initial-scale=1""><title>429</title>429 Too Many Requests"
Potato,2025,2,2025-02-01,429,False,0,0,0,"<!doctype html><meta charset=""utf-8""><meta name=viewport content=""width=device-width, initial-scale=1""><title>429</title>429 Too Many Requests"
Potato,2025,2,2025-02-08,429,False,0,0,0,"<!doctype html><meta charset=""utf-8""><meta name=viewport content=""width=device-width, initial-scale=1""><title>429</title>429 Too Many Requests"
Potato,2025,2,2025-02-15,429,False,0,0,0,"<!doctype html><meta charset=""utf-8""><meta name=viewport content=""width=device-width, initial-scale=1""><title>429</title>429 Too Many Requests"
Potato,2025,3,2025-03-01,429,False,0,0,0,"<!doctype html><meta charset=""utf-8""><meta name=viewport content=""width=device-width, initial-scale=1""><title>429</title>429 Too Many Requests"
Potato,2025,3,2025-03-08,429,False,0,0,0,"<!doctype html><meta charset=""utf-8""><meta name=viewport content=""width=device-width, initial-scale=1""><title>429</title>429 Too Many Requests"
Potato,2025,3,2025-03-15,429,False,0,0,0,"<!doctype html><meta charset=""utf-8""><meta name=viewport content=""width=device-width, initial-scale=1""><title>429</title>429 Too Many Requests"
Potato,2025,4,2025-04-01,429,False,0,0,0,"<!doctype html><meta charset=""utf-8""><meta name=viewport content=""width=device-width, initial-scale=1""><title>429</title>429 Too Many Requests"
Potato,2025,4,2025-04-08,429,False,0,0,0,"<!doctype html><meta charset=""utf-8""><meta name=viewport content=""width=device-width, initial-scale=1""><title>429</title>429 Too Many Requests"
Potato,2025,4,2025-04-15,429,False,0,0,0,"<!doctype html><meta charset=""utf-8""><meta name=viewport content=""width=device-width, initial-scale=1""><title>429</title>429 Too Many Requests"
Potato,2025,5,2025-05-01,429,False,0,0,0,"<!doctype html><meta charset=""utf-8""><meta name=viewport content=""width=device-width, initial-scale=1""><title>429</title>429 Too Many Requests"
Potato,2025,5,2025-05-08,429,False,0,0,0,"<!doctype html><meta charset=""utf-8""><meta name=viewport content=""width=device-width, initial-scale=1""><title>429</title>429 Too Many Requests"
Potato,2025,5,2025-05-15,429,False,0,0,0,"<!doctype html><meta charset=""utf-8""><meta name=viewport content=""width=device-width, initial-scale=1""><title>429</title>429 Too Many Requests"
Potato,2025,6,2025-06-01,429,False,0,0,0,"<!doctype html><meta charset=""utf-8""><meta name=viewport content=""width=device-width, initial-scale=1""><title>429</title>429 Too Many Requests"
Potato,2025,6,2025-06-08,429,False,0,0,0,"<!doctype html><meta charset=""utf-8""><meta name=viewport content=""width=device-width, initial-scale=1""><title>429</title>429 Too Many Requests"
Potato,2025,6,2025-06-15,429,False,0,0,0,"<!doctype html><meta charset=""utf-8""><meta name=viewport content=""width=device-width, initial-scale=1""><title>429</title>429 Too Many Requests"
Potato,2025,7,2025-07-01,429,False,0,0,0,"<!doctype html><meta charset=""utf-8""><meta name=viewport content=""width=device-width, initial-scale=1""><title>429</title>429 Too Many Requests"
Potato,2025,7,2025-07-08,429,False,0,0,0,"<!doctype html><meta charset=""utf-8""><meta name=viewport content=""width=device-width, initial-scale=1""><title>429</title>429 Too Many Requests"
Potato,2025,7,2025-07-15,429,False,0,0,0,"<!doctype html><meta charset=""utf-8""><meta name=viewport content=""width=device-width, initial-scale=1""><title>429</title>429 Too Many Requests"
Potato,2025,8,2025-08-01,429,False,0,0,0,"<!doctype html><meta charset=""utf-8""><meta name=viewport content=""width=device-width, initial-scale=1""><title>429</title>429 Too Many Requests"
Potato,2025,8,2025-08-08,429,False,0,0,0,"<!doctype html><meta charset=""utf-8""><meta name=viewport content=""width=device-width, initial-scale=1""><title>429</title>429 Too Many Requests"
Potato,2025,8,2025-08-15,429,False,0,0,0,"<!doctype html><meta charset=""utf-8""><meta name=viewport content=""width=device-width, initial-scale=1""><title>429</title>429 Too Many Requests"
Potato,2025,9,2025-09-01,429,False,0,0,0,"<!doctype html><meta charset=""utf-8""><meta name=viewport content=""width=device-width, initial-scale=1""><title>429</title>429 Too Many Requests"
Potato,2025,9,2025-09-08,429,False,0,0,0,"<!doctype html><meta charset=""utf-8""><meta name=viewport content=""width=device-width, initial-scale=1""><title>429</title>429 Too Many Requests"
Potato,2025,9,2025-09-15,429,False,0,0,0,"<!doctype html><meta charset=""utf-8""><meta name=viewport content=""width=device-width, initial-scale=1""><title>429</title>429 Too Many Requests"
Potato,2025,10,2025-10-01,429,False,0,0,0,"<!doctype html><meta charset=""utf-8""><meta name=viewport content=""width=device-width, initial-scale=1""><title>429</title>429 Too Many Requests"
Potato,2025,10,2025-10-08,429,False,0,0,0,"<!doctype html><meta charset=""utf-8""><meta name=viewport content=""width=device-width, initial-scale=1""><title>429</title>429 Too Many Requests"
Potato,2025,10,2025-10-15,429,False,0,0,0,"<!doctype html><meta charset=""utf-8""><meta name=viewport content=""width=device-width, initial-scale=1""><title>429</title>429 Too Many Requests"
Potato,2025,11,2025-11-01,429,False,0,0,0,"<!doctype html><meta charset=""utf-8""><meta name=viewport content=""width=device-width, initial-scale=1""><title>429</title>429 Too Many Requests"
Potato,2025,11,2025-11-08,429,False,0,0,0,"<!doctype html><meta charset=""utf-8""><meta name=viewport content=""width=device-width, initial-scale=1""><title>429</title>429 Too Many Requests"
Potato,2025,11,2025-11-15,429,False,0,0,0,"<!doctype html><meta charset=""utf-8""><meta name=viewport content=""width=device-width, initial-scale=1""><title>429</title>429 Too Many Requests"
Potato,2025,12,2025-12-01,429,False,0,0,0,"<!doctype html><meta charset=""utf-8""><meta name=viewport content=""width=device-width, initial-scale=1""><title>429</title>429 Too Many Requests"
Potato,2025,12,2025-12-08,429,False,0,0,0,"<!doctype html><meta charset=""utf-8""><meta name=viewport content=""width=device-width, initial-scale=1""><title>429</title>429 Too Many Requests"
Potato,2025,12,2025-12-15,429,False,0,0,0,"<!doctype html><meta charset=""utf-8""><meta name=viewport content=""width=device-width, initial-scale=1""><title>429</title>429 Too Many Requests"
Lentil,2015,1,2015-01-01,429,False,0,0,0,"<!doctype html><meta charset=""utf-8""><meta name=viewport content=""width=device-width, initial-scale=1""><title>429</title>429 Too Many Requests"
Lentil,2015,1,2015-01-08,429,False,0,0,0,"<!doctype html><meta charset=""utf-8""><meta name=viewport content=""width=device-width, initial-scale=1""><title>429</title>429 Too Many Requests"
Lentil,2015,1,2015-01-15,429,False,0,0,0,"<!doctype html><meta charset=""utf-8""><meta name=viewport content=""width=device-width, initial-scale=1""><title>429</title>429 Too Many Requests"
Lentil,2015,2,2015-02-01,429,False,0,0,0,"<!doctype html><meta charset=""utf-8""><meta name=viewport content=""width=device-width, initial-scale=1""><title>429</title>429 Too Many Requests"
Lentil,2015,2,2015-02-08,429,False,0,0,0,"<!doctype html><meta charset=""utf-8""><meta name=viewport content=""width=device-width, initial-scale=1""><title>429</title>429 Too Many Requests"
Lentil,2015,2,2015-02-15,429,False,0,0,0,"<!doctype html><meta charset=""utf-8""><meta name=viewport content=""width=device-width, initial-scale=1""><title>429</title>429 Too Many Requests"
Lentil,2015,3,2015-03-01,429,False,0,0,0,"<!doctype html><meta charset=""utf-8""><meta name=viewport content=""width=device-width, initial-scale=1""><title>429</title>429 Too Many Requests"
Lentil,2015,3,2015-03-08,429,False,0,0,0,"<!doctype html><meta charset=""utf-8""><meta name=viewport content=""width=device-width, initial-scale=1""><title>429</title>429 Too Many Requests"
Lentil,2015,3,2015-03-15,429,False,0,0,0,"<!doctype html><meta charset=""utf-8""><meta name=viewport content=""width=device-width, initial-scale=1""><title>429</title>429 Too Many Requests"
Lentil,2015,4,2015-04-01,429,False,0,0,0,"<!doctype html><meta charset=""utf-8""><meta name=viewport content=""width=device-width, initial-scale=1""><title>429</title>429 Too Many Requests"
Lentil,2015,4,2015-04-08,429,False,0,0,0,"<!doctype html><meta charset=""utf-8""><meta name=viewport content=""width=device-width, initial-scale=1""><title>429</title>429 Too Many Requests"
Lentil,2015,4,2015-04-15,429,False,0,0,0,"<!doctype html><meta charset=""utf-8""><meta name=viewport content=""width=device-width, initial-scale=1""><title>429</title>429 Too Many Requests"
Lentil,2015,5,2015-05-01,429,False,0,0,0,"<!doctype html><meta charset=""utf-8""><meta name=viewport content=""width=device-width, initial-scale=1""><title>429</title>429 Too Many Requests"
Lentil,2015,5,2015-05-08,429,False,0,0,0,"<!doctype html><meta charset=""utf-8""><meta name=viewport content=""width=device-width, initial-scale=1""><title>429</title>429 Too Many Requests"
Lentil,2015,5,2015-05-15,429,False,0,0,0,"<!doctype html><meta charset=""utf-8""><meta name=viewport content=""width=device-width, initial-scale=1""><title>429</title>429 Too Many Requests"
Lentil,2015,6,2015-06-01,429,False,0,0,0,"<!doctype html><meta charset=""utf-8""><meta name=viewport content=""width=device-width, initial-scale=1""><title>429</title>429 Too Many Requests"
Lentil,2015,6,2015-06-08,429,False,0,0,0,"<!doctype html><meta charset=""utf-8""><meta name=viewport content=""width=device-width, initial-scale=1""><title>429</title>429 Too Many Requests"
Lentil,2015,6,2015-06-15,429,False,0,0,0,"<!doctype html><meta charset=""utf-8""><meta name=viewport content=""width=device-width, initial-scale=1""><title>429</title>429 Too Many Requests"
Lentil,2015,7,2015-07-01,429,False,0,0,0,"<!doctype html><meta charset=""utf-8""><meta name=viewport content=""width=device-width, initial-scale=1""><title>429</title>429 Too Many Requests"
Lentil,2015,7,2015-07-08,429,False,0,0,0,"<!doctype html><meta charset=""utf-8""><meta name=viewport content=""width=device-width, initial-scale=1""><title>429</title>429 Too Many Requests"
Lentil,2015,7,2015-07-15,429,False,0,0,0,"<!doctype html><meta charset=""utf-8""><meta name=viewport content=""width=device-width, initial-scale=1""><title>429</title>429 Too Many Requests"
Lentil,2015,8,2015-08-01,429,False,0,0,0,"<!doctype html><meta charset=""utf-8""><meta name=viewport content=""width=device-width, initial-scale=1""><title>429</title>429 Too Many Requests"
Lentil,2015,8,2015-08-08,429,False,0,0,0,"<!doctype html><meta charset=""utf-8""><meta name=viewport content=""width=device-width, initial-scale=1""><title>429</title>429 Too Many Requests"
Lentil,2015,8,2015-08-15,429,False,0,0,0,"<!doctype html><meta charset=""utf-8""><meta name=viewport content=""width=device-width, initial-scale=1""><title>429</title>429 Too Many Requests"
Lentil,2015,9,2015-09-01,429,False,0,0,0,"<!doctype html><meta charset=""utf-8""><meta name=viewport content=""width=device-width, initial-scale=1""><title>429</title>429 Too Many Requests"
Lentil,2015,9,2015-09-08,429,False,0,0,0,"<!doctype html><meta charset=""utf-8""><meta name=viewport content=""width=device-width, initial-scale=1""><title>429</title>429 Too Many Requests"
Lentil,2015,9,2015-09-15,429,False,0,0,0,"<!doctype html><meta charset=""utf-8""><meta name=viewport content=""width=device-width, initial-scale=1""><title>429</title>429 Too Many Requests"
Lentil,2015,10,2015-10-01,429,False,0,0,0,"<!doctype html><meta charset=""utf-8""><meta name=viewport content=""width=device-width, initial-scale=1""><title>429</title>429 Too Many Requests"
Lentil,2015,10,2015-10-08,429,False,0,0,0,"<!doctype html><meta charset=""utf-8""><meta name=viewport content=""width=device-width, initial-scale=1""><title>429</title>429 Too Many Requests"
Lentil,2015,10,2015-10-15,429,False,0,0,0,"<!doctype html><meta charset=""utf-8""><meta name=viewport content=""width=device-width, initial-scale=1""><title>429</title>429 Too Many Requests"
Lentil,2015,11,2015-11-01,429,False,0,0,0,"<!doctype html><meta charset=""utf-8""><meta name=viewport content=""width=device-width, initial-scale=1""><title>429</title>429 Too Many Requests"
Lentil,2015,11,2015-11-08,429,False,0,0,0,"<!doctype html><meta charset=""utf-8""><meta name=viewport content=""width=device-width, initial-scale=1""><title>429</title>429 Too Many Requests"
Lentil,2015,11,2015-11-15,429,False,0,0,0,"<!doctype html><meta charset=""utf-8""><meta name=viewport content=""width=device-width, initial-scale=1""><title>429</title>429 Too Many Requests"
Lentil,2015,12,2015-12-01,429,False,0,0,0,"<!doctype html><meta charset=""utf-8""><meta name=viewport content=""width=device-width, initial-scale=1""><title>429</title>429 Too Many Requests"
Lentil,2015,12,2015-12-08,429,False,0,0,0,"<!doctype html><meta charset=""utf-8""><meta name=viewport content=""width=device-width, initial-scale=1""><title>429</title>429 Too Many Requests"
Lentil,2015,12,2015-12-15,429,False,0,0,0,"<!doctype html><meta charset=""utf-8""><meta name=viewport content=""width=device-width, initial-scale=1""><title>429</title>429 Too Many Requests"
Lentil,2016,1,2016-01-01,429,False,0,0,0,"<!doctype html><meta charset=""utf-8""><meta name=viewport content=""width=device-width, initial-scale=1""><title>429</title>429 Too Many Requests"
Lentil,2016,1,2016-01-08,429,False,0,0,0,"<!doctype html><meta charset=""utf-8""><meta name=viewport content=""width=device-width, initial-scale=1""><title>429</title>429 Too Many Requests"
Lentil,2016,1,2016-01-15,429,False,0,0,0,"<!doctype html><meta charset=""utf-8""><meta name=viewport content=""width=device-width, initial-scale=1""><title>429</title>429 Too Many Requests"
Lentil,2016,2,2016-02-01,429,False,0,0,0,"<!doctype html><meta charset=""utf-8""><meta name=viewport content=""width=device-width, initial-scale=1""><title>429</title>429 Too Many Requests"
Lentil,2016,2,2016-02-08,429,False,0,0,0,"<!doctype html><meta charset=""utf-8""><meta name=viewport content=""width=device-width, initial-scale=1""><title>429</title>429 Too Many Requests"
Lentil,2016,2,2016-02-15,429,False,0,0,0,"<!doctype html><meta charset=""utf-8""><meta name=viewport content=""width=device-width, initial-scale=1""><title>429</title>429 Too Many Requests"
Lentil,2016,3,2016-03-01,429,False,0,0,0,"<!doctype html><meta charset=""utf-8""><meta name=viewport content=""width=device-width, initial-scale=1""><title>429</title>429 Too Many Requests"
Lentil,2016,3,2016-03-08,429,False,0,0,0,"<!doctype html><meta charset=""utf-8""><meta name=viewport content=""width=device-width, initial-scale=1""><title>429</title>429 Too Many Requests"
Lentil,2016,3,2016-03-15,429,False,0,0,0,"<!doctype html><meta charset=""utf-8""><meta name=viewport content=""width=device-width, initial-scale=1""><title>429</title>429 Too Many Requests"
Lentil,2016,4,2016-04-01,429,False,0,0,0,"<!doctype html><meta charset=""utf-8""><meta name=viewport content=""width=device-width, initial-scale=1""><title>429</title>429 Too Many Requests"
Lentil,2016,4,2016-04-08,429,False,0,0,0,"<!doctype html><meta charset=""utf-8""><meta name=viewport content=""width=device-width, initial-scale=1""><title>429</title>429 Too Many Requests"
Lentil,2016,4,2016-04-15,429,False,0,0,0,"<!doctype html><meta charset=""utf-8""><meta name=viewport content=""width=device-width, initial-scale=1""><title>429</title>429 Too Many Requests"
Lentil,2016,5,2016-05-01,429,False,0,0,0,"<!doctype html><meta charset=""utf-8""><meta name=viewport content=""width=device-width, initial-scale=1""><title>429</title>429 Too Many Requests"
Lentil,2016,5,2016-05-08,429,False,0,0,0,"<!doctype html><meta charset=""utf-8""><meta name=viewport content=""width=device-width, initial-scale=1""><title>429</title>429 Too Many Requests"
Lentil,2016,5,2016-05-15,429,False,0,0,0,"<!doctype html><meta charset=""utf-8""><meta name=viewport content=""width=device-width, initial-scale=1""><title>429</title>429 Too Many Requests"
Lentil,2016,6,2016-06-01,429,False,0,0,0,"<!doctype html><meta charset=""utf-8""><meta name=viewport content=""width=device-width, initial-scale=1""><title>429</title>429 Too Many Requests"
Lentil,2016,6,2016-06-08,429,False,0,0,0,"<!doctype html><meta charset=""utf-8""><meta name=viewport content=""width=device-width, initial-scale=1""><title>429</title>429 Too Many Requests"
Lentil,2016,6,2016-06-15,429,False,0,0,0,"<!doctype html><meta charset=""utf-8""><meta name=viewport content=""width=device-width, initial-scale=1""><title>429</title>429 Too Many Requests"
Lentil,2016,7,2016-07-01,429,False,0,0,0,"<!doctype html><meta charset=""utf-8""><meta name=viewport content=""width=device-width, initial-scale=1""><title>429</title>429 Too Many Requests"
Lentil,2016,7,2016-07-08,429,False,0,0,0,"<!doctype html><meta charset=""utf-8""><meta name=viewport content=""width=device-width, initial-scale=1""><title>429</title>429 Too Many Requests"
Lentil,2016,7,2016-07-15,429,False,0,0,0,"<!doctype html><meta charset=""utf-8""><meta name=viewport content=""width=device-width, initial-scale=1""><title>429</title>429 Too Many Requests"
Lentil,2016,8,2016-08-01,429,False,0,0,0,"<!doctype html><meta charset=""utf-8""><meta name=viewport content=""width=device-width, initial-scale=1""><title>429</title>429 Too Many Requests"
Lentil,2016,8,2016-08-08,429,False,0,0,0,"<!doctype html><meta charset=""utf-8""><meta name=viewport content=""width=device-width, initial-scale=1""><title>429</title>429 Too Many Requests"
Lentil,2016,8,2016-08-15,429,False,0,0,0,"<!doctype html><meta charset=""utf-8""><meta name=viewport content=""width=device-width, initial-scale=1""><title>429</title>429 Too Many Requests"
Lentil,2016,9,2016-09-01,429,False,0,0,0,"<!doctype html><meta charset=""utf-8""><meta name=viewport content=""width=device-width, initial-scale=1""><title>429</title>429 Too Many Requests"
Lentil,2016,9,2016-09-08,429,False,0,0,0,"<!doctype html><meta charset=""utf-8""><meta name=viewport content=""width=device-width, initial-scale=1""><title>429</title>429 Too Many Requests"
Lentil,2016,9,2016-09-15,429,False,0,0,0,"<!doctype html><meta charset=""utf-8""><meta name=viewport content=""width=device-width, initial-scale=1""><title>429</title>429 Too Many Requests"
Lentil,2016,10,2016-10-01,429,False,0,0,0,"<!doctype html><meta charset=""utf-8""><meta name=viewport content=""width=device-width, initial-scale=1""><title>429</title>429 Too Many Requests"
Lentil,2016,10,2016-10-08,429,False,0,0,0,"<!doctype html><meta charset=""utf-8""><meta name=viewport content=""width=device-width, initial-scale=1""><title>429</title>429 Too Many Requests"
Lentil,2016,10,2016-10-15,429,False,0,0,0,"<!doctype html><meta charset=""utf-8""><meta name=viewport content=""width=device-width, initial-scale=1""><title>429</title>429 Too Many Requests"
Lentil,2016,11,2016-11-01,429,False,0,0,0,"<!doctype html><meta charset=""utf-8""><meta name=viewport content=""width=device-width, initial-scale=1""><title>429</title>429 Too Many Requests"
Lentil,2016,11,2016-11-08,429,False,0,0,0,"<!doctype html><meta charset=""utf-8""><meta name=viewport content=""width=device-width, initial-scale=1""><title>429</title>429 Too Many Requests"
Lentil,2016,11,2016-11-15,429,False,0,0,0,"<!doctype html><meta charset=""utf-8""><meta name=viewport content=""width=device-width, initial-scale=1""><title>429</title>429 Too Many Requests"
Lentil,2016,12,2016-12-01,429,False,0,0,0,"<!doctype html><meta charset=""utf-8""><meta name=viewport content=""width=device-width, initial-scale=1""><title>429</title>429 Too Many Requests"
Lentil,2016,12,2016-12-08,429,False,0,0,0,"<!doctype html><meta charset=""utf-8""><meta name=viewport content=""width=device-width, initial-scale=1""><title>429</title>429 Too Many Requests"
Lentil,2016,12,2016-12-15,429,False,0,0,0,"<!doctype html><meta charset=""utf-8""><meta name=viewport content=""width=device-width, initial-scale=1""><title>429</title>429 Too Many Requests"
Lentil,2017,1,2017-01-01,429,False,0,0,0,"<!doctype html><meta charset=""utf-8""><meta name=viewport content=""width=device-width, initial-scale=1""><title>429</title>429 Too Many Requests"
Lentil,2017,1,2017-01-08,429,False,0,0,0,"<!doctype html><meta charset=""utf-8""><meta name=viewport content=""width=device-width, initial-scale=1""><title>429</title>429 Too Many Requests"
Lentil,2017,1,2017-01-15,429,False,0,0,0,"<!doctype html><meta charset=""utf-8""><meta name=viewport content=""width=device-width, initial-scale=1""><title>429</title>429 Too Many Requests"
Lentil,2017,2,2017-02-01,429,False,0,0,0,"<!doctype html><meta charset=""utf-8""><meta name=viewport content=""width=device-width, initial-scale=1""><title>429</title>429 Too Many Requests"
Lentil,2017,2,2017-02-08,429,False,0,0,0,"<!doctype html><meta charset=""utf-8""><meta name=viewport content=""width=device-width, initial-scale=1""><title>429</title>429 Too Many Requests"
Lentil,2017,2,2017-02-15,429,False,0,0,0,"<!doctype html><meta charset=""utf-8""><meta name=viewport content=""width=device-width, initial-scale=1""><title>429</title>429 Too Many Requests"
Lentil,2017,3,2017-03-01,429,False,0,0,0,"<!doctype html><meta charset=""utf-8""><meta name=viewport content=""width=device-width, initial-scale=1""><title>429</title>429 Too Many Requests"
Lentil,2017,3,2017-03-08,429,False,0,0,0,"<!doctype html><meta charset=""utf-8""><meta name=viewport content=""width=device-width, initial-scale=1""><title>429</title>429 Too Many Requests"
Lentil,2017,3,2017-03-15,429,False,0,0,0,"<!doctype html><meta charset=""utf-8""><meta name=viewport content=""width=device-width, initial-scale=1""><title>429</title>429 Too Many Requests"
Lentil,2017,4,2017-04-01,429,False,0,0,0,"<!doctype html><meta charset=""utf-8""><meta name=viewport content=""width=device-width, initial-scale=1""><title>429</title>429 Too Many Requests"
Lentil,2017,4,2017-04-08,429,False,0,0,0,"<!doctype html><meta charset=""utf-8""><meta name=viewport content=""width=device-width, initial-scale=1""><title>429</title>429 Too Many Requests"
Lentil,2017,4,2017-04-15,429,False,0,0,0,"<!doctype html><meta charset=""utf-8""><meta name=viewport content=""width=device-width, initial-scale=1""><title>429</title>429 Too Many Requests"
Lentil,2017,5,2017-05-01,429,False,0,0,0,"<!doctype html><meta charset=""utf-8""><meta name=viewport content=""width=device-width, initial-scale=1""><title>429</title>429 Too Many Requests"
Lentil,2017,5,2017-05-08,429,False,0,0,0,"<!doctype html><meta charset=""utf-8""><meta name=viewport content=""width=device-width, initial-scale=1""><title>429</title>429 Too Many Requests"
Lentil,2017,5,2017-05-15,429,False,0,0,0,"<!doctype html><meta charset=""utf-8""><meta name=viewport content=""width=device-width, initial-scale=1""><title>429</title>429 Too Many Requests"
Lentil,2017,6,2017-06-01,429,False,0,0,0,"<!doctype html><meta charset=""utf-8""><meta name=viewport content=""width=device-width, initial-scale=1""><title>429</title>429 Too Many Requests"
Lentil,2017,6,2017-06-08,429,False,0,0,0,"<!doctype html><meta charset=""utf-8""><meta name=viewport content=""width=device-width, initial-scale=1""><title>429</title>429 Too Many Requests"
Lentil,2017,6,2017-06-15,429,False,0,0,0,"<!doctype html><meta charset=""utf-8""><meta name=viewport content=""width=device-width, initial-scale=1""><title>429</title>429 Too Many Requests"
Lentil,2017,7,2017-07-01,429,False,0,0,0,"<!doctype html><meta charset=""utf-8""><meta name=viewport content=""width=device-width, initial-scale=1""><title>429</title>429 Too Many Requests"
Lentil,2017,7,2017-07-08,429,False,0,0,0,"<!doctype html><meta charset=""utf-8""><meta name=viewport content=""width=device-width, initial-scale=1""><title>429</title>429 Too Many Requests"
Lentil,2017,7,2017-07-15,429,False,0,0,0,"<!doctype html><meta charset=""utf-8""><meta name=viewport content=""width=device-width, initial-scale=1""><title>429</title>429 Too Many Requests"
Lentil,2017,8,2017-08-01,429,False,0,0,0,"<!doctype html><meta charset=""utf-8""><meta name=viewport content=""width=device-width, initial-scale=1""><title>429</title>429 Too Many Requests"
Lentil,2017,8,2017-08-08,429,False,0,0,0,"<!doctype html><meta charset=""utf-8""><meta name=viewport content=""width=device-width, initial-scale=1""><title>429</title>429 Too Many Requests"
Lentil,2017,8,2017-08-15,429,False,0,0,0,"<!doctype html><meta charset=""utf-8""><meta name=viewport content=""width=device-width, initial-scale=1""><title>429</title>429 Too Many Requests"
Lentil,2017,9,2017-09-01,429,False,0,0,0,"<!doctype html><meta charset=""utf-8""><meta name=viewport content=""width=device-width, initial-scale=1""><title>429</title>429 Too Many Requests"
Lentil,2017,9,2017-09-08,429,False,0,0,0,"<!doctype html><meta charset=""utf-8""><meta name=viewport content=""width=device-width, initial-scale=1""><title>429</title>429 Too Many Requests"
Lentil,2017,9,2017-09-15,429,False,0,0,0,"<!doctype html><meta charset=""utf-8""><meta name=viewport content=""width=device-width, initial-scale=1""><title>429</title>429 Too Many Requests"
Lentil,2017,10,2017-10-01,429,False,0,0,0,"<!doctype html><meta charset=""utf-8""><meta name=viewport content=""width=device-width, initial-scale=1""><title>429</title>429 Too Many Requests"
Lentil,2017,10,2017-10-08,429,False,0,0,0,"<!doctype html><meta charset=""utf-8""><meta name=viewport content=""width=device-width, initial-scale=1""><title>429</title>429 Too Many Requests"
Lentil,2017,10,2017-10-15,429,False,0,0,0,"<!doctype html><meta charset=""utf-8""><meta name=viewport content=""width=device-width, initial-scale=1""><title>429</title>429 Too Many Requests"
Lentil,2017,11,2017-11-01,429,False,0,0,0,"<!doctype html><meta charset=""utf-8""><meta name=viewport content=""width=device-width, initial-scale=1""><title>429</title>429 Too Many Requests"
Lentil,2017,11,2017-11-08,429,False,0,0,0,"<!doctype html><meta charset=""utf-8""><meta name=viewport content=""width=device-width, initial-scale=1""><title>429</title>429 Too Many Requests"
Lentil,2017,11,2017-11-15,429,False,0,0,0,"<!doctype html><meta charset=""utf-8""><meta name=viewport content=""width=device-width, initial-scale=1""><title>429</title>429 Too Many Requests"
Lentil,2017,12,2017-12-01,429,False,0,0,0,"<!doctype html><meta charset=""utf-8""><meta name=viewport content=""width=device-width, initial-scale=1""><title>429</title>429 Too Many Requests"
Lentil,2017,12,2017-12-08,429,False,0,0,0,"<!doctype html><meta charset=""utf-8""><meta name=viewport content=""width=device-width, initial-scale=1""><title>429</title>429 Too Many Requests"
Lentil,2017,12,2017-12-15,429,False,0,0,0,"<!doctype html><meta charset=""utf-8""><meta name=viewport content=""width=device-width, initial-scale=1""><title>429</title>429 Too Many Requests"
Lentil,2018,1,2018-01-01,429,False,0,0,0,"<!doctype html><meta charset=""utf-8""><meta name=viewport content=""width=device-width, initial-scale=1""><title>429</title>429 Too Many Requests"
Lentil,2018,1,2018-01-08,429,False,0,0,0,"<!doctype html><meta charset=""utf-8""><meta name=viewport content=""width=device-width, initial-scale=1""><title>429</title>429 Too Many Requests"
Lentil,2018,1,2018-01-15,429,False,0,0,0,"<!doctype html><meta charset=""utf-8""><meta name=viewport content=""width=device-width, initial-scale=1""><title>429</title>429 Too Many Requests"
Lentil,2018,2,2018-02-01,429,False,0,0,0,"<!doctype html><meta charset=""utf-8""><meta name=viewport content=""width=device-width, initial-scale=1""><title>429</title>429 Too Many Requests"
Lentil,2018,2,2018-02-08,429,False,0,0,0,"<!doctype html><meta charset=""utf-8""><meta name=viewport content=""width=device-width, initial-scale=1""><title>429</title>429 Too Many Requests"
Lentil,2018,2,2018-02-15,429,False,0,0,0,"<!doctype html><meta charset=""utf-8""><meta name=viewport content=""width=device-width, initial-scale=1""><title>429</title>429 Too Many Requests"
Lentil,2018,3,2018-03-01,429,False,0,0,0,"<!doctype html><meta charset=""utf-8""><meta name=viewport content=""width=device-width, initial-scale=1""><title>429</title>429 Too Many Requests"
Lentil,2018,3,2018-03-08,429,False,0,0,0,"<!doctype html><meta charset=""utf-8""><meta name=viewport content=""width=device-width, initial-scale=1""><title>429</title>429 Too Many Requests"
Lentil,2018,3,2018-03-15,429,False,0,0,0,"<!doctype html><meta charset=""utf-8""><meta name=viewport content=""width=device-width, initial-scale=1""><title>429</title>429 Too Many Requests"
Lentil,2018,4,2018-04-01,429,False,0,0,0,"<!doctype html><meta charset=""utf-8""><meta name=viewport content=""width=device-width, initial-scale=1""><title>429</title>429 Too Many Requests"
Lentil,2018,4,2018-04-08,429,False,0,0,0,"<!doctype html><meta charset=""utf-8""><meta name=viewport content=""width=device-width, initial-scale=1""><title>429</title>429 Too Many Requests"
Lentil,2018,4,2018-04-15,429,False,0,0,0,"<!doctype html><meta charset=""utf-8""><meta name=viewport content=""width=device-width, initial-scale=1""><title>429</title>429 Too Many Requests"
Lentil,2018,5,2018-05-01,429,False,0,0,0,"<!doctype html><meta charset=""utf-8""><meta name=viewport content=""width=device-width, initial-scale=1""><title>429</title>429 Too Many Requests"
Lentil,2018,5,2018-05-08,429,False,0,0,0,"<!doctype html><meta charset=""utf-8""><meta name=viewport content=""width=device-width, initial-scale=1""><title>429</title>429 Too Many Requests"
Lentil,2018,5,2018-05-15,429,False,0,0,0,"<!doctype html><meta charset=""utf-8""><meta name=viewport content=""width=device-width, initial-scale=1""><title>429</title>429 Too Many Requests"
Lentil,2018,6,2018-06-01,429,False,0,0,0,"<!doctype html><meta charset=""utf-8""><meta name=viewport content=""width=device-width, initial-scale=1""><title>429</title>429 Too Many Requests"
Lentil,2018,6,2018-06-08,429,False,0,0,0,"<!doctype html><meta charset=""utf-8""><meta name=viewport content=""width=device-width, initial-scale=1""><title>429</title>429 Too Many Requests"
Lentil,2018,6,2018-06-15,429,False,0,0,0,"<!doctype html><meta charset=""utf-8""><meta name=viewport content=""width=device-width, initial-scale=1""><title>429</title>429 Too Many Requests"
Lentil,2018,7,2018-07-01,429,False,0,0,0,"<!doctype html><meta charset=""utf-8""><meta name=viewport content=""width=device-width, initial-scale=1""><title>429</title>429 Too Many Requests"
Lentil,2018,7,2018-07-08,429,False,0,0,0,"<!doctype html><meta charset=""utf-8""><meta name=viewport content=""width=device-width, initial-scale=1""><title>429</title>429 Too Many Requests"
Lentil,2018,7,2018-07-15,429,False,0,0,0,"<!doctype html><meta charset=""utf-8""><meta name=viewport content=""width=device-width, initial-scale=1""><title>429</title>429 Too Many Requests"
Lentil,2018,8,2018-08-01,429,False,0,0,0,"<!doctype html><meta charset=""utf-8""><meta name=viewport content=""width=device-width, initial-scale=1""><title>429</title>429 Too Many Requests"
Lentil,2018,8,2018-08-08,429,False,0,0,0,"<!doctype html><meta charset=""utf-8""><meta name=viewport content=""width=device-width, initial-scale=1""><title>429</title>429 Too Many Requests"
Lentil,2018,8,2018-08-15,429,False,0,0,0,"<!doctype html><meta charset=""utf-8""><meta name=viewport content=""width=device-width, initial-scale=1""><title>429</title>429 Too Many Requests"
Lentil,2018,9,2018-09-01,429,False,0,0,0,"<!doctype html><meta charset=""utf-8""><meta name=viewport content=""width=device-width, initial-scale=1""><title>429</title>429 Too Many Requests"
Lentil,2018,9,2018-09-08,429,False,0,0,0,"<!doctype html><meta charset=""utf-8""><meta name=viewport content=""width=device-width, initial-scale=1""><title>429</title>429 Too Many Requests"
Lentil,2018,9,2018-09-15,429,False,0,0,0,"<!doctype html><meta charset=""utf-8""><meta name=viewport content=""width=device-width, initial-scale=1""><title>429</title>429 Too Many Requests"
Lentil,2018,10,2018-10-01,429,False,0,0,0,"<!doctype html><meta charset=""utf-8""><meta name=viewport content=""width=device-width, initial-scale=1""><title>429</title>429 Too Many Requests"
Lentil,2018,10,2018-10-08,429,False,0,0,0,"<!doctype html><meta charset=""utf-8""><meta name=viewport content=""width=device-width, initial-scale=1""><title>429</title>429 Too Many Requests"
Lentil,2018,10,2018-10-15,429,False,0,0,0,"<!doctype html><meta charset=""utf-8""><meta name=viewport content=""width=device-width, initial-scale=1""><title>429</title>429 Too Many Requests"
Lentil,2018,11,2018-11-01,429,False,0,0,0,"<!doctype html><meta charset=""utf-8""><meta name=viewport content=""width=device-width, initial-scale=1""><title>429</title>429 Too Many Requests"
Lentil,2018,11,2018-11-08,429,False,0,0,0,"<!doctype html><meta charset=""utf-8""><meta name=viewport content=""width=device-width, initial-scale=1""><title>429</title>429 Too Many Requests"
Lentil,2018,11,2018-11-15,429,False,0,0,0,"<!doctype html><meta charset=""utf-8""><meta name=viewport content=""width=device-width, initial-scale=1""><title>429</title>429 Too Many Requests"
Lentil,2018,12,2018-12-01,429,False,0,0,0,"<!doctype html><meta charset=""utf-8""><meta name=viewport content=""width=device-width, initial-scale=1""><title>429</title>429 Too Many Requests"
Lentil,2018,12,2018-12-08,429,False,0,0,0,"<!doctype html><meta charset=""utf-8""><meta name=viewport content=""width=device-width, initial-scale=1""><title>429</title>429 Too Many Requests"
Lentil,2018,12,2018-12-15,429,False,0,0,0,"<!doctype html><meta charset=""utf-8""><meta name=viewport content=""width=device-width, initial-scale=1""><title>429</title>429 Too Many Requests"
Lentil,2019,1,2019-01-01,429,False,0,0,0,"<!doctype html><meta charset=""utf-8""><meta name=viewport content=""width=device-width, initial-scale=1""><title>429</title>429 Too Many Requests"
Lentil,2019,1,2019-01-08,429,False,0,0,0,"<!doctype html><meta charset=""utf-8""><meta name=viewport content=""width=device-width, initial-scale=1""><title>429</title>429 Too Many Requests"
Lentil,2019,1,2019-01-15,429,False,0,0,0,"<!doctype html><meta charset=""utf-8""><meta name=viewport content=""width=device-width, initial-scale=1""><title>429</title>429 Too Many Requests"
Lentil,2019,2,2019-02-01,429,False,0,0,0,"<!doctype html><meta charset=""utf-8""><meta name=viewport content=""width=device-width, initial-scale=1""><title>429</title>429 Too Many Requests"
Lentil,2019,2,2019-02-08,429,False,0,0,0,"<!doctype html><meta charset=""utf-8""><meta name=viewport content=""width=device-width, initial-scale=1""><title>429</title>429 Too Many Requests"
Lentil,2019,2,2019-02-15,429,False,0,0,0,"<!doctype html><meta charset=""utf-8""><meta name=viewport content=""width=device-width, initial-scale=1""><title>429</title>429 Too Many Requests"
Lentil,2019,3,2019-03-01,429,False,0,0,0,"<!doctype html><meta charset=""utf-8""><meta name=viewport content=""width=device-width, initial-scale=1""><title>429</title>429 Too Many Requests"
Lentil,2019,3,2019-03-08,429,False,0,0,0,"<!doctype html><meta charset=""utf-8""><meta name=viewport content=""width=device-width, initial-scale=1""><title>429</title>429 Too Many Requests"
Lentil,2019,3,2019-03-15,429,False,0,0,0,"<!doctype html><meta charset=""utf-8""><meta name=viewport content=""width=device-width, initial-scale=1""><title>429</title>429 Too Many Requests"
Lentil,2019,4,2019-04-01,429,False,0,0,0,"<!doctype html><meta charset=""utf-8""><meta name=viewport content=""width=device-width, initial-scale=1""><title>429</title>429 Too Many Requests"
Lentil,2019,4,2019-04-08,429,False,0,0,0,"<!doctype html><meta charset=""utf-8""><meta name=viewport content=""width=device-width, initial-scale=1""><title>429</title>429 Too Many Requests"
Lentil,2019,4,2019-04-15,429,False,0,0,0,"<!doctype html><meta charset=""utf-8""><meta name=viewport content=""width=device-width, initial-scale=1""><title>429</title>429 Too Many Requests"
Lentil,2019,5,2019-05-01,429,False,0,0,0,"<!doctype html><meta charset=""utf-8""><meta name=viewport content=""width=device-width, initial-scale=1""><title>429</title>429 Too Many Requests"
Lentil,2019,5,2019-05-08,429,False,0,0,0,"<!doctype html><meta charset=""utf-8""><meta name=viewport content=""width=device-width, initial-scale=1""><title>429</title>429 Too Many Requests"
Lentil,2019,5,2019-05-15,429,False,0,0,0,"<!doctype html><meta charset=""utf-8""><meta name=viewport content=""width=device-width, initial-scale=1""><title>429</title>429 Too Many Requests"
Lentil,2019,6,2019-06-01,429,False,0,0,0,"<!doctype html><meta charset=""utf-8""><meta name=viewport content=""width=device-width, initial-scale=1""><title>429</title>429 Too Many Requests"
Lentil,2019,6,2019-06-08,429,False,0,0,0,"<!doctype html><meta charset=""utf-8""><meta name=viewport content=""width=device-width, initial-scale=1""><title>429</title>429 Too Many Requests"
Lentil,2019,6,2019-06-15,429,False,0,0,0,"<!doctype html><meta charset=""utf-8""><meta name=viewport content=""width=device-width, initial-scale=1""><title>429</title>429 Too Many Requests"
Lentil,2019,7,2019-07-01,429,False,0,0,0,"<!doctype html><meta charset=""utf-8""><meta name=viewport content=""width=device-width, initial-scale=1""><title>429</title>429 Too Many Requests"
Lentil,2019,7,2019-07-08,429,False,0,0,0,"<!doctype html><meta charset=""utf-8""><meta name=viewport content=""width=device-width, initial-scale=1""><title>429</title>429 Too Many Requests"
Lentil,2019,7,2019-07-15,429,False,0,0,0,"<!doctype html><meta charset=""utf-8""><meta name=viewport content=""width=device-width, initial-scale=1""><title>429</title>429 Too Many Requests"
Lentil,2019,8,2019-08-01,429,False,0,0,0,"<!doctype html><meta charset=""utf-8""><meta name=viewport content=""width=device-width, initial-scale=1""><title>429</title>429 Too Many Requests"
Lentil,2019,8,2019-08-08,429,False,0,0,0,"<!doctype html><meta charset=""utf-8""><meta name=viewport content=""width=device-width, initial-scale=1""><title>429</title>429 Too Many Requests"
Lentil,2019,8,2019-08-15,429,False,0,0,0,"<!doctype html><meta charset=""utf-8""><meta name=viewport content=""width=device-width, initial-scale=1""><title>429</title>429 Too Many Requests"
Lentil,2019,9,2019-09-01,429,False,0,0,0,"<!doctype html><meta charset=""utf-8""><meta name=viewport content=""width=device-width, initial-scale=1""><title>429</title>429 Too Many Requests"
Lentil,2019,9,2019-09-08,429,False,0,0,0,"<!doctype html><meta charset=""utf-8""><meta name=viewport content=""width=device-width, initial-scale=1""><title>429</title>429 Too Many Requests"
Lentil,2019,9,2019-09-15,429,False,0,0,0,"<!doctype html><meta charset=""utf-8""><meta name=viewport content=""width=device-width, initial-scale=1""><title>429</title>429 Too Many Requests"
Lentil,2019,10,2019-10-01,429,False,0,0,0,"<!doctype html><meta charset=""utf-8""><meta name=viewport content=""width=device-width, initial-scale=1""><title>429</title>429 Too Many Requests"
Lentil,2019,10,2019-10-08,429,False,0,0,0,"<!doctype html><meta charset=""utf-8""><meta name=viewport content=""width=device-width, initial-scale=1""><title>429</title>429 Too Many Requests"
Lentil,2019,10,2019-10-15,429,False,0,0,0,"<!doctype html><meta charset=""utf-8""><meta name=viewport content=""width=device-width, initial-scale=1""><title>429</title>429 Too Many Requests"
Lentil,2019,11,2019-11-01,429,False,0,0,0,"<!doctype html><meta charset=""utf-8""><meta name=viewport content=""width=device-width, initial-scale=1""><title>429</title>429 Too Many Requests"
Lentil,2019,11,2019-11-08,429,False,0,0,0,"<!doctype html><meta charset=""utf-8""><meta name=viewport content=""width=device-width, initial-scale=1""><title>429</title>429 Too Many Requests"
Lentil,2019,11,2019-11-15,429,False,0,0,0,"<!doctype html><meta charset=""utf-8""><meta name=viewport content=""width=device-width, initial-scale=1""><title>429</title>429 Too Many Requests"
Lentil,2019,12,2019-12-01,429,False,0,0,0,"<!doctype html><meta charset=""utf-8""><meta name=viewport content=""width=device-width, initial-scale=1""><title>429</title>429 Too Many Requests"
Lentil,2019,12,2019-12-08,429,False,0,0,0,"<!doctype html><meta charset=""utf-8""><meta name=viewport content=""width=device-width, initial-scale=1""><title>429</title>429 Too Many Requests"
Lentil,2019,12,2019-12-15,429,False,0,0,0,"<!doctype html><meta charset=""utf-8""><meta name=viewport content=""width=device-width, initial-scale=1""><title>429</title>429 Too Many Requests"
Lentil,2020,1,2020-01-01,429,False,0,0,0,"<!doctype html><meta charset=""utf-8""><meta name=viewport content=""width=device-width, initial-scale=1""><title>429</title>429 Too Many Requests"
Lentil,2020,1,2020-01-08,429,False,0,0,0,"<!doctype html><meta charset=""utf-8""><meta name=viewport content=""width=device-width, initial-scale=1""><title>429</title>429 Too Many Requests"
Lentil,2020,1,2020-01-15,429,False,0,0,0,"<!doctype html><meta charset=""utf-8""><meta name=viewport content=""width=device-width, initial-scale=1""><title>429</title>429 Too Many Requests"
Lentil,2020,2,2020-02-01,429,False,0,0,0,"<!doctype html><meta charset=""utf-8""><meta name=viewport content=""width=device-width, initial-scale=1""><title>429</title>429 Too Many Requests"
Lentil,2020,2,2020-02-08,429,False,0,0,0,"<!doctype html><meta charset=""utf-8""><meta name=viewport content=""width=device-width, initial-scale=1""><title>429</title>429 Too Many Requests"
Lentil,2020,2,2020-02-15,429,False,0,0,0,"<!doctype html><meta charset=""utf-8""><meta name=viewport content=""width=device-width, initial-scale=1""><title>429</title>429 Too Many Requests"
Lentil,2020,3,2020-03-01,429,False,0,0,0,"<!doctype html><meta charset=""utf-8""><meta name=viewport content=""width=device-width, initial-scale=1""><title>429</title>429 Too Many Requests"
Lentil,2020,3,2020-03-08,429,False,0,0,0,"<!doctype html><meta charset=""utf-8""><meta name=viewport content=""width=device-width, initial-scale=1""><title>429</title>429 Too Many Requests"
Lentil,2020,3,2020-03-15,429,False,0,0,0,"<!doctype html><meta charset=""utf-8""><meta name=viewport content=""width=device-width, initial-scale=1""><title>429</title>429 Too Many Requests"
Lentil,2020,4,2020-04-01,429,False,0,0,0,"<!doctype html><meta charset=""utf-8""><meta name=viewport content=""width=device-width, initial-scale=1""><title>429</title>429 Too Many Requests"
Lentil,2020,4,2020-04-08,429,False,0,0,0,"<!doctype html><meta charset=""utf-8""><meta name=viewport content=""width=device-width, initial-scale=1""><title>429</title>429 Too Many Requests"
Lentil,2020,4,2020-04-15,429,False,0,0,0,"<!doctype html><meta charset=""utf-8""><meta name=viewport content=""width=device-width, initial-scale=1""><title>429</title>429 Too Many Requests"
Lentil,2020,5,2020-05-01,429,False,0,0,0,"<!doctype html><meta charset=""utf-8""><meta name=viewport content=""width=device-width, initial-scale=1""><title>429</title>429 Too Many Requests"
Lentil,2020,5,2020-05-08,429,False,0,0,0,"<!doctype html><meta charset=""utf-8""><meta name=viewport content=""width=device-width, initial-scale=1""><title>429</title>429 Too Many Requests"
Lentil,2020,5,2020-05-15,429,False,0,0,0,"<!doctype html><meta charset=""utf-8""><meta name=viewport content=""width=device-width, initial-scale=1""><title>429</title>429 Too Many Requests"
Lentil,2020,6,2020-06-01,429,False,0,0,0,"<!doctype html><meta charset=""utf-8""><meta name=viewport content=""width=device-width, initial-scale=1""><title>429</title>429 Too Many Requests"
Lentil,2020,6,2020-06-08,429,False,0,0,0,"<!doctype html><meta charset=""utf-8""><meta name=viewport content=""width=device-width, initial-scale=1""><title>429</title>429 Too Many Requests"
Lentil,2020,6,2020-06-15,429,False,0,0,0,"<!doctype html><meta charset=""utf-8""><meta name=viewport content=""width=device-width, initial-scale=1""><title>429</title>429 Too Many Requests"
Lentil,2020,7,2020-07-01,429,False,0,0,0,"<!doctype html><meta charset=""utf-8""><meta name=viewport content=""width=device-width, initial-scale=1""><title>429</title>429 Too Many Requests"
Lentil,2020,7,2020-07-08,429,False,0,0,0,"<!doctype html><meta charset=""utf-8""><meta name=viewport content=""width=device-width, initial-scale=1""><title>429</title>429 Too Many Requests"
Lentil,2020,7,2020-07-15,429,False,0,0,0,"<!doctype html><meta charset=""utf-8""><meta name=viewport content=""width=device-width, initial-scale=1""><title>429</title>429 Too Many Requests"
Lentil,2020,8,2020-08-01,429,False,0,0,0,"<!doctype html><meta charset=""utf-8""><meta name=viewport content=""width=device-width, initial-scale=1""><title>429</title>429 Too Many Requests"
Lentil,2020,8,2020-08-08,429,False,0,0,0,"<!doctype html><meta charset=""utf-8""><meta name=viewport content=""width=device-width, initial-scale=1""><title>429</title>429 Too Many Requests"
Lentil,2020,8,2020-08-15,429,False,0,0,0,"<!doctype html><meta charset=""utf-8""><meta name=viewport content=""width=device-width, initial-scale=1""><title>429</title>429 Too Many Requests"
Lentil,2020,9,2020-09-01,429,False,0,0,0,"<!doctype html><meta charset=""utf-8""><meta name=viewport content=""width=device-width, initial-scale=1""><title>429</title>429 Too Many Requests"
Lentil,2020,9,2020-09-08,429,False,0,0,0,"<!doctype html><meta charset=""utf-8""><meta name=viewport content=""width=device-width, initial-scale=1""><title>429</title>429 Too Many Requests"
Lentil,2020,9,2020-09-15,429,False,0,0,0,"<!doctype html><meta charset=""utf-8""><meta name=viewport content=""width=device-width, initial-scale=1""><title>429</title>429 Too Many Requests"
Lentil,2020,10,2020-10-01,429,False,0,0,0,"<!doctype html><meta charset=""utf-8""><meta name=viewport content=""width=device-width, initial-scale=1""><title>429</title>429 Too Many Requests"
Lentil,2020,10,2020-10-08,429,False,0,0,0,"<!doctype html><meta charset=""utf-8""><meta name=viewport content=""width=device-width, initial-scale=1""><title>429</title>429 Too Many Requests"
Lentil,2020,10,2020-10-15,429,False,0,0,0,"<!doctype html><meta charset=""utf-8""><meta name=viewport content=""width=device-width, initial-scale=1""><title>429</title>429 Too Many Requests"
Lentil,2020,11,2020-11-01,429,False,0,0,0,"<!doctype html><meta charset=""utf-8""><meta name=viewport content=""width=device-width, initial-scale=1""><title>429</title>429 Too Many Requests"
Lentil,2020,11,2020-11-08,429,False,0,0,0,"<!doctype html><meta charset=""utf-8""><meta name=viewport content=""width=device-width, initial-scale=1""><title>429</title>429 Too Many Requests"
Lentil,2020,11,2020-11-15,429,False,0,0,0,"<!doctype html><meta charset=""utf-8""><meta name=viewport content=""width=device-width, initial-scale=1""><title>429</title>429 Too Many Requests"
Lentil,2020,12,2020-12-01,429,False,0,0,0,"<!doctype html><meta charset=""utf-8""><meta name=viewport content=""width=device-width, initial-scale=1""><title>429</title>429 Too Many Requests"
Lentil,2020,12,2020-12-08,429,False,0,0,0,"<!doctype html><meta charset=""utf-8""><meta name=viewport content=""width=device-width, initial-scale=1""><title>429</title>429 Too Many Requests"
Lentil,2020,12,2020-12-15,429,False,0,0,0,"<!doctype html><meta charset=""utf-8""><meta name=viewport content=""width=device-width, initial-scale=1""><title>429</title>429 Too Many Requests"
Lentil,2021,1,2021-01-01,429,False,0,0,0,"<!doctype html><meta charset=""utf-8""><meta name=viewport content=""width=device-width, initial-scale=1""><title>429</title>429 Too Many Requests"
Lentil,2021,1,2021-01-08,429,False,0,0,0,"<!doctype html><meta charset=""utf-8""><meta name=viewport content=""width=device-width, initial-scale=1""><title>429</title>429 Too Many Requests"
Lentil,2021,1,2021-01-15,429,False,0,0,0,"<!doctype html><meta charset=""utf-8""><meta name=viewport content=""width=device-width, initial-scale=1""><title>429</title>429 Too Many Requests"
Lentil,2021,2,2021-02-01,429,False,0,0,0,"<!doctype html><meta charset=""utf-8""><meta name=viewport content=""width=device-width, initial-scale=1""><title>429</title>429 Too Many Requests"
Lentil,2021,2,2021-02-08,429,False,0,0,0,"<!doctype html><meta charset=""utf-8""><meta name=viewport content=""width=device-width, initial-scale=1""><title>429</title>429 Too Many Requests"
Lentil,2021,2,2021-02-15,429,False,0,0,0,"<!doctype html><meta charset=""utf-8""><meta name=viewport content=""width=device-width, initial-scale=1""><title>429</title>429 Too Many Requests"
Lentil,2021,3,2021-03-01,429,False,0,0,0,"<!doctype html><meta charset=""utf-8""><meta name=viewport content=""width=device-width, initial-scale=1""><title>429</title>429 Too Many Requests"
Lentil,2021,3,2021-03-08,429,False,0,0,0,"<!doctype html><meta charset=""utf-8""><meta name=viewport content=""width=device-width, initial-scale=1""><title>429</title>429 Too Many Requests"
Lentil,2021,3,2021-03-15,429,False,0,0,0,"<!doctype html><meta charset=""utf-8""><meta name=viewport content=""width=device-width, initial-scale=1""><title>429</title>429 Too Many Requests"
Lentil,2021,4,2021-04-01,429,False,0,0,0,"<!doctype html><meta charset=""utf-8""><meta name=viewport content=""width=device-width, initial-scale=1""><title>429</title>429 Too Many Requests"
Lentil,2021,4,2021-04-08,429,False,0,0,0,"<!doctype html><meta charset=""utf-8""><meta name=viewport content=""width=device-width, initial-scale=1""><title>429</title>429 Too Many Requests"
Lentil,2021,4,2021-04-15,429,False,0,0,0,"<!doctype html><meta charset=""utf-8""><meta name=viewport content=""width=device-width, initial-scale=1""><title>429</title>429 Too Many Requests"
Lentil,2021,5,2021-05-01,429,False,0,0,0,"<!doctype html><meta charset=""utf-8""><meta name=viewport content=""width=device-width, initial-scale=1""><title>429</title>429 Too Many Requests"
Lentil,2021,5,2021-05-08,429,False,0,0,0,"<!doctype html><meta charset=""utf-8""><meta name=viewport content=""width=device-width, initial-scale=1""><title>429</title>429 Too Many Requests"
Lentil,2021,5,2021-05-15,429,False,0,0,0,"<!doctype html><meta charset=""utf-8""><meta name=viewport content=""width=device-width, initial-scale=1""><title>429</title>429 Too Many Requests"
Lentil,2021,6,2021-06-01,429,False,0,0,0,"<!doctype html><meta charset=""utf-8""><meta name=viewport content=""width=device-width, initial-scale=1""><title>429</title>429 Too Many Requests"
Lentil,2021,6,2021-06-08,429,False,0,0,0,"<!doctype html><meta charset=""utf-8""><meta name=viewport content=""width=device-width, initial-scale=1""><title>429</title>429 Too Many Requests"
Lentil,2021,6,2021-06-15,429,False,0,0,0,"<!doctype html><meta charset=""utf-8""><meta name=viewport content=""width=device-width, initial-scale=1""><title>429</title>429 Too Many Requests"
Lentil,2021,7,2021-07-01,429,False,0,0,0,"<!doctype html><meta charset=""utf-8""><meta name=viewport content=""width=device-width, initial-scale=1""><title>429</title>429 Too Many Requests"
Lentil,2021,7,2021-07-08,429,False,0,0,0,"<!doctype html><meta charset=""utf-8""><meta name=viewport content=""width=device-width, initial-scale=1""><title>429</title>429 Too Many Requests"
Lentil,2021,7,2021-07-15,429,False,0,0,0,"<!doctype html><meta charset=""utf-8""><meta name=viewport content=""width=device-width, initial-scale=1""><title>429</title>429 Too Many Requests"
Lentil,2021,8,2021-08-01,429,False,0,0,0,"<!doctype html><meta charset=""utf-8""><meta name=viewport content=""width=device-width, initial-scale=1""><title>429</title>429 Too Many Requests"
Lentil,2021,8,2021-08-08,429,False,0,0,0,"<!doctype html><meta charset=""utf-8""><meta name=viewport content=""width=device-width, initial-scale=1""><title>429</title>429 Too Many Requests"
Lentil,2021,8,2021-08-15,429,False,0,0,0,"<!doctype html><meta charset=""utf-8""><meta name=viewport content=""width=device-width, initial-scale=1""><title>429</title>429 Too Many Requests"
Lentil,2021,9,2021-09-01,429,False,0,0,0,"<!doctype html><meta charset=""utf-8""><meta name=viewport content=""width=device-width, initial-scale=1""><title>429</title>429 Too Many Requests"
Lentil,2021,9,2021-09-08,429,False,0,0,0,"<!doctype html><meta charset=""utf-8""><meta name=viewport content=""width=device-width, initial-scale=1""><title>429</title>429 Too Many Requests"
Lentil,2021,9,2021-09-15,429,False,0,0,0,"<!doctype html><meta charset=""utf-8""><meta name=viewport content=""width=device-width, initial-scale=1""><title>429</title>429 Too Many Requests"
Lentil,2021,10,2021-10-01,429,False,0,0,0,"<!doctype html><meta charset=""utf-8""><meta name=viewport content=""width=device-width, initial-scale=1""><title>429</title>429 Too Many Requests"
Lentil,2021,10,2021-10-08,429,False,0,0,0,"<!doctype html><meta charset=""utf-8""><meta name=viewport content=""width=device-width, initial-scale=1""><title>429</title>429 Too Many Requests"
Lentil,2021,10,2021-10-15,429,False,0,0,0,"<!doctype html><meta charset=""utf-8""><meta name=viewport content=""width=device-width, initial-scale=1""><title>429</title>429 Too Many Requests"
Lentil,2021,11,2021-11-01,429,False,0,0,0,"<!doctype html><meta charset=""utf-8""><meta name=viewport content=""width=device-width, initial-scale=1""><title>429</title>429 Too Many Requests"
Lentil,2021,11,2021-11-08,429,False,0,0,0,"<!doctype html><meta charset=""utf-8""><meta name=viewport content=""width=device-width, initial-scale=1""><title>429</title>429 Too Many Requests"
Lentil,2021,11,2021-11-15,429,False,0,0,0,"<!doctype html><meta charset=""utf-8""><meta name=viewport content=""width=device-width, initial-scale=1""><title>429</title>429 Too Many Requests"
Lentil,2021,12,2021-12-01,429,False,0,0,0,"<!doctype html><meta charset=""utf-8""><meta name=viewport content=""width=device-width, initial-scale=1""><title>429</title>429 Too Many Requests"
Lentil,2021,12,2021-12-08,429,False,0,0,0,"<!doctype html><meta charset=""utf-8""><meta name=viewport content=""width=device-width, initial-scale=1""><title>429</title>429 Too Many Requests"
Lentil,2021,12,2021-12-15,429,False,0,0,0,"<!doctype html><meta charset=""utf-8""><meta name=viewport content=""width=device-width, initial-scale=1""><title>429</title>429 Too Many Requests"
Lentil,2022,1,2022-01-01,429,False,0,0,0,"<!doctype html><meta charset=""utf-8""><meta name=viewport content=""width=device-width, initial-scale=1""><title>429</title>429 Too Many Requests"
Lentil,2022,1,2022-01-08,429,False,0,0,0,"<!doctype html><meta charset=""utf-8""><meta name=viewport content=""width=device-width, initial-scale=1""><title>429</title>429 Too Many Requests"
Lentil,2022,1,2022-01-15,429,False,0,0,0,"<!doctype html><meta charset=""utf-8""><meta name=viewport content=""width=device-width, initial-scale=1""><title>429</title>429 Too Many Requests"
Lentil,2022,2,2022-02-01,429,False,0,0,0,"<!doctype html><meta charset=""utf-8""><meta name=viewport content=""width=device-width, initial-scale=1""><title>429</title>429 Too Many Requests"
Lentil,2022,2,2022-02-08,429,False,0,0,0,"<!doctype html><meta charset=""utf-8""><meta name=viewport content=""width=device-width, initial-scale=1""><title>429</title>429 Too Many Requests"
Lentil,2022,2,2022-02-15,429,False,0,0,0,"<!doctype html><meta charset=""utf-8""><meta name=viewport content=""width=device-width, initial-scale=1""><title>429</title>429 Too Many Requests"
Lentil,2022,3,2022-03-01,429,False,0,0,0,"<!doctype html><meta charset=""utf-8""><meta name=viewport content=""width=device-width, initial-scale=1""><title>429</title>429 Too Many Requests"
Lentil,2022,3,2022-03-08,429,False,0,0,0,"<!doctype html><meta charset=""utf-8""><meta name=viewport content=""width=device-width, initial-scale=1""><title>429</title>429 Too Many Requests"
Lentil,2022,3,2022-03-15,429,False,0,0,0,"<!doctype html><meta charset=""utf-8""><meta name=viewport content=""width=device-width, initial-scale=1""><title>429</title>429 Too Many Requests"
Lentil,2022,4,2022-04-01,429,False,0,0,0,"<!doctype html><meta charset=""utf-8""><meta name=viewport content=""width=device-width, initial-scale=1""><title>429</title>429 Too Many Requests"
Lentil,2022,4,2022-04-08,429,False,0,0,0,"<!doctype html><meta charset=""utf-8""><meta name=viewport content=""width=device-width, initial-scale=1""><title>429</title>429 Too Many Requests"
Lentil,2022,4,2022-04-15,429,False,0,0,0,"<!doctype html><meta charset=""utf-8""><meta name=viewport content=""width=device-width, initial-scale=1""><title>429</title>429 Too Many Requests"
Lentil,2022,5,2022-05-01,429,False,0,0,0,"<!doctype html><meta charset=""utf-8""><meta name=viewport content=""width=device-width, initial-scale=1""><title>429</title>429 Too Many Requests"
Lentil,2022,5,2022-05-08,429,False,0,0,0,"<!doctype html><meta charset=""utf-8""><meta name=viewport content=""width=device-width, initial-scale=1""><title>429</title>429 Too Many Requests"
Lentil,2022,5,2022-05-15,429,False,0,0,0,"<!doctype html><meta charset=""utf-8""><meta name=viewport content=""width=device-width, initial-scale=1""><title>429</title>429 Too Many Requests"
Lentil,2022,6,2022-06-01,429,False,0,0,0,"<!doctype html><meta charset=""utf-8""><meta name=viewport content=""width=device-width, initial-scale=1""><title>429</title>429 Too Many Requests"
Lentil,2022,6,2022-06-08,429,False,0,0,0,"<!doctype html><meta charset=""utf-8""><meta name=viewport content=""width=device-width, initial-scale=1""><title>429</title>429 Too Many Requests"
Lentil,2022,6,2022-06-15,429,False,0,0,0,"<!doctype html><meta charset=""utf-8""><meta name=viewport content=""width=device-width, initial-scale=1""><title>429</title>429 Too Many Requests"
Lentil,2022,7,2022-07-01,429,False,0,0,0,"<!doctype html><meta charset=""utf-8""><meta name=viewport content=""width=device-width, initial-scale=1""><title>429</title>429 Too Many Requests"
Lentil,2022,7,2022-07-08,429,False,0,0,0,"<!doctype html><meta charset=""utf-8""><meta name=viewport content=""width=device-width, initial-scale=1""><title>429</title>429 Too Many Requests"
Lentil,2022,7,2022-07-15,429,False,0,0,0,"<!doctype html><meta charset=""utf-8""><meta name=viewport content=""width=device-width, initial-scale=1""><title>429</title>429 Too Many Requests"
Lentil,2022,8,2022-08-01,429,False,0,0,0,"<!doctype html><meta charset=""utf-8""><meta name=viewport content=""width=device-width, initial-scale=1""><title>429</title>429 Too Many Requests"
Lentil,2022,8,2022-08-08,429,False,0,0,0,"<!doctype html><meta charset=""utf-8""><meta name=viewport content=""width=device-width, initial-scale=1""><title>429</title>429 Too Many Requests"
Lentil,2022,8,2022-08-15,429,False,0,0,0,"<!doctype html><meta charset=""utf-8""><meta name=viewport content=""width=device-width, initial-scale=1""><title>429</title>429 Too Many Requests"
Lentil,2022,9,2022-09-01,429,False,0,0,0,"<!doctype html><meta charset=""utf-8""><meta name=viewport content=""width=device-width, initial-scale=1""><title>429</title>429 Too Many Requests"
Lentil,2022,9,2022-09-08,429,False,0,0,0,"<!doctype html><meta charset=""utf-8""><meta name=viewport content=""width=device-width, initial-scale=1""><title>429</title>429 Too Many Requests"
Lentil,2022,9,2022-09-15,429,False,0,0,0,"<!doctype html><meta charset=""utf-8""><meta name=viewport content=""width=device-width, initial-scale=1""><title>429</title>429 Too Many Requests"
Lentil,2022,10,2022-10-01,429,False,0,0,0,"<!doctype html><meta charset=""utf-8""><meta name=viewport content=""width=device-width, initial-scale=1""><title>429</title>429 Too Many Requests"
Lentil,2022,10,2022-10-08,429,False,0,0,0,"<!doctype html><meta charset=""utf-8""><meta name=viewport content=""width=device-width, initial-scale=1""><title>429</title>429 Too Many Requests"
Lentil,2022,10,2022-10-15,429,False,0,0,0,"<!doctype html><meta charset=""utf-8""><meta name=viewport content=""width=device-width, initial-scale=1""><title>429</title>429 Too Many Requests"
Lentil,2022,12,2022-12-01,429,False,0,0,0,"<!doctype html><meta charset=""utf-8""><meta name=viewport content=""width=device-width, initial-scale=1""><title>429</title>429 Too Many Requests"
Lentil,2022,12,2022-12-08,429,False,0,0,0,"<!doctype html><meta charset=""utf-8""><meta name=viewport content=""width=device-width, initial-scale=1""><title>429</title>429 Too Many Requests"
Lentil,2022,12,2022-12-15,429,False,0,0,0,"<!doctype html><meta charset=""utf-8""><meta name=viewport content=""width=device-width, initial-scale=1""><title>429</title>429 Too Many Requests"
Lentil,2022,11,2022-11-01,429,False,0,0,0,"<!doctype html><meta charset=""utf-8""><meta name=viewport content=""width=device-width, initial-scale=1""><title>429</title>429 Too Many Requests"
Lentil,2022,11,2022-11-08,429,False,0,0,0,"<!doctype html><meta charset=""utf-8""><meta name=viewport content=""width=device-width, initial-scale=1""><title>429</title>429 Too Many Requests"
Lentil,2022,11,2022-11-15,429,False,0,0,0,"<!doctype html><meta charset=""utf-8""><meta name=viewport content=""width=device-width, initial-scale=1""><title>429</title>429 Too Many Requests"
Lentil,2023,1,2023-01-01,429,False,0,0,0,"<!doctype html><meta charset=""utf-8""><meta name=viewport content=""width=device-width, initial-scale=1""><title>429</title>429 Too Many Requests"
Lentil,2023,1,2023-01-08,429,False,0,0,0,"<!doctype html><meta charset=""utf-8""><meta name=viewport content=""width=device-width, initial-scale=1""><title>429</title>429 Too Many Requests"
Lentil,2023,1,2023-01-15,429,False,0,0,0,"<!doctype html><meta charset=""utf-8""><meta name=viewport content=""width=device-width, initial-scale=1""><title>429</title>429 Too Many Requests"
Lentil,2023,2,2023-02-01,429,False,0,0,0,"<!doctype html><meta charset=""utf-8""><meta name=viewport content=""width=device-width, initial-scale=1""><title>429</title>429 Too Many Requests"
Lentil,2023,2,2023-02-08,429,False,0,0,0,"<!doctype html><meta charset=""utf-8""><meta name=viewport content=""width=device-width, initial-scale=1""><title>429</title>429 Too Many Requests"
Lentil,2023,2,2023-02-15,429,False,0,0,0,"<!doctype html><meta charset=""utf-8""><meta name=viewport content=""width=device-width, initial-scale=1""><title>429</title>429 Too Many Requests"
Lentil,2023,3,2023-03-01,429,False,0,0,0,"<!doctype html><meta charset=""utf-8""><meta name=viewport content=""width=device-width, initial-scale=1""><title>429</title>429 Too Many Requests"
Lentil,2023,3,2023-03-08,429,False,0,0,0,"<!doctype html><meta charset=""utf-8""><meta name=viewport content=""width=device-width, initial-scale=1""><title>429</title>429 Too Many Requests"
Lentil,2023,3,2023-03-15,429,False,0,0,0,"<!doctype html><meta charset=""utf-8""><meta name=viewport content=""width=device-width, initial-scale=1""><title>429</title>429 Too Many Requests"
Lentil,2023,4,2023-04-01,429,False,0,0,0,"<!doctype html><meta charset=""utf-8""><meta name=viewport content=""width=device-width, initial-scale=1""><title>429</title>429 Too Many Requests"
Lentil,2023,4,2023-04-08,429,False,0,0,0,"<!doctype html><meta charset=""utf-8""><meta name=viewport content=""width=device-width, initial-scale=1""><title>429</title>429 Too Many Requests"
Lentil,2023,4,2023-04-15,429,False,0,0,0,"<!doctype html><meta charset=""utf-8""><meta name=viewport content=""width=device-width, initial-scale=1""><title>429</title>429 Too Many Requests"
Lentil,2023,5,2023-05-01,429,False,0,0,0,"<!doctype html><meta charset=""utf-8""><meta name=viewport content=""width=device-width, initial-scale=1""><title>429</title>429 Too Many Requests"
Lentil,2023,5,2023-05-08,429,False,0,0,0,"<!doctype html><meta charset=""utf-8""><meta name=viewport content=""width=device-width, initial-scale=1""><title>429</title>429 Too Many Requests"
Lentil,2023,5,2023-05-15,429,False,0,0,0,"<!doctype html><meta charset=""utf-8""><meta name=viewport content=""width=device-width, initial-scale=1""><title>429</title>429 Too Many Requests"
Lentil,2023,6,2023-06-01,429,False,0,0,0,"<!doctype html><meta charset=""utf-8""><meta name=viewport content=""width=device-width, initial-scale=1""><title>429</title>429 Too Many Requests"
Lentil,2023,6,2023-06-08,429,False,0,0,0,"<!doctype html><meta charset=""utf-8""><meta name=viewport content=""width=device-width, initial-scale=1""><title>429</title>429 Too Many Requests"
Lentil,2023,6,2023-06-15,429,False,0,0,0,"<!doctype html><meta charset=""utf-8""><meta name=viewport content=""width=device-width, initial-scale=1""><title>429</title>429 Too Many Requests"
Lentil,2023,7,2023-07-01,429,False,0,0,0,"<!doctype html><meta charset=""utf-8""><meta name=viewport content=""width=device-width, initial-scale=1""><title>429</title>429 Too Many Requests"
Lentil,2023,7,2023-07-08,429,False,0,0,0,"<!doctype html><meta charset=""utf-8""><meta name=viewport content=""width=device-width, initial-scale=1""><title>429</title>429 Too Many Requests"
Lentil,2023,7,2023-07-15,429,False,0,0,0,"<!doctype html><meta charset=""utf-8""><meta name=viewport content=""width=device-width, initial-scale=1""><title>429</title>429 Too Many Requests"
Lentil,2023,8,2023-08-01,429,False,0,0,0,"<!doctype html><meta charset=""utf-8""><meta name=viewport content=""width=device-width, initial-scale=1""><title>429</title>429 Too Many Requests"
Lentil,2023,8,2023-08-08,429,False,0,0,0,"<!doctype html><meta charset=""utf-8""><meta name=viewport content=""width=device-width, initial-scale=1""><title>429</title>429 Too Many Requests"
Lentil,2023,8,2023-08-15,429,False,0,0,0,"<!doctype html><meta charset=""utf-8""><meta name=viewport content=""width=device-width, initial-scale=1""><title>429</title>429 Too Many Requests"
Lentil,2023,9,2023-09-01,429,False,0,0,0,"<!doctype html><meta charset=""utf-8""><meta name=viewport content=""width=device-width, initial-scale=1""><title>429</title>429 Too Many Requests"
Lentil,2023,9,2023-09-08,429,False,0,0,0,"<!doctype html><meta charset=""utf-8""><meta name=viewport content=""width=device-width, initial-scale=1""><title>429</title>429 Too Many Requests"
Lentil,2023,9,2023-09-15,429,False,0,0,0,"<!doctype html><meta charset=""utf-8""><meta name=viewport content=""width=device-width, initial-scale=1""><title>429</title>429 Too Many Requests"
Lentil,2023,10,2023-10-01,429,False,0,0,0,"<!doctype html><meta charset=""utf-8""><meta name=viewport content=""width=device-width, initial-scale=1""><title>429</title>429 Too Many Requests"
Lentil,2023,10,2023-10-08,429,False,0,0,0,"<!doctype html><meta charset=""utf-8""><meta name=viewport content=""width=device-width, initial-scale=1""><title>429</title>429 Too Many Requests"
Lentil,2023,10,2023-10-15,429,False,0,0,0,"<!doctype html><meta charset=""utf-8""><meta name=viewport content=""width=device-width, initial-scale=1""><title>429</title>429 Too Many Requests"
Lentil,2023,11,2023-11-01,429,False,0,0,0,"<!doctype html><meta charset=""utf-8""><meta name=viewport content=""width=device-width, initial-scale=1""><title>429</title>429 Too Many Requests"
Lentil,2023,11,2023-11-08,429,False,0,0,0,"<!doctype html><meta charset=""utf-8""><meta name=viewport content=""width=device-width, initial-scale=1""><title>429</title>429 Too Many Requests"
Lentil,2023,11,2023-11-15,429,False,0,0,0,"<!doctype html><meta charset=""utf-8""><meta name=viewport content=""width=device-width, initial-scale=1""><title>429</title>429 Too Many Requests"
Lentil,2023,12,2023-12-01,429,False,0,0,0,"<!doctype html><meta charset=""utf-8""><meta name=viewport content=""width=device-width, initial-scale=1""><title>429</title>429 Too Many Requests"
Lentil,2023,12,2023-12-08,429,False,0,0,0,"<!doctype html><meta charset=""utf-8""><meta name=viewport content=""width=device-width, initial-scale=1""><title>429</title>429 Too Many Requests"
Lentil,2023,12,2023-12-15,429,False,0,0,0,"<!doctype html><meta charset=""utf-8""><meta name=viewport content=""width=device-width, initial-scale=1""><title>429</title>429 Too Many Requests"
Lentil,2024,1,2024-01-01,429,False,0,0,0,"<!doctype html><meta charset=""utf-8""><meta name=viewport content=""width=device-width, initial-scale=1""><title>429</title>429 Too Many Requests"
Lentil,2024,1,2024-01-08,429,False,0,0,0,"<!doctype html><meta charset=""utf-8""><meta name=viewport content=""width=device-width, initial-scale=1""><title>429</title>429 Too Many Requests"
Lentil,2024,1,2024-01-15,429,False,0,0,0,"<!doctype html><meta charset=""utf-8""><meta name=viewport content=""width=device-width, initial-scale=1""><title>429</title>429 Too Many Requests"
Lentil,2024,2,2024-02-01,429,False,0,0,0,"<!doctype html><meta charset=""utf-8""><meta name=viewport content=""width=device-width, initial-scale=1""><title>429</title>429 Too Many Requests"
Lentil,2024,2,2024-02-08,429,False,0,0,0,"<!doctype html><meta charset=""utf-8""><meta name=viewport content=""width=device-width, initial-scale=1""><title>429</title>429 Too Many Requests"
Lentil,2024,2,2024-02-15,429,False,0,0,0,"<!doctype html><meta charset=""utf-8""><meta name=viewport content=""width=device-width, initial-scale=1""><title>429</title>429 Too Many Requests"
Lentil,2024,3,2024-03-01,429,False,0,0,0,"<!doctype html><meta charset=""utf-8""><meta name=viewport content=""width=device-width, initial-scale=1""><title>429</title>429 Too Many Requests"
Lentil,2024,3,2024-03-08,429,False,0,0,0,"<!doctype html><meta charset=""utf-8""><meta name=viewport content=""width=device-width, initial-scale=1""><title>429</title>429 Too Many Requests"
Lentil,2024,3,2024-03-15,429,False,0,0,0,"<!doctype html><meta charset=""utf-8""><meta name=viewport content=""width=device-width, initial-scale=1""><title>429</title>429 Too Many Requests"
Lentil,2024,4,2024-04-01,429,False,0,0,0,"<!doctype html><meta charset=""utf-8""><meta name=viewport content=""width=device-width, initial-scale=1""><title>429</title>429 Too Many Requests"
Lentil,2024,4,2024-04-08,429,False,0,0,0,"<!doctype html><meta charset=""utf-8""><meta name=viewport content=""width=device-width, initial-scale=1""><title>429</title>429 Too Many Requests"
Lentil,2024,4,2024-04-15,429,False,0,0,0,"<!doctype html><meta charset=""utf-8""><meta name=viewport content=""width=device-width, initial-scale=1""><title>429</title>429 Too Many Requests"
Lentil,2024,5,2024-05-01,429,False,0,0,0,"<!doctype html><meta charset=""utf-8""><meta name=viewport content=""width=device-width, initial-scale=1""><title>429</title>429 Too Many Requests"
Lentil,2024,5,2024-05-08,429,False,0,0,0,"<!doctype html><meta charset=""utf-8""><meta name=viewport content=""width=device-width, initial-scale=1""><title>429</title>429 Too Many Requests"
Lentil,2024,5,2024-05-15,429,False,0,0,0,"<!doctype html><meta charset=""utf-8""><meta name=viewport content=""width=device-width, initial-scale=1""><title>429</title>429 Too Many Requests"
Lentil,2024,6,2024-06-01,429,False,0,0,0,"<!doctype html><meta charset=""utf-8""><meta name=viewport content=""width=device-width, initial-scale=1""><title>429</title>429 Too Many Requests"
Lentil,2024,6,2024-06-08,429,False,0,0,0,"<!doctype html><meta charset=""utf-8""><meta name=viewport content=""width=device-width, initial-scale=1""><title>429</title>429 Too Many Requests"
Lentil,2024,6,2024-06-15,429,False,0,0,0,"<!doctype html><meta charset=""utf-8""><meta name=viewport content=""width=device-width, initial-scale=1""><title>429</title>429 Too Many Requests"
Lentil,2024,7,2024-07-01,429,False,0,0,0,"<!doctype html><meta charset=""utf-8""><meta name=viewport content=""width=device-width, initial-scale=1""><title>429</title>429 Too Many Requests"
Lentil,2024,7,2024-07-08,429,False,0,0,0,"<!doctype html><meta charset=""utf-8""><meta name=viewport content=""width=device-width, initial-scale=1""><title>429</title>429 Too Many Requests"
Lentil,2024,7,2024-07-15,429,False,0,0,0,"<!doctype html><meta charset=""utf-8""><meta name=viewport content=""width=device-width, initial-scale=1""><title>429</title>429 Too Many Requests"
Lentil,2024,8,2024-08-01,429,False,0,0,0,"<!doctype html><meta charset=""utf-8""><meta name=viewport content=""width=device-width, initial-scale=1""><title>429</title>429 Too Many Requests"
Lentil,2024,8,2024-08-08,429,False,0,0,0,"<!doctype html><meta charset=""utf-8""><meta name=viewport content=""width=device-width, initial-scale=1""><title>429</title>429 Too Many Requests"
Lentil,2024,8,2024-08-15,429,False,0,0,0,"<!doctype html><meta charset=""utf-8""><meta name=viewport content=""width=device-width, initial-scale=1""><title>429</title>429 Too Many Requests"
Lentil,2024,9,2024-09-01,429,False,0,0,0,"<!doctype html><meta charset=""utf-8""><meta name=viewport content=""width=device-width, initial-scale=1""><title>429</title>429 Too Many Requests"
Lentil,2024,9,2024-09-08,429,False,0,0,0,"<!doctype html><meta charset=""utf-8""><meta name=viewport content=""width=device-width, initial-scale=1""><title>429</title>429 Too Many Requests"
Lentil,2024,9,2024-09-15,429,False,0,0,0,"<!doctype html><meta charset=""utf-8""><meta name=viewport content=""width=device-width, initial-scale=1""><title>429</title>429 Too Many Requests"
Lentil,2024,10,2024-10-01,429,False,0,0,0,"<!doctype html><meta charset=""utf-8""><meta name=viewport content=""width=device-width, initial-scale=1""><title>429</title>429 Too Many Requests"
Lentil,2024,10,2024-10-08,429,False,0,0,0,"<!doctype html><meta charset=""utf-8""><meta name=viewport content=""width=device-width, initial-scale=1""><title>429</title>429 Too Many Requests"
Lentil,2024,10,2024-10-15,429,False,0,0,0,"<!doctype html><meta charset=""utf-8""><meta name=viewport content=""width=device-width, initial-scale=1""><title>429</title>429 Too Many Requests"
Lentil,2024,11,2024-11-01,429,False,0,0,0,"<!doctype html><meta charset=""utf-8""><meta name=viewport content=""width=device-width, initial-scale=1""><title>429</title>429 Too Many Requests"
Lentil,2024,11,2024-11-08,429,False,0,0,0,"<!doctype html><meta charset=""utf-8""><meta name=viewport content=""width=device-width, initial-scale=1""><title>429</title>429 Too Many Requests"
Lentil,2024,11,2024-11-15,429,False,0,0,0,"<!doctype html><meta charset=""utf-8""><meta name=viewport content=""width=device-width, initial-scale=1""><title>429</title>429 Too Many Requests"
Lentil,2024,12,2024-12-01,429,False,0,0,0,"<!doctype html><meta charset=""utf-8""><meta name=viewport content=""width=device-width, initial-scale=1""><title>429</title>429 Too Many Requests"
Lentil,2024,12,2024-12-08,429,False,0,0,0,"<!doctype html><meta charset=""utf-8""><meta name=viewport content=""width=device-width, initial-scale=1""><title>429</title>429 Too Many Requests"
Lentil,2024,12,2024-12-15,429,False,0,0,0,"<!doctype html><meta charset=""utf-8""><meta name=viewport content=""width=device-width, initial-scale=1""><title>429</title>429 Too Many Requests"
Lentil,2025,1,2025-01-01,429,False,0,0,0,"<!doctype html><meta charset=""utf-8""><meta name=viewport content=""width=device-width, initial-scale=1""><title>429</title>429 Too Many Requests"
Lentil,2025,1,2025-01-08,429,False,0,0,0,"<!doctype html><meta charset=""utf-8""><meta name=viewport content=""width=device-width, initial-scale=1""><title>429</title>429 Too Many Requests"
Lentil,2025,1,2025-01-15,429,False,0,0,0,"<!doctype html><meta charset=""utf-8""><meta name=viewport content=""width=device-width, initial-scale=1""><title>429</title>429 Too Many Requests"
Lentil,2025,2,2025-02-01,429,False,0,0,0,"<!doctype html><meta charset=""utf-8""><meta name=viewport content=""width=device-width, initial-scale=1""><title>429</title>429 Too Many Requests"
Lentil,2025,2,2025-02-08,429,False,0,0,0,"<!doctype html><meta charset=""utf-8""><meta name=viewport content=""width=device-width, initial-scale=1""><title>429</title>429 Too Many Requests"
Lentil,2025,2,2025-02-15,429,False,0,0,0,"<!doctype html><meta charset=""utf-8""><meta name=viewport content=""width=device-width, initial-scale=1""><title>429</title>429 Too Many Requests"
Lentil,2025,3,2025-03-01,429,False,0,0,0,"<!doctype html><meta charset=""utf-8""><meta name=viewport content=""width=device-width, initial-scale=1""><title>429</title>429 Too Many Requests"
Lentil,2025,3,2025-03-08,429,False,0,0,0,"<!doctype html><meta charset=""utf-8""><meta name=viewport content=""width=device-width, initial-scale=1""><title>429</title>429 Too Many Requests"
Lentil,2025,3,2025-03-15,429,False,0,0,0,"<!doctype html><meta charset=""utf-8""><meta name=viewport content=""width=device-width, initial-scale=1""><title>429</title>429 Too Many Requests"
Lentil,2025,4,2025-04-01,429,False,0,0,0,"<!doctype html><meta charset=""utf-8""><meta name=viewport content=""width=device-width, initial-scale=1""><title>429</title>429 Too Many Requests"
Lentil,2025,4,2025-04-08,429,False,0,0,0,"<!doctype html><meta charset=""utf-8""><meta name=viewport content=""width=device-width, initial-scale=1""><title>429</title>429 Too Many Requests"
Lentil,2025,4,2025-04-15,429,False,0,0,0,"<!doctype html><meta charset=""utf-8""><meta name=viewport content=""width=device-width, initial-scale=1""><title>429</title>429 Too Many Requests"
Lentil,2025,5,2025-05-01,429,False,0,0,0,"<!doctype html><meta charset=""utf-8""><meta name=viewport content=""width=device-width, initial-scale=1""><title>429</title>429 Too Many Requests"
Lentil,2025,5,2025-05-08,429,False,0,0,0,"<!doctype html><meta charset=""utf-8""><meta name=viewport content=""width=device-width, initial-scale=1""><title>429</title>429 Too Many Requests"
Lentil,2025,5,2025-05-15,429,False,0,0,0,"<!doctype html><meta charset=""utf-8""><meta name=viewport content=""width=device-width, initial-scale=1""><title>429</title>429 Too Many Requests"
Lentil,2025,6,2025-06-01,429,False,0,0,0,"<!doctype html><meta charset=""utf-8""><meta name=viewport content=""width=device-width, initial-scale=1""><title>429</title>429 Too Many Requests"
Lentil,2025,6,2025-06-08,429,False,0,0,0,"<!doctype html><meta charset=""utf-8""><meta name=viewport content=""width=device-width, initial-scale=1""><title>429</title>429 Too Many Requests"
Lentil,2025,6,2025-06-15,429,False,0,0,0,"<!doctype html><meta charset=""utf-8""><meta name=viewport content=""width=device-width, initial-scale=1""><title>429</title>429 Too Many Requests"
Lentil,2025,7,2025-07-01,429,False,0,0,0,"<!doctype html><meta charset=""utf-8""><meta name=viewport content=""width=device-width, initial-scale=1""><title>429</title>429 Too Many Requests"
Lentil,2025,7,2025-07-08,429,False,0,0,0,"<!doctype html><meta charset=""utf-8""><meta name=viewport content=""width=device-width, initial-scale=1""><title>429</title>429 Too Many Requests"
Lentil,2025,7,2025-07-15,429,False,0,0,0,"<!doctype html><meta charset=""utf-8""><meta name=viewport content=""width=device-width, initial-scale=1""><title>429</title>429 Too Many Requests"
Lentil,2025,8,2025-08-01,429,False,0,0,0,"<!doctype html><meta charset=""utf-8""><meta name=viewport content=""width=device-width, initial-scale=1""><title>429</title>429 Too Many Requests"
Lentil,2025,8,2025-08-08,429,False,0,0,0,"<!doctype html><meta charset=""utf-8""><meta name=viewport content=""width=device-width, initial-scale=1""><title>429</title>429 Too Many Requests"
Lentil,2025,8,2025-08-15,429,False,0,0,0,"<!doctype html><meta charset=""utf-8""><meta name=viewport content=""width=device-width, initial-scale=1""><title>429</title>429 Too Many Requests"
Lentil,2025,9,2025-09-01,429,False,0,0,0,"<!doctype html><meta charset=""utf-8""><meta name=viewport content=""width=device-width, initial-scale=1""><title>429</title>429 Too Many Requests"
Lentil,2025,9,2025-09-08,429,False,0,0,0,"<!doctype html><meta charset=""utf-8""><meta name=viewport content=""width=device-width, initial-scale=1""><title>429</title>429 Too Many Requests"
Lentil,2025,9,2025-09-15,429,False,0,0,0,"<!doctype html><meta charset=""utf-8""><meta name=viewport content=""width=device-width, initial-scale=1""><title>429</title>429 Too Many Requests"
Lentil,2025,10,2025-10-01,429,False,0,0,0,"<!doctype html><meta charset=""utf-8""><meta name=viewport content=""width=device-width, initial-scale=1""><title>429</title>429 Too Many Requests"
Lentil,2025,10,2025-10-08,429,False,0,0,0,"<!doctype html><meta charset=""utf-8""><meta name=viewport content=""width=device-width, initial-scale=1""><title>429</title>429 Too Many Requests"
Lentil,2025,10,2025-10-15,429,False,0,0,0,"<!doctype html><meta charset=""utf-8""><meta name=viewport content=""width=device-width, initial-scale=1""><title>429</title>429 Too Many Requests"
Lentil,2025,11,2025-11-01,429,False,0,0,0,"<!doctype html><meta charset=""utf-8""><meta name=viewport content=""width=device-width, initial-scale=1""><title>429</title>429 Too Many Requests"
Lentil,2025,11,2025-11-08,429,False,0,0,0,"<!doctype html><meta charset=""utf-8""><meta name=viewport content=""width=device-width, initial-scale=1""><title>429</title>429 Too Many Requests"
Lentil,2025,11,2025-11-15,429,False,0,0,0,"<!doctype html><meta charset=""utf-8""><meta name=viewport content=""width=device-width, initial-scale=1""><title>429</title>429 Too Many Requests"
Lentil,2025,12,2025-12-01,429,False,0,0,0,"<!doctype html><meta charset=""utf-8""><meta name=viewport content=""width=device-width, initial-scale=1""><title>429</title>429 Too Many Requests"
Lentil,2025,12,2025-12-08,429,False,0,0,0,"<!doctype html><meta charset=""utf-8""><meta name=viewport content=""width=device-width, initial-scale=1""><title>429</title>429 Too Many Requests"
Lentil,2025,12,2025-12-15,429,False,0,0,0,"<!doctype html><meta charset=""utf-8""><meta name=viewport content=""width=device-width, initial-scale=1""><title>429</title>429 Too Many Requests"
Sweet Potato,2015,1,2015-01-01,429,False,0,0,0,"<!doctype html><meta charset=""utf-8""><meta name=viewport content=""width=device-width, initial-scale=1""><title>429</title>429 Too Many Requests"
Sweet Potato,2015,1,2015-01-08,429,False,0,0,0,"<!doctype html><meta charset=""utf-8""><meta name=viewport content=""width=device-width, initial-scale=1""><title>429</title>429 Too Many Requests"
Sweet Potato,2015,1,2015-01-15,429,False,0,0,0,"<!doctype html><meta charset=""utf-8""><meta name=viewport content=""width=device-width, initial-scale=1""><title>429</title>429 Too Many Requests"
Sweet Potato,2015,2,2015-02-01,429,False,0,0,0,"<!doctype html><meta charset=""utf-8""><meta name=viewport content=""width=device-width, initial-scale=1""><title>429</title>429 Too Many Requests"
Sweet Potato,2015,2,2015-02-08,429,False,0,0,0,"<!doctype html><meta charset=""utf-8""><meta name=viewport content=""width=device-width, initial-scale=1""><title>429</title>429 Too Many Requests"
Sweet Potato,2015,2,2015-02-15,429,False,0,0,0,"<!doctype html><meta charset=""utf-8""><meta name=viewport content=""width=device-width, initial-scale=1""><title>429</title>429 Too Many Requests"
Sweet Potato,2015,3,2015-03-01,429,False,0,0,0,"<!doctype html><meta charset=""utf-8""><meta name=viewport content=""width=device-width, initial-scale=1""><title>429</title>429 Too Many Requests"
Sweet Potato,2015,3,2015-03-08,429,False,0,0,0,"<!doctype html><meta charset=""utf-8""><meta name=viewport content=""width=device-width, initial-scale=1""><title>429</title>429 Too Many Requests"
Sweet Potato,2015,3,2015-03-15,429,False,0,0,0,"<!doctype html><meta charset=""utf-8""><meta name=viewport content=""width=device-width, initial-scale=1""><title>429</title>429 Too Many Requests"
Sweet Potato,2015,4,2015-04-01,429,False,0,0,0,"<!doctype html><meta charset=""utf-8""><meta name=viewport content=""width=device-width, initial-scale=1""><title>429</title>429 Too Many Requests"
Sweet Potato,2015,4,2015-04-08,429,False,0,0,0,"<!doctype html><meta charset=""utf-8""><meta name=viewport content=""width=device-width, initial-scale=1""><title>429</title>429 Too Many Requests"
Sweet Potato,2015,4,2015-04-15,429,False,0,0,0,"<!doctype html><meta charset=""utf-8""><meta name=viewport content=""width=device-width, initial-scale=1""><title>429</title>429 Too Many Requests"
Sweet Potato,2015,5,2015-05-01,429,False,0,0,0,"<!doctype html><meta charset=""utf-8""><meta name=viewport content=""width=device-width, initial-scale=1""><title>429</title>429 Too Many Requests"
Sweet Potato,2015,5,2015-05-08,429,False,0,0,0,"<!doctype html><meta charset=""utf-8""><meta name=viewport content=""width=device-width, initial-scale=1""><title>429</title>429 Too Many Requests"
Sweet Potato,2015,5,2015-05-15,429,False,0,0,0,"<!doctype html><meta charset=""utf-8""><meta name=viewport content=""width=device-width, initial-scale=1""><title>429</title>429 Too Many Requests"
Sweet Potato,2015,6,2015-06-01,429,False,0,0,0,"<!doctype html><meta charset=""utf-8""><meta name=viewport content=""width=device-width, initial-scale=1""><title>429</title>429 Too Many Requests"
Sweet Potato,2015,6,2015-06-08,429,False,0,0,0,"<!doctype html><meta charset=""utf-8""><meta name=viewport content=""width=device-width, initial-scale=1""><title>429</title>429 Too Many Requests"
Sweet Potato,2015,6,2015-06-15,429,False,0,0,0,"<!doctype html><meta charset=""utf-8""><meta name=viewport content=""width=device-width, initial-scale=1""><title>429</title>429 Too Many Requests"
Sweet Potato,2015,7,2015-07-01,429,False,0,0,0,"<!doctype html><meta charset=""utf-8""><meta name=viewport content=""width=device-width, initial-scale=1""><title>429</title>429 Too Many Requests"
Sweet Potato,2015,7,2015-07-08,429,False,0,0,0,"<!doctype html><meta charset=""utf-8""><meta name=viewport content=""width=device-width, initial-scale=1""><title>429</title>429 Too Many Requests"
Sweet Potato,2015,7,2015-07-15,429,False,0,0,0,"<!doctype html><meta charset=""utf-8""><meta name=viewport content=""width=device-width, initial-scale=1""><title>429</title>429 Too Many Requests"
Sweet Potato,2015,8,2015-08-01,429,False,0,0,0,"<!doctype html><meta charset=""utf-8""><meta name=viewport content=""width=device-width, initial-scale=1""><title>429</title>429 Too Many Requests"
Sweet Potato,2015,8,2015-08-08,429,False,0,0,0,"<!doctype html><meta charset=""utf-8""><meta name=viewport content=""width=device-width, initial-scale=1""><title>429</title>429 Too Many Requests"
Sweet Potato,2015,8,2015-08-15,429,False,0,0,0,"<!doctype html><meta charset=""utf-8""><meta name=viewport content=""width=device-width, initial-scale=1""><title>429</title>429 Too Many Requests"
Sweet Potato,2015,9,2015-09-01,429,False,0,0,0,"<!doctype html><meta charset=""utf-8""><meta name=viewport content=""width=device-width, initial-scale=1""><title>429</title>429 Too Many Requests"
Sweet Potato,2015,9,2015-09-08,429,False,0,0,0,"<!doctype html><meta charset=""utf-8""><meta name=viewport content=""width=device-width, initial-scale=1""><title>429</title>429 Too Many Requests"
Sweet Potato,2015,9,2015-09-15,429,False,0,0,0,"<!doctype html><meta charset=""utf-8""><meta name=viewport content=""width=device-width, initial-scale=1""><title>429</title>429 Too Many Requests"
Sweet Potato,2015,10,2015-10-01,429,False,0,0,0,"<!doctype html><meta charset=""utf-8""><meta name=viewport content=""width=device-width, initial-scale=1""><title>429</title>429 Too Many Requests"
Sweet Potato,2015,10,2015-10-08,429,False,0,0,0,"<!doctype html><meta charset=""utf-8""><meta name=viewport content=""width=device-width, initial-scale=1""><title>429</title>429 Too Many Requests"
Sweet Potato,2015,10,2015-10-15,429,False,0,0,0,"<!doctype html><meta charset=""utf-8""><meta name=viewport content=""width=device-width, initial-scale=1""><title>429</title>429 Too Many Requests"
Sweet Potato,2015,11,2015-11-01,429,False,0,0,0,"<!doctype html><meta charset=""utf-8""><meta name=viewport content=""width=device-width, initial-scale=1""><title>429</title>429 Too Many Requests"
Sweet Potato,2015,11,2015-11-08,429,False,0,0,0,"<!doctype html><meta charset=""utf-8""><meta name=viewport content=""width=device-width, initial-scale=1""><title>429</title>429 Too Many Requests"
Sweet Potato,2015,11,2015-11-15,429,False,0,0,0,"<!doctype html><meta charset=""utf-8""><meta name=viewport content=""width=device-width, initial-scale=1""><title>429</title>429 Too Many Requests"
Sweet Potato,2015,12,2015-12-01,429,False,0,0,0,"<!doctype html><meta charset=""utf-8""><meta name=viewport content=""width=device-width, initial-scale=1""><title>429</title>429 Too Many Requests"
Sweet Potato,2015,12,2015-12-08,429,False,0,0,0,"<!doctype html><meta charset=""utf-8""><meta name=viewport content=""width=device-width, initial-scale=1""><title>429</title>429 Too Many Requests"
Sweet Potato,2015,12,2015-12-15,429,False,0,0,0,"<!doctype html><meta charset=""utf-8""><meta name=viewport content=""width=device-width, initial-scale=1""><title>429</title>429 Too Many Requests"
Sweet Potato,2016,1,2016-01-01,429,False,0,0,0,"<!doctype html><meta charset=""utf-8""><meta name=viewport content=""width=device-width, initial-scale=1""><title>429</title>429 Too Many Requests"
Sweet Potato,2016,1,2016-01-08,429,False,0,0,0,"<!doctype html><meta charset=""utf-8""><meta name=viewport content=""width=device-width, initial-scale=1""><title>429</title>429 Too Many Requests"
Sweet Potato,2016,1,2016-01-15,429,False,0,0,0,"<!doctype html><meta charset=""utf-8""><meta name=viewport content=""width=device-width, initial-scale=1""><title>429</title>429 Too Many Requests"
Sweet Potato,2016,2,2016-02-01,429,False,0,0,0,"<!doctype html><meta charset=""utf-8""><meta name=viewport content=""width=device-width, initial-scale=1""><title>429</title>429 Too Many Requests"
Sweet Potato,2016,2,2016-02-08,429,False,0,0,0,"<!doctype html><meta charset=""utf-8""><meta name=viewport content=""width=device-width, initial-scale=1""><title>429</title>429 Too Many Requests"
Sweet Potato,2016,2,2016-02-15,429,False,0,0,0,"<!doctype html><meta charset=""utf-8""><meta name=viewport content=""width=device-width, initial-scale=1""><title>429</title>429 Too Many Requests"
Sweet Potato,2016,3,2016-03-01,429,False,0,0,0,"<!doctype html><meta charset=""utf-8""><meta name=viewport content=""width=device-width, initial-scale=1""><title>429</title>429 Too Many Requests"
Sweet Potato,2016,3,2016-03-08,429,False,0,0,0,"<!doctype html><meta charset=""utf-8""><meta name=viewport content=""width=device-width, initial-scale=1""><title>429</title>429 Too Many Requests"
Sweet Potato,2016,3,2016-03-15,429,False,0,0,0,"<!doctype html><meta charset=""utf-8""><meta name=viewport content=""width=device-width, initial-scale=1""><title>429</title>429 Too Many Requests"
Sweet Potato,2016,4,2016-04-01,429,False,0,0,0,"<!doctype html><meta charset=""utf-8""><meta name=viewport content=""width=device-width, initial-scale=1""><title>429</title>429 Too Many Requests"
Sweet Potato,2016,4,2016-04-08,429,False,0,0,0,"<!doctype html><meta charset=""utf-8""><meta name=viewport content=""width=device-width, initial-scale=1""><title>429</title>429 Too Many Requests"
Sweet Potato,2016,4,2016-04-15,429,False,0,0,0,"<!doctype html><meta charset=""utf-8""><meta name=viewport content=""width=device-width, initial-scale=1""><title>429</title>429 Too Many Requests"
Sweet Potato,2016,5,2016-05-01,429,False,0,0,0,"<!doctype html><meta charset=""utf-8""><meta name=viewport content=""width=device-width, initial-scale=1""><title>429</title>429 Too Many Requests"
Sweet Potato,2016,5,2016-05-08,429,False,0,0,0,"<!doctype html><meta charset=""utf-8""><meta name=viewport content=""width=device-width, initial-scale=1""><title>429</title>429 Too Many Requests"
Sweet Potato,2016,5,2016-05-15,429,False,0,0,0,"<!doctype html><meta charset=""utf-8""><meta name=viewport content=""width=device-width, initial-scale=1""><title>429</title>429 Too Many Requests"
Sweet Potato,2016,6,2016-06-01,429,False,0,0,0,"<!doctype html><meta charset=""utf-8""><meta name=viewport content=""width=device-width, initial-scale=1""><title>429</title>429 Too Many Requests"
Sweet Potato,2016,6,2016-06-08,429,False,0,0,0,"<!doctype html><meta charset=""utf-8""><meta name=viewport content=""width=device-width, initial-scale=1""><title>429</title>429 Too Many Requests"
Sweet Potato,2016,6,2016-06-15,429,False,0,0,0,"<!doctype html><meta charset=""utf-8""><meta name=viewport content=""width=device-width, initial-scale=1""><title>429</title>429 Too Many Requests"
Sweet Potato,2016,7,2016-07-01,429,False,0,0,0,"<!doctype html><meta charset=""utf-8""><meta name=viewport content=""width=device-width, initial-scale=1""><title>429</title>429 Too Many Requests"
Sweet Potato,2016,7,2016-07-08,429,False,0,0,0,"<!doctype html><meta charset=""utf-8""><meta name=viewport content=""width=device-width, initial-scale=1""><title>429</title>429 Too Many Requests"
Sweet Potato,2016,7,2016-07-15,429,False,0,0,0,"<!doctype html><meta charset=""utf-8""><meta name=viewport content=""width=device-width, initial-scale=1""><title>429</title>429 Too Many Requests"
Sweet Potato,2016,8,2016-08-01,429,False,0,0,0,"<!doctype html><meta charset=""utf-8""><meta name=viewport content=""width=device-width, initial-scale=1""><title>429</title>429 Too Many Requests"
Sweet Potato,2016,8,2016-08-08,429,False,0,0,0,"<!doctype html><meta charset=""utf-8""><meta name=viewport content=""width=device-width, initial-scale=1""><title>429</title>429 Too Many Requests"
Sweet Potato,2016,8,2016-08-15,429,False,0,0,0,"<!doctype html><meta charset=""utf-8""><meta name=viewport content=""width=device-width, initial-scale=1""><title>429</title>429 Too Many Requests"
Sweet Potato,2016,9,2016-09-01,429,False,0,0,0,"<!doctype html><meta charset=""utf-8""><meta name=viewport content=""width=device-width, initial-scale=1""><title>429</title>429 Too Many Requests"
Sweet Potato,2016,9,2016-09-08,429,False,0,0,0,"<!doctype html><meta charset=""utf-8""><meta name=viewport content=""width=device-width, initial-scale=1""><title>429</title>429 Too Many Requests"
Sweet Potato,2016,9,2016-09-15,429,False,0,0,0,"<!doctype html><meta charset=""utf-8""><meta name=viewport content=""width=device-width, initial-scale=1""><title>429</title>429 Too Many Requests"
Sweet Potato,2016,10,2016-10-01,429,False,0,0,0,"<!doctype html><meta charset=""utf-8""><meta name=viewport content=""width=device-width, initial-scale=1""><title>429</title>429 Too Many Requests"
Sweet Potato,2016,10,2016-10-08,429,False,0,0,0,"<!doctype html><meta charset=""utf-8""><meta name=viewport content=""width=device-width, initial-scale=1""><title>429</title>429 Too Many Requests"
Sweet Potato,2016,10,2016-10-15,429,False,0,0,0,"<!doctype html><meta charset=""utf-8""><meta name=viewport content=""width=device-width, initial-scale=1""><title>429</title>429 Too Many Requests"
Sweet Potato,2016,11,2016-11-01,429,False,0,0,0,"<!doctype html><meta charset=""utf-8""><meta name=viewport content=""width=device-width, initial-scale=1""><title>429</title>429 Too Many Requests"
Sweet Potato,2016,11,2016-11-08,429,False,0,0,0,"<!doctype html><meta charset=""utf-8""><meta name=viewport content=""width=device-width, initial-scale=1""><title>429</title>429 Too Many Requests"
Sweet Potato,2016,11,2016-11-15,429,False,0,0,0,"<!doctype html><meta charset=""utf-8""><meta name=viewport content=""width=device-width, initial-scale=1""><title>429</title>429 Too Many Requests"
Sweet Potato,2016,12,2016-12-01,429,False,0,0,0,"<!doctype html><meta charset=""utf-8""><meta name=viewport content=""width=device-width, initial-scale=1""><title>429</title>429 Too Many Requests"
Sweet Potato,2016,12,2016-12-08,429,False,0,0,0,"<!doctype html><meta charset=""utf-8""><meta name=viewport content=""width=device-width, initial-scale=1""><title>429</title>429 Too Many Requests"
Sweet Potato,2016,12,2016-12-15,429,False,0,0,0,"<!doctype html><meta charset=""utf-8""><meta name=viewport content=""width=device-width, initial-scale=1""><title>429</title>429 Too Many Requests"
Sweet Potato,2017,1,2017-01-01,429,False,0,0,0,"<!doctype html><meta charset=""utf-8""><meta name=viewport content=""width=device-width, initial-scale=1""><title>429</title>429 Too Many Requests"
Sweet Potato,2017,1,2017-01-08,429,False,0,0,0,"<!doctype html><meta charset=""utf-8""><meta name=viewport content=""width=device-width, initial-scale=1""><title>429</title>429 Too Many Requests"
Sweet Potato,2017,1,2017-01-15,429,False,0,0,0,"<!doctype html><meta charset=""utf-8""><meta name=viewport content=""width=device-width, initial-scale=1""><title>429</title>429 Too Many Requests"
Sweet Potato,2017,2,2017-02-01,429,False,0,0,0,"<!doctype html><meta charset=""utf-8""><meta name=viewport content=""width=device-width, initial-scale=1""><title>429</title>429 Too Many Requests"
Sweet Potato,2017,2,2017-02-08,429,False,0,0,0,"<!doctype html><meta charset=""utf-8""><meta name=viewport content=""width=device-width, initial-scale=1""><title>429</title>429 Too Many Requests"
Sweet Potato,2017,2,2017-02-15,429,False,0,0,0,"<!doctype html><meta charset=""utf-8""><meta name=viewport content=""width=device-width, initial-scale=1""><title>429</title>429 Too Many Requests"
Sweet Potato,2017,3,2017-03-01,429,False,0,0,0,"<!doctype html><meta charset=""utf-8""><meta name=viewport content=""width=device-width, initial-scale=1""><title>429</title>429 Too Many Requests"
Sweet Potato,2017,3,2017-03-08,429,False,0,0,0,"<!doctype html><meta charset=""utf-8""><meta name=viewport content=""width=device-width, initial-scale=1""><title>429</title>429 Too Many Requests"
Sweet Potato,2017,3,2017-03-15,429,False,0,0,0,"<!doctype html><meta charset=""utf-8""><meta name=viewport content=""width=device-width, initial-scale=1""><title>429</title>429 Too Many Requests"
Sweet Potato,2017,4,2017-04-01,429,False,0,0,0,"<!doctype html><meta charset=""utf-8""><meta name=viewport content=""width=device-width, initial-scale=1""><title>429</title>429 Too Many Requests"
Sweet Potato,2017,4,2017-04-08,429,False,0,0,0,"<!doctype html><meta charset=""utf-8""><meta name=viewport content=""width=device-width, initial-scale=1""><title>429</title>429 Too Many Requests"
Sweet Potato,2017,4,2017-04-15,429,False,0,0,0,"<!doctype html><meta charset=""utf-8""><meta name=viewport content=""width=device-width, initial-scale=1""><title>429</title>429 Too Many Requests"
Sweet Potato,2017,5,2017-05-01,429,False,0,0,0,"<!doctype html><meta charset=""utf-8""><meta name=viewport content=""width=device-width, initial-scale=1""><title>429</title>429 Too Many Requests"
Sweet Potato,2017,5,2017-05-08,429,False,0,0,0,"<!doctype html><meta charset=""utf-8""><meta name=viewport content=""width=device-width, initial-scale=1""><title>429</title>429 Too Many Requests"
Sweet Potato,2017,5,2017-05-15,429,False,0,0,0,"<!doctype html><meta charset=""utf-8""><meta name=viewport content=""width=device-width, initial-scale=1""><title>429</title>429 Too Many Requests"
Sweet Potato,2017,6,2017-06-01,429,False,0,0,0,"<!doctype html><meta charset=""utf-8""><meta name=viewport content=""width=device-width, initial-scale=1""><title>429</title>429 Too Many Requests"
Sweet Potato,2017,6,2017-06-08,429,False,0,0,0,"<!doctype html><meta charset=""utf-8""><meta name=viewport content=""width=device-width, initial-scale=1""><title>429</title>429 Too Many Requests"
Sweet Potato,2017,6,2017-06-15,429,False,0,0,0,"<!doctype html><meta charset=""utf-8""><meta name=viewport content=""width=device-width, initial-scale=1""><title>429</title>429 Too Many Requests"
Sweet Potato,2017,7,2017-07-01,429,False,0,0,0,"<!doctype html><meta charset=""utf-8""><meta name=viewport content=""width=device-width, initial-scale=1""><title>429</title>429 Too Many Requests"
Sweet Potato,2017,7,2017-07-08,429,False,0,0,0,"<!doctype html><meta charset=""utf-8""><meta name=viewport content=""width=device-width, initial-scale=1""><title>429</title>429 Too Many Requests"
Sweet Potato,2017,7,2017-07-15,429,False,0,0,0,"<!doctype html><meta charset=""utf-8""><meta name=viewport content=""width=device-width, initial-scale=1""><title>429</title>429 Too Many Requests"
Sweet Potato,2017,8,2017-08-01,429,False,0,0,0,"<!doctype html><meta charset=""utf-8""><meta name=viewport content=""width=device-width, initial-scale=1""><title>429</title>429 Too Many Requests"
Sweet Potato,2017,8,2017-08-08,429,False,0,0,0,"<!doctype html><meta charset=""utf-8""><meta name=viewport content=""width=device-width, initial-scale=1""><title>429</title>429 Too Many Requests"
Sweet Potato,2017,8,2017-08-15,429,False,0,0,0,"<!doctype html><meta charset=""utf-8""><meta name=viewport content=""width=device-width, initial-scale=1""><title>429</title>429 Too Many Requests"
Sweet Potato,2017,9,2017-09-01,429,False,0,0,0,"<!doctype html><meta charset=""utf-8""><meta name=viewport content=""width=device-width, initial-scale=1""><title>429</title>429 Too Many Requests"
Sweet Potato,2017,9,2017-09-08,429,False,0,0,0,"<!doctype html><meta charset=""utf-8""><meta name=viewport content=""width=device-width, initial-scale=1""><title>429</title>429 Too Many Requests"
Sweet Potato,2017,9,2017-09-15,429,False,0,0,0,"<!doctype html><meta charset=""utf-8""><meta name=viewport content=""width=device-width, initial-scale=1""><title>429</title>429 Too Many Requests"
Sweet Potato,2017,10,2017-10-01,429,False,0,0,0,"<!doctype html><meta charset=""utf-8""><meta name=viewport content=""width=device-width, initial-scale=1""><title>429</title>429 Too Many Requests"
Sweet Potato,2017,10,2017-10-08,429,False,0,0,0,"<!doctype html><meta charset=""utf-8""><meta name=viewport content=""width=device-width, initial-scale=1""><title>429</title>429 Too Many Requests"
Sweet Potato,2017,10,2017-10-15,429,False,0,0,0,"<!doctype html><meta charset=""utf-8""><meta name=viewport content=""width=device-width, initial-scale=1""><title>429</title>429 Too Many Requests"
Sweet Potato,2017,11,2017-11-01,429,False,0,0,0,"<!doctype html><meta charset=""utf-8""><meta name=viewport content=""width=device-width, initial-scale=1""><title>429</title>429 Too Many Requests"
Sweet Potato,2017,11,2017-11-08,429,False,0,0,0,"<!doctype html><meta charset=""utf-8""><meta name=viewport content=""width=device-width, initial-scale=1""><title>429</title>429 Too Many Requests"
Sweet Potato,2017,11,2017-11-15,429,False,0,0,0,"<!doctype html><meta charset=""utf-8""><meta name=viewport content=""width=device-width, initial-scale=1""><title>429</title>429 Too Many Requests"
Sweet Potato,2017,12,2017-12-01,429,False,0,0,0,"<!doctype html><meta charset=""utf-8""><meta name=viewport content=""width=device-width, initial-scale=1""><title>429</title>429 Too Many Requests"
Sweet Potato,2017,12,2017-12-08,429,False,0,0,0,"<!doctype html><meta charset=""utf-8""><meta name=viewport content=""width=device-width, initial-scale=1""><title>429</title>429 Too Many Requests"
Sweet Potato,2017,12,2017-12-15,429,False,0,0,0,"<!doctype html><meta charset=""utf-8""><meta name=viewport content=""width=device-width, initial-scale=1""><title>429</title>429 Too Many Requests"
Sweet Potato,2018,2,2018-02-01,429,False,0,0,0,"<!doctype html><meta charset=""utf-8""><meta name=viewport content=""width=device-width, initial-scale=1""><title>429</title>429 Too Many Requests"
Sweet Potato,2018,2,2018-02-08,429,False,0,0,0,"<!doctype html><meta charset=""utf-8""><meta name=viewport content=""width=device-width, initial-scale=1""><title>429</title>429 Too Many Requests"
Sweet Potato,2018,2,2018-02-15,429,False,0,0,0,"<!doctype html><meta charset=""utf-8""><meta name=viewport content=""width=device-width, initial-scale=1""><title>429</title>429 Too Many Requests"
Sweet Potato,2018,3,2018-03-01,429,False,0,0,0,"<!doctype html><meta charset=""utf-8""><meta name=viewport content=""width=device-width, initial-scale=1""><title>429</title>429 Too Many Requests"
Sweet Potato,2018,3,2018-03-08,429,False,0,0,0,"<!doctype html><meta charset=""utf-8""><meta name=viewport content=""width=device-width, initial-scale=1""><title>429</title>429 Too Many Requests"
Sweet Potato,2018,3,2018-03-15,429,False,0,0,0,"<!doctype html><meta charset=""utf-8""><meta name=viewport content=""width=device-width, initial-scale=1""><title>429</title>429 Too Many Requests"
Sweet Potato,2018,1,2018-01-01,429,False,0,0,0,"<!doctype html><meta charset=""utf-8""><meta name=viewport content=""width=device-width, initial-scale=1""><title>429</title>429 Too Many Requests"
Sweet Potato,2018,1,2018-01-08,429,False,0,0,0,"<!doctype html><meta charset=""utf-8""><meta name=viewport content=""width=device-width, initial-scale=1""><title>429</title>429 Too Many Requests"
Sweet Potato,2018,1,2018-01-15,429,False,0,0,0,"<!doctype html><meta charset=""utf-8""><meta name=viewport content=""width=device-width, initial-scale=1""><title>429</title>429 Too Many Requests"
Sweet Potato,2018,4,2018-04-01,429,False,0,0,0,"<!doctype html><meta charset=""utf-8""><meta name=viewport content=""width=device-width, initial-scale=1""><title>429</title>429 Too Many Requests"
Sweet Potato,2018,4,2018-04-08,429,False,0,0,0,"<!doctype html><meta charset=""utf-8""><meta name=viewport content=""width=device-width, initial-scale=1""><title>429</title>429 Too Many Requests"
Sweet Potato,2018,4,2018-04-15,429,False,0,0,0,"<!doctype html><meta charset=""utf-8""><meta name=viewport content=""width=device-width, initial-scale=1""><title>429</title>429 Too Many Requests"
Sweet Potato,2018,5,2018-05-01,429,False,0,0,0,"<!doctype html><meta charset=""utf-8""><meta name=viewport content=""width=device-width, initial-scale=1""><title>429</title>429 Too Many Requests"
Sweet Potato,2018,5,2018-05-08,429,False,0,0,0,"<!doctype html><meta charset=""utf-8""><meta name=viewport content=""width=device-width, initial-scale=1""><title>429</title>429 Too Many Requests"
Sweet Potato,2018,5,2018-05-15,429,False,0,0,0,"<!doctype html><meta charset=""utf-8""><meta name=viewport content=""width=device-width, initial-scale=1""><title>429</title>429 Too Many Requests"
Sweet Potato,2018,7,2018-07-01,429,False,0,0,0,"<!doctype html><meta charset=""utf-8""><meta name=viewport content=""width=device-width, initial-scale=1""><title>429</title>429 Too Many Requests"
Sweet Potato,2018,7,2018-07-08,429,False,0,0,0,"<!doctype html><meta charset=""utf-8""><meta name=viewport content=""width=device-width, initial-scale=1""><title>429</title>429 Too Many Requests"
Sweet Potato,2018,7,2018-07-15,429,False,0,0,0,"<!doctype html><meta charset=""utf-8""><meta name=viewport content=""width=device-width, initial-scale=1""><title>429</title>429 Too Many Requests"
Sweet Potato,2018,8,2018-08-01,429,False,0,0,0,"<!doctype html><meta charset=""utf-8""><meta name=viewport content=""width=device-width, initial-scale=1""><title>429</title>429 Too Many Requests"
Sweet Potato,2018,8,2018-08-08,429,False,0,0,0,"<!doctype html><meta charset=""utf-8""><meta name=viewport content=""width=device-width, initial-scale=1""><title>429</title>429 Too Many Requests"
Sweet Potato,2018,8,2018-08-15,429,False,0,0,0,"<!doctype html><meta charset=""utf-8""><meta name=viewport content=""width=device-width, initial-scale=1""><title>429</title>429 Too Many Requests"
Sweet Potato,2018,6,2018-06-01,429,False,0,0,0,"<!doctype html><meta charset=""utf-8""><meta name=viewport content=""width=device-width, initial-scale=1""><title>429</title>429 Too Many Requests"
Sweet Potato,2018,6,2018-06-08,429,False,0,0,0,"<!doctype html><meta charset=""utf-8""><meta name=viewport content=""width=device-width, initial-scale=1""><title>429</title>429 Too Many Requests"
Sweet Potato,2018,6,2018-06-15,429,False,0,0,0,"<!doctype html><meta charset=""utf-8""><meta name=viewport content=""width=device-width, initial-scale=1""><title>429</title>429 Too Many Requests"
Sweet Potato,2018,9,2018-09-01,429,False,0,0,0,"<!doctype html><meta charset=""utf-8""><meta name=viewport content=""width=device-width, initial-scale=1""><title>429</title>429 Too Many Requests"
Sweet Potato,2018,9,2018-09-08,429,False,0,0,0,"<!doctype html><meta charset=""utf-8""><meta name=viewport content=""width=device-width, initial-scale=1""><title>429</title>429 Too Many Requests"
Sweet Potato,2018,9,2018-09-15,429,False,0,0,0,"<!doctype html><meta charset=""utf-8""><meta name=viewport content=""width=device-width, initial-scale=1""><title>429</title>429 Too Many Requests"
Sweet Potato,2018,10,2018-10-01,429,False,0,0,0,"<!doctype html><meta charset=""utf-8""><meta name=viewport content=""width=device-width, initial-scale=1""><title>429</title>429 Too Many Requests"
Sweet Potato,2018,10,2018-10-08,429,False,0,0,0,"<!doctype html><meta charset=""utf-8""><meta name=viewport content=""width=device-width, initial-scale=1""><title>429</title>429 Too Many Requests"
Sweet Potato,2018,10,2018-10-15,429,False,0,0,0,"<!doctype html><meta charset=""utf-8""><meta name=viewport content=""width=device-width, initial-scale=1""><title>429</title>429 Too Many Requests"
Sweet Potato,2018,11,2018-11-01,429,False,0,0,0,"<!doctype html><meta charset=""utf-8""><meta name=viewport content=""width=device-width, initial-scale=1""><title>429</title>429 Too Many Requests"
Sweet Potato,2018,11,2018-11-08,429,False,0,0,0,"<!doctype html><meta charset=""utf-8""><meta name=viewport content=""width=device-width, initial-scale=1""><title>429</title>429 Too Many Requests"
Sweet Potato,2018,11,2018-11-15,429,False,0,0,0,"<!doctype html><meta charset=""utf-8""><meta name=viewport content=""width=device-width, initial-scale=1""><title>429</title>429 Too Many Requests"
Sweet Potato,2019,1,2019-01-01,429,False,0,0,0,"<!doctype html><meta charset=""utf-8""><meta name=viewport content=""width=device-width, initial-scale=1""><title>429</title>429 Too Many Requests"
Sweet Potato,2019,1,2019-01-08,429,False,0,0,0,"<!doctype html><meta charset=""utf-8""><meta name=viewport content=""width=device-width, initial-scale=1""><title>429</title>429 Too Many Requests"
Sweet Potato,2019,1,2019-01-15,429,False,0,0,0,"<!doctype html><meta charset=""utf-8""><meta name=viewport content=""width=device-width, initial-scale=1""><title>429</title>429 Too Many Requests"
Sweet Potato,2018,12,2018-12-01,429,False,0,0,0,"<!doctype html><meta charset=""utf-8""><meta name=viewport content=""width=device-width, initial-scale=1""><title>429</title>429 Too Many Requests"
Sweet Potato,2018,12,2018-12-08,429,False,0,0,0,"<!doctype html><meta charset=""utf-8""><meta name=viewport content=""width=device-width, initial-scale=1""><title>429</title>429 Too Many Requests"
Sweet Potato,2018,12,2018-12-15,429,False,0,0,0,"<!doctype html><meta charset=""utf-8""><meta name=viewport content=""width=device-width, initial-scale=1""><title>429</title>429 Too Many Requests"
Sweet Potato,2019,2,2019-02-01,429,False,0,0,0,"<!doctype html><meta charset=""utf-8""><meta name=viewport content=""width=device-width, initial-scale=1""><title>429</title>429 Too Many Requests"
Sweet Potato,2019,2,2019-02-08,429,False,0,0,0,"<!doctype html><meta charset=""utf-8""><meta name=viewport content=""width=device-width, initial-scale=1""><title>429</title>429 Too Many Requests"
Sweet Potato,2019,2,2019-02-15,429,False,0,0,0,"<!doctype html><meta charset=""utf-8""><meta name=viewport content=""width=device-width, initial-scale=1""><title>429</title>429 Too Many Requests"
Sweet Potato,2019,3,2019-03-01,429,False,0,0,0,"<!doctype html><meta charset=""utf-8""><meta name=viewport content=""width=device-width, initial-scale=1""><title>429</title>429 Too Many Requests"
Sweet Potato,2019,3,2019-03-08,429,False,0,0,0,"<!doctype html><meta charset=""utf-8""><meta name=viewport content=""width=device-width, initial-scale=1""><title>429</title>429 Too Many Requests"
Sweet Potato,2019,3,2019-03-15,429,False,0,0,0,"<!doctype html><meta charset=""utf-8""><meta name=viewport content=""width=device-width, initial-scale=1""><title>429</title>429 Too Many Requests"
Sweet Potato,2019,4,2019-04-01,429,False,0,0,0,"<!doctype html><meta charset=""utf-8""><meta name=viewport content=""width=device-width, initial-scale=1""><title>429</title>429 Too Many Requests"
Sweet Potato,2019,4,2019-04-08,429,False,0,0,0,"<!doctype html><meta charset=""utf-8""><meta name=viewport content=""width=device-width, initial-scale=1""><title>429</title>429 Too Many Requests"
Sweet Potato,2019,4,2019-04-15,429,False,0,0,0,"<!doctype html><meta charset=""utf-8""><meta name=viewport content=""width=device-width, initial-scale=1""><title>429</title>429 Too Many Requests"
Sweet Potato,2019,5,2019-05-01,429,False,0,0,0,"<!doctype html><meta charset=""utf-8""><meta name=viewport content=""width=device-width, initial-scale=1""><title>429</title>429 Too Many Requests"
Sweet Potato,2019,5,2019-05-08,429,False,0,0,0,"<!doctype html><meta charset=""utf-8""><meta name=viewport content=""width=device-width, initial-scale=1""><title>429</title>429 Too Many Requests"
Sweet Potato,2019,5,2019-05-15,429,False,0,0,0,"<!doctype html><meta charset=""utf-8""><meta name=viewport content=""width=device-width, initial-scale=1""><title>429</title>429 Too Many Requests"
Sweet Potato,2019,6,2019-06-01,429,False,0,0,0,"<!doctype html><meta charset=""utf-8""><meta name=viewport content=""width=device-width, initial-scale=1""><title>429</title>429 Too Many Requests"
Sweet Potato,2019,6,2019-06-08,429,False,0,0,0,"<!doctype html><meta charset=""utf-8""><meta name=viewport content=""width=device-width, initial-scale=1""><title>429</title>429 Too Many Requests"
Sweet Potato,2019,6,2019-06-15,429,False,0,0,0,"<!doctype html><meta charset=""utf-8""><meta name=viewport content=""width=device-width, initial-scale=1""><title>429</title>429 Too Many Requests"
Sweet Potato,2019,7,2019-07-01,429,False,0,0,0,"<!doctype html><meta charset=""utf-8""><meta name=viewport content=""width=device-width, initial-scale=1""><title>429</title>429 Too Many Requests"
Sweet Potato,2019,7,2019-07-08,429,False,0,0,0,"<!doctype html><meta charset=""utf-8""><meta name=viewport content=""width=device-width, initial-scale=1""><title>429</title>429 Too Many Requests"
Sweet Potato,2019,7,2019-07-15,429,False,0,0,0,"<!doctype html><meta charset=""utf-8""><meta name=viewport content=""width=device-width, initial-scale=1""><title>429</title>429 Too Many Requests"
Sweet Potato,2019,8,2019-08-01,429,False,0,0,0,"<!doctype html><meta charset=""utf-8""><meta name=viewport content=""width=device-width, initial-scale=1""><title>429</title>429 Too Many Requests"
Sweet Potato,2019,8,2019-08-08,429,False,0,0,0,"<!doctype html><meta charset=""utf-8""><meta name=viewport content=""width=device-width, initial-scale=1""><title>429</title>429 Too Many Requests"
Sweet Potato,2019,8,2019-08-15,429,False,0,0,0,"<!doctype html><meta charset=""utf-8""><meta name=viewport content=""width=device-width, initial-scale=1""><title>429</title>429 Too Many Requests"
Sweet Potato,2019,9,2019-09-01,429,False,0,0,0,"<!doctype html><meta charset=""utf-8""><meta name=viewport content=""width=device-width, initial-scale=1""><title>429</title>429 Too Many Requests"
Sweet Potato,2019,9,2019-09-08,429,False,0,0,0,"<!doctype html><meta charset=""utf-8""><meta name=viewport content=""width=device-width, initial-scale=1""><title>429</title>429 Too Many Requests"
Sweet Potato,2019,9,2019-09-15,429,False,0,0,0,"<!doctype html><meta charset=""utf-8""><meta name=viewport content=""width=device-width, initial-scale=1""><title>429</title>429 Too Many Requests"
Sweet Potato,2019,10,2019-10-01,429,False,0,0,0,"<!doctype html><meta charset=""utf-8""><meta name=viewport content=""width=device-width, initial-scale=1""><title>429</title>429 Too Many Requests"
Sweet Potato,2019,10,2019-10-08,429,False,0,0,0,"<!doctype html><meta charset=""utf-8""><meta name=viewport content=""width=device-width, initial-scale=1""><title>429</title>429 Too Many Requests"
Sweet Potato,2019,10,2019-10-15,429,False,0,0,0,"<!doctype html><meta charset=""utf-8""><meta name=viewport content=""width=device-width, initial-scale=1""><title>429</title>429 Too Many Requests"
Sweet Potato,2019,11,2019-11-01,429,False,0,0,0,"<!doctype html><meta charset=""utf-8""><meta name=viewport content=""width=device-width, initial-scale=1""><title>429</title>429 Too Many Requests"
Sweet Potato,2019,11,2019-11-08,429,False,0,0,0,"<!doctype html><meta charset=""utf-8""><meta name=viewport content=""width=device-width, initial-scale=1""><title>429</title>429 Too Many Requests"
Sweet Potato,2019,11,2019-11-15,429,False,0,0,0,"<!doctype html><meta charset=""utf-8""><meta name=viewport content=""width=device-width, initial-scale=1""><title>429</title>429 Too Many Requests"
Sweet Potato,2019,12,2019-12-01,429,False,0,0,0,"<!doctype html><meta charset=""utf-8""><meta name=viewport content=""width=device-width, initial-scale=1""><title>429</title>429 Too Many Requests"
Sweet Potato,2019,12,2019-12-08,429,False,0,0,0,"<!doctype html><meta charset=""utf-8""><meta name=viewport content=""width=device-width, initial-scale=1""><title>429</title>429 Too Many Requests"
Sweet Potato,2019,12,2019-12-15,429,False,0,0,0,"<!doctype html><meta charset=""utf-8""><meta name=viewport content=""width=device-width, initial-scale=1""><title>429</title>429 Too Many Requests"
Sweet Potato,2020,1,2020-01-01,429,False,0,0,0,"<!doctype html><meta charset=""utf-8""><meta name=viewport content=""width=device-width, initial-scale=1""><title>429</title>429 Too Many Requests"
Sweet Potato,2020,1,2020-01-08,429,False,0,0,0,"<!doctype html><meta charset=""utf-8""><meta name=viewport content=""width=device-width, initial-scale=1""><title>429</title>429 Too Many Requests"
Sweet Potato,2020,1,2020-01-15,429,False,0,0,0,"<!doctype html><meta charset=""utf-8""><meta name=viewport content=""width=device-width, initial-scale=1""><title>429</title>429 Too Many Requests"
Sweet Potato,2020,2,2020-02-01,429,False,0,0,0,"<!doctype html><meta charset=""utf-8""><meta name=viewport content=""width=device-width, initial-scale=1""><title>429</title>429 Too Many Requests"
Sweet Potato,2020,2,2020-02-08,429,False,0,0,0,"<!doctype html><meta charset=""utf-8""><meta name=viewport content=""width=device-width, initial-scale=1""><title>429</title>429 Too Many Requests"
Sweet Potato,2020,2,2020-02-15,429,False,0,0,0,"<!doctype html><meta charset=""utf-8""><meta name=viewport content=""width=device-width, initial-scale=1""><title>429</title>429 Too Many Requests"
Sweet Potato,2020,4,2020-04-01,429,False,0,0,0,"<!doctype html><meta charset=""utf-8""><meta name=viewport content=""width=device-width, initial-scale=1""><title>429</title>429 Too Many Requests"
Sweet Potato,2020,4,2020-04-08,429,False,0,0,0,"<!doctype html><meta charset=""utf-8""><meta name=viewport content=""width=device-width, initial-scale=1""><title>429</title>429 Too Many Requests"
Sweet Potato,2020,4,2020-04-15,429,False,0,0,0,"<!doctype html><meta charset=""utf-8""><meta name=viewport content=""width=device-width, initial-scale=1""><title>429</title>429 Too Many Requests"
Sweet Potato,2020,3,2020-03-01,429,False,0,0,0,"<!doctype html><meta charset=""utf-8""><meta name=viewport content=""width=device-width, initial-scale=1""><title>429</title>429 Too Many Requests"
Sweet Potato,2020,3,2020-03-08,429,False,0,0,0,"<!doctype html><meta charset=""utf-8""><meta name=viewport content=""width=device-width, initial-scale=1""><title>429</title>429 Too Many Requests"
Sweet Potato,2020,3,2020-03-15,429,False,0,0,0,"<!doctype html><meta charset=""utf-8""><meta name=viewport content=""width=device-width, initial-scale=1""><title>429</title>429 Too Many Requests"
Sweet Potato,2020,5,2020-05-01,429,False,0,0,0,"<!doctype html><meta charset=""utf-8""><meta name=viewport content=""width=device-width, initial-scale=1""><title>429</title>429 Too Many Requests"
Sweet Potato,2020,5,2020-05-08,429,False,0,0,0,"<!doctype html><meta charset=""utf-8""><meta name=viewport content=""width=device-width, initial-scale=1""><title>429</title>429 Too Many Requests"
Sweet Potato,2020,5,2020-05-15,429,False,0,0,0,"<!doctype html><meta charset=""utf-8""><meta name=viewport content=""width=device-width, initial-scale=1""><title>429</title>429 Too Many Requests"
Sweet Potato,2020,6,2020-06-01,429,False,0,0,0,"<!doctype html><meta charset=""utf-8""><meta name=viewport content=""width=device-width, initial-scale=1""><title>429</title>429 Too Many Requests"
Sweet Potato,2020,6,2020-06-08,429,False,0,0,0,"<!doctype html><meta charset=""utf-8""><meta name=viewport content=""width=device-width, initial-scale=1""><title>429</title>429 Too Many Requests"
Sweet Potato,2020,6,2020-06-15,429,False,0,0,0,"<!doctype html><meta charset=""utf-8""><meta name=viewport content=""width=device-width, initial-scale=1""><title>429</title>429 Too Many Requests"
Sweet Potato,2020,7,2020-07-01,429,False,0,0,0,"<!doctype html><meta charset=""utf-8""><meta name=viewport content=""width=device-width, initial-scale=1""><title>429</title>429 Too Many Requests"
Sweet Potato,2020,7,2020-07-08,429,False,0,0,0,"<!doctype html><meta charset=""utf-8""><meta name=viewport content=""width=device-width, initial-scale=1""><title>429</title>429 Too Many Requests"
Sweet Potato,2020,7,2020-07-15,429,False,0,0,0,"<!doctype html><meta charset=""utf-8""><meta name=viewport content=""width=device-width, initial-scale=1""><title>429</title>429 Too Many Requests"
Sweet Potato,2020,8,2020-08-01,429,False,0,0,0,"<!doctype html><meta charset=""utf-8""><meta name=viewport content=""width=device-width, initial-scale=1""><title>429</title>429 Too Many Requests"
Sweet Potato,2020,8,2020-08-08,429,False,0,0,0,"<!doctype html><meta charset=""utf-8""><meta name=viewport content=""width=device-width, initial-scale=1""><title>429</title>429 Too Many Requests"
Sweet Potato,2020,8,2020-08-15,429,False,0,0,0,"<!doctype html><meta charset=""utf-8""><meta name=viewport content=""width=device-width, initial-scale=1""><title>429</title>429 Too Many Requests"
Sweet Potato,2020,9,2020-09-01,429,False,0,0,0,"<!doctype html><meta charset=""utf-8""><meta name=viewport content=""width=device-width, initial-scale=1""><title>429</title>429 Too Many Requests"
Sweet Potato,2020,9,2020-09-08,429,False,0,0,0,"<!doctype html><meta charset=""utf-8""><meta name=viewport content=""width=device-width, initial-scale=1""><title>429</title>429 Too Many Requests"
Sweet Potato,2020,9,2020-09-15,429,False,0,0,0,"<!doctype html><meta charset=""utf-8""><meta name=viewport content=""width=device-width, initial-scale=1""><title>429</title>429 Too Many Requests"
Sweet Potato,2020,10,2020-10-01,429,False,0,0,0,"<!doctype html><meta charset=""utf-8""><meta name=viewport content=""width=device-width, initial-scale=1""><title>429</title>429 Too Many Requests"
Sweet Potato,2020,10,2020-10-08,429,False,0,0,0,"<!doctype html><meta charset=""utf-8""><meta name=viewport content=""width=device-width, initial-scale=1""><title>429</title>429 Too Many Requests"
Sweet Potato,2020,10,2020-10-15,429,False,0,0,0,"<!doctype html><meta charset=""utf-8""><meta name=viewport content=""width=device-width, initial-scale=1""><title>429</title>429 Too Many Requests"
Sweet Potato,2020,11,2020-11-01,429,False,0,0,0,"<!doctype html><meta charset=""utf-8""><meta name=viewport content=""width=device-width, initial-scale=1""><title>429</title>429 Too Many Requests"
Sweet Potato,2020,11,2020-11-08,429,False,0,0,0,"<!doctype html><meta charset=""utf-8""><meta name=viewport content=""width=device-width, initial-scale=1""><title>429</title>429 Too Many Requests"
Sweet Potato,2020,11,2020-11-15,429,False,0,0,0,"<!doctype html><meta charset=""utf-8""><meta name=viewport content=""width=device-width, initial-scale=1""><title>429</title>429 Too Many Requests"
Sweet Potato,2020,12,2020-12-01,429,False,0,0,0,"<!doctype html><meta charset=""utf-8""><meta name=viewport content=""width=device-width, initial-scale=1""><title>429</title>429 Too Many Requests"
Sweet Potato,2020,12,2020-12-08,429,False,0,0,0,"<!doctype html><meta charset=""utf-8""><meta name=viewport content=""width=device-width, initial-scale=1""><title>429</title>429 Too Many Requests"
Sweet Potato,2020,12,2020-12-15,429,False,0,0,0,"<!doctype html><meta charset=""utf-8""><meta name=viewport content=""width=device-width, initial-scale=1""><title>429</title>429 Too Many Requests"
Sweet Potato,2021,2,2021-02-01,429,False,0,0,0,"<!doctype html><meta charset=""utf-8""><meta name=viewport content=""width=device-width, initial-scale=1""><title>429</title>429 Too Many Requests"
Sweet Potato,2021,2,2021-02-08,429,False,0,0,0,"<!doctype html><meta charset=""utf-8""><meta name=viewport content=""width=device-width, initial-scale=1""><title>429</title>429 Too Many Requests"
Sweet Potato,2021,2,2021-02-15,429,False,0,0,0,"<!doctype html><meta charset=""utf-8""><meta name=viewport content=""width=device-width, initial-scale=1""><title>429</title>429 Too Many Requests"
Sweet Potato,2021,1,2021-01-01,429,False,0,0,0,"<!doctype html><meta charset=""utf-8""><meta name=viewport content=""width=device-width, initial-scale=1""><title>429</title>429 Too Many Requests"
Sweet Potato,2021,1,2021-01-08,429,False,0,0,0,"<!doctype html><meta charset=""utf-8""><meta name=viewport content=""width=device-width, initial-scale=1""><title>429</title>429 Too Many Requests"
Sweet Potato,2021,1,2021-01-15,429,False,0,0,0,"<!doctype html><meta charset=""utf-8""><meta name=viewport content=""width=device-width, initial-scale=1""><title>429</title>429 Too Many Requests"
Sweet Potato,2021,3,2021-03-01,429,False,0,0,0,"<!doctype html><meta charset=""utf-8""><meta name=viewport content=""width=device-width, initial-scale=1""><title>429</title>429 Too Many Requests"
Sweet Potato,2021,3,2021-03-08,429,False,0,0,0,"<!doctype html><meta charset=""utf-8""><meta name=viewport content=""width=device-width, initial-scale=1""><title>429</title>429 Too Many Requests"
Sweet Potato,2021,3,2021-03-15,429,False,0,0,0,"<!doctype html><meta charset=""utf-8""><meta name=viewport content=""width=device-width, initial-scale=1""><title>429</title>429 Too Many Requests"
Sweet Potato,2021,4,2021-04-01,429,False,0,0,0,"<!doctype html><meta charset=""utf-8""><meta name=viewport content=""width=device-width, initial-scale=1""><title>429</title>429 Too Many Requests"
Sweet Potato,2021,4,2021-04-08,429,False,0,0,0,"<!doctype html><meta charset=""utf-8""><meta name=viewport content=""width=device-width, initial-scale=1""><title>429</title>429 Too Many Requests"
Sweet Potato,2021,4,2021-04-15,429,False,0,0,0,"<!doctype html><meta charset=""utf-8""><meta name=viewport content=""width=device-width, initial-scale=1""><title>429</title>429 Too Many Requests"
Sweet Potato,2021,5,2021-05-01,429,False,0,0,0,"<!doctype html><meta charset=""utf-8""><meta name=viewport content=""width=device-width, initial-scale=1""><title>429</title>429 Too Many Requests"
Sweet Potato,2021,5,2021-05-08,429,False,0,0,0,"<!doctype html><meta charset=""utf-8""><meta name=viewport content=""width=device-width, initial-scale=1""><title>429</title>429 Too Many Requests"
Sweet Potato,2021,5,2021-05-15,429,False,0,0,0,"<!doctype html><meta charset=""utf-8""><meta name=viewport content=""width=device-width, initial-scale=1""><title>429</title>429 Too Many Requests"
Sweet Potato,2021,6,2021-06-01,429,False,0,0,0,"<!doctype html><meta charset=""utf-8""><meta name=viewport content=""width=device-width, initial-scale=1""><title>429</title>429 Too Many Requests"
Sweet Potato,2021,6,2021-06-08,429,False,0,0,0,"<!doctype html><meta charset=""utf-8""><meta name=viewport content=""width=device-width, initial-scale=1""><title>429</title>429 Too Many Requests"
Sweet Potato,2021,6,2021-06-15,429,False,0,0,0,"<!doctype html><meta charset=""utf-8""><meta name=viewport content=""width=device-width, initial-scale=1""><title>429</title>429 Too Many Requests"
Sweet Potato,2021,7,2021-07-01,429,False,0,0,0,"<!doctype html><meta charset=""utf-8""><meta name=viewport content=""width=device-width, initial-scale=1""><title>429</title>429 Too Many Requests"
Sweet Potato,2021,7,2021-07-08,429,False,0,0,0,"<!doctype html><meta charset=""utf-8""><meta name=viewport content=""width=device-width, initial-scale=1""><title>429</title>429 Too Many Requests"
Sweet Potato,2021,7,2021-07-15,429,False,0,0,0,"<!doctype html><meta charset=""utf-8""><meta name=viewport content=""width=device-width, initial-scale=1""><title>429</title>429 Too Many Requests"
Sweet Potato,2021,8,2021-08-01,429,False,0,0,0,"<!doctype html><meta charset=""utf-8""><meta name=viewport content=""width=device-width, initial-scale=1""><title>429</title>429 Too Many Requests"
Sweet Potato,2021,8,2021-08-08,429,False,0,0,0,"<!doctype html><meta charset=""utf-8""><meta name=viewport content=""width=device-width, initial-scale=1""><title>429</title>429 Too Many Requests"
Sweet Potato,2021,8,2021-08-15,429,False,0,0,0,"<!doctype html><meta charset=""utf-8""><meta name=viewport content=""width=device-width, initial-scale=1""><title>429</title>429 Too Many Requests"
Sweet Potato,2021,9,2021-09-01,429,False,0,0,0,"<!doctype html><meta charset=""utf-8""><meta name=viewport content=""width=device-width, initial-scale=1""><title>429</title>429 Too Many Requests"
Sweet Potato,2021,9,2021-09-08,429,False,0,0,0,"<!doctype html><meta charset=""utf-8""><meta name=viewport content=""width=device-width, initial-scale=1""><title>429</title>429 Too Many Requests"
Sweet Potato,2021,9,2021-09-15,429,False,0,0,0,"<!doctype html><meta charset=""utf-8""><meta name=viewport content=""width=device-width, initial-scale=1""><title>429</title>429 Too Many Requests"
Sweet Potato,2021,10,2021-10-01,429,False,0,0,0,"<!doctype html><meta charset=""utf-8""><meta name=viewport content=""width=device-width, initial-scale=1""><title>429</title>429 Too Many Requests"
Sweet Potato,2021,10,2021-10-08,429,False,0,0,0,"<!doctype html><meta charset=""utf-8""><meta name=viewport content=""width=device-width, initial-scale=1""><title>429</title>429 Too Many Requests"
Sweet Potato,2021,10,2021-10-15,429,False,0,0,0,"<!doctype html><meta charset=""utf-8""><meta name=viewport content=""width=device-width, initial-scale=1""><title>429</title>429 Too Many Requests"
Sweet Potato,2021,12,2021-12-01,429,False,0,0,0,"<!doctype html><meta charset=""utf-8""><meta name=viewport content=""width=device-width, initial-scale=1""><title>429</title>429 Too Many Requests"
Sweet Potato,2021,12,2021-12-08,429,False,0,0,0,"<!doctype html><meta charset=""utf-8""><meta name=viewport content=""width=device-width, initial-scale=1""><title>429</title>429 Too Many Requests"
Sweet Potato,2021,12,2021-12-15,429,False,0,0,0,"<!doctype html><meta charset=""utf-8""><meta name=viewport content=""width=device-width, initial-scale=1""><title>429</title>429 Too Many Requests"
Sweet Potato,2021,11,2021-11-01,429,False,0,0,0,"<!doctype html><meta charset=""utf-8""><meta name=viewport content=""width=device-width, initial-scale=1""><title>429</title>429 Too Many Requests"
Sweet Potato,2021,11,2021-11-08,429,False,0,0,0,"<!doctype html><meta charset=""utf-8""><meta name=viewport content=""width=device-width, initial-scale=1""><title>429</title>429 Too Many Requests"
Sweet Potato,2021,11,2021-11-15,429,False,0,0,0,"<!doctype html><meta charset=""utf-8""><meta name=viewport content=""width=device-width, initial-scale=1""><title>429</title>429 Too Many Requests"
Sweet Potato,2022,1,2022-01-01,429,False,0,0,0,"<!doctype html><meta charset=""utf-8""><meta name=viewport content=""width=device-width, initial-scale=1""><title>429</title>429 Too Many Requests"
Sweet Potato,2022,1,2022-01-08,429,False,0,0,0,"<!doctype html><meta charset=""utf-8""><meta name=viewport content=""width=device-width, initial-scale=1""><title>429</title>429 Too Many Requests"
Sweet Potato,2022,1,2022-01-15,429,False,0,0,0,"<!doctype html><meta charset=""utf-8""><meta name=viewport content=""width=device-width, initial-scale=1""><title>429</title>429 Too Many Requests"
Sweet Potato,2022,2,2022-02-01,429,False,0,0,0,"<!doctype html><meta charset=""utf-8""><meta name=viewport content=""width=device-width, initial-scale=1""><title>429</title>429 Too Many Requests"
Sweet Potato,2022,2,2022-02-08,429,False,0,0,0,"<!doctype html><meta charset=""utf-8""><meta name=viewport content=""width=device-width, initial-scale=1""><title>429</title>429 Too Many Requests"
Sweet Potato,2022,2,2022-02-15,429,False,0,0,0,"<!doctype html><meta charset=""utf-8""><meta name=viewport content=""width=device-width, initial-scale=1""><title>429</title>429 Too Many Requests"
Sweet Potato,2022,3,2022-03-01,429,False,0,0,0,"<!doctype html><meta charset=""utf-8""><meta name=viewport content=""width=device-width, initial-scale=1""><title>429</title>429 Too Many Requests"
Sweet Potato,2022,3,2022-03-08,429,False,0,0,0,"<!doctype html><meta charset=""utf-8""><meta name=viewport content=""width=device-width, initial-scale=1""><title>429</title>429 Too Many Requests"
Sweet Potato,2022,3,2022-03-15,429,False,0,0,0,"<!doctype html><meta charset=""utf-8""><meta name=viewport content=""width=device-width, initial-scale=1""><title>429</title>429 Too Many Requests"
Sweet Potato,2022,5,2022-05-01,429,False,0,0,0,"<!doctype html><meta charset=""utf-8""><meta name=viewport content=""width=device-width, initial-scale=1""><title>429</title>429 Too Many Requests"
Sweet Potato,2022,5,2022-05-08,429,False,0,0,0,"<!doctype html><meta charset=""utf-8""><meta name=viewport content=""width=device-width, initial-scale=1""><title>429</title>429 Too Many Requests"
Sweet Potato,2022,5,2022-05-15,429,False,0,0,0,"<!doctype html><meta charset=""utf-8""><meta name=viewport content=""width=device-width, initial-scale=1""><title>429</title>429 Too Many Requests"
Sweet Potato,2022,4,2022-04-01,429,False,0,0,0,"<!doctype html><meta charset=""utf-8""><meta name=viewport content=""width=device-width, initial-scale=1""><title>429</title>429 Too Many Requests"
Sweet Potato,2022,4,2022-04-08,429,False,0,0,0,"<!doctype html><meta charset=""utf-8""><meta name=viewport content=""width=device-width, initial-scale=1""><title>429</title>429 Too Many Requests"
Sweet Potato,2022,4,2022-04-15,429,False,0,0,0,"<!doctype html><meta charset=""utf-8""><meta name=viewport content=""width=device-width, initial-scale=1""><title>429</title>429 Too Many Requests"
Sweet Potato,2022,6,2022-06-01,429,False,0,0,0,"<!doctype html><meta charset=""utf-8""><meta name=viewport content=""width=device-width, initial-scale=1""><title>429</title>429 Too Many Requests"
Sweet Potato,2022,6,2022-06-08,429,False,0,0,0,"<!doctype html><meta charset=""utf-8""><meta name=viewport content=""width=device-width, initial-scale=1""><title>429</title>429 Too Many Requests"
Sweet Potato,2022,6,2022-06-15,429,False,0,0,0,"<!doctype html><meta charset=""utf-8""><meta name=viewport content=""width=device-width, initial-scale=1""><title>429</title>429 Too Many Requests"
Sweet Potato,2022,7,2022-07-01,429,False,0,0,0,"<!doctype html><meta charset=""utf-8""><meta name=viewport content=""width=device-width, initial-scale=1""><title>429</title>429 Too Many Requests"
Sweet Potato,2022,7,2022-07-08,429,False,0,0,0,"<!doctype html><meta charset=""utf-8""><meta name=viewport content=""width=device-width, initial-scale=1""><title>429</title>429 Too Many Requests"
Sweet Potato,2022,7,2022-07-15,429,False,0,0,0,"<!doctype html><meta charset=""utf-8""><meta name=viewport content=""width=device-width, initial-scale=1""><title>429</title>429 Too Many Requests"
Sweet Potato,2022,8,2022-08-01,429,False,0,0,0,"<!doctype html><meta charset=""utf-8""><meta name=viewport content=""width=device-width, initial-scale=1""><title>429</title>429 Too Many Requests"
Sweet Potato,2022,8,2022-08-08,429,False,0,0,0,"<!doctype html><meta charset=""utf-8""><meta name=viewport content=""width=device-width, initial-scale=1""><title>429</title>429 Too Many Requests"
Sweet Potato,2022,8,2022-08-15,429,False,0,0,0,"<!doctype html><meta charset=""utf-8""><meta name=viewport content=""width=device-width, initial-scale=1""><title>429</title>429 Too Many Requests"
Sweet Potato,2022,10,2022-10-01,429,False,0,0,0,"<!doctype html><meta charset=""utf-8""><meta name=viewport content=""width=device-width, initial-scale=1""><title>429</title>429 Too Many Requests"
Sweet Potato,2022,10,2022-10-08,429,False,0,0,0,"<!doctype html><meta charset=""utf-8""><meta name=viewport content=""width=device-width, initial-scale=1""><title>429</title>429 Too Many Requests"
Sweet Potato,2022,10,2022-10-15,429,False,0,0,0,"<!doctype html><meta charset=""utf-8""><meta name=viewport content=""width=device-width, initial-scale=1""><title>429</title>429 Too Many Requests"
Sweet Potato,2022,9,2022-09-01,429,False,0,0,0,"<!doctype html><meta charset=""utf-8""><meta name=viewport content=""width=device-width, initial-scale=1""><title>429</title>429 Too Many Requests"
Sweet Potato,2022,9,2022-09-08,429,False,0,0,0,"<!doctype html><meta charset=""utf-8""><meta name=viewport content=""width=device-width, initial-scale=1""><title>429</title>429 Too Many Requests"
Sweet Potato,2022,9,2022-09-15,429,False,0,0,0,"<!doctype html><meta charset=""utf-8""><meta name=viewport content=""width=device-width, initial-scale=1""><title>429</title>429 Too Many Requests"
Sweet Potato,2022,11,2022-11-01,429,False,0,0,0,"<!doctype html><meta charset=""utf-8""><meta name=viewport content=""width=device-width, initial-scale=1""><title>429</title>429 Too Many Requests"
Sweet Potato,2022,11,2022-11-08,429,False,0,0,0,"<!doctype html><meta charset=""utf-8""><meta name=viewport content=""width=device-width, initial-scale=1""><title>429</title>429 Too Many Requests"
Sweet Potato,2022,11,2022-11-15,429,False,0,0,0,"<!doctype html><meta charset=""utf-8""><meta name=viewport content=""width=device-width, initial-scale=1""><title>429</title>429 Too Many Requests"
Sweet Potato,2022,12,2022-12-01,429,False,0,0,0,"<!doctype html><meta charset=""utf-8""><meta name=viewport content=""width=device-width, initial-scale=1""><title>429</title>429 Too Many Requests"
Sweet Potato,2022,12,2022-12-08,429,False,0,0,0,"<!doctype html><meta charset=""utf-8""><meta name=viewport content=""width=device-width, initial-scale=1""><title>429</title>429 Too Many Requests"
Sweet Potato,2022,12,2022-12-15,429,False,0,0,0,"<!doctype html><meta charset=""utf-8""><meta name=viewport content=""width=device-width, initial-scale=1""><title>429</title>429 Too Many Requests"
Sweet Potato,2023,1,2023-01-01,429,False,0,0,0,"<!doctype html><meta charset=""utf-8""><meta name=viewport content=""width=device-width, initial-scale=1""><title>429</title>429 Too Many Requests"
Sweet Potato,2023,1,2023-01-08,429,False,0,0,0,"<!doctype html><meta charset=""utf-8""><meta name=viewport content=""width=device-width, initial-scale=1""><title>429</title>429 Too Many Requests"
Sweet Potato,2023,1,2023-01-15,429,False,0,0,0,"<!doctype html><meta charset=""utf-8""><meta name=viewport content=""width=device-width, initial-scale=1""><title>429</title>429 Too Many Requests"
Sweet Potato,2023,2,2023-02-01,429,False,0,0,0,"<!doctype html><meta charset=""utf-8""><meta name=viewport content=""width=device-width, initial-scale=1""><title>429</title>429 Too Many Requests"
Sweet Potato,2023,2,2023-02-08,429,False,0,0,0,"<!doctype html><meta charset=""utf-8""><meta name=viewport content=""width=device-width, initial-scale=1""><title>429</title>429 Too Many Requests"
Sweet Potato,2023,2,2023-02-15,429,False,0,0,0,"<!doctype html><meta charset=""utf-8""><meta name=viewport content=""width=device-width, initial-scale=1""><title>429</title>429 Too Many Requests"
Sweet Potato,2023,3,2023-03-01,429,False,0,0,0,"<!doctype html><meta charset=""utf-8""><meta name=viewport content=""width=device-width, initial-scale=1""><title>429</title>429 Too Many Requests"
Sweet Potato,2023,3,2023-03-08,429,False,0,0,0,"<!doctype html><meta charset=""utf-8""><meta name=viewport content=""width=device-width, initial-scale=1""><title>429</title>429 Too Many Requests"
Sweet Potato,2023,3,2023-03-15,429,False,0,0,0,"<!doctype html><meta charset=""utf-8""><meta name=viewport content=""width=device-width, initial-scale=1""><title>429</title>429 Too Many Requests"
Sweet Potato,2023,4,2023-04-01,429,False,0,0,0,"<!doctype html><meta charset=""utf-8""><meta name=viewport content=""width=device-width, initial-scale=1""><title>429</title>429 Too Many Requests"
Sweet Potato,2023,4,2023-04-08,429,False,0,0,0,"<!doctype html><meta charset=""utf-8""><meta name=viewport content=""width=device-width, initial-scale=1""><title>429</title>429 Too Many Requests"
Sweet Potato,2023,4,2023-04-15,429,False,0,0,0,"<!doctype html><meta charset=""utf-8""><meta name=viewport content=""width=device-width, initial-scale=1""><title>429</title>429 Too Many Requests"
Sweet Potato,2023,5,2023-05-01,429,False,0,0,0,"<!doctype html><meta charset=""utf-8""><meta name=viewport content=""width=device-width, initial-scale=1""><title>429</title>429 Too Many Requests"
Sweet Potato,2023,5,2023-05-08,429,False,0,0,0,"<!doctype html><meta charset=""utf-8""><meta name=viewport content=""width=device-width, initial-scale=1""><title>429</title>429 Too Many Requests"
Sweet Potato,2023,5,2023-05-15,429,False,0,0,0,"<!doctype html><meta charset=""utf-8""><meta name=viewport content=""width=device-width, initial-scale=1""><title>429</title>429 Too Many Requests"
Sweet Potato,2023,6,2023-06-01,429,False,0,0,0,"<!doctype html><meta charset=""utf-8""><meta name=viewport content=""width=device-width, initial-scale=1""><title>429</title>429 Too Many Requests"
Sweet Potato,2023,6,2023-06-08,429,False,0,0,0,"<!doctype html><meta charset=""utf-8""><meta name=viewport content=""width=device-width, initial-scale=1""><title>429</title>429 Too Many Requests"
Sweet Potato,2023,6,2023-06-15,429,False,0,0,0,"<!doctype html><meta charset=""utf-8""><meta name=viewport content=""width=device-width, initial-scale=1""><title>429</title>429 Too Many Requests"
Sweet Potato,2023,7,2023-07-01,429,False,0,0,0,"<!doctype html><meta charset=""utf-8""><meta name=viewport content=""width=device-width, initial-scale=1""><title>429</title>429 Too Many Requests"
Sweet Potato,2023,7,2023-07-08,429,False,0,0,0,"<!doctype html><meta charset=""utf-8""><meta name=viewport content=""width=device-width, initial-scale=1""><title>429</title>429 Too Many Requests"
Sweet Potato,2023,7,2023-07-15,429,False,0,0,0,"<!doctype html><meta charset=""utf-8""><meta name=viewport content=""width=device-width, initial-scale=1""><title>429</title>429 Too Many Requests"
Sweet Potato,2023,8,2023-08-01,429,False,0,0,0,"<!doctype html><meta charset=""utf-8""><meta name=viewport content=""width=device-width, initial-scale=1""><title>429</title>429 Too Many Requests"
Sweet Potato,2023,8,2023-08-08,429,False,0,0,0,"<!doctype html><meta charset=""utf-8""><meta name=viewport content=""width=device-width, initial-scale=1""><title>429</title>429 Too Many Requests"
Sweet Potato,2023,8,2023-08-15,429,False,0,0,0,"<!doctype html><meta charset=""utf-8""><meta name=viewport content=""width=device-width, initial-scale=1""><title>429</title>429 Too Many Requests"
Sweet Potato,2023,9,2023-09-01,429,False,0,0,0,"<!doctype html><meta charset=""utf-8""><meta name=viewport content=""width=device-width, initial-scale=1""><title>429</title>429 Too Many Requests"
Sweet Potato,2023,9,2023-09-08,429,False,0,0,0,"<!doctype html><meta charset=""utf-8""><meta name=viewport content=""width=device-width, initial-scale=1""><title>429</title>429 Too Many Requests"
Sweet Potato,2023,9,2023-09-15,429,False,0,0,0,"<!doctype html><meta charset=""utf-8""><meta name=viewport content=""width=device-width, initial-scale=1""><title>429</title>429 Too Many Requests"
Sweet Potato,2023,10,2023-10-01,429,False,0,0,0,"<!doctype html><meta charset=""utf-8""><meta name=viewport content=""width=device-width, initial-scale=1""><title>429</title>429 Too Many Requests"
Sweet Potato,2023,10,2023-10-08,429,False,0,0,0,"<!doctype html><meta charset=""utf-8""><meta name=viewport content=""width=device-width, initial-scale=1""><title>429</title>429 Too Many Requests"
Sweet Potato,2023,10,2023-10-15,429,False,0,0,0,"<!doctype html><meta charset=""utf-8""><meta name=viewport content=""width=device-width, initial-scale=1""><title>429</title>429 Too Many Requests"
Sweet Potato,2023,11,2023-11-01,429,False,0,0,0,"<!doctype html><meta charset=""utf-8""><meta name=viewport content=""width=device-width, initial-scale=1""><title>429</title>429 Too Many Requests"
Sweet Potato,2023,11,2023-11-08,429,False,0,0,0,"<!doctype html><meta charset=""utf-8""><meta name=viewport content=""width=device-width, initial-scale=1""><title>429</title>429 Too Many Requests"
Sweet Potato,2023,11,2023-11-15,429,False,0,0,0,"<!doctype html><meta charset=""utf-8""><meta name=viewport content=""width=device-width, initial-scale=1""><title>429</title>429 Too Many Requests"
Sweet Potato,2023,12,2023-12-01,429,False,0,0,0,"<!doctype html><meta charset=""utf-8""><meta name=viewport content=""width=device-width, initial-scale=1""><title>429</title>429 Too Many Requests"
Sweet Potato,2023,12,2023-12-08,429,False,0,0,0,"<!doctype html><meta charset=""utf-8""><meta name=viewport content=""width=device-width, initial-scale=1""><title>429</title>429 Too Many Requests"
Sweet Potato,2023,12,2023-12-15,429,False,0,0,0,"<!doctype html><meta charset=""utf-8""><meta name=viewport content=""width=device-width, initial-scale=1""><title>429</title>429 Too Many Requests"
Sweet Potato,2024,1,2024-01-01,429,False,0,0,0,"<!doctype html><meta charset=""utf-8""><meta name=viewport content=""width=device-width, initial-scale=1""><title>429</title>429 Too Many Requests"
Sweet Potato,2024,1,2024-01-08,429,False,0,0,0,"<!doctype html><meta charset=""utf-8""><meta name=viewport content=""width=device-width, initial-scale=1""><title>429</title>429 Too Many Requests"
Sweet Potato,2024,1,2024-01-15,429,False,0,0,0,"<!doctype html><meta charset=""utf-8""><meta name=viewport content=""width=device-width, initial-scale=1""><title>429</title>429 Too Many Requests"
Sweet Potato,2024,2,2024-02-01,429,False,0,0,0,"<!doctype html><meta charset=""utf-8""><meta name=viewport content=""width=device-width, initial-scale=1""><title>429</title>429 Too Many Requests"
Sweet Potato,2024,2,2024-02-08,429,False,0,0,0,"<!doctype html><meta charset=""utf-8""><meta name=viewport content=""width=device-width, initial-scale=1""><title>429</title>429 Too Many Requests"
Sweet Potato,2024,2,2024-02-15,429,False,0,0,0,"<!doctype html><meta charset=""utf-8""><meta name=viewport content=""width=device-width, initial-scale=1""><title>429</title>429 Too Many Requests"
Sweet Potato,2024,3,2024-03-01,429,False,0,0,0,"<!doctype html><meta charset=""utf-8""><meta name=viewport content=""width=device-width, initial-scale=1""><title>429</title>429 Too Many Requests"
Sweet Potato,2024,3,2024-03-08,429,False,0,0,0,"<!doctype html><meta charset=""utf-8""><meta name=viewport content=""width=device-width, initial-scale=1""><title>429</title>429 Too Many Requests"
Sweet Potato,2024,3,2024-03-15,429,False,0,0,0,"<!doctype html><meta charset=""utf-8""><meta name=viewport content=""width=device-width, initial-scale=1""><title>429</title>429 Too Many Requests"
Sweet Potato,2024,4,2024-04-01,429,False,0,0,0,"<!doctype html><meta charset=""utf-8""><meta name=viewport content=""width=device-width, initial-scale=1""><title>429</title>429 Too Many Requests"
Sweet Potato,2024,4,2024-04-08,429,False,0,0,0,"<!doctype html><meta charset=""utf-8""><meta name=viewport content=""width=device-width, initial-scale=1""><title>429</title>429 Too Many Requests"
Sweet Potato,2024,4,2024-04-15,429,False,0,0,0,"<!doctype html><meta charset=""utf-8""><meta name=viewport content=""width=device-width, initial-scale=1""><title>429</title>429 Too Many Requests"
Sweet Potato,2024,5,2024-05-01,429,False,0,0,0,"<!doctype html><meta charset=""utf-8""><meta name=viewport content=""width=device-width, initial-scale=1""><title>429</title>429 Too Many Requests"
Sweet Potato,2024,5,2024-05-08,429,False,0,0,0,"<!doctype html><meta charset=""utf-8""><meta name=viewport content=""width=device-width, initial-scale=1""><title>429</title>429 Too Many Requests"
Sweet Potato,2024,5,2024-05-15,429,False,0,0,0,"<!doctype html><meta charset=""utf-8""><meta name=viewport content=""width=device-width, initial-scale=1""><title>429</title>429 Too Many Requests"
Sweet Potato,2024,6,2024-06-01,429,False,0,0,0,"<!doctype html><meta charset=""utf-8""><meta name=viewport content=""width=device-width, initial-scale=1""><title>429</title>429 Too Many Requests"
Sweet Potato,2024,6,2024-06-08,429,False,0,0,0,"<!doctype html><meta charset=""utf-8""><meta name=viewport content=""width=device-width, initial-scale=1""><title>429</title>429 Too Many Requests"
Sweet Potato,2024,6,2024-06-15,429,False,0,0,0,"<!doctype html><meta charset=""utf-8""><meta name=viewport content=""width=device-width, initial-scale=1""><title>429</title>429 Too Many Requests"
Sweet Potato,2024,7,2024-07-01,429,False,0,0,0,"<!doctype html><meta charset=""utf-8""><meta name=viewport content=""width=device-width, initial-scale=1""><title>429</title>429 Too Many Requests"
Sweet Potato,2024,7,2024-07-08,429,False,0,0,0,"<!doctype html><meta charset=""utf-8""><meta name=viewport content=""width=device-width, initial-scale=1""><title>429</title>429 Too Many Requests"
Sweet Potato,2024,7,2024-07-15,429,False,0,0,0,"<!doctype html><meta charset=""utf-8""><meta name=viewport content=""width=device-width, initial-scale=1""><title>429</title>429 Too Many Requests"
Sweet Potato,2024,8,2024-08-01,429,False,0,0,0,"<!doctype html><meta charset=""utf-8""><meta name=viewport content=""width=device-width, initial-scale=1""><title>429</title>429 Too Many Requests"
Sweet Potato,2024,8,2024-08-08,429,False,0,0,0,"<!doctype html><meta charset=""utf-8""><meta name=viewport content=""width=device-width, initial-scale=1""><title>429</title>429 Too Many Requests"
Sweet Potato,2024,8,2024-08-15,429,False,0,0,0,"<!doctype html><meta charset=""utf-8""><meta name=viewport content=""width=device-width, initial-scale=1""><title>429</title>429 Too Many Requests"
Sweet Potato,2024,9,2024-09-01,429,False,0,0,0,"<!doctype html><meta charset=""utf-8""><meta name=viewport content=""width=device-width, initial-scale=1""><title>429</title>429 Too Many Requests"
Sweet Potato,2024,9,2024-09-08,429,False,0,0,0,"<!doctype html><meta charset=""utf-8""><meta name=viewport content=""width=device-width, initial-scale=1""><title>429</title>429 Too Many Requests"
Sweet Potato,2024,9,2024-09-15,429,False,0,0,0,"<!doctype html><meta charset=""utf-8""><meta name=viewport content=""width=device-width, initial-scale=1""><title>429</title>429 Too Many Requests"
Sweet Potato,2024,10,2024-10-01,429,False,0,0,0,"<!doctype html><meta charset=""utf-8""><meta name=viewport content=""width=device-width, initial-scale=1""><title>429</title>429 Too Many Requests"
Sweet Potato,2024,10,2024-10-08,429,False,0,0,0,"<!doctype html><meta charset=""utf-8""><meta name=viewport content=""width=device-width, initial-scale=1""><title>429</title>429 Too Many Requests"
Sweet Potato,2024,10,2024-10-15,429,False,0,0,0,"<!doctype html><meta charset=""utf-8""><meta name=viewport content=""width=device-width, initial-scale=1""><title>429</title>429 Too Many Requests"
Sweet Potato,2024,11,2024-11-01,429,False,0,0,0,"<!doctype html><meta charset=""utf-8""><meta name=viewport content=""width=device-width, initial-scale=1""><title>429</title>429 Too Many Requests"
Sweet Potato,2024,11,2024-11-08,429,False,0,0,0,"<!doctype html><meta charset=""utf-8""><meta name=viewport content=""width=device-width, initial-scale=1""><title>429</title>429 Too Many Requests"
Sweet Potato,2024,11,2024-11-15,429,False,0,0,0,"<!doctype html><meta charset=""utf-8""><meta name=viewport content=""width=device-width, initial-scale=1""><title>429</title>429 Too Many Requests"
Sweet Potato,2024,12,2024-12-01,429,False,0,0,0,"<!doctype html><meta charset=""utf-8""><meta name=viewport content=""width=device-width, initial-scale=1""><title>429</title>429 Too Many Requests"
Sweet Potato,2024,12,2024-12-08,429,False,0,0,0,"<!doctype html><meta charset=""utf-8""><meta name=viewport content=""width=device-width, initial-scale=1""><title>429</title>429 Too Many Requests"
Sweet Potato,2024,12,2024-12-15,429,False,0,0,0,"<!doctype html><meta charset=""utf-8""><meta name=viewport content=""width=device-width, initial-scale=1""><title>429</title>429 Too Many Requests"
Sweet Potato,2025,1,2025-01-01,429,False,0,0,0,"<!doctype html><meta charset=""utf-8""><meta name=viewport content=""width=device-width, initial-scale=1""><title>429</title>429 Too Many Requests"
Sweet Potato,2025,1,2025-01-08,429,False,0,0,0,"<!doctype html><meta charset=""utf-8""><meta name=viewport content=""width=device-width, initial-scale=1""><title>429</title>429 Too Many Requests"
Sweet Potato,2025,1,2025-01-15,429,False,0,0,0,"<!doctype html><meta charset=""utf-8""><meta name=viewport content=""width=device-width, initial-scale=1""><title>429</title>429 Too Many Requests"
Sweet Potato,2025,2,2025-02-01,429,False,0,0,0,"<!doctype html><meta charset=""utf-8""><meta name=viewport content=""width=device-width, initial-scale=1""><title>429</title>429 Too Many Requests"
Sweet Potato,2025,2,2025-02-08,429,False,0,0,0,"<!doctype html><meta charset=""utf-8""><meta name=viewport content=""width=device-width, initial-scale=1""><title>429</title>429 Too Many Requests"
Sweet Potato,2025,2,2025-02-15,429,False,0,0,0,"<!doctype html><meta charset=""utf-8""><meta name=viewport content=""width=device-width, initial-scale=1""><title>429</title>429 Too Many Requests"
Sweet Potato,2025,3,2025-03-01,429,False,0,0,0,"<!doctype html><meta charset=""utf-8""><meta name=viewport content=""width=device-width, initial-scale=1""><title>429</title>429 Too Many Requests"
Sweet Potato,2025,3,2025-03-08,429,False,0,0,0,"<!doctype html><meta charset=""utf-8""><meta name=viewport content=""width=device-width, initial-scale=1""><title>429</title>429 Too Many Requests"
Sweet Potato,2025,3,2025-03-15,429,False,0,0,0,"<!doctype html><meta charset=""utf-8""><meta name=viewport content=""width=device-width, initial-scale=1""><title>429</title>429 Too Many Requests"
Sweet Potato,2025,4,2025-04-01,429,False,0,0,0,"<!doctype html><meta charset=""utf-8""><meta name=viewport content=""width=device-width, initial-scale=1""><title>429</title>429 Too Many Requests"
Sweet Potato,2025,4,2025-04-08,429,False,0,0,0,"<!doctype html><meta charset=""utf-8""><meta name=viewport content=""width=device-width, initial-scale=1""><title>429</title>429 Too Many Requests"
Sweet Potato,2025,4,2025-04-15,429,False,0,0,0,"<!doctype html><meta charset=""utf-8""><meta name=viewport content=""width=device-width, initial-scale=1""><title>429</title>429 Too Many Requests"
Sweet Potato,2025,5,2025-05-01,429,False,0,0,0,"<!doctype html><meta charset=""utf-8""><meta name=viewport content=""width=device-width, initial-scale=1""><title>429</title>429 Too Many Requests"
Sweet Potato,2025,5,2025-05-08,429,False,0,0,0,"<!doctype html><meta charset=""utf-8""><meta name=viewport content=""width=device-width, initial-scale=1""><title>429</title>429 Too Many Requests"
Sweet Potato,2025,5,2025-05-15,429,False,0,0,0,"<!doctype html><meta charset=""utf-8""><meta name=viewport content=""width=device-width, initial-scale=1""><title>429</title>429 Too Many Requests"
Sweet Potato,2025,6,2025-06-01,429,False,0,0,0,"<!doctype html><meta charset=""utf-8""><meta name=viewport content=""width=device-width, initial-scale=1""><title>429</title>429 Too Many Requests"
Sweet Potato,2025,6,2025-06-08,429,False,0,0,0,"<!doctype html><meta charset=""utf-8""><meta name=viewport content=""width=device-width, initial-scale=1""><title>429</title>429 Too Many Requests"
Sweet Potato,2025,6,2025-06-15,429,False,0,0,0,"<!doctype html><meta charset=""utf-8""><meta name=viewport content=""width=device-width, initial-scale=1""><title>429</title>429 Too Many Requests"
Sweet Potato,2025,7,2025-07-01,429,False,0,0,0,"<!doctype html><meta charset=""utf-8""><meta name=viewport content=""width=device-width, initial-scale=1""><title>429</title>429 Too Many Requests"
Sweet Potato,2025,7,2025-07-08,429,False,0,0,0,"<!doctype html><meta charset=""utf-8""><meta name=viewport content=""width=device-width, initial-scale=1""><title>429</title>429 Too Many Requests"
Sweet Potato,2025,7,2025-07-15,429,False,0,0,0,"<!doctype html><meta charset=""utf-8""><meta name=viewport content=""width=device-width, initial-scale=1""><title>429</title>429 Too Many Requests"
Sweet Potato,2025,8,2025-08-01,429,False,0,0,0,"<!doctype html><meta charset=""utf-8""><meta name=viewport content=""width=device-width, initial-scale=1""><title>429</title>429 Too Many Requests"
Sweet Potato,2025,8,2025-08-08,429,False,0,0,0,"<!doctype html><meta charset=""utf-8""><meta name=viewport content=""width=device-width, initial-scale=1""><title>429</title>429 Too Many Requests"
Sweet Potato,2025,8,2025-08-15,429,False,0,0,0,"<!doctype html><meta charset=""utf-8""><meta name=viewport content=""width=device-width, initial-scale=1""><title>429</title>429 Too Many Requests"
Sweet Potato,2025,9,2025-09-01,429,False,0,0,0,"<!doctype html><meta charset=""utf-8""><meta name=viewport content=""width=device-width, initial-scale=1""><title>429</title>429 Too Many Requests"
Sweet Potato,2025,9,2025-09-08,429,False,0,0,0,"<!doctype html><meta charset=""utf-8""><meta name=viewport content=""width=device-width, initial-scale=1""><title>429</title>429 Too Many Requests"
Sweet Potato,2025,9,2025-09-15,429,False,0,0,0,"<!doctype html><meta charset=""utf-8""><meta name=viewport content=""width=device-width, initial-scale=1""><title>429</title>429 Too Many Requests"
Sweet Potato,2025,10,2025-10-01,429,False,0,0,0,"<!doctype html><meta charset=""utf-8""><meta name=viewport content=""width=device-width, initial-scale=1""><title>429</title>429 Too Many Requests"
Sweet Potato,2025,10,2025-10-08,429,False,0,0,0,"<!doctype html><meta charset=""utf-8""><meta name=viewport content=""width=device-width, initial-scale=1""><title>429</title>429 Too Many Requests"
Sweet Potato,2025,10,2025-10-15,429,False,0,0,0,"<!doctype html><meta charset=""utf-8""><meta name=viewport content=""width=device-width, initial-scale=1""><title>429</title>429 Too Many Requests"
Sweet Potato,2025,11,2025-11-01,429,False,0,0,0,"<!doctype html><meta charset=""utf-8""><meta name=viewport content=""width=device-width, initial-scale=1""><title>429</title>429 Too Many Requests"
Sweet Potato,2025,11,2025-11-08,429,False,0,0,0,"<!doctype html><meta charset=""utf-8""><meta name=viewport content=""width=device-width, initial-scale=1""><title>429</title>429 Too Many Requests"
Sweet Potato,2025,11,2025-11-15,429,False,0,0,0,"<!doctype html><meta charset=""utf-8""><meta name=viewport content=""width=device-width, initial-scale=1""><title>429</title>429 Too Many Requests"
Sweet Potato,2025,12,2025-12-01,429,False,0,0,0,"<!doctype html><meta charset=""utf-8""><meta name=viewport content=""width=device-width, initial-scale=1""><title>429</title>429 Too Many Requests"
Sweet Potato,2025,12,2025-12-08,429,False,0,0,0,"<!doctype html><meta charset=""utf-8""><meta name=viewport content=""width=device-width, initial-scale=1""><title>429</title>429 Too Many Requests"
Sweet Potato,2025,12,2025-12-15,429,False,0,0,0,"<!doctype html><meta charset=""utf-8""><meta name=viewport content=""width=device-width, initial-scale=1""><title>429</title>429 Too Many Requests"
Bajra/Pearl Millet,2015,1,2015-01-01,429,False,0,0,0,"<!doctype html><meta charset=""utf-8""><meta name=viewport content=""width=device-width, initial-scale=1""><title>429</title>429 Too Many Requests"
Bajra/Pearl Millet,2015,1,2015-01-08,429,False,0,0,0,"<!doctype html><meta charset=""utf-8""><meta name=viewport content=""width=device-width, initial-scale=1""><title>429</title>429 Too Many Requests"
Bajra/Pearl Millet,2015,1,2015-01-15,429,False,0,0,0,"<!doctype html><meta charset=""utf-8""><meta name=viewport content=""width=device-width, initial-scale=1""><title>429</title>429 Too Many Requests"
Bajra/Pearl Millet,2015,2,2015-02-01,429,False,0,0,0,"<!doctype html><meta charset=""utf-8""><meta name=viewport content=""width=device-width, initial-scale=1""><title>429</title>429 Too Many Requests"
Bajra/Pearl Millet,2015,2,2015-02-08,429,False,0,0,0,"<!doctype html><meta charset=""utf-8""><meta name=viewport content=""width=device-width, initial-scale=1""><title>429</title>429 Too Many Requests"
Bajra/Pearl Millet,2015,2,2015-02-15,429,False,0,0,0,"<!doctype html><meta charset=""utf-8""><meta name=viewport content=""width=device-width, initial-scale=1""><title>429</title>429 Too Many Requests"
Bajra/Pearl Millet,2015,3,2015-03-01,429,False,0,0,0,"<!doctype html><meta charset=""utf-8""><meta name=viewport content=""width=device-width, initial-scale=1""><title>429</title>429 Too Many Requests"
Bajra/Pearl Millet,2015,3,2015-03-08,429,False,0,0,0,"<!doctype html><meta charset=""utf-8""><meta name=viewport content=""width=device-width, initial-scale=1""><title>429</title>429 Too Many Requests"
Bajra/Pearl Millet,2015,3,2015-03-15,429,False,0,0,0,"<!doctype html><meta charset=""utf-8""><meta name=viewport content=""width=device-width, initial-scale=1""><title>429</title>429 Too Many Requests"
Bajra/Pearl Millet,2015,4,2015-04-01,429,False,0,0,0,"<!doctype html><meta charset=""utf-8""><meta name=viewport content=""width=device-width, initial-scale=1""><title>429</title>429 Too Many Requests"
Bajra/Pearl Millet,2015,4,2015-04-08,429,False,0,0,0,"<!doctype html><meta charset=""utf-8""><meta name=viewport content=""width=device-width, initial-scale=1""><title>429</title>429 Too Many Requests"
Bajra/Pearl Millet,2015,4,2015-04-15,429,False,0,0,0,"<!doctype html><meta charset=""utf-8""><meta name=viewport content=""width=device-width, initial-scale=1""><title>429</title>429 Too Many Requests"
Bajra/Pearl Millet,2015,5,2015-05-01,429,False,0,0,0,"<!doctype html><meta charset=""utf-8""><meta name=viewport content=""width=device-width, initial-scale=1""><title>429</title>429 Too Many Requests"
Bajra/Pearl Millet,2015,5,2015-05-08,429,False,0,0,0,"<!doctype html><meta charset=""utf-8""><meta name=viewport content=""width=device-width, initial-scale=1""><title>429</title>429 Too Many Requests"
Bajra/Pearl Millet,2015,5,2015-05-15,429,False,0,0,0,"<!doctype html><meta charset=""utf-8""><meta name=viewport content=""width=device-width, initial-scale=1""><title>429</title>429 Too Many Requests"
Bajra/Pearl Millet,2015,6,2015-06-01,429,False,0,0,0,"<!doctype html><meta charset=""utf-8""><meta name=viewport content=""width=device-width, initial-scale=1""><title>429</title>429 Too Many Requests"
Bajra/Pearl Millet,2015,6,2015-06-08,429,False,0,0,0,"<!doctype html><meta charset=""utf-8""><meta name=viewport content=""width=device-width, initial-scale=1""><title>429</title>429 Too Many Requests"
Bajra/Pearl Millet,2015,6,2015-06-15,429,False,0,0,0,"<!doctype html><meta charset=""utf-8""><meta name=viewport content=""width=device-width, initial-scale=1""><title>429</title>429 Too Many Requests"
Bajra/Pearl Millet,2015,7,2015-07-01,429,False,0,0,0,"<!doctype html><meta charset=""utf-8""><meta name=viewport content=""width=device-width, initial-scale=1""><title>429</title>429 Too Many Requests"
Bajra/Pearl Millet,2015,7,2015-07-08,429,False,0,0,0,"<!doctype html><meta charset=""utf-8""><meta name=viewport content=""width=device-width, initial-scale=1""><title>429</title>429 Too Many Requests"
Bajra/Pearl Millet,2015,7,2015-07-15,429,False,0,0,0,"<!doctype html><meta charset=""utf-8""><meta name=viewport content=""width=device-width, initial-scale=1""><title>429</title>429 Too Many Requests"
Bajra/Pearl Millet,2015,8,2015-08-01,429,False,0,0,0,"<!doctype html><meta charset=""utf-8""><meta name=viewport content=""width=device-width, initial-scale=1""><title>429</title>429 Too Many Requests"
Bajra/Pearl Millet,2015,8,2015-08-08,429,False,0,0,0,"<!doctype html><meta charset=""utf-8""><meta name=viewport content=""width=device-width, initial-scale=1""><title>429</title>429 Too Many Requests"
Bajra/Pearl Millet,2015,8,2015-08-15,429,False,0,0,0,"<!doctype html><meta charset=""utf-8""><meta name=viewport content=""width=device-width, initial-scale=1""><title>429</title>429 Too Many Requests"
Bajra/Pearl Millet,2015,9,2015-09-01,429,False,0,0,0,"<!doctype html><meta charset=""utf-8""><meta name=viewport content=""width=device-width, initial-scale=1""><title>429</title>429 Too Many Requests"
Bajra/Pearl Millet,2015,9,2015-09-08,429,False,0,0,0,"<!doctype html><meta charset=""utf-8""><meta name=viewport content=""width=device-width, initial-scale=1""><title>429</title>429 Too Many Requests"
Bajra/Pearl Millet,2015,9,2015-09-15,429,False,0,0,0,"<!doctype html><meta charset=""utf-8""><meta name=viewport content=""width=device-width, initial-scale=1""><title>429</title>429 Too Many Requests"
Bajra/Pearl Millet,2015,10,2015-10-01,429,False,0,0,0,"<!doctype html><meta charset=""utf-8""><meta name=viewport content=""width=device-width, initial-scale=1""><title>429</title>429 Too Many Requests"
Bajra/Pearl Millet,2015,10,2015-10-08,429,False,0,0,0,"<!doctype html><meta charset=""utf-8""><meta name=viewport content=""width=device-width, initial-scale=1""><title>429</title>429 Too Many Requests"
Bajra/Pearl Millet,2015,10,2015-10-15,429,False,0,0,0,"<!doctype html><meta charset=""utf-8""><meta name=viewport content=""width=device-width, initial-scale=1""><title>429</title>429 Too Many Requests"
Bajra/Pearl Millet,2015,11,2015-11-01,429,False,0,0,0,"<!doctype html><meta charset=""utf-8""><meta name=viewport content=""width=device-width, initial-scale=1""><title>429</title>429 Too Many Requests"
Bajra/Pearl Millet,2015,11,2015-11-08,429,False,0,0,0,"<!doctype html><meta charset=""utf-8""><meta name=viewport content=""width=device-width, initial-scale=1""><title>429</title>429 Too Many Requests"
Bajra/Pearl Millet,2015,11,2015-11-15,429,False,0,0,0,"<!doctype html><meta charset=""utf-8""><meta name=viewport content=""width=device-width, initial-scale=1""><title>429</title>429 Too Many Requests"
Bajra/Pearl Millet,2015,12,2015-12-01,429,False,0,0,0,"<!doctype html><meta charset=""utf-8""><meta name=viewport content=""width=device-width, initial-scale=1""><title>429</title>429 Too Many Requests"
Bajra/Pearl Millet,2015,12,2015-12-08,429,False,0,0,0,"<!doctype html><meta charset=""utf-8""><meta name=viewport content=""width=device-width, initial-scale=1""><title>429</title>429 Too Many Requests"
Bajra/Pearl Millet,2015,12,2015-12-15,429,False,0,0,0,"<!doctype html><meta charset=""utf-8""><meta name=viewport content=""width=device-width, initial-scale=1""><title>429</title>429 Too Many Requests"
Bajra/Pearl Millet,2016,1,2016-01-01,429,False,0,0,0,"<!doctype html><meta charset=""utf-8""><meta name=viewport content=""width=device-width, initial-scale=1""><title>429</title>429 Too Many Requests"
Bajra/Pearl Millet,2016,1,2016-01-08,429,False,0,0,0,"<!doctype html><meta charset=""utf-8""><meta name=viewport content=""width=device-width, initial-scale=1""><title>429</title>429 Too Many Requests"
Bajra/Pearl Millet,2016,1,2016-01-15,429,False,0,0,0,"<!doctype html><meta charset=""utf-8""><meta name=viewport content=""width=device-width, initial-scale=1""><title>429</title>429 Too Many Requests"
Bajra/Pearl Millet,2016,2,2016-02-01,429,False,0,0,0,"<!doctype html><meta charset=""utf-8""><meta name=viewport content=""width=device-width, initial-scale=1""><title>429</title>429 Too Many Requests"
Bajra/Pearl Millet,2016,2,2016-02-08,429,False,0,0,0,"<!doctype html><meta charset=""utf-8""><meta name=viewport content=""width=device-width, initial-scale=1""><title>429</title>429 Too Many Requests"
Bajra/Pearl Millet,2016,2,2016-02-15,429,False,0,0,0,"<!doctype html><meta charset=""utf-8""><meta name=viewport content=""width=device-width, initial-scale=1""><title>429</title>429 Too Many Requests"
Bajra/Pearl Millet,2016,3,2016-03-01,429,False,0,0,0,"<!doctype html><meta charset=""utf-8""><meta name=viewport content=""width=device-width, initial-scale=1""><title>429</title>429 Too Many Requests"
Bajra/Pearl Millet,2016,3,2016-03-08,429,False,0,0,0,"<!doctype html><meta charset=""utf-8""><meta name=viewport content=""width=device-width, initial-scale=1""><title>429</title>429 Too Many Requests"
Bajra/Pearl Millet,2016,3,2016-03-15,429,False,0,0,0,"<!doctype html><meta charset=""utf-8""><meta name=viewport content=""width=device-width, initial-scale=1""><title>429</title>429 Too Many Requests"
Bajra/Pearl Millet,2016,4,2016-04-01,429,False,0,0,0,"<!doctype html><meta charset=""utf-8""><meta name=viewport content=""width=device-width, initial-scale=1""><title>429</title>429 Too Many Requests"
Bajra/Pearl Millet,2016,4,2016-04-08,429,False,0,0,0,"<!doctype html><meta charset=""utf-8""><meta name=viewport content=""width=device-width, initial-scale=1""><title>429</title>429 Too Many Requests"
Bajra/Pearl Millet,2016,4,2016-04-15,429,False,0,0,0,"<!doctype html><meta charset=""utf-8""><meta name=viewport content=""width=device-width, initial-scale=1""><title>429</title>429 Too Many Requests"
Bajra/Pearl Millet,2016,5,2016-05-01,429,False,0,0,0,"<!doctype html><meta charset=""utf-8""><meta name=viewport content=""width=device-width, initial-scale=1""><title>429</title>429 Too Many Requests"
Bajra/Pearl Millet,2016,5,2016-05-08,429,False,0,0,0,"<!doctype html><meta charset=""utf-8""><meta name=viewport content=""width=device-width, initial-scale=1""><title>429</title>429 Too Many Requests"
Bajra/Pearl Millet,2016,5,2016-05-15,429,False,0,0,0,"<!doctype html><meta charset=""utf-8""><meta name=viewport content=""width=device-width, initial-scale=1""><title>429</title>429 Too Many Requests"
Bajra/Pearl Millet,2016,6,2016-06-01,429,False,0,0,0,"<!doctype html><meta charset=""utf-8""><meta name=viewport content=""width=device-width, initial-scale=1""><title>429</title>429 Too Many Requests"
Bajra/Pearl Millet,2016,6,2016-06-08,429,False,0,0,0,"<!doctype html><meta charset=""utf-8""><meta name=viewport content=""width=device-width, initial-scale=1""><title>429</title>429 Too Many Requests"
Bajra/Pearl Millet,2016,6,2016-06-15,429,False,0,0,0,"<!doctype html><meta charset=""utf-8""><meta name=viewport content=""width=device-width, initial-scale=1""><title>429</title>429 Too Many Requests"
Bajra/Pearl Millet,2016,7,2016-07-01,429,False,0,0,0,"<!doctype html><meta charset=""utf-8""><meta name=viewport content=""width=device-width, initial-scale=1""><title>429</title>429 Too Many Requests"
Bajra/Pearl Millet,2016,7,2016-07-08,429,False,0,0,0,"<!doctype html><meta charset=""utf-8""><meta name=viewport content=""width=device-width, initial-scale=1""><title>429</title>429 Too Many Requests"
Bajra/Pearl Millet,2016,7,2016-07-15,429,False,0,0,0,"<!doctype html><meta charset=""utf-8""><meta name=viewport content=""width=device-width, initial-scale=1""><title>429</title>429 Too Many Requests"
Bajra/Pearl Millet,2016,8,2016-08-01,429,False,0,0,0,"<!doctype html><meta charset=""utf-8""><meta name=viewport content=""width=device-width, initial-scale=1""><title>429</title>429 Too Many Requests"
Bajra/Pearl Millet,2016,8,2016-08-08,429,False,0,0,0,"<!doctype html><meta charset=""utf-8""><meta name=viewport content=""width=device-width, initial-scale=1""><title>429</title>429 Too Many Requests"
Bajra/Pearl Millet,2016,8,2016-08-15,429,False,0,0,0,"<!doctype html><meta charset=""utf-8""><meta name=viewport content=""width=device-width, initial-scale=1""><title>429</title>429 Too Many Requests"
Bajra/Pearl Millet,2016,9,2016-09-01,429,False,0,0,0,"<!doctype html><meta charset=""utf-8""><meta name=viewport content=""width=device-width, initial-scale=1""><title>429</title>429 Too Many Requests"
Bajra/Pearl Millet,2016,9,2016-09-08,429,False,0,0,0,"<!doctype html><meta charset=""utf-8""><meta name=viewport content=""width=device-width, initial-scale=1""><title>429</title>429 Too Many Requests"
Bajra/Pearl Millet,2016,9,2016-09-15,429,False,0,0,0,"<!doctype html><meta charset=""utf-8""><meta name=viewport content=""width=device-width, initial-scale=1""><title>429</title>429 Too Many Requests"
Bajra/Pearl Millet,2016,10,2016-10-01,429,False,0,0,0,"<!doctype html><meta charset=""utf-8""><meta name=viewport content=""width=device-width, initial-scale=1""><title>429</title>429 Too Many Requests"
Bajra/Pearl Millet,2016,10,2016-10-08,429,False,0,0,0,"<!doctype html><meta charset=""utf-8""><meta name=viewport content=""width=device-width, initial-scale=1""><title>429</title>429 Too Many Requests"
Bajra/Pearl Millet,2016,10,2016-10-15,429,False,0,0,0,"<!doctype html><meta charset=""utf-8""><meta name=viewport content=""width=device-width, initial-scale=1""><title>429</title>429 Too Many Requests"
Bajra/Pearl Millet,2016,11,2016-11-01,429,False,0,0,0,"<!doctype html><meta charset=""utf-8""><meta name=viewport content=""width=device-width, initial-scale=1""><title>429</title>429 Too Many Requests"
Bajra/Pearl Millet,2016,11,2016-11-08,429,False,0,0,0,"<!doctype html><meta charset=""utf-8""><meta name=viewport content=""width=device-width, initial-scale=1""><title>429</title>429 Too Many Requests"
Bajra/Pearl Millet,2016,11,2016-11-15,429,False,0,0,0,"<!doctype html><meta charset=""utf-8""><meta name=viewport content=""width=device-width, initial-scale=1""><title>429</title>429 Too Many Requests"
Bajra/Pearl Millet,2016,12,2016-12-01,429,False,0,0,0,"<!doctype html><meta charset=""utf-8""><meta name=viewport content=""width=device-width, initial-scale=1""><title>429</title>429 Too Many Requests"
Bajra/Pearl Millet,2016,12,2016-12-08,429,False,0,0,0,"<!doctype html><meta charset=""utf-8""><meta name=viewport content=""width=device-width, initial-scale=1""><title>429</title>429 Too Many Requests"
Bajra/Pearl Millet,2016,12,2016-12-15,429,False,0,0,0,"<!doctype html><meta charset=""utf-8""><meta name=viewport content=""width=device-width, initial-scale=1""><title>429</title>429 Too Many Requests"
Bajra/Pearl Millet,2017,1,2017-01-01,429,False,0,0,0,"<!doctype html><meta charset=""utf-8""><meta name=viewport content=""width=device-width, initial-scale=1""><title>429</title>429 Too Many Requests"
Bajra/Pearl Millet,2017,1,2017-01-08,429,False,0,0,0,"<!doctype html><meta charset=""utf-8""><meta name=viewport content=""width=device-width, initial-scale=1""><title>429</title>429 Too Many Requests"
Bajra/Pearl Millet,2017,1,2017-01-15,429,False,0,0,0,"<!doctype html><meta charset=""utf-8""><meta name=viewport content=""width=device-width, initial-scale=1""><title>429</title>429 Too Many Requests"
Bajra/Pearl Millet,2017,2,2017-02-01,429,False,0,0,0,"<!doctype html><meta charset=""utf-8""><meta name=viewport content=""width=device-width, initial-scale=1""><title>429</title>429 Too Many Requests"
Bajra/Pearl Millet,2017,2,2017-02-08,429,False,0,0,0,"<!doctype html><meta charset=""utf-8""><meta name=viewport content=""width=device-width, initial-scale=1""><title>429</title>429 Too Many Requests"
Bajra/Pearl Millet,2017,2,2017-02-15,429,False,0,0,0,"<!doctype html><meta charset=""utf-8""><meta name=viewport content=""width=device-width, initial-scale=1""><title>429</title>429 Too Many Requests"
Bajra/Pearl Millet,2017,3,2017-03-01,429,False,0,0,0,"<!doctype html><meta charset=""utf-8""><meta name=viewport content=""width=device-width, initial-scale=1""><title>429</title>429 Too Many Requests"
Bajra/Pearl Millet,2017,3,2017-03-08,429,False,0,0,0,"<!doctype html><meta charset=""utf-8""><meta name=viewport content=""width=device-width, initial-scale=1""><title>429</title>429 Too Many Requests"
Bajra/Pearl Millet,2017,3,2017-03-15,429,False,0,0,0,"<!doctype html><meta charset=""utf-8""><meta name=viewport content=""width=device-width, initial-scale=1""><title>429</title>429 Too Many Requests"
Bajra/Pearl Millet,2017,4,2017-04-01,429,False,0,0,0,"<!doctype html><meta charset=""utf-8""><meta name=viewport content=""width=device-width, initial-scale=1""><title>429</title>429 Too Many Requests"
Bajra/Pearl Millet,2017,4,2017-04-08,429,False,0,0,0,"<!doctype html><meta charset=""utf-8""><meta name=viewport content=""width=device-width, initial-scale=1""><title>429</title>429 Too Many Requests"
Bajra/Pearl Millet,2017,4,2017-04-15,429,False,0,0,0,"<!doctype html><meta charset=""utf-8""><meta name=viewport content=""width=device-width, initial-scale=1""><title>429</title>429 Too Many Requests"
Bajra/Pearl Millet,2017,5,2017-05-01,429,False,0,0,0,"<!doctype html><meta charset=""utf-8""><meta name=viewport content=""width=device-width, initial-scale=1""><title>429</title>429 Too Many Requests"
Bajra/Pearl Millet,2017,5,2017-05-08,429,False,0,0,0,"<!doctype html><meta charset=""utf-8""><meta name=viewport content=""width=device-width, initial-scale=1""><title>429</title>429 Too Many Requests"
Bajra/Pearl Millet,2017,5,2017-05-15,429,False,0,0,0,"<!doctype html><meta charset=""utf-8""><meta name=viewport content=""width=device-width, initial-scale=1""><title>429</title>429 Too Many Requests"
Bajra/Pearl Millet,2017,6,2017-06-01,429,False,0,0,0,"<!doctype html><meta charset=""utf-8""><meta name=viewport content=""width=device-width, initial-scale=1""><title>429</title>429 Too Many Requests"
Bajra/Pearl Millet,2017,6,2017-06-08,429,False,0,0,0,"<!doctype html><meta charset=""utf-8""><meta name=viewport content=""width=device-width, initial-scale=1""><title>429</title>429 Too Many Requests"
Bajra/Pearl Millet,2017,6,2017-06-15,429,False,0,0,0,"<!doctype html><meta charset=""utf-8""><meta name=viewport content=""width=device-width, initial-scale=1""><title>429</title>429 Too Many Requests"
Bajra/Pearl Millet,2017,7,2017-07-01,429,False,0,0,0,"<!doctype html><meta charset=""utf-8""><meta name=viewport content=""width=device-width, initial-scale=1""><title>429</title>429 Too Many Requests"
Bajra/Pearl Millet,2017,7,2017-07-08,429,False,0,0,0,"<!doctype html><meta charset=""utf-8""><meta name=viewport content=""width=device-width, initial-scale=1""><title>429</title>429 Too Many Requests"
Bajra/Pearl Millet,2017,7,2017-07-15,429,False,0,0,0,"<!doctype html><meta charset=""utf-8""><meta name=viewport content=""width=device-width, initial-scale=1""><title>429</title>429 Too Many Requests"
Bajra/Pearl Millet,2017,8,2017-08-01,429,False,0,0,0,"<!doctype html><meta charset=""utf-8""><meta name=viewport content=""width=device-width, initial-scale=1""><title>429</title>429 Too Many Requests"
Bajra/Pearl Millet,2017,8,2017-08-08,429,False,0,0,0,"<!doctype html><meta charset=""utf-8""><meta name=viewport content=""width=device-width, initial-scale=1""><title>429</title>429 Too Many Requests"
Bajra/Pearl Millet,2017,8,2017-08-15,429,False,0,0,0,"<!doctype html><meta charset=""utf-8""><meta name=viewport content=""width=device-width, initial-scale=1""><title>429</title>429 Too Many Requests"
Bajra/Pearl Millet,2017,9,2017-09-01,429,False,0,0,0,"<!doctype html><meta charset=""utf-8""><meta name=viewport content=""width=device-width, initial-scale=1""><title>429</title>429 Too Many Requests"
Bajra/Pearl Millet,2017,9,2017-09-08,429,False,0,0,0,"<!doctype html><meta charset=""utf-8""><meta name=viewport content=""width=device-width, initial-scale=1""><title>429</title>429 Too Many Requests"
Bajra/Pearl Millet,2017,9,2017-09-15,429,False,0,0,0,"<!doctype html><meta charset=""utf-8""><meta name=viewport content=""width=device-width, initial-scale=1""><title>429</title>429 Too Many Requests"
Bajra/Pearl Millet,2017,10,2017-10-01,429,False,0,0,0,"<!doctype html><meta charset=""utf-8""><meta name=viewport content=""width=device-width, initial-scale=1""><title>429</title>429 Too Many Requests"
Bajra/Pearl Millet,2017,10,2017-10-08,429,False,0,0,0,"<!doctype html><meta charset=""utf-8""><meta name=viewport content=""width=device-width, initial-scale=1""><title>429</title>429 Too Many Requests"
Bajra/Pearl Millet,2017,10,2017-10-15,429,False,0,0,0,"<!doctype html><meta charset=""utf-8""><meta name=viewport content=""width=device-width, initial-scale=1""><title>429</title>429 Too Many Requests"
Bajra/Pearl Millet,2017,11,2017-11-01,429,False,0,0,0,"<!doctype html><meta charset=""utf-8""><meta name=viewport content=""width=device-width, initial-scale=1""><title>429</title>429 Too Many Requests"
Bajra/Pearl Millet,2017,11,2017-11-08,429,False,0,0,0,"<!doctype html><meta charset=""utf-8""><meta name=viewport content=""width=device-width, initial-scale=1""><title>429</title>429 Too Many Requests"
Bajra/Pearl Millet,2017,11,2017-11-15,429,False,0,0,0,"<!doctype html><meta charset=""utf-8""><meta name=viewport content=""width=device-width, initial-scale=1""><title>429</title>429 Too Many Requests"
Bajra/Pearl Millet,2017,12,2017-12-01,429,False,0,0,0,"<!doctype html><meta charset=""utf-8""><meta name=viewport content=""width=device-width, initial-scale=1""><title>429</title>429 Too Many Requests"
Bajra/Pearl Millet,2017,12,2017-12-08,429,False,0,0,0,"<!doctype html><meta charset=""utf-8""><meta name=viewport content=""width=device-width, initial-scale=1""><title>429</title>429 Too Many Requests"
Bajra/Pearl Millet,2017,12,2017-12-15,429,False,0,0,0,"<!doctype html><meta charset=""utf-8""><meta name=viewport content=""width=device-width, initial-scale=1""><title>429</title>429 Too Many Requests"
Bajra/Pearl Millet,2018,1,2018-01-01,429,False,0,0,0,"<!doctype html><meta charset=""utf-8""><meta name=viewport content=""width=device-width, initial-scale=1""><title>429</title>429 Too Many Requests"
Bajra/Pearl Millet,2018,1,2018-01-08,429,False,0,0,0,"<!doctype html><meta charset=""utf-8""><meta name=viewport content=""width=device-width, initial-scale=1""><title>429</title>429 Too Many Requests"
Bajra/Pearl Millet,2018,1,2018-01-15,429,False,0,0,0,"<!doctype html><meta charset=""utf-8""><meta name=viewport content=""width=device-width, initial-scale=1""><title>429</title>429 Too Many Requests"
Bajra/Pearl Millet,2018,2,2018-02-01,429,False,0,0,0,"<!doctype html><meta charset=""utf-8""><meta name=viewport content=""width=device-width, initial-scale=1""><title>429</title>429 Too Many Requests"
Bajra/Pearl Millet,2018,2,2018-02-08,429,False,0,0,0,"<!doctype html><meta charset=""utf-8""><meta name=viewport content=""width=device-width, initial-scale=1""><title>429</title>429 Too Many Requests"
Bajra/Pearl Millet,2018,2,2018-02-15,429,False,0,0,0,"<!doctype html><meta charset=""utf-8""><meta name=viewport content=""width=device-width, initial-scale=1""><title>429</title>429 Too Many Requests"
Bajra/Pearl Millet,2018,3,2018-03-01,429,False,0,0,0,"<!doctype html><meta charset=""utf-8""><meta name=viewport content=""width=device-width, initial-scale=1""><title>429</title>429 Too Many Requests"
Bajra/Pearl Millet,2018,3,2018-03-08,429,False,0,0,0,"<!doctype html><meta charset=""utf-8""><meta name=viewport content=""width=device-width, initial-scale=1""><title>429</title>429 Too Many Requests"
Bajra/Pearl Millet,2018,3,2018-03-15,429,False,0,0,0,"<!doctype html><meta charset=""utf-8""><meta name=viewport content=""width=device-width, initial-scale=1""><title>429</title>429 Too Many Requests"
Bajra/Pearl Millet,2018,4,2018-04-01,429,False,0,0,0,"<!doctype html><meta charset=""utf-8""><meta name=viewport content=""width=device-width, initial-scale=1""><title>429</title>429 Too Many Requests"
Bajra/Pearl Millet,2018,4,2018-04-08,429,False,0,0,0,"<!doctype html><meta charset=""utf-8""><meta name=viewport content=""width=device-width, initial-scale=1""><title>429</title>429 Too Many Requests"
Bajra/Pearl Millet,2018,4,2018-04-15,429,False,0,0,0,"<!doctype html><meta charset=""utf-8""><meta name=viewport content=""width=device-width, initial-scale=1""><title>429</title>429 Too Many Requests"
Bajra/Pearl Millet,2018,5,2018-05-01,429,False,0,0,0,"<!doctype html><meta charset=""utf-8""><meta name=viewport content=""width=device-width, initial-scale=1""><title>429</title>429 Too Many Requests"
Bajra/Pearl Millet,2018,5,2018-05-08,429,False,0,0,0,"<!doctype html><meta charset=""utf-8""><meta name=viewport content=""width=device-width, initial-scale=1""><title>429</title>429 Too Many Requests"
Bajra/Pearl Millet,2018,5,2018-05-15,429,False,0,0,0,"<!doctype html><meta charset=""utf-8""><meta name=viewport content=""width=device-width, initial-scale=1""><title>429</title>429 Too Many Requests"
Bajra/Pearl Millet,2018,6,2018-06-01,429,False,0,0,0,"<!doctype html><meta charset=""utf-8""><meta name=viewport content=""width=device-width, initial-scale=1""><title>429</title>429 Too Many Requests"
Bajra/Pearl Millet,2018,6,2018-06-08,429,False,0,0,0,"<!doctype html><meta charset=""utf-8""><meta name=viewport content=""width=device-width, initial-scale=1""><title>429</title>429 Too Many Requests"
Bajra/Pearl Millet,2018,6,2018-06-15,429,False,0,0,0,"<!doctype html><meta charset=""utf-8""><meta name=viewport content=""width=device-width, initial-scale=1""><title>429</title>429 Too Many Requests"
Bajra/Pearl Millet,2018,7,2018-07-01,429,False,0,0,0,"<!doctype html><meta charset=""utf-8""><meta name=viewport content=""width=device-width, initial-scale=1""><title>429</title>429 Too Many Requests"
Bajra/Pearl Millet,2018,7,2018-07-08,429,False,0,0,0,"<!doctype html><meta charset=""utf-8""><meta name=viewport content=""width=device-width, initial-scale=1""><title>429</title>429 Too Many Requests"
Bajra/Pearl Millet,2018,7,2018-07-15,429,False,0,0,0,"<!doctype html><meta charset=""utf-8""><meta name=viewport content=""width=device-width, initial-scale=1""><title>429</title>429 Too Many Requests"
Bajra/Pearl Millet,2018,8,2018-08-01,429,False,0,0,0,"<!doctype html><meta charset=""utf-8""><meta name=viewport content=""width=device-width, initial-scale=1""><title>429</title>429 Too Many Requests"
Bajra/Pearl Millet,2018,8,2018-08-08,429,False,0,0,0,"<!doctype html><meta charset=""utf-8""><meta name=viewport content=""width=device-width, initial-scale=1""><title>429</title>429 Too Many Requests"
Bajra/Pearl Millet,2018,8,2018-08-15,429,False,0,0,0,"<!doctype html><meta charset=""utf-8""><meta name=viewport content=""width=device-width, initial-scale=1""><title>429</title>429 Too Many Requests"
Bajra/Pearl Millet,2018,9,2018-09-01,429,False,0,0,0,"<!doctype html><meta charset=""utf-8""><meta name=viewport content=""width=device-width, initial-scale=1""><title>429</title>429 Too Many Requests"
Bajra/Pearl Millet,2018,9,2018-09-08,429,False,0,0,0,"<!doctype html><meta charset=""utf-8""><meta name=viewport content=""width=device-width, initial-scale=1""><title>429</title>429 Too Many Requests"
Bajra/Pearl Millet,2018,9,2018-09-15,429,False,0,0,0,"<!doctype html><meta charset=""utf-8""><meta name=viewport content=""width=device-width, initial-scale=1""><title>429</title>429 Too Many Requests"
Bajra/Pearl Millet,2018,10,2018-10-01,429,False,0,0,0,"<!doctype html><meta charset=""utf-8""><meta name=viewport content=""width=device-width, initial-scale=1""><title>429</title>429 Too Many Requests"
Bajra/Pearl Millet,2018,10,2018-10-08,429,False,0,0,0,"<!doctype html><meta charset=""utf-8""><meta name=viewport content=""width=device-width, initial-scale=1""><title>429</title>429 Too Many Requests"
Bajra/Pearl Millet,2018,10,2018-10-15,429,False,0,0,0,"<!doctype html><meta charset=""utf-8""><meta name=viewport content=""width=device-width, initial-scale=1""><title>429</title>429 Too Many Requests"
Bajra/Pearl Millet,2018,11,2018-11-01,429,False,0,0,0,"<!doctype html><meta charset=""utf-8""><meta name=viewport content=""width=device-width, initial-scale=1""><title>429</title>429 Too Many Requests"
Bajra/Pearl Millet,2018,11,2018-11-08,429,False,0,0,0,"<!doctype html><meta charset=""utf-8""><meta name=viewport content=""width=device-width, initial-scale=1""><title>429</title>429 Too Many Requests"
Bajra/Pearl Millet,2018,11,2018-11-15,429,False,0,0,0,"<!doctype html><meta charset=""utf-8""><meta name=viewport content=""width=device-width, initial-scale=1""><title>429</title>429 Too Many Requests"
Bajra/Pearl Millet,2018,12,2018-12-01,429,False,0,0,0,"<!doctype html><meta charset=""utf-8""><meta name=viewport content=""width=device-width, initial-scale=1""><title>429</title>429 Too Many Requests"
Bajra/Pearl Millet,2018,12,2018-12-08,429,False,0,0,0,"<!doctype html><meta charset=""utf-8""><meta name=viewport content=""width=device-width, initial-scale=1""><title>429</title>429 Too Many Requests"
Bajra/Pearl Millet,2018,12,2018-12-15,429,False,0,0,0,"<!doctype html><meta charset=""utf-8""><meta name=viewport content=""width=device-width, initial-scale=1""><title>429</title>429 Too Many Requests"
Bajra/Pearl Millet,2019,1,2019-01-01,429,False,0,0,0,"<!doctype html><meta charset=""utf-8""><meta name=viewport content=""width=device-width, initial-scale=1""><title>429</title>429 Too Many Requests"
Bajra/Pearl Millet,2019,1,2019-01-08,429,False,0,0,0,"<!doctype html><meta charset=""utf-8""><meta name=viewport content=""width=device-width, initial-scale=1""><title>429</title>429 Too Many Requests"
Bajra/Pearl Millet,2019,1,2019-01-15,429,False,0,0,0,"<!doctype html><meta charset=""utf-8""><meta name=viewport content=""width=device-width, initial-scale=1""><title>429</title>429 Too Many Requests"
Bajra/Pearl Millet,2019,2,2019-02-01,429,False,0,0,0,"<!doctype html><meta charset=""utf-8""><meta name=viewport content=""width=device-width, initial-scale=1""><title>429</title>429 Too Many Requests"
Bajra/Pearl Millet,2019,2,2019-02-08,429,False,0,0,0,"<!doctype html><meta charset=""utf-8""><meta name=viewport content=""width=device-width, initial-scale=1""><title>429</title>429 Too Many Requests"
Bajra/Pearl Millet,2019,2,2019-02-15,429,False,0,0,0,"<!doctype html><meta charset=""utf-8""><meta name=viewport content=""width=device-width, initial-scale=1""><title>429</title>429 Too Many Requests"
Bajra/Pearl Millet,2019,3,2019-03-01,429,False,0,0,0,"<!doctype html><meta charset=""utf-8""><meta name=viewport content=""width=device-width, initial-scale=1""><title>429</title>429 Too Many Requests"
Bajra/Pearl Millet,2019,3,2019-03-08,429,False,0,0,0,"<!doctype html><meta charset=""utf-8""><meta name=viewport content=""width=device-width, initial-scale=1""><title>429</title>429 Too Many Requests"
Bajra/Pearl Millet,2019,3,2019-03-15,429,False,0,0,0,"<!doctype html><meta charset=""utf-8""><meta name=viewport content=""width=device-width, initial-scale=1""><title>429</title>429 Too Many Requests"
Bajra/Pearl Millet,2019,4,2019-04-01,429,False,0,0,0,"<!doctype html><meta charset=""utf-8""><meta name=viewport content=""width=device-width, initial-scale=1""><title>429</title>429 Too Many Requests"
Bajra/Pearl Millet,2019,4,2019-04-08,429,False,0,0,0,"<!doctype html><meta charset=""utf-8""><meta name=viewport content=""width=device-width, initial-scale=1""><title>429</title>429 Too Many Requests"
Bajra/Pearl Millet,2019,4,2019-04-15,429,False,0,0,0,"<!doctype html><meta charset=""utf-8""><meta name=viewport content=""width=device-width, initial-scale=1""><title>429</title>429 Too Many Requests"
Bajra/Pearl Millet,2019,5,2019-05-01,429,False,0,0,0,"<!doctype html><meta charset=""utf-8""><meta name=viewport content=""width=device-width, initial-scale=1""><title>429</title>429 Too Many Requests"
Bajra/Pearl Millet,2019,5,2019-05-08,429,False,0,0,0,"<!doctype html><meta charset=""utf-8""><meta name=viewport content=""width=device-width, initial-scale=1""><title>429</title>429 Too Many Requests"
Bajra/Pearl Millet,2019,5,2019-05-15,429,False,0,0,0,"<!doctype html><meta charset=""utf-8""><meta name=viewport content=""width=device-width, initial-scale=1""><title>429</title>429 Too Many Requests"
Bajra/Pearl Millet,2019,6,2019-06-01,429,False,0,0,0,"<!doctype html><meta charset=""utf-8""><meta name=viewport content=""width=device-width, initial-scale=1""><title>429</title>429 Too Many Requests"
Bajra/Pearl Millet,2019,6,2019-06-08,429,False,0,0,0,"<!doctype html><meta charset=""utf-8""><meta name=viewport content=""width=device-width, initial-scale=1""><title>429</title>429 Too Many Requests"
Bajra/Pearl Millet,2019,6,2019-06-15,429,False,0,0,0,"<!doctype html><meta charset=""utf-8""><meta name=viewport content=""width=device-width, initial-scale=1""><title>429</title>429 Too Many Requests"
Bajra/Pearl Millet,2019,7,2019-07-01,429,False,0,0,0,"<!doctype html><meta charset=""utf-8""><meta name=viewport content=""width=device-width, initial-scale=1""><title>429</title>429 Too Many Requests"
Bajra/Pearl Millet,2019,7,2019-07-08,429,False,0,0,0,"<!doctype html><meta charset=""utf-8""><meta name=viewport content=""width=device-width, initial-scale=1""><title>429</title>429 Too Many Requests"
Bajra/Pearl Millet,2019,7,2019-07-15,429,False,0,0,0,"<!doctype html><meta charset=""utf-8""><meta name=viewport content=""width=device-width, initial-scale=1""><title>429</title>429 Too Many Requests"
Bajra/Pearl Millet,2019,8,2019-08-01,429,False,0,0,0,"<!doctype html><meta charset=""utf-8""><meta name=viewport content=""width=device-width, initial-scale=1""><title>429</title>429 Too Many Requests"
Bajra/Pearl Millet,2019,8,2019-08-08,429,False,0,0,0,"<!doctype html><meta charset=""utf-8""><meta name=viewport content=""width=device-width, initial-scale=1""><title>429</title>429 Too Many Requests"
Bajra/Pearl Millet,2019,8,2019-08-15,429,False,0,0,0,"<!doctype html><meta charset=""utf-8""><meta name=viewport content=""width=device-width, initial-scale=1""><title>429</title>429 Too Many Requests"
Bajra/Pearl Millet,2019,9,2019-09-01,429,False,0,0,0,"<!doctype html><meta charset=""utf-8""><meta name=viewport content=""width=device-width, initial-scale=1""><title>429</title>429 Too Many Requests"
Bajra/Pearl Millet,2019,9,2019-09-08,429,False,0,0,0,"<!doctype html><meta charset=""utf-8""><meta name=viewport content=""width=device-width, initial-scale=1""><title>429</title>429 Too Many Requests"
Bajra/Pearl Millet,2019,9,2019-09-15,429,False,0,0,0,"<!doctype html><meta charset=""utf-8""><meta name=viewport content=""width=device-width, initial-scale=1""><title>429</title>429 Too Many Requests"
Bajra/Pearl Millet,2019,10,2019-10-01,429,False,0,0,0,"<!doctype html><meta charset=""utf-8""><meta name=viewport content=""width=device-width, initial-scale=1""><title>429</title>429 Too Many Requests"
Bajra/Pearl Millet,2019,10,2019-10-08,429,False,0,0,0,"<!doctype html><meta charset=""utf-8""><meta name=viewport content=""width=device-width, initial-scale=1""><title>429</title>429 Too Many Requests"
Bajra/Pearl Millet,2019,10,2019-10-15,429,False,0,0,0,"<!doctype html><meta charset=""utf-8""><meta name=viewport content=""width=device-width, initial-scale=1""><title>429</title>429 Too Many Requests"
Bajra/Pearl Millet,2019,11,2019-11-01,429,False,0,0,0,"<!doctype html><meta charset=""utf-8""><meta name=viewport content=""width=device-width, initial-scale=1""><title>429</title>429 Too Many Requests"
Bajra/Pearl Millet,2019,11,2019-11-08,429,False,0,0,0,"<!doctype html><meta charset=""utf-8""><meta name=viewport content=""width=device-width, initial-scale=1""><title>429</title>429 Too Many Requests"
Bajra/Pearl Millet,2019,11,2019-11-15,429,False,0,0,0,"<!doctype html><meta charset=""utf-8""><meta name=viewport content=""width=device-width, initial-scale=1""><title>429</title>429 Too Many Requests"
Bajra/Pearl Millet,2019,12,2019-12-01,429,False,0,0,0,"<!doctype html><meta charset=""utf-8""><meta name=viewport content=""width=device-width, initial-scale=1""><title>429</title>429 Too Many Requests"
Bajra/Pearl Millet,2019,12,2019-12-08,429,False,0,0,0,"<!doctype html><meta charset=""utf-8""><meta name=viewport content=""width=device-width, initial-scale=1""><title>429</title>429 Too Many Requests"
Bajra/Pearl Millet,2019,12,2019-12-15,429,False,0,0,0,"<!doctype html><meta charset=""utf-8""><meta name=viewport content=""width=device-width, initial-scale=1""><title>429</title>429 Too Many Requests"
Bajra/Pearl Millet,2020,1,2020-01-01,429,False,0,0,0,"<!doctype html><meta charset=""utf-8""><meta name=viewport content=""width=device-width, initial-scale=1""><title>429</title>429 Too Many Requests"
Bajra/Pearl Millet,2020,1,2020-01-08,429,False,0,0,0,"<!doctype html><meta charset=""utf-8""><meta name=viewport content=""width=device-width, initial-scale=1""><title>429</title>429 Too Many Requests"
Bajra/Pearl Millet,2020,1,2020-01-15,429,False,0,0,0,"<!doctype html><meta charset=""utf-8""><meta name=viewport content=""width=device-width, initial-scale=1""><title>429</title>429 Too Many Requests"
Bajra/Pearl Millet,2020,2,2020-02-01,429,False,0,0,0,"<!doctype html><meta charset=""utf-8""><meta name=viewport content=""width=device-width, initial-scale=1""><title>429</title>429 Too Many Requests"
Bajra/Pearl Millet,2020,2,2020-02-08,429,False,0,0,0,"<!doctype html><meta charset=""utf-8""><meta name=viewport content=""width=device-width, initial-scale=1""><title>429</title>429 Too Many Requests"
Bajra/Pearl Millet,2020,2,2020-02-15,429,False,0,0,0,"<!doctype html><meta charset=""utf-8""><meta name=viewport content=""width=device-width, initial-scale=1""><title>429</title>429 Too Many Requests"
Bajra/Pearl Millet,2020,3,2020-03-01,429,False,0,0,0,"<!doctype html><meta charset=""utf-8""><meta name=viewport content=""width=device-width, initial-scale=1""><title>429</title>429 Too Many Requests"
Bajra/Pearl Millet,2020,3,2020-03-08,429,False,0,0,0,"<!doctype html><meta charset=""utf-8""><meta name=viewport content=""width=device-width, initial-scale=1""><title>429</title>429 Too Many Requests"
Bajra/Pearl Millet,2020,3,2020-03-15,429,False,0,0,0,"<!doctype html><meta charset=""utf-8""><meta name=viewport content=""width=device-width, initial-scale=1""><title>429</title>429 Too Many Requests"
Bajra/Pearl Millet,2020,4,2020-04-01,429,False,0,0,0,"<!doctype html><meta charset=""utf-8""><meta name=viewport content=""width=device-width, initial-scale=1""><title>429</title>429 Too Many Requests"
Bajra/Pearl Millet,2020,4,2020-04-08,429,False,0,0,0,"<!doctype html><meta charset=""utf-8""><meta name=viewport content=""width=device-width, initial-scale=1""><title>429</title>429 Too Many Requests"
Bajra/Pearl Millet,2020,4,2020-04-15,429,False,0,0,0,"<!doctype html><meta charset=""utf-8""><meta name=viewport content=""width=device-width, initial-scale=1""><title>429</title>429 Too Many Requests"
Bajra/Pearl Millet,2020,5,2020-05-01,429,False,0,0,0,"<!doctype html><meta charset=""utf-8""><meta name=viewport content=""width=device-width, initial-scale=1""><title>429</title>429 Too Many Requests"
Bajra/Pearl Millet,2020,5,2020-05-08,429,False,0,0,0,"<!doctype html><meta charset=""utf-8""><meta name=viewport content=""width=device-width, initial-scale=1""><title>429</title>429 Too Many Requests"
Bajra/Pearl Millet,2020,5,2020-05-15,429,False,0,0,0,"<!doctype html><meta charset=""utf-8""><meta name=viewport content=""width=device-width, initial-scale=1""><title>429</title>429 Too Many Requests"
Bajra/Pearl Millet,2020,6,2020-06-01,429,False,0,0,0,"<!doctype html><meta charset=""utf-8""><meta name=viewport content=""width=device-width, initial-scale=1""><title>429</title>429 Too Many Requests"
Bajra/Pearl Millet,2020,6,2020-06-08,429,False,0,0,0,"<!doctype html><meta charset=""utf-8""><meta name=viewport content=""width=device-width, initial-scale=1""><title>429</title>429 Too Many Requests"
Bajra/Pearl Millet,2020,6,2020-06-15,429,False,0,0,0,"<!doctype html><meta charset=""utf-8""><meta name=viewport content=""width=device-width, initial-scale=1""><title>429</title>429 Too Many Requests"
Bajra/Pearl Millet,2020,7,2020-07-01,429,False,0,0,0,"<!doctype html><meta charset=""utf-8""><meta name=viewport content=""width=device-width, initial-scale=1""><title>429</title>429 Too Many Requests"
Bajra/Pearl Millet,2020,7,2020-07-08,429,False,0,0,0,"<!doctype html><meta charset=""utf-8""><meta name=viewport content=""width=device-width, initial-scale=1""><title>429</title>429 Too Many Requests"
Bajra/Pearl Millet,2020,7,2020-07-15,429,False,0,0,0,"<!doctype html><meta charset=""utf-8""><meta name=viewport content=""width=device-width, initial-scale=1""><title>429</title>429 Too Many Requests"
Bajra/Pearl Millet,2020,8,2020-08-01,429,False,0,0,0,"<!doctype html><meta charset=""utf-8""><meta name=viewport content=""width=device-width, initial-scale=1""><title>429</title>429 Too Many Requests"
Bajra/Pearl Millet,2020,8,2020-08-08,429,False,0,0,0,"<!doctype html><meta charset=""utf-8""><meta name=viewport content=""width=device-width, initial-scale=1""><title>429</title>429 Too Many Requests"
Bajra/Pearl Millet,2020,8,2020-08-15,429,False,0,0,0,"<!doctype html><meta charset=""utf-8""><meta name=viewport content=""width=device-width, initial-scale=1""><title>429</title>429 Too Many Requests"
Bajra/Pearl Millet,2020,9,2020-09-01,429,False,0,0,0,"<!doctype html><meta charset=""utf-8""><meta name=viewport content=""width=device-width, initial-scale=1""><title>429</title>429 Too Many Requests"
Bajra/Pearl Millet,2020,9,2020-09-08,429,False,0,0,0,"<!doctype html><meta charset=""utf-8""><meta name=viewport content=""width=device-width, initial-scale=1""><title>429</title>429 Too Many Requests"
Bajra/Pearl Millet,2020,9,2020-09-15,429,False,0,0,0,"<!doctype html><meta charset=""utf-8""><meta name=viewport content=""width=device-width, initial-scale=1""><title>429</title>429 Too Many Requests"
Bajra/Pearl Millet,2020,10,2020-10-01,429,False,0,0,0,"<!doctype html><meta charset=""utf-8""><meta name=viewport content=""width=device-width, initial-scale=1""><title>429</title>429 Too Many Requests"
Bajra/Pearl Millet,2020,10,2020-10-08,429,False,0,0,0,"<!doctype html><meta charset=""utf-8""><meta name=viewport content=""width=device-width, initial-scale=1""><title>429</title>429 Too Many Requests"
Bajra/Pearl Millet,2020,10,2020-10-15,429,False,0,0,0,"<!doctype html><meta charset=""utf-8""><meta name=viewport content=""width=device-width, initial-scale=1""><title>429</title>429 Too Many Requests"
Bajra/Pearl Millet,2020,11,2020-11-01,429,False,0,0,0,"<!doctype html><meta charset=""utf-8""><meta name=viewport content=""width=device-width, initial-scale=1""><title>429</title>429 Too Many Requests"
Bajra/Pearl Millet,2020,11,2020-11-08,429,False,0,0,0,"<!doctype html><meta charset=""utf-8""><meta name=viewport content=""width=device-width, initial-scale=1""><title>429</title>429 Too Many Requests"
Bajra/Pearl Millet,2020,11,2020-11-15,429,False,0,0,0,"<!doctype html><meta charset=""utf-8""><meta name=viewport content=""width=device-width, initial-scale=1""><title>429</title>429 Too Many Requests"
Bajra/Pearl Millet,2020,12,2020-12-01,429,False,0,0,0,"<!doctype html><meta charset=""utf-8""><meta name=viewport content=""width=device-width, initial-scale=1""><title>429</title>429 Too Many Requests"
Bajra/Pearl Millet,2020,12,2020-12-08,429,False,0,0,0,"<!doctype html><meta charset=""utf-8""><meta name=viewport content=""width=device-width, initial-scale=1""><title>429</title>429 Too Many Requests"
Bajra/Pearl Millet,2020,12,2020-12-15,429,False,0,0,0,"<!doctype html><meta charset=""utf-8""><meta name=viewport content=""width=device-width, initial-scale=1""><title>429</title>429 Too Many Requests"
Bajra/Pearl Millet,2021,1,2021-01-01,429,False,0,0,0,"<!doctype html><meta charset=""utf-8""><meta name=viewport content=""width=device-width, initial-scale=1""><title>429</title>429 Too Many Requests"
Bajra/Pearl Millet,2021,1,2021-01-08,429,False,0,0,0,"<!doctype html><meta charset=""utf-8""><meta name=viewport content=""width=device-width, initial-scale=1""><title>429</title>429 Too Many Requests"
Bajra/Pearl Millet,2021,1,2021-01-15,429,False,0,0,0,"<!doctype html><meta charset=""utf-8""><meta name=viewport content=""width=device-width, initial-scale=1""><title>429</title>429 Too Many Requests"
Bajra/Pearl Millet,2021,2,2021-02-01,429,False,0,0,0,"<!doctype html><meta charset=""utf-8""><meta name=viewport content=""width=device-width, initial-scale=1""><title>429</title>429 Too Many Requests"
Bajra/Pearl Millet,2021,2,2021-02-08,429,False,0,0,0,"<!doctype html><meta charset=""utf-8""><meta name=viewport content=""width=device-width, initial-scale=1""><title>429</title>429 Too Many Requests"
Bajra/Pearl Millet,2021,2,2021-02-15,429,False,0,0,0,"<!doctype html><meta charset=""utf-8""><meta name=viewport content=""width=device-width, initial-scale=1""><title>429</title>429 Too Many Requests"
Bajra/Pearl Millet,2021,3,2021-03-01,429,False,0,0,0,"<!doctype html><meta charset=""utf-8""><meta name=viewport content=""width=device-width, initial-scale=1""><title>429</title>429 Too Many Requests"
Bajra/Pearl Millet,2021,3,2021-03-08,429,False,0,0,0,"<!doctype html><meta charset=""utf-8""><meta name=viewport content=""width=device-width, initial-scale=1""><title>429</title>429 Too Many Requests"
Bajra/Pearl Millet,2021,3,2021-03-15,429,False,0,0,0,"<!doctype html><meta charset=""utf-8""><meta name=viewport content=""width=device-width, initial-scale=1""><title>429</title>429 Too Many Requests"
Bajra/Pearl Millet,2021,4,2021-04-01,429,False,0,0,0,"<!doctype html><meta charset=""utf-8""><meta name=viewport content=""width=device-width, initial-scale=1""><title>429</title>429 Too Many Requests"
Bajra/Pearl Millet,2021,4,2021-04-08,429,False,0,0,0,"<!doctype html><meta charset=""utf-8""><meta name=viewport content=""width=device-width, initial-scale=1""><title>429</title>429 Too Many Requests"
Bajra/Pearl Millet,2021,4,2021-04-15,429,False,0,0,0,"<!doctype html><meta charset=""utf-8""><meta name=viewport content=""width=device-width, initial-scale=1""><title>429</title>429 Too Many Requests"
Bajra/Pearl Millet,2021,5,2021-05-01,429,False,0,0,0,"<!doctype html><meta charset=""utf-8""><meta name=viewport content=""width=device-width, initial-scale=1""><title>429</title>429 Too Many Requests"
Bajra/Pearl Millet,2021,5,2021-05-08,429,False,0,0,0,"<!doctype html><meta charset=""utf-8""><meta name=viewport content=""width=device-width, initial-scale=1""><title>429</title>429 Too Many Requests"
Bajra/Pearl Millet,2021,5,2021-05-15,429,False,0,0,0,"<!doctype html><meta charset=""utf-8""><meta name=viewport content=""width=device-width, initial-scale=1""><title>429</title>429 Too Many Requests"
Bajra/Pearl Millet,2021,6,2021-06-01,429,False,0,0,0,"<!doctype html><meta charset=""utf-8""><meta name=viewport content=""width=device-width, initial-scale=1""><title>429</title>429 Too Many Requests"
Bajra/Pearl Millet,2021,6,2021-06-08,429,False,0,0,0,"<!doctype html><meta charset=""utf-8""><meta name=viewport content=""width=device-width, initial-scale=1""><title>429</title>429 Too Many Requests"
Bajra/Pearl Millet,2021,6,2021-06-15,429,False,0,0,0,"<!doctype html><meta charset=""utf-8""><meta name=viewport content=""width=device-width, initial-scale=1""><title>429</title>429 Too Many Requests"
Bajra/Pearl Millet,2021,7,2021-07-01,429,False,0,0,0,"<!doctype html><meta charset=""utf-8""><meta name=viewport content=""width=device-width, initial-scale=1""><title>429</title>429 Too Many Requests"
Bajra/Pearl Millet,2021,7,2021-07-08,429,False,0,0,0,"<!doctype html><meta charset=""utf-8""><meta name=viewport content=""width=device-width, initial-scale=1""><title>429</title>429 Too Many Requests"
Bajra/Pearl Millet,2021,7,2021-07-15,429,False,0,0,0,"<!doctype html><meta charset=""utf-8""><meta name=viewport content=""width=device-width, initial-scale=1""><title>429</title>429 Too Many Requests"
Bajra/Pearl Millet,2021,8,2021-08-01,429,False,0,0,0,"<!doctype html><meta charset=""utf-8""><meta name=viewport content=""width=device-width, initial-scale=1""><title>429</title>429 Too Many Requests"
Bajra/Pearl Millet,2021,8,2021-08-08,429,False,0,0,0,"<!doctype html><meta charset=""utf-8""><meta name=viewport content=""width=device-width, initial-scale=1""><title>429</title>429 Too Many Requests"
Bajra/Pearl Millet,2021,8,2021-08-15,429,False,0,0,0,"<!doctype html><meta charset=""utf-8""><meta name=viewport content=""width=device-width, initial-scale=1""><title>429</title>429 Too Many Requests"
Bajra/Pearl Millet,2021,9,2021-09-01,429,False,0,0,0,"<!doctype html><meta charset=""utf-8""><meta name=viewport content=""width=device-width, initial-scale=1""><title>429</title>429 Too Many Requests"
Bajra/Pearl Millet,2021,9,2021-09-08,429,False,0,0,0,"<!doctype html><meta charset=""utf-8""><meta name=viewport content=""width=device-width, initial-scale=1""><title>429</title>429 Too Many Requests"
Bajra/Pearl Millet,2021,9,2021-09-15,429,False,0,0,0,"<!doctype html><meta charset=""utf-8""><meta name=viewport content=""width=device-width, initial-scale=1""><title>429</title>429 Too Many Requests"
Bajra/Pearl Millet,2021,11,2021-11-01,429,False,0,0,0,"<!doctype html><meta charset=""utf-8""><meta name=viewport content=""width=device-width, initial-scale=1""><title>429</title>429 Too Many Requests"
Bajra/Pearl Millet,2021,11,2021-11-08,429,False,0,0,0,"<!doctype html><meta charset=""utf-8""><meta name=viewport content=""width=device-width, initial-scale=1""><title>429</title>429 Too Many Requests"
Bajra/Pearl Millet,2021,11,2021-11-15,429,False,0,0,0,"<!doctype html><meta charset=""utf-8""><meta name=viewport content=""width=device-width, initial-scale=1""><title>429</title>429 Too Many Requests"
Bajra/Pearl Millet,2021,10,2021-10-01,429,False,0,0,0,"<!doctype html><meta charset=""utf-8""><meta name=viewport content=""width=device-width, initial-scale=1""><title>429</title>429 Too Many Requests"
Bajra/Pearl Millet,2021,10,2021-10-08,429,False,0,0,0,"<!doctype html><meta charset=""utf-8""><meta name=viewport content=""width=device-width, initial-scale=1""><title>429</title>429 Too Many Requests"
Bajra/Pearl Millet,2021,10,2021-10-15,429,False,0,0,0,"<!doctype html><meta charset=""utf-8""><meta name=viewport content=""width=device-width, initial-scale=1""><title>429</title>429 Too Many Requests"
Bajra/Pearl Millet,2021,12,2021-12-01,429,False,0,0,0,"<!doctype html><meta charset=""utf-8""><meta name=viewport content=""width=device-width, initial-scale=1""><title>429</title>429 Too Many Requests"
Bajra/Pearl Millet,2021,12,2021-12-08,429,False,0,0,0,"<!doctype html><meta charset=""utf-8""><meta name=viewport content=""width=device-width, initial-scale=1""><title>429</title>429 Too Many Requests"
Bajra/Pearl Millet,2021,12,2021-12-15,429,False,0,0,0,"<!doctype html><meta charset=""utf-8""><meta name=viewport content=""width=device-width, initial-scale=1""><title>429</title>429 Too Many Requests"
Bajra/Pearl Millet,2022,1,2022-01-01,429,False,0,0,0,"<!doctype html><meta charset=""utf-8""><meta name=viewport content=""width=device-width, initial-scale=1""><title>429</title>429 Too Many Requests"
Bajra/Pearl Millet,2022,1,2022-01-08,429,False,0,0,0,"<!doctype html><meta charset=""utf-8""><meta name=viewport content=""width=device-width, initial-scale=1""><title>429</title>429 Too Many Requests"
Bajra/Pearl Millet,2022,1,2022-01-15,429,False,0,0,0,"<!doctype html><meta charset=""utf-8""><meta name=viewport content=""width=device-width, initial-scale=1""><title>429</title>429 Too Many Requests"
Bajra/Pearl Millet,2022,2,2022-02-01,429,False,0,0,0,"<!doctype html><meta charset=""utf-8""><meta name=viewport content=""width=device-width, initial-scale=1""><title>429</title>429 Too Many Requests"
Bajra/Pearl Millet,2022,2,2022-02-08,429,False,0,0,0,"<!doctype html><meta charset=""utf-8""><meta name=viewport content=""width=device-width, initial-scale=1""><title>429</title>429 Too Many Requests"
Bajra/Pearl Millet,2022,2,2022-02-15,429,False,0,0,0,"<!doctype html><meta charset=""utf-8""><meta name=viewport content=""width=device-width, initial-scale=1""><title>429</title>429 Too Many Requests"
Bajra/Pearl Millet,2022,3,2022-03-01,429,False,0,0,0,"<!doctype html><meta charset=""utf-8""><meta name=viewport content=""width=device-width, initial-scale=1""><title>429</title>429 Too Many Requests"
Bajra/Pearl Millet,2022,3,2022-03-08,429,False,0,0,0,"<!doctype html><meta charset=""utf-8""><meta name=viewport content=""width=device-width, initial-scale=1""><title>429</title>429 Too Many Requests"
Bajra/Pearl Millet,2022,3,2022-03-15,429,False,0,0,0,"<!doctype html><meta charset=""utf-8""><meta name=viewport content=""width=device-width, initial-scale=1""><title>429</title>429 Too Many Requests"
Bajra/Pearl Millet,2022,4,2022-04-01,429,False,0,0,0,"<!doctype html><meta charset=""utf-8""><meta name=viewport content=""width=device-width, initial-scale=1""><title>429</title>429 Too Many Requests"
Bajra/Pearl Millet,2022,4,2022-04-08,429,False,0,0,0,"<!doctype html><meta charset=""utf-8""><meta name=viewport content=""width=device-width, initial-scale=1""><title>429</title>429 Too Many Requests"
Bajra/Pearl Millet,2022,4,2022-04-15,429,False,0,0,0,"<!doctype html><meta charset=""utf-8""><meta name=viewport content=""width=device-width, initial-scale=1""><title>429</title>429 Too Many Requests"
Bajra/Pearl Millet,2022,5,2022-05-01,429,False,0,0,0,"<!doctype html><meta charset=""utf-8""><meta name=viewport content=""width=device-width, initial-scale=1""><title>429</title>429 Too Many Requests"
Bajra/Pearl Millet,2022,5,2022-05-08,429,False,0,0,0,"<!doctype html><meta charset=""utf-8""><meta name=viewport content=""width=device-width, initial-scale=1""><title>429</title>429 Too Many Requests"
Bajra/Pearl Millet,2022,5,2022-05-15,429,False,0,0,0,"<!doctype html><meta charset=""utf-8""><meta name=viewport content=""width=device-width, initial-scale=1""><title>429</title>429 Too Many Requests"
Bajra/Pearl Millet,2022,6,2022-06-01,429,False,0,0,0,"<!doctype html><meta charset=""utf-8""><meta name=viewport content=""width=device-width, initial-scale=1""><title>429</title>429 Too Many Requests"
Bajra/Pearl Millet,2022,6,2022-06-08,429,False,0,0,0,"<!doctype html><meta charset=""utf-8""><meta name=viewport content=""width=device-width, initial-scale=1""><title>429</title>429 Too Many Requests"
Bajra/Pearl Millet,2022,6,2022-06-15,429,False,0,0,0,"<!doctype html><meta charset=""utf-8""><meta name=viewport content=""width=device-width, initial-scale=1""><title>429</title>429 Too Many Requests"
Bajra/Pearl Millet,2022,7,2022-07-01,429,False,0,0,0,"<!doctype html><meta charset=""utf-8""><meta name=viewport content=""width=device-width, initial-scale=1""><title>429</title>429 Too Many Requests"
Bajra/Pearl Millet,2022,7,2022-07-08,429,False,0,0,0,"<!doctype html><meta charset=""utf-8""><meta name=viewport content=""width=device-width, initial-scale=1""><title>429</title>429 Too Many Requests"
Bajra/Pearl Millet,2022,7,2022-07-15,429,False,0,0,0,"<!doctype html><meta charset=""utf-8""><meta name=viewport content=""width=device-width, initial-scale=1""><title>429</title>429 Too Many Requests"
Bajra/Pearl Millet,2022,8,2022-08-01,429,False,0,0,0,"<!doctype html><meta charset=""utf-8""><meta name=viewport content=""width=device-width, initial-scale=1""><title>429</title>429 Too Many Requests"
Bajra/Pearl Millet,2022,8,2022-08-08,429,False,0,0,0,"<!doctype html><meta charset=""utf-8""><meta name=viewport content=""width=device-width, initial-scale=1""><title>429</title>429 Too Many Requests"
Bajra/Pearl Millet,2022,8,2022-08-15,429,False,0,0,0,"<!doctype html><meta charset=""utf-8""><meta name=viewport content=""width=device-width, initial-scale=1""><title>429</title>429 Too Many Requests"
Bajra/Pearl Millet,2022,9,2022-09-01,429,False,0,0,0,"<!doctype html><meta charset=""utf-8""><meta name=viewport content=""width=device-width, initial-scale=1""><title>429</title>429 Too Many Requests"
Bajra/Pearl Millet,2022,9,2022-09-08,429,False,0,0,0,"<!doctype html><meta charset=""utf-8""><meta name=viewport content=""width=device-width, initial-scale=1""><title>429</title>429 Too Many Requests"
Bajra/Pearl Millet,2022,9,2022-09-15,429,False,0,0,0,"<!doctype html><meta charset=""utf-8""><meta name=viewport content=""width=device-width, initial-scale=1""><title>429</title>429 Too Many Requests"
Bajra/Pearl Millet,2022,10,2022-10-01,429,False,0,0,0,"<!doctype html><meta charset=""utf-8""><meta name=viewport content=""width=device-width, initial-scale=1""><title>429</title>429 Too Many Requests"
Bajra/Pearl Millet,2022,10,2022-10-08,429,False,0,0,0,"<!doctype html><meta charset=""utf-8""><meta name=viewport content=""width=device-width, initial-scale=1""><title>429</title>429 Too Many Requests"
Bajra/Pearl Millet,2022,10,2022-10-15,429,False,0,0,0,"<!doctype html><meta charset=""utf-8""><meta name=viewport content=""width=device-width, initial-scale=1""><title>429</title>429 Too Many Requests"
Bajra/Pearl Millet,2022,11,2022-11-01,429,False,0,0,0,"<!doctype html><meta charset=""utf-8""><meta name=viewport content=""width=device-width, initial-scale=1""><title>429</title>429 Too Many Requests"
Bajra/Pearl Millet,2022,11,2022-11-08,429,False,0,0,0,"<!doctype html><meta charset=""utf-8""><meta name=viewport content=""width=device-width, initial-scale=1""><title>429</title>429 Too Many Requests"
Bajra/Pearl Millet,2022,11,2022-11-15,429,False,0,0,0,"<!doctype html><meta charset=""utf-8""><meta name=viewport content=""width=device-width, initial-scale=1""><title>429</title>429 Too Many Requests"
Bajra/Pearl Millet,2022,12,2022-12-01,429,False,0,0,0,"<!doctype html><meta charset=""utf-8""><meta name=viewport content=""width=device-width, initial-scale=1""><title>429</title>429 Too Many Requests"
Bajra/Pearl Millet,2022,12,2022-12-08,429,False,0,0,0,"<!doctype html><meta charset=""utf-8""><meta name=viewport content=""width=device-width, initial-scale=1""><title>429</title>429 Too Many Requests"
Bajra/Pearl Millet,2022,12,2022-12-15,429,False,0,0,0,"<!doctype html><meta charset=""utf-8""><meta name=viewport content=""width=device-width, initial-scale=1""><title>429</title>429 Too Many Requests"
Bajra/Pearl Millet,2023,2,2023-02-01,429,False,0,0,0,"<!doctype html><meta charset=""utf-8""><meta name=viewport content=""width=device-width, initial-scale=1""><title>429</title>429 Too Many Requests"
Bajra/Pearl Millet,2023,2,2023-02-08,429,False,0,0,0,"<!doctype html><meta charset=""utf-8""><meta name=viewport content=""width=device-width, initial-scale=1""><title>429</title>429 Too Many Requests"
Bajra/Pearl Millet,2023,2,2023-02-15,429,False,0,0,0,"<!doctype html><meta charset=""utf-8""><meta name=viewport content=""width=device-width, initial-scale=1""><title>429</title>429 Too Many Requests"
Bajra/Pearl Millet,2023,1,2023-01-01,429,False,0,0,0,"<!doctype html><meta charset=""utf-8""><meta name=viewport content=""width=device-width, initial-scale=1""><title>429</title>429 Too Many Requests"
Bajra/Pearl Millet,2023,1,2023-01-08,429,False,0,0,0,"<!doctype html><meta charset=""utf-8""><meta name=viewport content=""width=device-width, initial-scale=1""><title>429</title>429 Too Many Requests"
Bajra/Pearl Millet,2023,1,2023-01-15,429,False,0,0,0,"<!doctype html><meta charset=""utf-8""><meta name=viewport content=""width=device-width, initial-scale=1""><title>429</title>429 Too Many Requests"
Bajra/Pearl Millet,2023,3,2023-03-01,429,False,0,0,0,"<!doctype html><meta charset=""utf-8""><meta name=viewport content=""width=device-width, initial-scale=1""><title>429</title>429 Too Many Requests"
Bajra/Pearl Millet,2023,3,2023-03-08,429,False,0,0,0,"<!doctype html><meta charset=""utf-8""><meta name=viewport content=""width=device-width, initial-scale=1""><title>429</title>429 Too Many Requests"
Bajra/Pearl Millet,2023,3,2023-03-15,429,False,0,0,0,"<!doctype html><meta charset=""utf-8""><meta name=viewport content=""width=device-width, initial-scale=1""><title>429</title>429 Too Many Requests"
Bajra/Pearl Millet,2023,4,2023-04-01,429,False,0,0,0,"<!doctype html><meta charset=""utf-8""><meta name=viewport content=""width=device-width, initial-scale=1""><title>429</title>429 Too Many Requests"
Bajra/Pearl Millet,2023,4,2023-04-08,429,False,0,0,0,"<!doctype html><meta charset=""utf-8""><meta name=viewport content=""width=device-width, initial-scale=1""><title>429</title>429 Too Many Requests"
Bajra/Pearl Millet,2023,4,2023-04-15,429,False,0,0,0,"<!doctype html><meta charset=""utf-8""><meta name=viewport content=""width=device-width, initial-scale=1""><title>429</title>429 Too Many Requests"
Bajra/Pearl Millet,2023,5,2023-05-01,429,False,0,0,0,"<!doctype html><meta charset=""utf-8""><meta name=viewport content=""width=device-width, initial-scale=1""><title>429</title>429 Too Many Requests"
Bajra/Pearl Millet,2023,5,2023-05-08,429,False,0,0,0,"<!doctype html><meta charset=""utf-8""><meta name=viewport content=""width=device-width, initial-scale=1""><title>429</title>429 Too Many Requests"
Bajra/Pearl Millet,2023,5,2023-05-15,429,False,0,0,0,"<!doctype html><meta charset=""utf-8""><meta name=viewport content=""width=device-width, initial-scale=1""><title>429</title>429 Too Many Requests"
Bajra/Pearl Millet,2023,6,2023-06-01,429,False,0,0,0,"<!doctype html><meta charset=""utf-8""><meta name=viewport content=""width=device-width, initial-scale=1""><title>429</title>429 Too Many Requests"
Bajra/Pearl Millet,2023,6,2023-06-08,429,False,0,0,0,"<!doctype html><meta charset=""utf-8""><meta name=viewport content=""width=device-width, initial-scale=1""><title>429</title>429 Too Many Requests"
Bajra/Pearl Millet,2023,6,2023-06-15,429,False,0,0,0,"<!doctype html><meta charset=""utf-8""><meta name=viewport content=""width=device-width, initial-scale=1""><title>429</title>429 Too Many Requests"
Bajra/Pearl Millet,2023,7,2023-07-01,429,False,0,0,0,"<!doctype html><meta charset=""utf-8""><meta name=viewport content=""width=device-width, initial-scale=1""><title>429</title>429 Too Many Requests"
Bajra/Pearl Millet,2023,7,2023-07-08,429,False,0,0,0,"<!doctype html><meta charset=""utf-8""><meta name=viewport content=""width=device-width, initial-scale=1""><title>429</title>429 Too Many Requests"
Bajra/Pearl Millet,2023,7,2023-07-15,429,False,0,0,0,"<!doctype html><meta charset=""utf-8""><meta name=viewport content=""width=device-width, initial-scale=1""><title>429</title>429 Too Many Requests"
Bajra/Pearl Millet,2023,8,2023-08-01,429,False,0,0,0,"<!doctype html><meta charset=""utf-8""><meta name=viewport content=""width=device-width, initial-scale=1""><title>429</title>429 Too Many Requests"
Bajra/Pearl Millet,2023,8,2023-08-08,429,False,0,0,0,"<!doctype html><meta charset=""utf-8""><meta name=viewport content=""width=device-width, initial-scale=1""><title>429</title>429 Too Many Requests"
Bajra/Pearl Millet,2023,8,2023-08-15,429,False,0,0,0,"<!doctype html><meta charset=""utf-8""><meta name=viewport content=""width=device-width, initial-scale=1""><title>429</title>429 Too Many Requests"
Bajra/Pearl Millet,2023,9,2023-09-01,429,False,0,0,0,"<!doctype html><meta charset=""utf-8""><meta name=viewport content=""width=device-width, initial-scale=1""><title>429</title>429 Too Many Requests"
Bajra/Pearl Millet,2023,9,2023-09-08,429,False,0,0,0,"<!doctype html><meta charset=""utf-8""><meta name=viewport content=""width=device-width, initial-scale=1""><title>429</title>429 Too Many Requests"
Bajra/Pearl Millet,2023,9,2023-09-15,429,False,0,0,0,"<!doctype html><meta charset=""utf-8""><meta name=viewport content=""width=device-width, initial-scale=1""><title>429</title>429 Too Many Requests"
Bajra/Pearl Millet,2023,10,2023-10-01,429,False,0,0,0,"<!doctype html><meta charset=""utf-8""><meta name=viewport content=""width=device-width, initial-scale=1""><title>429</title>429 Too Many Requests"
Bajra/Pearl Millet,2023,10,2023-10-08,429,False,0,0,0,"<!doctype html><meta charset=""utf-8""><meta name=viewport content=""width=device-width, initial-scale=1""><title>429</title>429 Too Many Requests"
Bajra/Pearl Millet,2023,10,2023-10-15,429,False,0,0,0,"<!doctype html><meta charset=""utf-8""><meta name=viewport content=""width=device-width, initial-scale=1""><title>429</title>429 Too Many Requests"
Bajra/Pearl Millet,2023,11,2023-11-01,429,False,0,0,0,"<!doctype html><meta charset=""utf-8""><meta name=viewport content=""width=device-width, initial-scale=1""><title>429</title>429 Too Many Requests"
Bajra/Pearl Millet,2023,11,2023-11-08,429,False,0,0,0,"<!doctype html><meta charset=""utf-8""><meta name=viewport content=""width=device-width, initial-scale=1""><title>429</title>429 Too Many Requests"
Bajra/Pearl Millet,2023,11,2023-11-15,429,False,0,0,0,"<!doctype html><meta charset=""utf-8""><meta name=viewport content=""width=device-width, initial-scale=1""><title>429</title>429 Too Many Requests"
Bajra/Pearl Millet,2023,12,2023-12-01,429,False,0,0,0,"<!doctype html><meta charset=""utf-8""><meta name=viewport content=""width=device-width, initial-scale=1""><title>429</title>429 Too Many Requests"
Bajra/Pearl Millet,2023,12,2023-12-08,429,False,0,0,0,"<!doctype html><meta charset=""utf-8""><meta name=viewport content=""width=device-width, initial-scale=1""><title>429</title>429 Too Many Requests"
Bajra/Pearl Millet,2023,12,2023-12-15,429,False,0,0,0,"<!doctype html><meta charset=""utf-8""><meta name=viewport content=""width=device-width, initial-scale=1""><title>429</title>429 Too Many Requests"
Bajra/Pearl Millet,2024,1,2024-01-01,429,False,0,0,0,"<!doctype html><meta charset=""utf-8""><meta name=viewport content=""width=device-width, initial-scale=1""><title>429</title>429 Too Many Requests"
Bajra/Pearl Millet,2024,1,2024-01-08,429,False,0,0,0,"<!doctype html><meta charset=""utf-8""><meta name=viewport content=""width=device-width, initial-scale=1""><title>429</title>429 Too Many Requests"
Bajra/Pearl Millet,2024,1,2024-01-15,429,False,0,0,0,"<!doctype html><meta charset=""utf-8""><meta name=viewport content=""width=device-width, initial-scale=1""><title>429</title>429 Too Many Requests"
Bajra/Pearl Millet,2024,2,2024-02-01,429,False,0,0,0,"<!doctype html><meta charset=""utf-8""><meta name=viewport content=""width=device-width, initial-scale=1""><title>429</title>429 Too Many Requests"
Bajra/Pearl Millet,2024,2,2024-02-08,429,False,0,0,0,"<!doctype html><meta charset=""utf-8""><meta name=viewport content=""width=device-width, initial-scale=1""><title>429</title>429 Too Many Requests"
Bajra/Pearl Millet,2024,2,2024-02-15,429,False,0,0,0,"<!doctype html><meta charset=""utf-8""><meta name=viewport content=""width=device-width, initial-scale=1""><title>429</title>429 Too Many Requests"
Bajra/Pearl Millet,2024,3,2024-03-01,429,False,0,0,0,"<!doctype html><meta charset=""utf-8""><meta name=viewport content=""width=device-width, initial-scale=1""><title>429</title>429 Too Many Requests"
Bajra/Pearl Millet,2024,3,2024-03-08,429,False,0,0,0,"<!doctype html><meta charset=""utf-8""><meta name=viewport content=""width=device-width, initial-scale=1""><title>429</title>429 Too Many Requests"
Bajra/Pearl Millet,2024,3,2024-03-15,429,False,0,0,0,"<!doctype html><meta charset=""utf-8""><meta name=viewport content=""width=device-width, initial-scale=1""><title>429</title>429 Too Many Requests"
Bajra/Pearl Millet,2024,4,2024-04-01,429,False,0,0,0,"<!doctype html><meta charset=""utf-8""><meta name=viewport content=""width=device-width, initial-scale=1""><title>429</title>429 Too Many Requests"
Bajra/Pearl Millet,2024,4,2024-04-08,429,False,0,0,0,"<!doctype html><meta charset=""utf-8""><meta name=viewport content=""width=device-width, initial-scale=1""><title>429</title>429 Too Many Requests"
Bajra/Pearl Millet,2024,4,2024-04-15,429,False,0,0,0,"<!doctype html><meta charset=""utf-8""><meta name=viewport content=""width=device-width, initial-scale=1""><title>429</title>429 Too Many Requests"
Bajra/Pearl Millet,2024,5,2024-05-01,429,False,0,0,0,"<!doctype html><meta charset=""utf-8""><meta name=viewport content=""width=device-width, initial-scale=1""><title>429</title>429 Too Many Requests"
Bajra/Pearl Millet,2024,5,2024-05-08,429,False,0,0,0,"<!doctype html><meta charset=""utf-8""><meta name=viewport content=""width=device-width, initial-scale=1""><title>429</title>429 Too Many Requests"
Bajra/Pearl Millet,2024,5,2024-05-15,429,False,0,0,0,"<!doctype html><meta charset=""utf-8""><meta name=viewport content=""width=device-width, initial-scale=1""><title>429</title>429 Too Many Requests"
Bajra/Pearl Millet,2024,6,2024-06-01,429,False,0,0,0,"<!doctype html><meta charset=""utf-8""><meta name=viewport content=""width=device-width, initial-scale=1""><title>429</title>429 Too Many Requests"
Bajra/Pearl Millet,2024,6,2024-06-08,429,False,0,0,0,"<!doctype html><meta charset=""utf-8""><meta name=viewport content=""width=device-width, initial-scale=1""><title>429</title>429 Too Many Requests"
Bajra/Pearl Millet,2024,6,2024-06-15,429,False,0,0,0,"<!doctype html><meta charset=""utf-8""><meta name=viewport content=""width=device-width, initial-scale=1""><title>429</title>429 Too Many Requests"
Bajra/Pearl Millet,2024,7,2024-07-01,429,False,0,0,0,"<!doctype html><meta charset=""utf-8""><meta name=viewport content=""width=device-width, initial-scale=1""><title>429</title>429 Too Many Requests"
Bajra/Pearl Millet,2024,7,2024-07-08,429,False,0,0,0,"<!doctype html><meta charset=""utf-8""><meta name=viewport content=""width=device-width, initial-scale=1""><title>429</title>429 Too Many Requests"
Bajra/Pearl Millet,2024,7,2024-07-15,429,False,0,0,0,"<!doctype html><meta charset=""utf-8""><meta name=viewport content=""width=device-width, initial-scale=1""><title>429</title>429 Too Many Requests"
Bajra/Pearl Millet,2024,8,2024-08-01,429,False,0,0,0,"<!doctype html><meta charset=""utf-8""><meta name=viewport content=""width=device-width, initial-scale=1""><title>429</title>429 Too Many Requests"
Bajra/Pearl Millet,2024,8,2024-08-08,429,False,0,0,0,"<!doctype html><meta charset=""utf-8""><meta name=viewport content=""width=device-width, initial-scale=1""><title>429</title>429 Too Many Requests"
Bajra/Pearl Millet,2024,8,2024-08-15,429,False,0,0,0,"<!doctype html><meta charset=""utf-8""><meta name=viewport content=""width=device-width, initial-scale=1""><title>429</title>429 Too Many Requests"
Bajra/Pearl Millet,2024,9,2024-09-01,429,False,0,0,0,"<!doctype html><meta charset=""utf-8""><meta name=viewport content=""width=device-width, initial-scale=1""><title>429</title>429 Too Many Requests"
Bajra/Pearl Millet,2024,9,2024-09-08,429,False,0,0,0,"<!doctype html><meta charset=""utf-8""><meta name=viewport content=""width=device-width, initial-scale=1""><title>429</title>429 Too Many Requests"
Bajra/Pearl Millet,2024,9,2024-09-15,429,False,0,0,0,"<!doctype html><meta charset=""utf-8""><meta name=viewport content=""width=device-width, initial-scale=1""><title>429</title>429 Too Many Requests"
Bajra/Pearl Millet,2024,10,2024-10-01,429,False,0,0,0,"<!doctype html><meta charset=""utf-8""><meta name=viewport content=""width=device-width, initial-scale=1""><title>429</title>429 Too Many Requests"
Bajra/Pearl Millet,2024,10,2024-10-08,429,False,0,0,0,"<!doctype html><meta charset=""utf-8""><meta name=viewport content=""width=device-width, initial-scale=1""><title>429</title>429 Too Many Requests"
Bajra/Pearl Millet,2024,10,2024-10-15,429,False,0,0,0,"<!doctype html><meta charset=""utf-8""><meta name=viewport content=""width=device-width, initial-scale=1""><title>429</title>429 Too Many Requests"
Bajra/Pearl Millet,2024,11,2024-11-01,429,False,0,0,0,"<!doctype html><meta charset=""utf-8""><meta name=viewport content=""width=device-width, initial-scale=1""><title>429</title>429 Too Many Requests"
Bajra/Pearl Millet,2024,11,2024-11-08,429,False,0,0,0,"<!doctype html><meta charset=""utf-8""><meta name=viewport content=""width=device-width, initial-scale=1""><title>429</title>429 Too Many Requests"
Bajra/Pearl Millet,2024,11,2024-11-15,429,False,0,0,0,"<!doctype html><meta charset=""utf-8""><meta name=viewport content=""width=device-width, initial-scale=1""><title>429</title>429 Too Many Requests"
Bajra/Pearl Millet,2024,12,2024-12-01,429,False,0,0,0,"<!doctype html><meta charset=""utf-8""><meta name=viewport content=""width=device-width, initial-scale=1""><title>429</title>429 Too Many Requests"
Bajra/Pearl Millet,2024,12,2024-12-08,429,False,0,0,0,"<!doctype html><meta charset=""utf-8""><meta name=viewport content=""width=device-width, initial-scale=1""><title>429</title>429 Too Many Requests"
Bajra/Pearl Millet,2024,12,2024-12-15,429,False,0,0,0,"<!doctype html><meta charset=""utf-8""><meta name=viewport content=""width=device-width, initial-scale=1""><title>429</title>429 Too Many Requests"
Bajra/Pearl Millet,2025,1,2025-01-01,429,False,0,0,0,"<!doctype html><meta charset=""utf-8""><meta name=viewport content=""width=device-width, initial-scale=1""><title>429</title>429 Too Many Requests"
Bajra/Pearl Millet,2025,1,2025-01-08,429,False,0,0,0,"<!doctype html><meta charset=""utf-8""><meta name=viewport content=""width=device-width, initial-scale=1""><title>429</title>429 Too Many Requests"
Bajra/Pearl Millet,2025,1,2025-01-15,429,False,0,0,0,"<!doctype html><meta charset=""utf-8""><meta name=viewport content=""width=device-width, initial-scale=1""><title>429</title>429 Too Many Requests"
Bajra/Pearl Millet,2025,2,2025-02-01,429,False,0,0,0,"<!doctype html><meta charset=""utf-8""><meta name=viewport content=""width=device-width, initial-scale=1""><title>429</title>429 Too Many Requests"
Bajra/Pearl Millet,2025,2,2025-02-08,429,False,0,0,0,"<!doctype html><meta charset=""utf-8""><meta name=viewport content=""width=device-width, initial-scale=1""><title>429</title>429 Too Many Requests"
Bajra/Pearl Millet,2025,2,2025-02-15,429,False,0,0,0,"<!doctype html><meta charset=""utf-8""><meta name=viewport content=""width=device-width, initial-scale=1""><title>429</title>429 Too Many Requests"
Bajra/Pearl Millet,2025,4,2025-04-01,429,False,0,0,0,"<!doctype html><meta charset=""utf-8""><meta name=viewport content=""width=device-width, initial-scale=1""><title>429</title>429 Too Many Requests"
Bajra/Pearl Millet,2025,4,2025-04-08,429,False,0,0,0,"<!doctype html><meta charset=""utf-8""><meta name=viewport content=""width=device-width, initial-scale=1""><title>429</title>429 Too Many Requests"
Bajra/Pearl Millet,2025,4,2025-04-15,429,False,0,0,0,"<!doctype html><meta charset=""utf-8""><meta name=viewport content=""width=device-width, initial-scale=1""><title>429</title>429 Too Many Requests"
Bajra/Pearl Millet,2025,3,2025-03-01,429,False,0,0,0,"<!doctype html><meta charset=""utf-8""><meta name=viewport content=""width=device-width, initial-scale=1""><title>429</title>429 Too Many Requests"
Bajra/Pearl Millet,2025,3,2025-03-08,429,False,0,0,0,"<!doctype html><meta charset=""utf-8""><meta name=viewport content=""width=device-width, initial-scale=1""><title>429</title>429 Too Many Requests"
Bajra/Pearl Millet,2025,3,2025-03-15,429,False,0,0,0,"<!doctype html><meta charset=""utf-8""><meta name=viewport content=""width=device-width, initial-scale=1""><title>429</title>429 Too Many Requests"
Bajra/Pearl Millet,2025,5,2025-05-01,429,False,0,0,0,"<!doctype html><meta charset=""utf-8""><meta name=viewport content=""width=device-width, initial-scale=1""><title>429</title>429 Too Many Requests"
Bajra/Pearl Millet,2025,5,2025-05-08,429,False,0,0,0,"<!doctype html><meta charset=""utf-8""><meta name=viewport content=""width=device-width, initial-scale=1""><title>429</title>429 Too Many Requests"
Bajra/Pearl Millet,2025,5,2025-05-15,429,False,0,0,0,"<!doctype html><meta charset=""utf-8""><meta name=viewport content=""width=device-width, initial-scale=1""><title>429</title>429 Too Many Requests"
Bajra/Pearl Millet,2025,6,2025-06-01,429,False,0,0,0,"<!doctype html><meta charset=""utf-8""><meta name=viewport content=""width=device-width, initial-scale=1""><title>429</title>429 Too Many Requests"
Bajra/Pearl Millet,2025,6,2025-06-08,429,False,0,0,0,"<!doctype html><meta charset=""utf-8""><meta name=viewport content=""width=device-width, initial-scale=1""><title>429</title>429 Too Many Requests"
Bajra/Pearl Millet,2025,6,2025-06-15,429,False,0,0,0,"<!doctype html><meta charset=""utf-8""><meta name=viewport content=""width=device-width, initial-scale=1""><title>429</title>429 Too Many Requests"
Bajra/Pearl Millet,2025,7,2025-07-01,429,False,0,0,0,"<!doctype html><meta charset=""utf-8""><meta name=viewport content=""width=device-width, initial-scale=1""><title>429</title>429 Too Many Requests"
Bajra/Pearl Millet,2025,7,2025-07-08,429,False,0,0,0,"<!doctype html><meta charset=""utf-8""><meta name=viewport content=""width=device-width, initial-scale=1""><title>429</title>429 Too Many Requests"
Bajra/Pearl Millet,2025,7,2025-07-15,429,False,0,0,0,"<!doctype html><meta charset=""utf-8""><meta name=viewport content=""width=device-width, initial-scale=1""><title>429</title>429 Too Many Requests"
Bajra/Pearl Millet,2025,9,2025-09-01,429,False,0,0,0,"<!doctype html><meta charset=""utf-8""><meta name=viewport content=""width=device-width, initial-scale=1""><title>429</title>429 Too Many Requests"
Bajra/Pearl Millet,2025,9,2025-09-08,429,False,0,0,0,"<!doctype html><meta charset=""utf-8""><meta name=viewport content=""width=device-width, initial-scale=1""><title>429</title>429 Too Many Requests"
Bajra/Pearl Millet,2025,9,2025-09-15,429,False,0,0,0,"<!doctype html><meta charset=""utf-8""><meta name=viewport content=""width=device-width, initial-scale=1""><title>429</title>429 Too Many Requests"
Bajra/Pearl Millet,2025,8,2025-08-01,429,False,0,0,0,"<!doctype html><meta charset=""utf-8""><meta name=viewport content=""width=device-width, initial-scale=1""><title>429</title>429 Too Many Requests"
Bajra/Pearl Millet,2025,8,2025-08-08,429,False,0,0,0,"<!doctype html><meta charset=""utf-8""><meta name=viewport content=""width=device-width, initial-scale=1""><title>429</title>429 Too Many Requests"
Bajra/Pearl Millet,2025,8,2025-08-15,429,False,0,0,0,"<!doctype html><meta charset=""utf-8""><meta name=viewport content=""width=device-width, initial-scale=1""><title>429</title>429 Too Many Requests"
Bajra/Pearl Millet,2025,10,2025-10-01,429,False,0,0,0,"<!doctype html><meta charset=""utf-8""><meta name=viewport content=""width=device-width, initial-scale=1""><title>429</title>429 Too Many Requests"
Bajra/Pearl Millet,2025,10,2025-10-08,429,False,0,0,0,"<!doctype html><meta charset=""utf-8""><meta name=viewport content=""width=device-width, initial-scale=1""><title>429</title>429 Too Many Requests"
Bajra/Pearl Millet,2025,10,2025-10-15,429,False,0,0,0,"<!doctype html><meta charset=""utf-8""><meta name=viewport content=""width=device-width, initial-scale=1""><title>429</title>429 Too Many Requests"
Bajra/Pearl Millet,2025,11,2025-11-01,429,False,0,0,0,"<!doctype html><meta charset=""utf-8""><meta name=viewport content=""width=device-width, initial-scale=1""><title>429</title>429 Too Many Requests"
Bajra/Pearl Millet,2025,11,2025-11-08,429,False,0,0,0,"<!doctype html><meta charset=""utf-8""><meta name=viewport content=""width=device-width, initial-scale=1""><title>429</title>429 Too Many Requests"
Bajra/Pearl Millet,2025,11,2025-11-15,429,False,0,0,0,"<!doctype html><meta charset=""utf-8""><meta name=viewport content=""width=device-width, initial-scale=1""><title>429</title>429 Too Many Requests"
Bajra/Pearl Millet,2025,12,2025-12-01,429,False,0,0,0,"<!doctype html><meta charset=""utf-8""><meta name=viewport content=""width=device-width, initial-scale=1""><title>429</title>429 Too Many Requests"
Bajra/Pearl Millet,2025,12,2025-12-08,429,False,0,0,0,"<!doctype html><meta charset=""utf-8""><meta name=viewport content=""width=device-width, initial-scale=1""><title>429</title>429 Too Many Requests"
Bajra/Pearl Millet,2025,12,2025-12-15,429,False,0,0,0,"<!doctype html><meta charset=""utf-8""><meta name=viewport content=""width=device-width, initial-scale=1""><title>429</title>429 Too Many Requests"
Potato,2020,5,2020-05-01,200,True,17,303,306,
Potato,2020,7,2020-07-01,200,True,20,335,340,
Potato,2020,4,2020-04-01,200,True,16,298,304,
Potato,2020,3,2020-03-01,200,True,14,252,261,
Potato,2020,6,2020-06-01,200,True,18,356,359,
Potato,2020,11,2020-11-01,200,True,16,226,228,
Potato,2020,8,2020-08-01,200,True,18,209,212,
Potato,2020,10,2020-10-01,200,True,18,334,340,
Potato,2020,9,2020-09-01,200,True,18,319,326,
Potato,2020,12,2020-12-01,200,True,20,351,361,
Potato,2021,2,2021-02-01,200,True,19,375,384,
Potato,2021,1,2021-01-01,200,True,18,346,350,
Potato,2021,3,2021-03-01,200,True,19,379,392,
Potato,2021,5,2021-05-01,200,True,17,230,232,
Potato,2021,4,2021-04-01,200,True,19,319,322,
Potato,2021,6,2021-06-01,200,True,20,363,368,
Potato,2021,7,2021-07-01,200,True,21,363,370,
Potato,2021,8,2021-08-01,200,True,17,204,210,
Potato,2021,9,2021-09-01,200,True,20,344,351,
Potato,2021,10,2021-10-01,200,True,19,347,354,
Potato,2022,1,2022-01-01,200,True,21,488,501,
Potato,2021,11,2021-11-01,200,True,19,351,357,
Potato,2021,12,2021-12-01,200,True,19,357,362,
Potato,2022,2,2022-02-01,200,True,25,551,567,
Potato,2022,3,2022-03-01,200,True,22,487,497,
Potato,2022,5,2022-05-01,200,True,20,297,303,
Potato,2022,6,2022-06-01,200,True,22,508,520,
Potato,2022,4,2022-04-01,200,True,23,538,551,
Potato,2022,8,2022-08-01,200,True,21,529,538,
Potato,2022,7,2022-07-01,200,True,21,368,375,
Potato,2022,9,2022-09-01,200,True,23,520,529,
Potato,2023,1,2023-01-01,200,True,19,341,350,
Potato,2022,11,2022-11-01,200,True,23,538,548,
Potato,2022,10,2022-10-01,200,True,22,475,488,
Potato,2022,12,2022-12-01,200,True,24,526,538,
Potato,2023,2,2023-02-01,200,True,24,592,610,
Potato,2023,4,2023-04-01,200,True,22,471,478,
Potato,2023,6,2023-06-01,200,True,24,560,571,
Potato,2023,3,2023-03-01,200,True,24,567,584,
Potato,2023,5,2023-05-01,200,True,20,494,499,
Potato,2023,8,2023-08-01,200,True,24,575,585,
Potato,2023,7,2023-07-01,200,True,21,518,528,
Potato,2023,10,2023-10-01,200,True,17,262,264,
Potato,2023,9,2023-09-01,200,True,24,591,601,
Potato,2023,11,2023-11-01,200,True,23,528,536,
Potato,2024,1,2024-01-01,200,True,20,477,492,
Potato,2023,12,2023-12-01,200,True,21,546,559,
Potato,2024,2,2024-02-01,200,True,25,569,592,
Potato,2024,4,2024-04-01,200,True,20,411,418,
Potato,2024,3,2024-03-01,200,True,25,565,576,
Potato,2024,7,2024-07-01,200,True,24,628,643,
Potato,2024,5,2024-05-01,200,True,23,494,505,
Potato,2024,6,2024-06-01,200,True,23,501,513,
Potato,2024,9,2024-09-01,200,True,20,463,465,
Potato,2024,8,2024-08-01,200,True,26,714,726,
Potato,2024,12,2024-12-01,200,True,19,273,281,
Potato,2024,11,2024-11-01,200,True,22,547,552,
Potato,2024,10,2024-10-01,200,True,26,678,690,
Potato,2025,1,2025-01-01,200,True,20,520,528,
Potato,2025,2,2025-02-01,200,True,24,666,712,
Potato,2025,4,2025-04-01,200,True,23,673,718,
Potato,2025,3,2025-03-01,200,True,25,687,748,
Potato,2025,5,2025-05-01,200,True,23,632,674,
Potato,2025,6,2025-06-01,200,True,19,477,502,
Potato,2025,7,2025-07-01,200,True,25,667,707,
Potato,2025,10,2025-10-01,200,True,22,387,409,
Potato,2025,8,2025-08-01,200,True,26,612,645,
Lentil,2015,1,2015-01-01,200,True,8,34,35,
Lentil,2015,2,2015-02-01,200,True,5,16,17,
Lentil,2015,3,2015-03-01,200,True,6,28,29,
Lentil,2015,4,2015-04-01,200,True,9,65,69,
Potato,2025,12,2025-12-01,200,True,23,538,547,
Lentil,2015,5,2015-05-01,200,True,7,67,67,
Potato,2025,9,2025-09-01,200,True,24,626,663,
Lentil,2015,6,2015-06-01,200,True,9,72,75,
Potato,2025,11,2025-11-01,200,True,23,587,620,
Lentil,2015,7,2015-07-01,200,True,9,69,70,
Lentil,2015,8,2015-08-01,200,True,9,62,63,
Lentil,2015,9,2015-09-01,200,True,9,53,55,
Lentil,2015,10,2015-10-01,200,True,10,50,52,
Lentil,2015,11,2015-11-01,200,True,5,22,22,
Lentil,2015,12,2015-12-01,200,True,10,78,79,
Lentil,2016,1,2016-01-01,200,True,8,57,59,
Lentil,2016,2,2016-02-01,200,True,9,61,62,
Lentil,2016,3,2016-03-01,200,True,8,82,83,
Lentil,2016,4,2016-04-01,200,True,8,70,71,
Lentil,2016,5,2016-05-01,200,True,5,38,39,
Lentil,2016,7,2016-07-01,200,True,8,97,98,
Lentil,2016,6,2016-06-01,200,True,10,121,123,
Lentil,2016,8,2016-08-01,503,False,0,0,0,"<html>
<head><title>503 Service Temporarily Unavailable</title></head>
<body>
<center><h1>503 Service Temporarily Unavailable</h1></center>
<hr><center>nginx</center>
</body>
</html>
<!-- a padding to disable MSIE and Chrome friendly error page -->
<!-- a padding to disable MSIE and Chrome f"
Lentil,2016,8,2016-08-08,200,True,9,74,75,
Lentil,2016,11,2016-11-01,503,False,0,0,0,"<html>
<head><title>503 Service Temporarily Unavailable</title></head>
<body>
<center><h1>503 Service Temporarily Unavailable</h1></center>
<hr><center>nginx</center>
</body>
</html>
<!-- a padding to disable MSIE and Chrome friendly error page -->
<!-- a padding to disable MSIE and Chrome f"
Lentil,2016,11,2016-11-08,200,True,8,84,85,
Lentil,2016,10,2016-10-01,503,False,0,0,0,"<html>
<head><title>503 Service Temporarily Unavailable</title></head>
<body>
<center><h1>503 Service Temporarily Unavailable</h1></center>
<hr><center>nginx</center>
</body>
</html>
<!-- a padding to disable MSIE and Chrome friendly error page -->
<!-- a padding to disable MSIE and Chrome f"
Lentil,2016,10,2016-10-08,200,True,7,36,37,
Lentil,2016,9,2016-09-01,503,False,0,0,0,"<html>
<head><title>503 Service Temporarily Unavailable</title></head>
<body>
<center><h1>503 Service Temporarily Unavailable</h1></center>
<hr><center>nginx</center>
</body>
</html>
<!-- a padding to disable MSIE and Chrome friendly error page -->
<!-- a padding to disable MSIE and Chrome f"
Lentil,2016,9,2016-09-08,503,False,0,0,0,"<html>
<head><title>503 Service Temporarily Unavailable</title></head>
<body>
<center><h1>503 Service Temporarily Unavailable</h1></center>
<hr><center>nginx</center>
</body>
</html>
<!-- a padding to disable MSIE and Chrome friendly error page -->
<!-- a padding to disable MSIE and Chrome f"
Lentil,2016,9,2016-09-15,429,False,0,0,0,"<!doctype html><meta charset=""utf-8""><meta name=viewport content=""width=device-width, initial-scale=1""><title>429</title>429 Too Many Requests"
Lentil,2016,12,2016-12-01,503,False,0,0,0,"<html>
<head><title>503 Service Temporarily Unavailable</title></head>
<body>
<center><h1>503 Service Temporarily Unavailable</h1></center>
<hr><center>nginx</center>
</body>
</html>
<!-- a padding to disable MSIE and Chrome friendly error page -->
<!-- a padding to disable MSIE and Chrome f"
Lentil,2016,12,2016-12-08,429,False,0,0,0,"<!doctype html><meta charset=""utf-8""><meta name=viewport content=""width=device-width, initial-scale=1""><title>429</title>429 Too Many Requests"
Lentil,2016,12,2016-12-15,429,False,0,0,0,"<!doctype html><meta charset=""utf-8""><meta name=viewport content=""width=device-width, initial-scale=1""><title>429</title>429 Too Many Requests"
Lentil,2017,1,2017-01-01,503,False,0,0,0,"<html>
<head><title>503 Service Temporarily Unavailable</title></head>
<body>
<center><h1>503 Service Temporarily Unavailable</h1></center>
<hr><center>nginx</center>
</body>
</html>
<!-- a padding to disable MSIE and Chrome friendly error page -->
<!-- a padding to disable MSIE and Chrome f"
Lentil,2017,1,2017-01-08,429,False,0,0,0,"<!doctype html><meta charset=""utf-8""><meta name=viewport content=""width=device-width, initial-scale=1""><title>429</title>429 Too Many Requests"
Lentil,2017,1,2017-01-15,429,False,0,0,0,"<!doctype html><meta charset=""utf-8""><meta name=viewport content=""width=device-width, initial-scale=1""><title>429</title>429 Too Many Requests"
Lentil,2017,3,2017-03-01,429,False,0,0,0,"<!doctype html><meta charset=""utf-8""><meta name=viewport content=""width=device-width, initial-scale=1""><title>429</title>429 Too Many Requests"
Lentil,2017,3,2017-03-08,429,False,0,0,0,"<!doctype html><meta charset=""utf-8""><meta name=viewport content=""width=device-width, initial-scale=1""><title>429</title>429 Too Many Requests"
Lentil,2017,3,2017-03-15,429,False,0,0,0,"<!doctype html><meta charset=""utf-8""><meta name=viewport content=""width=device-width, initial-scale=1""><title>429</title>429 Too Many Requests"
Lentil,2017,2,2017-02-01,429,False,0,0,0,"<!doctype html><meta charset=""utf-8""><meta name=viewport content=""width=device-width, initial-scale=1""><title>429</title>429 Too Many Requests"
Lentil,2017,2,2017-02-08,429,False,0,0,0,"<!doctype html><meta charset=""utf-8""><meta name=viewport content=""width=device-width, initial-scale=1""><title>429</title>429 Too Many Requests"
Lentil,2017,2,2017-02-15,429,False,0,0,0,"<!doctype html><meta charset=""utf-8""><meta name=viewport content=""width=device-width, initial-scale=1""><title>429</title>429 Too Many Requests"
Lentil,2017,4,2017-04-01,429,False,0,0,0,"<!doctype html><meta charset=""utf-8""><meta name=viewport content=""width=device-width, initial-scale=1""><title>429</title>429 Too Many Requests"
Lentil,2017,4,2017-04-08,429,False,0,0,0,"<!doctype html><meta charset=""utf-8""><meta name=viewport content=""width=device-width, initial-scale=1""><title>429</title>429 Too Many Requests"
Lentil,2017,4,2017-04-15,429,False,0,0,0,"<!doctype html><meta charset=""utf-8""><meta name=viewport content=""width=device-width, initial-scale=1""><title>429</title>429 Too Many Requests"
Lentil,2017,5,2017-05-01,429,False,0,0,0,"<!doctype html><meta charset=""utf-8""><meta name=viewport content=""width=device-width, initial-scale=1""><title>429</title>429 Too Many Requests"
Lentil,2017,5,2017-05-08,429,False,0,0,0,"<!doctype html><meta charset=""utf-8""><meta name=viewport content=""width=device-width, initial-scale=1""><title>429</title>429 Too Many Requests"
Lentil,2017,5,2017-05-15,429,False,0,0,0,"<!doctype html><meta charset=""utf-8""><meta name=viewport content=""width=device-width, initial-scale=1""><title>429</title>429 Too Many Requests"
Lentil,2017,6,2017-06-01,429,False,0,0,0,"<!doctype html><meta charset=""utf-8""><meta name=viewport content=""width=device-width, initial-scale=1""><title>429</title>429 Too Many Requests"
Lentil,2017,6,2017-06-08,429,False,0,0,0,"<!doctype html><meta charset=""utf-8""><meta name=viewport content=""width=device-width, initial-scale=1""><title>429</title>429 Too Many Requests"
Lentil,2017,6,2017-06-15,429,False,0,0,0,"<!doctype html><meta charset=""utf-8""><meta name=viewport content=""width=device-width, initial-scale=1""><title>429</title>429 Too Many Requests"
Lentil,2017,8,2017-08-01,429,False,0,0,0,"<!doctype html><meta charset=""utf-8""><meta name=viewport content=""width=device-width, initial-scale=1""><title>429</title>429 Too Many Requests"
Lentil,2017,8,2017-08-08,429,False,0,0,0,"<!doctype html><meta charset=""utf-8""><meta name=viewport content=""width=device-width, initial-scale=1""><title>429</title>429 Too Many Requests"
Lentil,2017,8,2017-08-15,429,False,0,0,0,"<!doctype html><meta charset=""utf-8""><meta name=viewport content=""width=device-width, initial-scale=1""><title>429</title>429 Too Many Requests"
Lentil,2017,7,2017-07-01,429,False,0,0,0,"<!doctype html><meta charset=""utf-8""><meta name=viewport content=""width=device-width, initial-scale=1""><title>429</title>429 Too Many Requests"
Lentil,2017,7,2017-07-08,429,False,0,0,0,"<!doctype html><meta charset=""utf-8""><meta name=viewport content=""width=device-width, initial-scale=1""><title>429</title>429 Too Many Requests"
Lentil,2017,7,2017-07-15,429,False,0,0,0,"<!doctype html><meta charset=""utf-8""><meta name=viewport content=""width=device-width, initial-scale=1""><title>429</title>429 Too Many Requests"
Lentil,2017,9,2017-09-01,429,False,0,0,0,"<!doctype html><meta charset=""utf-8""><meta name=viewport content=""width=device-width, initial-scale=1""><title>429</title>429 Too Many Requests"
Lentil,2017,9,2017-09-08,429,False,0,0,0,"<!doctype html><meta charset=""utf-8""><meta name=viewport content=""width=device-width, initial-scale=1""><title>429</title>429 Too Many Requests"
Lentil,2017,9,2017-09-15,429,False,0,0,0,"<!doctype html><meta charset=""utf-8""><meta name=viewport content=""width=device-width, initial-scale=1""><title>429</title>429 Too Many Requests"
Lentil,2017,10,2017-10-01,429,False,0,0,0,"<!doctype html><meta charset=""utf-8""><meta name=viewport content=""width=device-width, initial-scale=1""><title>429</title>429 Too Many Requests"
Lentil,2017,10,2017-10-08,429,False,0,0,0,"<!doctype html><meta charset=""utf-8""><meta name=viewport content=""width=device-width, initial-scale=1""><title>429</title>429 Too Many Requests"
Lentil,2017,10,2017-10-15,429,False,0,0,0,"<!doctype html><meta charset=""utf-8""><meta name=viewport content=""width=device-width, initial-scale=1""><title>429</title>429 Too Many Requests"
Lentil,2017,11,2017-11-01,429,False,0,0,0,"<!doctype html><meta charset=""utf-8""><meta name=viewport content=""width=device-width, initial-scale=1""><title>429</title>429 Too Many Requests"
Lentil,2017,11,2017-11-08,429,False,0,0,0,"<!doctype html><meta charset=""utf-8""><meta name=viewport content=""width=device-width, initial-scale=1""><title>429</title>429 Too Many Requests"
Lentil,2017,11,2017-11-15,429,False,0,0,0,"<!doctype html><meta charset=""utf-8""><meta name=viewport content=""width=device-width, initial-scale=1""><title>429</title>429 Too Many Requests"
Lentil,2017,12,2017-12-01,429,False,0,0,0,"<!doctype html><meta charset=""utf-8""><meta name=viewport content=""width=device-width, initial-scale=1""><title>429</title>429 Too Many Requests"
Lentil,2017,12,2017-12-08,429,False,0,0,0,"<!doctype html><meta charset=""utf-8""><meta name=viewport content=""width=device-width, initial-scale=1""><title>429</title>429 Too Many Requests"
Lentil,2017,12,2017-12-15,429,False,0,0,0,"<!doctype html><meta charset=""utf-8""><meta name=viewport content=""width=device-width, initial-scale=1""><title>429</title>429 Too Many Requests"
Lentil,2018,1,2018-01-01,429,False,0,0,0,"<!doctype html><meta charset=""utf-8""><meta name=viewport content=""width=device-width, initial-scale=1""><title>429</title>429 Too Many Requests"
Lentil,2018,1,2018-01-08,429,False,0,0,0,"<!doctype html><meta charset=""utf-8""><meta name=viewport content=""width=device-width, initial-scale=1""><title>429</title>429 Too Many Requests"
Lentil,2018,1,2018-01-15,429,False,0,0,0,"<!doctype html><meta charset=""utf-8""><meta name=viewport content=""width=device-width, initial-scale=1""><title>429</title>429 Too Many Requests"
Lentil,2018,2,2018-02-01,429,False,0,0,0,"<!doctype html><meta charset=""utf-8""><meta name=viewport content=""width=device-width, initial-scale=1""><title>429</title>429 Too Many Requests"
Lentil,2018,2,2018-02-08,429,False,0,0,0,"<!doctype html><meta charset=""utf-8""><meta name=viewport content=""width=device-width, initial-scale=1""><title>429</title>429 Too Many Requests"
Lentil,2018,2,2018-02-15,429,False,0,0,0,"<!doctype html><meta charset=""utf-8""><meta name=viewport content=""width=device-width, initial-scale=1""><title>429</title>429 Too Many Requests"
Lentil,2018,3,2018-03-01,429,False,0,0,0,"<!doctype html><meta charset=""utf-8""><meta name=viewport content=""width=device-width, initial-scale=1""><title>429</title>429 Too Many Requests"
Lentil,2018,3,2018-03-08,429,False,0,0,0,"<!doctype html><meta charset=""utf-8""><meta name=viewport content=""width=device-width, initial-scale=1""><title>429</title>429 Too Many Requests"
Lentil,2018,3,2018-03-15,429,False,0,0,0,"<!doctype html><meta charset=""utf-8""><meta name=viewport content=""width=device-width, initial-scale=1""><title>429</title>429 Too Many Requests"
Lentil,2018,4,2018-04-01,429,False,0,0,0,"<!doctype html><meta charset=""utf-8""><meta name=viewport content=""width=device-width, initial-scale=1""><title>429</title>429 Too Many Requests"
Lentil,2018,4,2018-04-08,429,False,0,0,0,"<!doctype html><meta charset=""utf-8""><meta name=viewport content=""width=device-width, initial-scale=1""><title>429</title>429 Too Many Requests"
Lentil,2018,4,2018-04-15,429,False,0,0,0,"<!doctype html><meta charset=""utf-8""><meta name=viewport content=""width=device-width, initial-scale=1""><title>429</title>429 Too Many Requests"
Lentil,2018,5,2018-05-01,429,False,0,0,0,"<!doctype html><meta charset=""utf-8""><meta name=viewport content=""width=device-width, initial-scale=1""><title>429</title>429 Too Many Requests"
Lentil,2018,5,2018-05-08,429,False,0,0,0,"<!doctype html><meta charset=""utf-8""><meta name=viewport content=""width=device-width, initial-scale=1""><title>429</title>429 Too Many Requests"
Lentil,2018,5,2018-05-15,429,False,0,0,0,"<!doctype html><meta charset=""utf-8""><meta name=viewport content=""width=device-width, initial-scale=1""><title>429</title>429 Too Many Requests"
Lentil,2018,6,2018-06-01,429,False,0,0,0,"<!doctype html><meta charset=""utf-8""><meta name=viewport content=""width=device-width, initial-scale=1""><title>429</title>429 Too Many Requests"
Lentil,2018,6,2018-06-08,429,False,0,0,0,"<!doctype html><meta charset=""utf-8""><meta name=viewport content=""width=device-width, initial-scale=1""><title>429</title>429 Too Many Requests"
Lentil,2018,6,2018-06-15,429,False,0,0,0,"<!doctype html><meta charset=""utf-8""><meta name=viewport content=""width=device-width, initial-scale=1""><title>429</title>429 Too Many Requests"
Lentil,2018,7,2018-07-01,429,False,0,0,0,"<!doctype html><meta charset=""utf-8""><meta name=viewport content=""width=device-width, initial-scale=1""><title>429</title>429 Too Many Requests"
Lentil,2018,7,2018-07-08,429,False,0,0,0,"<!doctype html><meta charset=""utf-8""><meta name=viewport content=""width=device-width, initial-scale=1""><title>429</title>429 Too Many Requests"
Lentil,2018,7,2018-07-15,429,False,0,0,0,"<!doctype html><meta charset=""utf-8""><meta name=viewport content=""width=device-width, initial-scale=1""><title>429</title>429 Too Many Requests"
Lentil,2018,8,2018-08-01,429,False,0,0,0,"<!doctype html><meta charset=""utf-8""><meta name=viewport content=""width=device-width, initial-scale=1""><title>429</title>429 Too Many Requests"
Lentil,2018,8,2018-08-08,429,False,0,0,0,"<!doctype html><meta charset=""utf-8""><meta name=viewport content=""width=device-width, initial-scale=1""><title>429</title>429 Too Many Requests"
Lentil,2018,8,2018-08-15,429,False,0,0,0,"<!doctype html><meta charset=""utf-8""><meta name=viewport content=""width=device-width, initial-scale=1""><title>429</title>429 Too Many Requests"
Lentil,2018,9,2018-09-01,429,False,0,0,0,"<!doctype html><meta charset=""utf-8""><meta name=viewport content=""width=device-width, initial-scale=1""><title>429</title>429 Too Many Requests"
Lentil,2018,9,2018-09-08,429,False,0,0,0,"<!doctype html><meta charset=""utf-8""><meta name=viewport content=""width=device-width, initial-scale=1""><title>429</title>429 Too Many Requests"
Lentil,2018,9,2018-09-15,429,False,0,0,0,"<!doctype html><meta charset=""utf-8""><meta name=viewport content=""width=device-width, initial-scale=1""><title>429</title>429 Too Many Requests"
Lentil,2018,10,2018-10-01,429,False,0,0,0,"<!doctype html><meta charset=""utf-8""><meta name=viewport content=""width=device-width, initial-scale=1""><title>429</title>429 Too Many Requests"
Lentil,2018,10,2018-10-08,429,False,0,0,0,"<!doctype html><meta charset=""utf-8""><meta name=viewport content=""width=device-width, initial-scale=1""><title>429</title>429 Too Many Requests"
Lentil,2018,10,2018-10-15,429,False,0,0,0,"<!doctype html><meta charset=""utf-8""><meta name=viewport content=""width=device-width, initial-scale=1""><title>429</title>429 Too Many Requests"
Lentil,2018,11,2018-11-01,429,False,0,0,0,"<!doctype html><meta charset=""utf-8""><meta name=viewport content=""width=device-width, initial-scale=1""><title>429</title>429 Too Many Requests"
Lentil,2018,11,2018-11-08,429,False,0,0,0,"<!doctype html><meta charset=""utf-8""><meta name=viewport content=""width=device-width, initial-scale=1""><title>429</title>429 Too Many Requests"
Lentil,2018,11,2018-11-15,429,False,0,0,0,"<!doctype html><meta charset=""utf-8""><meta name=viewport content=""width=device-width, initial-scale=1""><title>429</title>429 Too Many Requests"
Lentil,2018,12,2018-12-01,429,False,0,0,0,"<!doctype html><meta charset=""utf-8""><meta name=viewport content=""width=device-width, initial-scale=1""><title>429</title>429 Too Many Requests"
Lentil,2018,12,2018-12-08,429,False,0,0,0,"<!doctype html><meta charset=""utf-8""><meta name=viewport content=""width=device-width, initial-scale=1""><title>429</title>429 Too Many Requests"
Lentil,2018,12,2018-12-15,429,False,0,0,0,"<!doctype html><meta charset=""utf-8""><meta name=viewport content=""width=device-width, initial-scale=1""><title>429</title>429 Too Many Requests"
Lentil,2019,1,2019-01-01,429,False,0,0,0,"<!doctype html><meta charset=""utf-8""><meta name=viewport content=""width=device-width, initial-scale=1""><title>429</title>429 Too Many Requests"
Lentil,2019,1,2019-01-08,429,False,0,0,0,"<!doctype html><meta charset=""utf-8""><meta name=viewport content=""width=device-width, initial-scale=1""><title>429</title>429 Too Many Requests"
Lentil,2019,1,2019-01-15,429,False,0,0,0,"<!doctype html><meta charset=""utf-8""><meta name=viewport content=""width=device-width, initial-scale=1""><title>429</title>429 Too Many Requests"
Lentil,2019,2,2019-02-01,429,False,0,0,0,"<!doctype html><meta charset=""utf-8""><meta name=viewport content=""width=device-width, initial-scale=1""><title>429</title>429 Too Many Requests"
Lentil,2019,2,2019-02-08,429,False,0,0,0,"<!doctype html><meta charset=""utf-8""><meta name=viewport content=""width=device-width, initial-scale=1""><title>429</title>429 Too Many Requests"
Lentil,2019,2,2019-02-15,429,False,0,0,0,"<!doctype html><meta charset=""utf-8""><meta name=viewport content=""width=device-width, initial-scale=1""><title>429</title>429 Too Many Requests"
Lentil,2019,3,2019-03-01,429,False,0,0,0,"<!doctype html><meta charset=""utf-8""><meta name=viewport content=""width=device-width, initial-scale=1""><title>429</title>429 Too Many Requests"
Lentil,2019,3,2019-03-08,429,False,0,0,0,"<!doctype html><meta charset=""utf-8""><meta name=viewport content=""width=device-width, initial-scale=1""><title>429</title>429 Too Many Requests"
Lentil,2019,3,2019-03-15,429,False,0,0,0,"<!doctype html><meta charset=""utf-8""><meta name=viewport content=""width=device-width, initial-scale=1""><title>429</title>429 Too Many Requests"
Lentil,2019,4,2019-04-01,429,False,0,0,0,"<!doctype html><meta charset=""utf-8""><meta name=viewport content=""width=device-width, initial-scale=1""><title>429</title>429 Too Many Requests"
Lentil,2019,4,2019-04-08,429,False,0,0,0,"<!doctype html><meta charset=""utf-8""><meta name=viewport content=""width=device-width, initial-scale=1""><title>429</title>429 Too Many Requests"
Lentil,2019,4,2019-04-15,429,False,0,0,0,"<!doctype html><meta charset=""utf-8""><meta name=viewport content=""width=device-width, initial-scale=1""><title>429</title>429 Too Many Requests"
Lentil,2019,5,2019-05-01,429,False,0,0,0,"<!doctype html><meta charset=""utf-8""><meta name=viewport content=""width=device-width, initial-scale=1""><title>429</title>429 Too Many Requests"
Lentil,2019,5,2019-05-08,429,False,0,0,0,"<!doctype html><meta charset=""utf-8""><meta name=viewport content=""width=device-width, initial-scale=1""><title>429</title>429 Too Many Requests"
Lentil,2019,5,2019-05-15,429,False,0,0,0,"<!doctype html><meta charset=""utf-8""><meta name=viewport content=""width=device-width, initial-scale=1""><title>429</title>429 Too Many Requests"
Lentil,2019,6,2019-06-01,429,False,0,0,0,"<!doctype html><meta charset=""utf-8""><meta name=viewport content=""width=device-width, initial-scale=1""><title>429</title>429 Too Many Requests"
Lentil,2019,6,2019-06-08,429,False,0,0,0,"<!doctype html><meta charset=""utf-8""><meta name=viewport content=""width=device-width, initial-scale=1""><title>429</title>429 Too Many Requests"
Lentil,2019,6,2019-06-15,429,False,0,0,0,"<!doctype html><meta charset=""utf-8""><meta name=viewport content=""width=device-width, initial-scale=1""><title>429</title>429 Too Many Requests"
Lentil,2019,7,2019-07-01,429,False,0,0,0,"<!doctype html><meta charset=""utf-8""><meta name=viewport content=""width=device-width, initial-scale=1""><title>429</title>429 Too Many Requests"
Lentil,2019,7,2019-07-08,429,False,0,0,0,"<!doctype html><meta charset=""utf-8""><meta name=viewport content=""width=device-width, initial-scale=1""><title>429</title>429 Too Many Requests"
Lentil,2019,7,2019-07-15,429,False,0,0,0,"<!doctype html><meta charset=""utf-8""><meta name=viewport content=""width=device-width, initial-scale=1""><title>429</title>429 Too Many Requests"
Lentil,2019,8,2019-08-01,429,False,0,0,0,"<!doctype html><meta charset=""utf-8""><meta name=viewport content=""width=device-width, initial-scale=1""><title>429</title>429 Too Many Requests"
Lentil,2019,8,2019-08-08,429,False,0,0,0,"<!doctype html><meta charset=""utf-8""><meta name=viewport content=""width=device-width, initial-scale=1""><title>429</title>429 Too Many Requests"
Lentil,2019,8,2019-08-15,429,False,0,0,0,"<!doctype html><meta charset=""utf-8""><meta name=viewport content=""width=device-width, initial-scale=1""><title>429</title>429 Too Many Requests"
Lentil,2019,9,2019-09-01,429,False,0,0,0,"<!doctype html><meta charset=""utf-8""><meta name=viewport content=""width=device-width, initial-scale=1""><title>429</title>429 Too Many Requests"
Lentil,2019,9,2019-09-08,429,False,0,0,0,"<!doctype html><meta charset=""utf-8""><meta name=viewport content=""width=device-width, initial-scale=1""><title>429</title>429 Too Many Requests"
Lentil,2019,9,2019-09-15,429,False,0,0,0,"<!doctype html><meta charset=""utf-8""><meta name=viewport content=""width=device-width, initial-scale=1""><title>429</title>429 Too Many Requests"
Lentil,2019,10,2019-10-01,429,False,0,0,0,"<!doctype html><meta charset=""utf-8""><meta name=viewport content=""width=device-width, initial-scale=1""><title>429</title>429 Too Many Requests"
Lentil,2019,10,2019-10-08,429,False,0,0,0,"<!doctype html><meta charset=""utf-8""><meta name=viewport content=""width=device-width, initial-scale=1""><title>429</title>429 Too Many Requests"
Lentil,2019,10,2019-10-15,429,False,0,0,0,"<!doctype html><meta charset=""utf-8""><meta name=viewport content=""width=device-width, initial-scale=1""><title>429</title>429 Too Many Requests"
Lentil,2019,11,2019-11-01,429,False,0,0,0,"<!doctype html><meta charset=""utf-8""><meta name=viewport content=""width=device-width, initial-scale=1""><title>429</title>429 Too Many Requests"
Lentil,2019,11,2019-11-08,429,False,0,0,0,"<!doctype html><meta charset=""utf-8""><meta name=viewport content=""width=device-width, initial-scale=1""><title>429</title>429 Too Many Requests"
Lentil,2019,11,2019-11-15,429,False,0,0,0,"<!doctype html><meta charset=""utf-8""><meta name=viewport content=""width=device-width, initial-scale=1""><title>429</title>429 Too Many Requests"
Lentil,2019,12,2019-12-01,429,False,0,0,0,"<!doctype html><meta charset=""utf-8""><meta name=viewport content=""width=device-width, initial-scale=1""><title>429</title>429 Too Many Requests"
Lentil,2019,12,2019-12-08,429,False,0,0,0,"<!doctype html><meta charset=""utf-8""><meta name=viewport content=""width=device-width, initial-scale=1""><title>429</title>429 Too Many Requests"
Lentil,2019,12,2019-12-15,429,False,0,0,0,"<!doctype html><meta charset=""utf-8""><meta name=viewport content=""width=device-width, initial-scale=1""><title>429</title>429 Too Many Requests"
Lentil,2020,1,2020-01-01,429,False,0,0,0,"<!doctype html><meta charset=""utf-8""><meta name=viewport content=""width=device-width, initial-scale=1""><title>429</title>429 Too Many Requests"
Lentil,2020,1,2020-01-08,429,False,0,0,0,"<!doctype html><meta charset=""utf-8""><meta name=viewport content=""width=device-width, initial-scale=1""><title>429</title>429 Too Many Requests"
Lentil,2020,1,2020-01-15,429,False,0,0,0,"<!doctype html><meta charset=""utf-8""><meta name=viewport content=""width=device-width, initial-scale=1""><title>429</title>429 Too Many Requests"
Lentil,2020,2,2020-02-01,429,False,0,0,0,"<!doctype html><meta charset=""utf-8""><meta name=viewport content=""width=device-width, initial-scale=1""><title>429</title>429 Too Many Requests"
Lentil,2020,2,2020-02-08,429,False,0,0,0,"<!doctype html><meta charset=""utf-8""><meta name=viewport content=""width=device-width, initial-scale=1""><title>429</title>429 Too Many Requests"
Lentil,2020,2,2020-02-15,429,False,0,0,0,"<!doctype html><meta charset=""utf-8""><meta name=viewport content=""width=device-width, initial-scale=1""><title>429</title>429 Too Many Requests"
Lentil,2020,3,2020-03-01,429,False,0,0,0,"<!doctype html><meta charset=""utf-8""><meta name=viewport content=""width=device-width, initial-scale=1""><title>429</title>429 Too Many Requests"
Lentil,2020,3,2020-03-08,429,False,0,0,0,"<!doctype html><meta charset=""utf-8""><meta name=viewport content=""width=device-width, initial-scale=1""><title>429</title>429 Too Many Requests"
Lentil,2020,3,2020-03-15,429,False,0,0,0,"<!doctype html><meta charset=""utf-8""><meta name=viewport content=""width=device-width, initial-scale=1""><title>429</title>429 Too Many Requests"
Lentil,2020,4,2020-04-01,429,False,0,0,0,"<!doctype html><meta charset=""utf-8""><meta name=viewport content=""width=device-width, initial-scale=1""><title>429</title>429 Too Many Requests"
Lentil,2020,4,2020-04-08,429,False,0,0,0,"<!doctype html><meta charset=""utf-8""><meta name=viewport content=""width=device-width, initial-scale=1""><title>429</title>429 Too Many Requests"
Lentil,2020,4,2020-04-15,429,False,0,0,0,"<!doctype html><meta charset=""utf-8""><meta name=viewport content=""width=device-width, initial-scale=1""><title>429</title>429 Too Many Requests"
Lentil,2020,5,2020-05-01,429,False,0,0,0,"<!doctype html><meta charset=""utf-8""><meta name=viewport content=""width=device-width, initial-scale=1""><title>429</title>429 Too Many Requests"
Lentil,2020,5,2020-05-08,429,False,0,0,0,"<!doctype html><meta charset=""utf-8""><meta name=viewport content=""width=device-width, initial-scale=1""><title>429</title>429 Too Many Requests"
Lentil,2020,5,2020-05-15,429,False,0,0,0,"<!doctype html><meta charset=""utf-8""><meta name=viewport content=""width=device-width, initial-scale=1""><title>429</title>429 Too Many Requests"
Lentil,2020,6,2020-06-01,429,False,0,0,0,"<!doctype html><meta charset=""utf-8""><meta name=viewport content=""width=device-width, initial-scale=1""><title>429</title>429 Too Many Requests"
Lentil,2020,6,2020-06-08,429,False,0,0,0,"<!doctype html><meta charset=""utf-8""><meta name=viewport content=""width=device-width, initial-scale=1""><title>429</title>429 Too Many Requests"
Lentil,2020,6,2020-06-15,429,False,0,0,0,"<!doctype html><meta charset=""utf-8""><meta name=viewport content=""width=device-width, initial-scale=1""><title>429</title>429 Too Many Requests"
Lentil,2020,7,2020-07-01,429,False,0,0,0,"<!doctype html><meta charset=""utf-8""><meta name=viewport content=""width=device-width, initial-scale=1""><title>429</title>429 Too Many Requests"
Lentil,2020,7,2020-07-08,429,False,0,0,0,"<!doctype html><meta charset=""utf-8""><meta name=viewport content=""width=device-width, initial-scale=1""><title>429</title>429 Too Many Requests"
Lentil,2020,7,2020-07-15,429,False,0,0,0,"<!doctype html><meta charset=""utf-8""><meta name=viewport content=""width=device-width, initial-scale=1""><title>429</title>429 Too Many Requests"
Lentil,2020,8,2020-08-01,429,False,0,0,0,"<!doctype html><meta charset=""utf-8""><meta name=viewport content=""width=device-width, initial-scale=1""><title>429</title>429 Too Many Requests"
Lentil,2020,8,2020-08-08,429,False,0,0,0,"<!doctype html><meta charset=""utf-8""><meta name=viewport content=""width=device-width, initial-scale=1""><title>429</title>429 Too Many Requests"
Lentil,2020,8,2020-08-15,429,False,0,0,0,"<!doctype html><meta charset=""utf-8""><meta name=viewport content=""width=device-width, initial-scale=1""><title>429</title>429 Too Many Requests"
Lentil,2020,9,2020-09-01,429,False,0,0,0,"<!doctype html><meta charset=""utf-8""><meta name=viewport content=""width=device-width, initial-scale=1""><title>429</title>429 Too Many Requests"
Lentil,2020,9,2020-09-08,429,False,0,0,0,"<!doctype html><meta charset=""utf-8""><meta name=viewport content=""width=device-width, initial-scale=1""><title>429</title>429 Too Many Requests"
Lentil,2020,9,2020-09-15,429,False,0,0,0,"<!doctype html><meta charset=""utf-8""><meta name=viewport content=""width=device-width, initial-scale=1""><title>429</title>429 Too Many Requests"
Lentil,2020,10,2020-10-01,429,False,0,0,0,"<!doctype html><meta charset=""utf-8""><meta name=viewport content=""width=device-width, initial-scale=1""><title>429</title>429 Too Many Requests"
Lentil,2020,10,2020-10-08,429,False,0,0,0,"<!doctype html><meta charset=""utf-8""><meta name=viewport content=""width=device-width, initial-scale=1""><title>429</title>429 Too Many Requests"
Lentil,2020,10,2020-10-15,429,False,0,0,0,"<!doctype html><meta charset=""utf-8""><meta name=viewport content=""width=device-width, initial-scale=1""><title>429</title>429 Too Many Requests"
Lentil,2020,11,2020-11-01,429,False,0,0,0,"<!doctype html><meta charset=""utf-8""><meta name=viewport content=""width=device-width, initial-scale=1""><title>429</title>429 Too Many Requests"
Lentil,2020,11,2020-11-08,429,False,0,0,0,"<!doctype html><meta charset=""utf-8""><meta name=viewport content=""width=device-width, initial-scale=1""><title>429</title>429 Too Many Requests"
Lentil,2020,11,2020-11-15,429,False,0,0,0,"<!doctype html><meta charset=""utf-8""><meta name=viewport content=""width=device-width, initial-scale=1""><title>429</title>429 Too Many Requests"
Lentil,2020,12,2020-12-01,429,False,0,0,0,"<!doctype html><meta charset=""utf-8""><meta name=viewport content=""width=device-width, initial-scale=1""><title>429</title>429 Too Many Requests"
Lentil,2020,12,2020-12-08,429,False,0,0,0,"<!doctype html><meta charset=""utf-8""><meta name=viewport content=""width=device-width, initial-scale=1""><title>429</title>429 Too Many Requests"
Lentil,2020,12,2020-12-15,429,False,0,0,0,"<!doctype html><meta charset=""utf-8""><meta name=viewport content=""width=device-width, initial-scale=1""><title>429</title>429 Too Many Requests"
Lentil,2021,1,2021-01-01,429,False,0,0,0,"<!doctype html><meta charset=""utf-8""><meta name=viewport content=""width=device-width, initial-scale=1""><title>429</title>429 Too Many Requests"
Lentil,2021,1,2021-01-08,429,False,0,0,0,"<!doctype html><meta charset=""utf-8""><meta name=viewport content=""width=device-width, initial-scale=1""><title>429</title>429 Too Many Requests"
Lentil,2021,1,2021-01-15,429,False,0,0,0,"<!doctype html><meta charset=""utf-8""><meta name=viewport content=""width=device-width, initial-scale=1""><title>429</title>429 Too Many Requests"
Lentil,2021,2,2021-02-01,429,False,0,0,0,"<!doctype html><meta charset=""utf-8""><meta name=viewport content=""width=device-width, initial-scale=1""><title>429</title>429 Too Many Requests"
Lentil,2021,2,2021-02-08,429,False,0,0,0,"<!doctype html><meta charset=""utf-8""><meta name=viewport content=""width=device-width, initial-scale=1""><title>429</title>429 Too Many Requests"
Lentil,2021,2,2021-02-15,429,False,0,0,0,"<!doctype html><meta charset=""utf-8""><meta name=viewport content=""width=device-width, initial-scale=1""><title>429</title>429 Too Many Requests"
Lentil,2021,3,2021-03-01,429,False,0,0,0,"<!doctype html><meta charset=""utf-8""><meta name=viewport content=""width=device-width, initial-scale=1""><title>429</title>429 Too Many Requests"
Lentil,2021,3,2021-03-08,429,False,0,0,0,"<!doctype html><meta charset=""utf-8""><meta name=viewport content=""width=device-width, initial-scale=1""><title>429</title>429 Too Many Requests"
Lentil,2021,3,2021-03-15,429,False,0,0,0,"<!doctype html><meta charset=""utf-8""><meta name=viewport content=""width=device-width, initial-scale=1""><title>429</title>429 Too Many Requests"
Lentil,2021,4,2021-04-01,429,False,0,0,0,"<!doctype html><meta charset=""utf-8""><meta name=viewport content=""width=device-width, initial-scale=1""><title>429</title>429 Too Many Requests"
Lentil,2021,4,2021-04-08,429,False,0,0,0,"<!doctype html><meta charset=""utf-8""><meta name=viewport content=""width=device-width, initial-scale=1""><title>429</title>429 Too Many Requests"
Lentil,2021,4,2021-04-15,429,False,0,0,0,"<!doctype html><meta charset=""utf-8""><meta name=viewport content=""width=device-width, initial-scale=1""><title>429</title>429 Too Many Requests"
Lentil,2021,5,2021-05-01,429,False,0,0,0,"<!doctype html><meta charset=""utf-8""><meta name=viewport content=""width=device-width, initial-scale=1""><title>429</title>429 Too Many Requests"
Lentil,2021,5,2021-05-08,429,False,0,0,0,"<!doctype html><meta charset=""utf-8""><meta name=viewport content=""width=device-width, initial-scale=1""><title>429</title>429 Too Many Requests"
Lentil,2021,5,2021-05-15,429,False,0,0,0,"<!doctype html><meta charset=""utf-8""><meta name=viewport content=""width=device-width, initial-scale=1""><title>429</title>429 Too Many Requests"
Lentil,2021,6,2021-06-01,429,False,0,0,0,"<!doctype html><meta charset=""utf-8""><meta name=viewport content=""width=device-width, initial-scale=1""><title>429</title>429 Too Many Requests"
Lentil,2021,6,2021-06-08,429,False,0,0,0,"<!doctype html><meta charset=""utf-8""><meta name=viewport content=""width=device-width, initial-scale=1""><title>429</title>429 Too Many Requests"
Lentil,2021,6,2021-06-15,429,False,0,0,0,"<!doctype html><meta charset=""utf-8""><meta name=viewport content=""width=device-width, initial-scale=1""><title>429</title>429 Too Many Requests"
Lentil,2021,7,2021-07-01,429,False,0,0,0,"<!doctype html><meta charset=""utf-8""><meta name=viewport content=""width=device-width, initial-scale=1""><title>429</title>429 Too Many Requests"
Lentil,2021,7,2021-07-08,429,False,0,0,0,"<!doctype html><meta charset=""utf-8""><meta name=viewport content=""width=device-width, initial-scale=1""><title>429</title>429 Too Many Requests"
Lentil,2021,7,2021-07-15,429,False,0,0,0,"<!doctype html><meta charset=""utf-8""><meta name=viewport content=""width=device-width, initial-scale=1""><title>429</title>429 Too Many Requests"
Lentil,2021,8,2021-08-01,429,False,0,0,0,"<!doctype html><meta charset=""utf-8""><meta name=viewport content=""width=device-width, initial-scale=1""><title>429</title>429 Too Many Requests"
Lentil,2021,8,2021-08-08,429,False,0,0,0,"<!doctype html><meta charset=""utf-8""><meta name=viewport content=""width=device-width, initial-scale=1""><title>429</title>429 Too Many Requests"
Lentil,2021,8,2021-08-15,429,False,0,0,0,"<!doctype html><meta charset=""utf-8""><meta name=viewport content=""width=device-width, initial-scale=1""><title>429</title>429 Too Many Requests"
Lentil,2021,9,2021-09-01,429,False,0,0,0,"<!doctype html><meta charset=""utf-8""><meta name=viewport content=""width=device-width, initial-scale=1""><title>429</title>429 Too Many Requests"
Lentil,2021,9,2021-09-08,429,False,0,0,0,"<!doctype html><meta charset=""utf-8""><meta name=viewport content=""width=device-width, initial-scale=1""><title>429</title>429 Too Many Requests"
Lentil,2021,9,2021-09-15,429,False,0,0,0,"<!doctype html><meta charset=""utf-8""><meta name=viewport content=""width=device-width, initial-scale=1""><title>429</title>429 Too Many Requests"
Lentil,2021,10,2021-10-01,429,False,0,0,0,"<!doctype html><meta charset=""utf-8""><meta name=viewport content=""width=device-width, initial-scale=1""><title>429</title>429 Too Many Requests"
Lentil,2021,10,2021-10-08,429,False,0,0,0,"<!doctype html><meta charset=""utf-8""><meta name=viewport content=""width=device-width, initial-scale=1""><title>429</title>429 Too Many Requests"
Lentil,2021,10,2021-10-15,429,False,0,0,0,"<!doctype html><meta charset=""utf-8""><meta name=viewport content=""width=device-width, initial-scale=1""><title>429</title>429 Too Many Requests"
Lentil,2021,11,2021-11-01,429,False,0,0,0,"<!doctype html><meta charset=""utf-8""><meta name=viewport content=""width=device-width, initial-scale=1""><title>429</title>429 Too Many Requests"
Lentil,2021,11,2021-11-08,429,False,0,0,0,"<!doctype html><meta charset=""utf-8""><meta name=viewport content=""width=device-width, initial-scale=1""><title>429</title>429 Too Many Requests"
Lentil,2021,11,2021-11-15,429,False,0,0,0,"<!doctype html><meta charset=""utf-8""><meta name=viewport content=""width=device-width, initial-scale=1""><title>429</title>429 Too Many Requests"
Lentil,2021,12,2021-12-01,429,False,0,0,0,"<!doctype html><meta charset=""utf-8""><meta name=viewport content=""width=device-width, initial-scale=1""><title>429</title>429 Too Many Requests"
Lentil,2021,12,2021-12-08,429,False,0,0,0,"<!doctype html><meta charset=""utf-8""><meta name=viewport content=""width=device-width, initial-scale=1""><title>429</title>429 Too Many Requests"
Lentil,2021,12,2021-12-15,429,False,0,0,0,"<!doctype html><meta charset=""utf-8""><meta name=viewport content=""width=device-width, initial-scale=1""><title>429</title>429 Too Many Requests"
Lentil,2022,1,2022-01-01,429,False,0,0,0,"<!doctype html><meta charset=""utf-8""><meta name=viewport content=""width=device-width, initial-scale=1""><title>429</title>429 Too Many Requests"
Lentil,2022,1,2022-01-08,429,False,0,0,0,"<!doctype html><meta charset=""utf-8""><meta name=viewport content=""width=device-width, initial-scale=1""><title>429</title>429 Too Many Requests"
Lentil,2022,1,2022-01-15,429,False,0,0,0,"<!doctype html><meta charset=""utf-8""><meta name=viewport content=""width=device-width, initial-scale=1""><title>429</title>429 Too Many Requests"
Lentil,2022,2,2022-02-01,429,False,0,0,0,"<!doctype html><meta charset=""utf-8""><meta name=viewport content=""width=device-width, initial-scale=1""><title>429</title>429 Too Many Requests"
Lentil,2022,2,2022-02-08,429,False,0,0,0,"<!doctype html><meta charset=""utf-8""><meta name=viewport content=""width=device-width, initial-scale=1""><title>429</title>429 Too Many Requests"
Lentil,2022,2,2022-02-15,429,False,0,0,0,"<!doctype html><meta charset=""utf-8""><meta name=viewport content=""width=device-width, initial-scale=1""><title>429</title>429 Too Many Requests"
Lentil,2022,3,2022-03-01,429,False,0,0,0,"<!doctype html><meta charset=""utf-8""><meta name=viewport content=""width=device-width, initial-scale=1""><title>429</title>429 Too Many Requests"
Lentil,2022,3,2022-03-08,429,False,0,0,0,"<!doctype html><meta charset=""utf-8""><meta name=viewport content=""width=device-width, initial-scale=1""><title>429</title>429 Too Many Requests"
Lentil,2022,3,2022-03-15,429,False,0,0,0,"<!doctype html><meta charset=""utf-8""><meta name=viewport content=""width=device-width, initial-scale=1""><title>429</title>429 Too Many Requests"
Lentil,2022,4,2022-04-01,429,False,0,0,0,"<!doctype html><meta charset=""utf-8""><meta name=viewport content=""width=device-width, initial-scale=1""><title>429</title>429 Too Many Requests"
Lentil,2022,4,2022-04-08,429,False,0,0,0,"<!doctype html><meta charset=""utf-8""><meta name=viewport content=""width=device-width, initial-scale=1""><title>429</title>429 Too Many Requests"
Lentil,2022,4,2022-04-15,429,False,0,0,0,"<!doctype html><meta charset=""utf-8""><meta name=viewport content=""width=device-width, initial-scale=1""><title>429</title>429 Too Many Requests"
Lentil,2022,5,2022-05-01,429,False,0,0,0,"<!doctype html><meta charset=""utf-8""><meta name=viewport content=""width=device-width, initial-scale=1""><title>429</title>429 Too Many Requests"
Lentil,2022,5,2022-05-08,429,False,0,0,0,"<!doctype html><meta charset=""utf-8""><meta name=viewport content=""width=device-width, initial-scale=1""><title>429</title>429 Too Many Requests"
Lentil,2022,5,2022-05-15,429,False,0,0,0,"<!doctype html><meta charset=""utf-8""><meta name=viewport content=""width=device-width, initial-scale=1""><title>429</title>429 Too Many Requests"
Lentil,2022,6,2022-06-01,429,False,0,0,0,"<!doctype html><meta charset=""utf-8""><meta name=viewport content=""width=device-width, initial-scale=1""><title>429</title>429 Too Many Requests"
Lentil,2022,6,2022-06-08,429,False,0,0,0,"<!doctype html><meta charset=""utf-8""><meta name=viewport content=""width=device-width, initial-scale=1""><title>429</title>429 Too Many Requests"
Lentil,2022,6,2022-06-15,429,False,0,0,0,"<!doctype html><meta charset=""utf-8""><meta name=viewport content=""width=device-width, initial-scale=1""><title>429</title>429 Too Many Requests"
Lentil,2022,7,2022-07-01,429,False,0,0,0,"<!doctype html><meta charset=""utf-8""><meta name=viewport content=""width=device-width, initial-scale=1""><title>429</title>429 Too Many Requests"
Lentil,2022,7,2022-07-08,429,False,0,0,0,"<!doctype html><meta charset=""utf-8""><meta name=viewport content=""width=device-width, initial-scale=1""><title>429</title>429 Too Many Requests"
Lentil,2022,7,2022-07-15,429,False,0,0,0,"<!doctype html><meta charset=""utf-8""><meta name=viewport content=""width=device-width, initial-scale=1""><title>429</title>429 Too Many Requests"
Lentil,2022,8,2022-08-01,429,False,0,0,0,"<!doctype html><meta charset=""utf-8""><meta name=viewport content=""width=device-width, initial-scale=1""><title>429</title>429 Too Many Requests"
Lentil,2022,8,2022-08-08,429,False,0,0,0,"<!doctype html><meta charset=""utf-8""><meta name=viewport content=""width=device-width, initial-scale=1""><title>429</title>429 Too Many Requests"
Lentil,2022,8,2022-08-15,429,False,0,0,0,"<!doctype html><meta charset=""utf-8""><meta name=viewport content=""width=device-width, initial-scale=1""><title>429</title>429 Too Many Requests"
Lentil,2022,9,2022-09-01,429,False,0,0,0,"<!doctype html><meta charset=""utf-8""><meta name=viewport content=""width=device-width, initial-scale=1""><title>429</title>429 Too Many Requests"
Lentil,2022,9,2022-09-08,429,False,0,0,0,"<!doctype html><meta charset=""utf-8""><meta name=viewport content=""width=device-width, initial-scale=1""><title>429</title>429 Too Many Requests"
Lentil,2022,9,2022-09-15,429,False,0,0,0,"<!doctype html><meta charset=""utf-8""><meta name=viewport content=""width=device-width, initial-scale=1""><title>429</title>429 Too Many Requests"
Lentil,2022,11,2022-11-01,429,False,0,0,0,"<!doctype html><meta charset=""utf-8""><meta name=viewport content=""width=device-width, initial-scale=1""><title>429</title>429 Too Many Requests"
Lentil,2022,11,2022-11-08,429,False,0,0,0,"<!doctype html><meta charset=""utf-8""><meta name=viewport content=""width=device-width, initial-scale=1""><title>429</title>429 Too Many Requests"
Lentil,2022,11,2022-11-15,429,False,0,0,0,"<!doctype html><meta charset=""utf-8""><meta name=viewport content=""width=device-width, initial-scale=1""><title>429</title>429 Too Many Requests"
Lentil,2022,10,2022-10-01,429,False,0,0,0,"<!doctype html><meta charset=""utf-8""><meta name=viewport content=""width=device-width, initial-scale=1""><title>429</title>429 Too Many Requests"
Lentil,2022,10,2022-10-08,429,False,0,0,0,"<!doctype html><meta charset=""utf-8""><meta name=viewport content=""width=device-width, initial-scale=1""><title>429</title>429 Too Many Requests"
Lentil,2022,10,2022-10-15,429,False,0,0,0,"<!doctype html><meta charset=""utf-8""><meta name=viewport content=""width=device-width, initial-scale=1""><title>429</title>429 Too Many Requests"
Lentil,2022,12,2022-12-01,429,False,0,0,0,"<!doctype html><meta charset=""utf-8""><meta name=viewport content=""width=device-width, initial-scale=1""><title>429</title>429 Too Many Requests"
Lentil,2022,12,2022-12-08,429,False,0,0,0,"<!doctype html><meta charset=""utf-8""><meta name=viewport content=""width=device-width, initial-scale=1""><title>429</title>429 Too Many Requests"
Lentil,2022,12,2022-12-15,429,False,0,0,0,"<!doctype html><meta charset=""utf-8""><meta name=viewport content=""width=device-width, initial-scale=1""><title>429</title>429 Too Many Requests"
Lentil,2023,1,2023-01-01,429,False,0,0,0,"<!doctype html><meta charset=""utf-8""><meta name=viewport content=""width=device-width, initial-scale=1""><title>429</title>429 Too Many Requests"
Lentil,2023,1,2023-01-08,429,False,0,0,0,"<!doctype html><meta charset=""utf-8""><meta name=viewport content=""width=device-width, initial-scale=1""><title>429</title>429 Too Many Requests"
Lentil,2023,1,2023-01-15,429,False,0,0,0,"<!doctype html><meta charset=""utf-8""><meta name=viewport content=""width=device-width, initial-scale=1""><title>429</title>429 Too Many Requests"
Lentil,2023,2,2023-02-01,429,False,0,0,0,"<!doctype html><meta charset=""utf-8""><meta name=viewport content=""width=device-width, initial-scale=1""><title>429</title>429 Too Many Requests"
Lentil,2023,2,2023-02-08,429,False,0,0,0,"<!doctype html><meta charset=""utf-8""><meta name=viewport content=""width=device-width, initial-scale=1""><title>429</title>429 Too Many Requests"
Lentil,2023,2,2023-02-15,429,False,0,0,0,"<!doctype html><meta charset=""utf-8""><meta name=viewport content=""width=device-width, initial-scale=1""><title>429</title>429 Too Many Requests"
Lentil,2023,3,2023-03-01,429,False,0,0,0,"<!doctype html><meta charset=""utf-8""><meta name=viewport content=""width=device-width, initial-scale=1""><title>429</title>429 Too Many Requests"
Lentil,2023,3,2023-03-08,429,False,0,0,0,"<!doctype html><meta charset=""utf-8""><meta name=viewport content=""width=device-width, initial-scale=1""><title>429</title>429 Too Many Requests"
Lentil,2023,3,2023-03-15,429,False,0,0,0,"<!doctype html><meta charset=""utf-8""><meta name=viewport content=""width=device-width, initial-scale=1""><title>429</title>429 Too Many Requests"
Lentil,2023,4,2023-04-01,429,False,0,0,0,"<!doctype html><meta charset=""utf-8""><meta name=viewport content=""width=device-width, initial-scale=1""><title>429</title>429 Too Many Requests"
Lentil,2023,4,2023-04-08,429,False,0,0,0,"<!doctype html><meta charset=""utf-8""><meta name=viewport content=""width=device-width, initial-scale=1""><title>429</title>429 Too Many Requests"
Lentil,2023,4,2023-04-15,429,False,0,0,0,"<!doctype html><meta charset=""utf-8""><meta name=viewport content=""width=device-width, initial-scale=1""><title>429</title>429 Too Many Requests"
Lentil,2023,5,2023-05-01,429,False,0,0,0,"<!doctype html><meta charset=""utf-8""><meta name=viewport content=""width=device-width, initial-scale=1""><title>429</title>429 Too Many Requests"
Lentil,2023,5,2023-05-08,429,False,0,0,0,"<!doctype html><meta charset=""utf-8""><meta name=viewport content=""width=device-width, initial-scale=1""><title>429</title>429 Too Many Requests"
Lentil,2023,5,2023-05-15,429,False,0,0,0,"<!doctype html><meta charset=""utf-8""><meta name=viewport content=""width=device-width, initial-scale=1""><title>429</title>429 Too Many Requests"
Lentil,2023,7,2023-07-01,429,False,0,0,0,"<!doctype html><meta charset=""utf-8""><meta name=viewport content=""width=device-width, initial-scale=1""><title>429</title>429 Too Many Requests"
Lentil,2023,7,2023-07-08,429,False,0,0,0,"<!doctype html><meta charset=""utf-8""><meta name=viewport content=""width=device-width, initial-scale=1""><title>429</title>429 Too Many Requests"
Lentil,2023,7,2023-07-15,429,False,0,0,0,"<!doctype html><meta charset=""utf-8""><meta name=viewport content=""width=device-width, initial-scale=1""><title>429</title>429 Too Many Requests"
Lentil,2023,6,2023-06-01,429,False,0,0,0,"<!doctype html><meta charset=""utf-8""><meta name=viewport content=""width=device-width, initial-scale=1""><title>429</title>429 Too Many Requests"
Lentil,2023,6,2023-06-08,429,False,0,0,0,"<!doctype html><meta charset=""utf-8""><meta name=viewport content=""width=device-width, initial-scale=1""><title>429</title>429 Too Many Requests"
Lentil,2023,6,2023-06-15,429,False,0,0,0,"<!doctype html><meta charset=""utf-8""><meta name=viewport content=""width=device-width, initial-scale=1""><title>429</title>429 Too Many Requests"
Lentil,2023,8,2023-08-01,429,False,0,0,0,"<!doctype html><meta charset=""utf-8""><meta name=viewport content=""width=device-width, initial-scale=1""><title>429</title>429 Too Many Requests"
Lentil,2023,8,2023-08-08,429,False,0,0,0,"<!doctype html><meta charset=""utf-8""><meta name=viewport content=""width=device-width, initial-scale=1""><title>429</title>429 Too Many Requests"
Lentil,2023,8,2023-08-15,429,False,0,0,0,"<!doctype html><meta charset=""utf-8""><meta name=viewport content=""width=device-width, initial-scale=1""><title>429</title>429 Too Many Requests"
Lentil,2023,9,2023-09-01,429,False,0,0,0,"<!doctype html><meta charset=""utf-8""><meta name=viewport content=""width=device-width, initial-scale=1""><title>429</title>429 Too Many Requests"
Lentil,2023,9,2023-09-08,429,False,0,0,0,"<!doctype html><meta charset=""utf-8""><meta name=viewport content=""width=device-width, initial-scale=1""><title>429</title>429 Too Many Requests"
Lentil,2023,9,2023-09-15,429,False,0,0,0,"<!doctype html><meta charset=""utf-8""><meta name=viewport content=""width=device-width, initial-scale=1""><title>429</title>429 Too Many Requests"
Lentil,2023,10,2023-10-01,429,False,0,0,0,"<!doctype html><meta charset=""utf-8""><meta name=viewport content=""width=device-width, initial-scale=1""><title>429</title>429 Too Many Requests"
Lentil,2023,10,2023-10-08,429,False,0,0,0,"<!doctype html><meta charset=""utf-8""><meta name=viewport content=""width=device-width, initial-scale=1""><title>429</title>429 Too Many Requests"
Lentil,2023,10,2023-10-15,429,False,0,0,0,"<!doctype html><meta charset=""utf-8""><meta name=viewport content=""width=device-width, initial-scale=1""><title>429</title>429 Too Many Requests"
Lentil,2023,11,2023-11-01,429,False,0,0,0,"<!doctype html><meta charset=""utf-8""><meta name=viewport content=""width=device-width, initial-scale=1""><title>429</title>429 Too Many Requests"
Lentil,2023,11,2023-11-08,429,False,0,0,0,"<!doctype html><meta charset=""utf-8""><meta name=viewport content=""width=device-width, initial-scale=1""><title>429</title>429 Too Many Requests"
Lentil,2023,11,2023-11-15,429,False,0,0,0,"<!doctype html><meta charset=""utf-8""><meta name=viewport content=""width=device-width, initial-scale=1""><title>429</title>429 Too Many Requests"
Lentil,2023,12,2023-12-01,429,False,0,0,0,"<!doctype html><meta charset=""utf-8""><meta name=viewport content=""width=device-width, initial-scale=1""><title>429</title>429 Too Many Requests"
Lentil,2023,12,2023-12-08,429,False,0,0,0,"<!doctype html><meta charset=""utf-8""><meta name=viewport content=""width=device-width, initial-scale=1""><title>429</title>429 Too Many Requests"
Lentil,2023,12,2023-12-15,429,False,0,0,0,"<!doctype html><meta charset=""utf-8""><meta name=viewport content=""width=device-width, initial-scale=1""><title>429</title>429 Too Many Requests"
Lentil,2024,1,2024-01-01,429,False,0,0,0,"<!doctype html><meta charset=""utf-8""><meta name=viewport content=""width=device-width, initial-scale=1""><title>429</title>429 Too Many Requests"
Lentil,2024,1,2024-01-08,429,False,0,0,0,"<!doctype html><meta charset=""utf-8""><meta name=viewport content=""width=device-width, initial-scale=1""><title>429</title>429 Too Many Requests"
Lentil,2024,1,2024-01-15,429,False,0,0,0,"<!doctype html><meta charset=""utf-8""><meta name=viewport content=""width=device-width, initial-scale=1""><title>429</title>429 Too Many Requests"
Lentil,2024,2,2024-02-01,429,False,0,0,0,"<!doctype html><meta charset=""utf-8""><meta name=viewport content=""width=device-width, initial-scale=1""><title>429</title>429 Too Many Requests"
Lentil,2024,2,2024-02-08,429,False,0,0,0,"<!doctype html><meta charset=""utf-8""><meta name=viewport content=""width=device-width, initial-scale=1""><title>429</title>429 Too Many Requests"
Lentil,2024,2,2024-02-15,429,False,0,0,0,"<!doctype html><meta charset=""utf-8""><meta name=viewport content=""width=device-width, initial-scale=1""><title>429</title>429 Too Many Requests"
Lentil,2024,3,2024-03-01,429,False,0,0,0,"<!doctype html><meta charset=""utf-8""><meta name=viewport content=""width=device-width, initial-scale=1""><title>429</title>429 Too Many Requests"
Lentil,2024,3,2024-03-08,429,False,0,0,0,"<!doctype html><meta charset=""utf-8""><meta name=viewport content=""width=device-width, initial-scale=1""><title>429</title>429 Too Many Requests"
Lentil,2024,3,2024-03-15,429,False,0,0,0,"<!doctype html><meta charset=""utf-8""><meta name=viewport content=""width=device-width, initial-scale=1""><title>429</title>429 Too Many Requests"
Lentil,2024,4,2024-04-01,429,False,0,0,0,"<!doctype html><meta charset=""utf-8""><meta name=viewport content=""width=device-width, initial-scale=1""><title>429</title>429 Too Many Requests"
Lentil,2024,4,2024-04-08,429,False,0,0,0,"<!doctype html><meta charset=""utf-8""><meta name=viewport content=""width=device-width, initial-scale=1""><title>429</title>429 Too Many Requests"
Lentil,2024,4,2024-04-15,429,False,0,0,0,"<!doctype html><meta charset=""utf-8""><meta name=viewport content=""width=device-width, initial-scale=1""><title>429</title>429 Too Many Requests"
Lentil,2024,5,2024-05-01,429,False,0,0,0,"<!doctype html><meta charset=""utf-8""><meta name=viewport content=""width=device-width, initial-scale=1""><title>429</title>429 Too Many Requests"
Lentil,2024,5,2024-05-08,429,False,0,0,0,"<!doctype html><meta charset=""utf-8""><meta name=viewport content=""width=device-width, initial-scale=1""><title>429</title>429 Too Many Requests"
Lentil,2024,5,2024-05-15,429,False,0,0,0,"<!doctype html><meta charset=""utf-8""><meta name=viewport content=""width=device-width, initial-scale=1""><title>429</title>429 Too Many Requests"
Lentil,2024,6,2024-06-01,429,False,0,0,0,"<!doctype html><meta charset=""utf-8""><meta name=viewport content=""width=device-width, initial-scale=1""><title>429</title>429 Too Many Requests"
Lentil,2024,6,2024-06-08,429,False,0,0,0,"<!doctype html><meta charset=""utf-8""><meta name=viewport content=""width=device-width, initial-scale=1""><title>429</title>429 Too Many Requests"
Lentil,2024,6,2024-06-15,429,False,0,0,0,"<!doctype html><meta charset=""utf-8""><meta name=viewport content=""width=device-width, initial-scale=1""><title>429</title>429 Too Many Requests"
Lentil,2024,7,2024-07-01,429,False,0,0,0,"<!doctype html><meta charset=""utf-8""><meta name=viewport content=""width=device-width, initial-scale=1""><title>429</title>429 Too Many Requests"
Lentil,2024,7,2024-07-08,429,False,0,0,0,"<!doctype html><meta charset=""utf-8""><meta name=viewport content=""width=device-width, initial-scale=1""><title>429</title>429 Too Many Requests"
Lentil,2024,7,2024-07-15,429,False,0,0,0,"<!doctype html><meta charset=""utf-8""><meta name=viewport content=""width=device-width, initial-scale=1""><title>429</title>429 Too Many Requests"
Lentil,2024,8,2024-08-01,429,False,0,0,0,"<!doctype html><meta charset=""utf-8""><meta name=viewport content=""width=device-width, initial-scale=1""><title>429</title>429 Too Many Requests"
Lentil,2024,8,2024-08-08,429,False,0,0,0,"<!doctype html><meta charset=""utf-8""><meta name=viewport content=""width=device-width, initial-scale=1""><title>429</title>429 Too Many Requests"
Lentil,2024,8,2024-08-15,429,False,0,0,0,"<!doctype html><meta charset=""utf-8""><meta name=viewport content=""width=device-width, initial-scale=1""><title>429</title>429 Too Many Requests"
Lentil,2024,9,2024-09-01,429,False,0,0,0,"<!doctype html><meta charset=""utf-8""><meta name=viewport content=""width=device-width, initial-scale=1""><title>429</title>429 Too Many Requests"
Lentil,2024,9,2024-09-08,429,False,0,0,0,"<!doctype html><meta charset=""utf-8""><meta name=viewport content=""width=device-width, initial-scale=1""><title>429</title>429 Too Many Requests"
Lentil,2024,9,2024-09-15,429,False,0,0,0,"<!doctype html><meta charset=""utf-8""><meta name=viewport content=""width=device-width, initial-scale=1""><title>429</title>429 Too Many Requests"
Lentil,2024,10,2024-10-01,429,False,0,0,0,"<!doctype html><meta charset=""utf-8""><meta name=viewport content=""width=device-width, initial-scale=1""><title>429</title>429 Too Many Requests"
Lentil,2024,10,2024-10-08,429,False,0,0,0,"<!doctype html><meta charset=""utf-8""><meta name=viewport content=""width=device-width, initial-scale=1""><title>429</title>429 Too Many Requests"
Lentil,2024,10,2024-10-15,429,False,0,0,0,"<!doctype html><meta charset=""utf-8""><meta name=viewport content=""width=device-width, initial-scale=1""><title>429</title>429 Too Many Requests"
Lentil,2024,11,2024-11-01,429,False,0,0,0,"<!doctype html><meta charset=""utf-8""><meta name=viewport content=""width=device-width, initial-scale=1""><title>429</title>429 Too Many Requests"
Lentil,2024,11,2024-11-08,429,False,0,0,0,"<!doctype html><meta charset=""utf-8""><meta name=viewport content=""width=device-width, initial-scale=1""><title>429</title>429 Too Many Requests"
Lentil,2024,11,2024-11-15,429,False,0,0,0,"<!doctype html><meta charset=""utf-8""><meta name=viewport content=""width=device-width, initial-scale=1""><title>429</title>429 Too Many Requests"
Lentil,2024,12,2024-12-01,429,False,0,0,0,"<!doctype html><meta charset=""utf-8""><meta name=viewport content=""width=device-width, initial-scale=1""><title>429</title>429 Too Many Requests"
Lentil,2024,12,2024-12-08,429,False,0,0,0,"<!doctype html><meta charset=""utf-8""><meta name=viewport content=""width=device-width, initial-scale=1""><title>429</title>429 Too Many Requests"
Lentil,2024,12,2024-12-15,429,False,0,0,0,"<!doctype html><meta charset=""utf-8""><meta name=viewport content=""width=device-width, initial-scale=1""><title>429</title>429 Too Many Requests"
Lentil,2025,1,2025-01-01,429,False,0,0,0,"<!doctype html><meta charset=""utf-8""><meta name=viewport content=""width=device-width, initial-scale=1""><title>429</title>429 Too Many Requests"
Lentil,2025,1,2025-01-08,429,False,0,0,0,"<!doctype html><meta charset=""utf-8""><meta name=viewport content=""width=device-width, initial-scale=1""><title>429</title>429 Too Many Requests"
Lentil,2025,1,2025-01-15,429,False,0,0,0,"<!doctype html><meta charset=""utf-8""><meta name=viewport content=""width=device-width, initial-scale=1""><title>429</title>429 Too Many Requests"
Lentil,2025,2,2025-02-01,429,False,0,0,0,"<!doctype html><meta charset=""utf-8""><meta name=viewport content=""width=device-width, initial-scale=1""><title>429</title>429 Too Many Requests"
Lentil,2025,2,2025-02-08,429,False,0,0,0,"<!doctype html><meta charset=""utf-8""><meta name=viewport content=""width=device-width, initial-scale=1""><title>429</title>429 Too Many Requests"
Lentil,2025,2,2025-02-15,429,False,0,0,0,"<!doctype html><meta charset=""utf-8""><meta name=viewport content=""width=device-width, initial-scale=1""><title>429</title>429 Too Many Requests"
Lentil,2025,3,2025-03-01,429,False,0,0,0,"<!doctype html><meta charset=""utf-8""><meta name=viewport content=""width=device-width, initial-scale=1""><title>429</title>429 Too Many Requests"
Lentil,2025,3,2025-03-08,429,False,0,0,0,"<!doctype html><meta charset=""utf-8""><meta name=viewport content=""width=device-width, initial-scale=1""><title>429</title>429 Too Many Requests"
Lentil,2025,3,2025-03-15,429,False,0,0,0,"<!doctype html><meta charset=""utf-8""><meta name=viewport content=""width=device-width, initial-scale=1""><title>429</title>429 Too Many Requests"
Lentil,2025,4,2025-04-01,429,False,0,0,0,"<!doctype html><meta charset=""utf-8""><meta name=viewport content=""width=device-width, initial-scale=1""><title>429</title>429 Too Many Requests"
Lentil,2025,4,2025-04-08,429,False,0,0,0,"<!doctype html><meta charset=""utf-8""><meta name=viewport content=""width=device-width, initial-scale=1""><title>429</title>429 Too Many Requests"
Lentil,2025,4,2025-04-15,429,False,0,0,0,"<!doctype html><meta charset=""utf-8""><meta name=viewport content=""width=device-width, initial-scale=1""><title>429</title>429 Too Many Requests"
Lentil,2025,5,2025-05-01,429,False,0,0,0,"<!doctype html><meta charset=""utf-8""><meta name=viewport content=""width=device-width, initial-scale=1""><title>429</title>429 Too Many Requests"
Lentil,2025,5,2025-05-08,429,False,0,0,0,"<!doctype html><meta charset=""utf-8""><meta name=viewport content=""width=device-width, initial-scale=1""><title>429</title>429 Too Many Requests"
Lentil,2025,5,2025-05-15,429,False,0,0,0,"<!doctype html><meta charset=""utf-8""><meta name=viewport content=""width=device-width, initial-scale=1""><title>429</title>429 Too Many Requests"
Lentil,2025,6,2025-06-01,429,False,0,0,0,"<!doctype html><meta charset=""utf-8""><meta name=viewport content=""width=device-width, initial-scale=1""><title>429</title>429 Too Many Requests"
Lentil,2025,6,2025-06-08,429,False,0,0,0,"<!doctype html><meta charset=""utf-8""><meta name=viewport content=""width=device-width, initial-scale=1""><title>429</title>429 Too Many Requests"
Lentil,2025,6,2025-06-15,429,False,0,0,0,"<!doctype html><meta charset=""utf-8""><meta name=viewport content=""width=device-width, initial-scale=1""><title>429</title>429 Too Many Requests"
Lentil,2025,7,2025-07-01,429,False,0,0,0,"<!doctype html><meta charset=""utf-8""><meta name=viewport content=""width=device-width, initial-scale=1""><title>429</title>429 Too Many Requests"
Lentil,2025,7,2025-07-08,429,False,0,0,0,"<!doctype html><meta charset=""utf-8""><meta name=viewport content=""width=device-width, initial-scale=1""><title>429</title>429 Too Many Requests"
Lentil,2025,7,2025-07-15,429,False,0,0,0,"<!doctype html><meta charset=""utf-8""><meta name=viewport content=""width=device-width, initial-scale=1""><title>429</title>429 Too Many Requests"
Lentil,2025,8,2025-08-01,429,False,0,0,0,"<!doctype html><meta charset=""utf-8""><meta name=viewport content=""width=device-width, initial-scale=1""><title>429</title>429 Too Many Requests"
Lentil,2025,8,2025-08-08,429,False,0,0,0,"<!doctype html><meta charset=""utf-8""><meta name=viewport content=""width=device-width, initial-scale=1""><title>429</title>429 Too Many Requests"
Lentil,2025,8,2025-08-15,429,False,0,0,0,"<!doctype html><meta charset=""utf-8""><meta name=viewport content=""width=device-width, initial-scale=1""><title>429</title>429 Too Many Requests"
Lentil,2025,9,2025-09-01,429,False,0,0,0,"<!doctype html><meta charset=""utf-8""><meta name=viewport content=""width=device-width, initial-scale=1""><title>429</title>429 Too Many Requests"
Lentil,2025,9,2025-09-08,429,False,0,0,0,"<!doctype html><meta charset=""utf-8""><meta name=viewport content=""width=device-width, initial-scale=1""><title>429</title>429 Too Many Requests"
Lentil,2025,9,2025-09-15,429,False,0,0,0,"<!doctype html><meta charset=""utf-8""><meta name=viewport content=""width=device-width, initial-scale=1""><title>429</title>429 Too Many Requests"
Lentil,2025,10,2025-10-01,429,False,0,0,0,"<!doctype html><meta charset=""utf-8""><meta name=viewport content=""width=device-width, initial-scale=1""><title>429</title>429 Too Many Requests"
Lentil,2025,10,2025-10-08,429,False,0,0,0,"<!doctype html><meta charset=""utf-8""><meta name=viewport content=""width=device-width, initial-scale=1""><title>429</title>429 Too Many Requests"
Lentil,2025,10,2025-10-15,429,False,0,0,0,"<!doctype html><meta charset=""utf-8""><meta name=viewport content=""width=device-width, initial-scale=1""><title>429</title>429 Too Many Requests"
Lentil,2025,11,2025-11-01,429,False,0,0,0,"<!doctype html><meta charset=""utf-8""><meta name=viewport content=""width=device-width, initial-scale=1""><title>429</title>429 Too Many Requests"
Lentil,2025,11,2025-11-08,429,False,0,0,0,"<!doctype html><meta charset=""utf-8""><meta name=viewport content=""width=device-width, initial-scale=1""><title>429</title>429 Too Many Requests"
Lentil,2025,11,2025-11-15,429,False,0,0,0,"<!doctype html><meta charset=""utf-8""><meta name=viewport content=""width=device-width, initial-scale=1""><title>429</title>429 Too Many Requests"
Lentil,2025,12,2025-12-01,429,False,0,0,0,"<!doctype html><meta charset=""utf-8""><meta name=viewport content=""width=device-width, initial-scale=1""><title>429</title>429 Too Many Requests"
Lentil,2025,12,2025-12-08,429,False,0,0,0,"<!doctype html><meta charset=""utf-8""><meta name=viewport content=""width=device-width, initial-scale=1""><title>429</title>429 Too Many Requests"
Lentil,2025,12,2025-12-15,429,False,0,0,0,"<!doctype html><meta charset=""utf-8""><meta name=viewport content=""width=device-width, initial-scale=1""><title>429</title>429 Too Many Requests"
Sweet Potato,2015,1,2015-01-01,429,False,0,0,0,"<!doctype html><meta charset=""utf-8""><meta name=viewport content=""width=device-width, initial-scale=1""><title>429</title>429 Too Many Requests"
Sweet Potato,2015,1,2015-01-08,429,False,0,0,0,"<!doctype html><meta charset=""utf-8""><meta name=viewport content=""width=device-width, initial-scale=1""><title>429</title>429 Too Many Requests"
Sweet Potato,2015,1,2015-01-15,429,False,0,0,0,"<!doctype html><meta charset=""utf-8""><meta name=viewport content=""width=device-width, initial-scale=1""><title>429</title>429 Too Many Requests"
Sweet Potato,2015,2,2015-02-01,429,False,0,0,0,"<!doctype html><meta charset=""utf-8""><meta name=viewport content=""width=device-width, initial-scale=1""><title>429</title>429 Too Many Requests"
Sweet Potato,2015,2,2015-02-08,429,False,0,0,0,"<!doctype html><meta charset=""utf-8""><meta name=viewport content=""width=device-width, initial-scale=1""><title>429</title>429 Too Many Requests"
Sweet Potato,2015,2,2015-02-15,429,False,0,0,0,"<!doctype html><meta charset=""utf-8""><meta name=viewport content=""width=device-width, initial-scale=1""><title>429</title>429 Too Many Requests"
Sweet Potato,2015,3,2015-03-01,429,False,0,0,0,"<!doctype html><meta charset=""utf-8""><meta name=viewport content=""width=device-width, initial-scale=1""><title>429</title>429 Too Many Requests"
Sweet Potato,2015,3,2015-03-08,429,False,0,0,0,"<!doctype html><meta charset=""utf-8""><meta name=viewport content=""width=device-width, initial-scale=1""><title>429</title>429 Too Many Requests"
Sweet Potato,2015,3,2015-03-15,429,False,0,0,0,"<!doctype html><meta charset=""utf-8""><meta name=viewport content=""width=device-width, initial-scale=1""><title>429</title>429 Too Many Requests"
Sweet Potato,2015,4,2015-04-01,429,False,0,0,0,"<!doctype html><meta charset=""utf-8""><meta name=viewport content=""width=device-width, initial-scale=1""><title>429</title>429 Too Many Requests"
Sweet Potato,2015,4,2015-04-08,429,False,0,0,0,"<!doctype html><meta charset=""utf-8""><meta name=viewport content=""width=device-width, initial-scale=1""><title>429</title>429 Too Many Requests"
Sweet Potato,2015,4,2015-04-15,429,False,0,0,0,"<!doctype html><meta charset=""utf-8""><meta name=viewport content=""width=device-width, initial-scale=1""><title>429</title>429 Too Many Requests"
Sweet Potato,2015,5,2015-05-01,429,False,0,0,0,"<!doctype html><meta charset=""utf-8""><meta name=viewport content=""width=device-width, initial-scale=1""><title>429</title>429 Too Many Requests"
Sweet Potato,2015,5,2015-05-08,429,False,0,0,0,"<!doctype html><meta charset=""utf-8""><meta name=viewport content=""width=device-width, initial-scale=1""><title>429</title>429 Too Many Requests"
Sweet Potato,2015,5,2015-05-15,429,False,0,0,0,"<!doctype html><meta charset=""utf-8""><meta name=viewport content=""width=device-width, initial-scale=1""><title>429</title>429 Too Many Requests"
Sweet Potato,2015,6,2015-06-01,429,False,0,0,0,"<!doctype html><meta charset=""utf-8""><meta name=viewport content=""width=device-width, initial-scale=1""><title>429</title>429 Too Many Requests"
Sweet Potato,2015,6,2015-06-08,429,False,0,0,0,"<!doctype html><meta charset=""utf-8""><meta name=viewport content=""width=device-width, initial-scale=1""><title>429</title>429 Too Many Requests"
Sweet Potato,2015,6,2015-06-15,429,False,0,0,0,"<!doctype html><meta charset=""utf-8""><meta name=viewport content=""width=device-width, initial-scale=1""><title>429</title>429 Too Many Requests"
Sweet Potato,2015,7,2015-07-01,429,False,0,0,0,"<!doctype html><meta charset=""utf-8""><meta name=viewport content=""width=device-width, initial-scale=1""><title>429</title>429 Too Many Requests"
Sweet Potato,2015,7,2015-07-08,429,False,0,0,0,"<!doctype html><meta charset=""utf-8""><meta name=viewport content=""width=device-width, initial-scale=1""><title>429</title>429 Too Many Requests"
Sweet Potato,2015,7,2015-07-15,429,False,0,0,0,"<!doctype html><meta charset=""utf-8""><meta name=viewport content=""width=device-width, initial-scale=1""><title>429</title>429 Too Many Requests"
Sweet Potato,2015,8,2015-08-01,429,False,0,0,0,"<!doctype html><meta charset=""utf-8""><meta name=viewport content=""width=device-width, initial-scale=1""><title>429</title>429 Too Many Requests"
Sweet Potato,2015,8,2015-08-08,429,False,0,0,0,"<!doctype html><meta charset=""utf-8""><meta name=viewport content=""width=device-width, initial-scale=1""><title>429</title>429 Too Many Requests"
Sweet Potato,2015,8,2015-08-15,429,False,0,0,0,"<!doctype html><meta charset=""utf-8""><meta name=viewport content=""width=device-width, initial-scale=1""><title>429</title>429 Too Many Requests"
Sweet Potato,2015,9,2015-09-01,429,False,0,0,0,"<!doctype html><meta charset=""utf-8""><meta name=viewport content=""width=device-width, initial-scale=1""><title>429</title>429 Too Many Requests"
Sweet Potato,2015,9,2015-09-08,429,False,0,0,0,"<!doctype html><meta charset=""utf-8""><meta name=viewport content=""width=device-width, initial-scale=1""><title>429</title>429 Too Many Requests"
Sweet Potato,2015,9,2015-09-15,429,False,0,0,0,"<!doctype html><meta charset=""utf-8""><meta name=viewport content=""width=device-width, initial-scale=1""><title>429</title>429 Too Many Requests"
Sweet Potato,2015,10,2015-10-01,429,False,0,0,0,"<!doctype html><meta charset=""utf-8""><meta name=viewport content=""width=device-width, initial-scale=1""><title>429</title>429 Too Many Requests"
Sweet Potato,2015,10,2015-10-08,429,False,0,0,0,"<!doctype html><meta charset=""utf-8""><meta name=viewport content=""width=device-width, initial-scale=1""><title>429</title>429 Too Many Requests"
Sweet Potato,2015,10,2015-10-15,429,False,0,0,0,"<!doctype html><meta charset=""utf-8""><meta name=viewport content=""width=device-width, initial-scale=1""><title>429</title>429 Too Many Requests"
Sweet Potato,2015,11,2015-11-01,429,False,0,0,0,"<!doctype html><meta charset=""utf-8""><meta name=viewport content=""width=device-width, initial-scale=1""><title>429</title>429 Too Many Requests"
Sweet Potato,2015,11,2015-11-08,429,False,0,0,0,"<!doctype html><meta charset=""utf-8""><meta name=viewport content=""width=device-width, initial-scale=1""><title>429</title>429 Too Many Requests"
Sweet Potato,2015,11,2015-11-15,429,False,0,0,0,"<!doctype html><meta charset=""utf-8""><meta name=viewport content=""width=device-width, initial-scale=1""><title>429</title>429 Too Many Requests"
Sweet Potato,2015,12,2015-12-01,429,False,0,0,0,"<!doctype html><meta charset=""utf-8""><meta name=viewport content=""width=device-width, initial-scale=1""><title>429</title>429 Too Many Requests"
Sweet Potato,2015,12,2015-12-08,429,False,0,0,0,"<!doctype html><meta charset=""utf-8""><meta name=viewport content=""width=device-width, initial-scale=1""><title>429</title>429 Too Many Requests"
Sweet Potato,2015,12,2015-12-15,429,False,0,0,0,"<!doctype html><meta charset=""utf-8""><meta name=viewport content=""width=device-width, initial-scale=1""><title>429</title>429 Too Many Requests"
Sweet Potato,2016,1,2016-01-01,429,False,0,0,0,"<!doctype html><meta charset=""utf-8""><meta name=viewport content=""width=device-width, initial-scale=1""><title>429</title>429 Too Many Requests"
Sweet Potato,2016,1,2016-01-08,429,False,0,0,0,"<!doctype html><meta charset=""utf-8""><meta name=viewport content=""width=device-width, initial-scale=1""><title>429</title>429 Too Many Requests"
Sweet Potato,2016,1,2016-01-15,429,False,0,0,0,"<!doctype html><meta charset=""utf-8""><meta name=viewport content=""width=device-width, initial-scale=1""><title>429</title>429 Too Many Requests"
Sweet Potato,2016,2,2016-02-01,429,False,0,0,0,"<!doctype html><meta charset=""utf-8""><meta name=viewport content=""width=device-width, initial-scale=1""><title>429</title>429 Too Many Requests"
Sweet Potato,2016,2,2016-02-08,429,False,0,0,0,"<!doctype html><meta charset=""utf-8""><meta name=viewport content=""width=device-width, initial-scale=1""><title>429</title>429 Too Many Requests"
Sweet Potato,2016,2,2016-02-15,429,False,0,0,0,"<!doctype html><meta charset=""utf-8""><meta name=viewport content=""width=device-width, initial-scale=1""><title>429</title>429 Too Many Requests"
Sweet Potato,2016,3,2016-03-01,429,False,0,0,0,"<!doctype html><meta charset=""utf-8""><meta name=viewport content=""width=device-width, initial-scale=1""><title>429</title>429 Too Many Requests"
Sweet Potato,2016,3,2016-03-08,429,False,0,0,0,"<!doctype html><meta charset=""utf-8""><meta name=viewport content=""width=device-width, initial-scale=1""><title>429</title>429 Too Many Requests"
Sweet Potato,2016,3,2016-03-15,429,False,0,0,0,"<!doctype html><meta charset=""utf-8""><meta name=viewport content=""width=device-width, initial-scale=1""><title>429</title>429 Too Many Requests"
Sweet Potato,2016,4,2016-04-01,429,False,0,0,0,"<!doctype html><meta charset=""utf-8""><meta name=viewport content=""width=device-width, initial-scale=1""><title>429</title>429 Too Many Requests"
Sweet Potato,2016,4,2016-04-08,429,False,0,0,0,"<!doctype html><meta charset=""utf-8""><meta name=viewport content=""width=device-width, initial-scale=1""><title>429</title>429 Too Many Requests"
Sweet Potato,2016,4,2016-04-15,429,False,0,0,0,"<!doctype html><meta charset=""utf-8""><meta name=viewport content=""width=device-width, initial-scale=1""><title>429</title>429 Too Many Requests"
Sweet Potato,2016,5,2016-05-01,429,False,0,0,0,"<!doctype html><meta charset=""utf-8""><meta name=viewport content=""width=device-width, initial-scale=1""><title>429</title>429 Too Many Requests"
Sweet Potato,2016,5,2016-05-08,429,False,0,0,0,"<!doctype html><meta charset=""utf-8""><meta name=viewport content=""width=device-width, initial-scale=1""><title>429</title>429 Too Many Requests"
Sweet Potato,2016,5,2016-05-15,429,False,0,0,0,"<!doctype html><meta charset=""utf-8""><meta name=viewport content=""width=device-width, initial-scale=1""><title>429</title>429 Too Many Requests"
Sweet Potato,2016,6,2016-06-01,429,False,0,0,0,"<!doctype html><meta charset=""utf-8""><meta name=viewport content=""width=device-width, initial-scale=1""><title>429</title>429 Too Many Requests"
Sweet Potato,2016,6,2016-06-08,429,False,0,0,0,"<!doctype html><meta charset=""utf-8""><meta name=viewport content=""width=device-width, initial-scale=1""><title>429</title>429 Too Many Requests"
Sweet Potato,2016,6,2016-06-15,429,False,0,0,0,"<!doctype html><meta charset=""utf-8""><meta name=viewport content=""width=device-width, initial-scale=1""><title>429</title>429 Too Many Requests"
Sweet Potato,2016,7,2016-07-01,429,False,0,0,0,"<!doctype html><meta charset=""utf-8""><meta name=viewport content=""width=device-width, initial-scale=1""><title>429</title>429 Too Many Requests"
Sweet Potato,2016,7,2016-07-08,429,False,0,0,0,"<!doctype html><meta charset=""utf-8""><meta name=viewport content=""width=device-width, initial-scale=1""><title>429</title>429 Too Many Requests"
Sweet Potato,2016,7,2016-07-15,429,False,0,0,0,"<!doctype html><meta charset=""utf-8""><meta name=viewport content=""width=device-width, initial-scale=1""><title>429</title>429 Too Many Requests"
Sweet Potato,2016,8,2016-08-01,429,False,0,0,0,"<!doctype html><meta charset=""utf-8""><meta name=viewport content=""width=device-width, initial-scale=1""><title>429</title>429 Too Many Requests"
Sweet Potato,2016,8,2016-08-08,429,False,0,0,0,"<!doctype html><meta charset=""utf-8""><meta name=viewport content=""width=device-width, initial-scale=1""><title>429</title>429 Too Many Requests"
Sweet Potato,2016,8,2016-08-15,429,False,0,0,0,"<!doctype html><meta charset=""utf-8""><meta name=viewport content=""width=device-width, initial-scale=1""><title>429</title>429 Too Many Requests"
Sweet Potato,2016,9,2016-09-01,429,False,0,0,0,"<!doctype html><meta charset=""utf-8""><meta name=viewport content=""width=device-width, initial-scale=1""><title>429</title>429 Too Many Requests"
Sweet Potato,2016,9,2016-09-08,429,False,0,0,0,"<!doctype html><meta charset=""utf-8""><meta name=viewport content=""width=device-width, initial-scale=1""><title>429</title>429 Too Many Requests"
Sweet Potato,2016,9,2016-09-15,429,False,0,0,0,"<!doctype html><meta charset=""utf-8""><meta name=viewport content=""width=device-width, initial-scale=1""><title>429</title>429 Too Many Requests"
Sweet Potato,2016,10,2016-10-01,429,False,0,0,0,"<!doctype html><meta charset=""utf-8""><meta name=viewport content=""width=device-width, initial-scale=1""><title>429</title>429 Too Many Requests"
Sweet Potato,2016,10,2016-10-08,429,False,0,0,0,"<!doctype html><meta charset=""utf-8""><meta name=viewport content=""width=device-width, initial-scale=1""><title>429</title>429 Too Many Requests"
Sweet Potato,2016,10,2016-10-15,429,False,0,0,0,"<!doctype html><meta charset=""utf-8""><meta name=viewport content=""width=device-width, initial-scale=1""><title>429</title>429 Too Many Requests"
Sweet Potato,2016,11,2016-11-01,429,False,0,0,0,"<!doctype html><meta charset=""utf-8""><meta name=viewport content=""width=device-width, initial-scale=1""><title>429</title>429 Too Many Requests"
Sweet Potato,2016,11,2016-11-08,429,False,0,0,0,"<!doctype html><meta charset=""utf-8""><meta name=viewport content=""width=device-width, initial-scale=1""><title>429</title>429 Too Many Requests"
Sweet Potato,2016,11,2016-11-15,429,False,0,0,0,"<!doctype html><meta charset=""utf-8""><meta name=viewport content=""width=device-width, initial-scale=1""><title>429</title>429 Too Many Requests"
Sweet Potato,2016,12,2016-12-01,429,False,0,0,0,"<!doctype html><meta charset=""utf-8""><meta name=viewport content=""width=device-width, initial-scale=1""><title>429</title>429 Too Many Requests"
Sweet Potato,2016,12,2016-12-08,429,False,0,0,0,"<!doctype html><meta charset=""utf-8""><meta name=viewport content=""width=device-width, initial-scale=1""><title>429</title>429 Too Many Requests"
Sweet Potato,2016,12,2016-12-15,429,False,0,0,0,"<!doctype html><meta charset=""utf-8""><meta name=viewport content=""width=device-width, initial-scale=1""><title>429</title>429 Too Many Requests"
Sweet Potato,2017,1,2017-01-01,429,False,0,0,0,"<!doctype html><meta charset=""utf-8""><meta name=viewport content=""width=device-width, initial-scale=1""><title>429</title>429 Too Many Requests"
Sweet Potato,2017,1,2017-01-08,429,False,0,0,0,"<!doctype html><meta charset=""utf-8""><meta name=viewport content=""width=device-width, initial-scale=1""><title>429</title>429 Too Many Requests"
Sweet Potato,2017,1,2017-01-15,429,False,0,0,0,"<!doctype html><meta charset=""utf-8""><meta name=viewport content=""width=device-width, initial-scale=1""><title>429</title>429 Too Many Requests"
Sweet Potato,2017,2,2017-02-01,429,False,0,0,0,"<!doctype html><meta charset=""utf-8""><meta name=viewport content=""width=device-width, initial-scale=1""><title>429</title>429 Too Many Requests"
Sweet Potato,2017,2,2017-02-08,429,False,0,0,0,"<!doctype html><meta charset=""utf-8""><meta name=viewport content=""width=device-width, initial-scale=1""><title>429</title>429 Too Many Requests"
Sweet Potato,2017,2,2017-02-15,429,False,0,0,0,"<!doctype html><meta charset=""utf-8""><meta name=viewport content=""width=device-width, initial-scale=1""><title>429</title>429 Too Many Requests"
Sweet Potato,2017,3,2017-03-01,429,False,0,0,0,"<!doctype html><meta charset=""utf-8""><meta name=viewport content=""width=device-width, initial-scale=1""><title>429</title>429 Too Many Requests"
Sweet Potato,2017,3,2017-03-08,429,False,0,0,0,"<!doctype html><meta charset=""utf-8""><meta name=viewport content=""width=device-width, initial-scale=1""><title>429</title>429 Too Many Requests"
Sweet Potato,2017,3,2017-03-15,429,False,0,0,0,"<!doctype html><meta charset=""utf-8""><meta name=viewport content=""width=device-width, initial-scale=1""><title>429</title>429 Too Many Requests"
Sweet Potato,2017,4,2017-04-01,429,False,0,0,0,"<!doctype html><meta charset=""utf-8""><meta name=viewport content=""width=device-width, initial-scale=1""><title>429</title>429 Too Many Requests"
Sweet Potato,2017,4,2017-04-08,429,False,0,0,0,"<!doctype html><meta charset=""utf-8""><meta name=viewport content=""width=device-width, initial-scale=1""><title>429</title>429 Too Many Requests"
Sweet Potato,2017,4,2017-04-15,429,False,0,0,0,"<!doctype html><meta charset=""utf-8""><meta name=viewport content=""width=device-width, initial-scale=1""><title>429</title>429 Too Many Requests"
Sweet Potato,2017,5,2017-05-01,429,False,0,0,0,"<!doctype html><meta charset=""utf-8""><meta name=viewport content=""width=device-width, initial-scale=1""><title>429</title>429 Too Many Requests"
Sweet Potato,2017,5,2017-05-08,429,False,0,0,0,"<!doctype html><meta charset=""utf-8""><meta name=viewport content=""width=device-width, initial-scale=1""><title>429</title>429 Too Many Requests"
Sweet Potato,2017,5,2017-05-15,429,False,0,0,0,"<!doctype html><meta charset=""utf-8""><meta name=viewport content=""width=device-width, initial-scale=1""><title>429</title>429 Too Many Requests"
Sweet Potato,2017,6,2017-06-01,429,False,0,0,0,"<!doctype html><meta charset=""utf-8""><meta name=viewport content=""width=device-width, initial-scale=1""><title>429</title>429 Too Many Requests"
Sweet Potato,2017,6,2017-06-08,429,False,0,0,0,"<!doctype html><meta charset=""utf-8""><meta name=viewport content=""width=device-width, initial-scale=1""><title>429</title>429 Too Many Requests"
Sweet Potato,2017,6,2017-06-15,429,False,0,0,0,"<!doctype html><meta charset=""utf-8""><meta name=viewport content=""width=device-width, initial-scale=1""><title>429</title>429 Too Many Requests"
Sweet Potato,2017,7,2017-07-01,429,False,0,0,0,"<!doctype html><meta charset=""utf-8""><meta name=viewport content=""width=device-width, initial-scale=1""><title>429</title>429 Too Many Requests"
Sweet Potato,2017,7,2017-07-08,429,False,0,0,0,"<!doctype html><meta charset=""utf-8""><meta name=viewport content=""width=device-width, initial-scale=1""><title>429</title>429 Too Many Requests"
Sweet Potato,2017,7,2017-07-15,429,False,0,0,0,"<!doctype html><meta charset=""utf-8""><meta name=viewport content=""width=device-width, initial-scale=1""><title>429</title>429 Too Many Requests"
Sweet Potato,2017,8,2017-08-01,429,False,0,0,0,"<!doctype html><meta charset=""utf-8""><meta name=viewport content=""width=device-width, initial-scale=1""><title>429</title>429 Too Many Requests"
Sweet Potato,2017,8,2017-08-08,429,False,0,0,0,"<!doctype html><meta charset=""utf-8""><meta name=viewport content=""width=device-width, initial-scale=1""><title>429</title>429 Too Many Requests"
Sweet Potato,2017,8,2017-08-15,429,False,0,0,0,"<!doctype html><meta charset=""utf-8""><meta name=viewport content=""width=device-width, initial-scale=1""><title>429</title>429 Too Many Requests"
Sweet Potato,2017,9,2017-09-01,429,False,0,0,0,"<!doctype html><meta charset=""utf-8""><meta name=viewport content=""width=device-width, initial-scale=1""><title>429</title>429 Too Many Requests"
Sweet Potato,2017,9,2017-09-08,429,False,0,0,0,"<!doctype html><meta charset=""utf-8""><meta name=viewport content=""width=device-width, initial-scale=1""><title>429</title>429 Too Many Requests"
Sweet Potato,2017,9,2017-09-15,429,False,0,0,0,"<!doctype html><meta charset=""utf-8""><meta name=viewport content=""width=device-width, initial-scale=1""><title>429</title>429 Too Many Requests"
Sweet Potato,2017,10,2017-10-01,429,False,0,0,0,"<!doctype html><meta charset=""utf-8""><meta name=viewport content=""width=device-width, initial-scale=1""><title>429</title>429 Too Many Requests"
Sweet Potato,2017,10,2017-10-08,429,False,0,0,0,"<!doctype html><meta charset=""utf-8""><meta name=viewport content=""width=device-width, initial-scale=1""><title>429</title>429 Too Many Requests"
Sweet Potato,2017,10,2017-10-15,429,False,0,0,0,"<!doctype html><meta charset=""utf-8""><meta name=viewport content=""width=device-width, initial-scale=1""><title>429</title>429 Too Many Requests"
Sweet Potato,2017,11,2017-11-01,429,False,0,0,0,"<!doctype html><meta charset=""utf-8""><meta name=viewport content=""width=device-width, initial-scale=1""><title>429</title>429 Too Many Requests"
Sweet Potato,2017,11,2017-11-08,429,False,0,0,0,"<!doctype html><meta charset=""utf-8""><meta name=viewport content=""width=device-width, initial-scale=1""><title>429</title>429 Too Many Requests"
Sweet Potato,2017,11,2017-11-15,429,False,0,0,0,"<!doctype html><meta charset=""utf-8""><meta name=viewport content=""width=device-width, initial-scale=1""><title>429</title>429 Too Many Requests"
Sweet Potato,2017,12,2017-12-01,429,False,0,0,0,"<!doctype html><meta charset=""utf-8""><meta name=viewport content=""width=device-width, initial-scale=1""><title>429</title>429 Too Many Requests"
Sweet Potato,2017,12,2017-12-08,429,False,0,0,0,"<!doctype html><meta charset=""utf-8""><meta name=viewport content=""width=device-width, initial-scale=1""><title>429</title>429 Too Many Requests"
Sweet Potato,2017,12,2017-12-15,429,False,0,0,0,"<!doctype html><meta charset=""utf-8""><meta name=viewport content=""width=device-width, initial-scale=1""><title>429</title>429 Too Many Requests"
Sweet Potato,2018,1,2018-01-01,429,False,0,0,0,"<!doctype html><meta charset=""utf-8""><meta name=viewport content=""width=device-width, initial-scale=1""><title>429</title>429 Too Many Requests"
Sweet Potato,2018,1,2018-01-08,429,False,0,0,0,"<!doctype html><meta charset=""utf-8""><meta name=viewport content=""width=device-width, initial-scale=1""><title>429</title>429 Too Many Requests"
Sweet Potato,2018,1,2018-01-15,429,False,0,0,0,"<!doctype html><meta charset=""utf-8""><meta name=viewport content=""width=device-width, initial-scale=1""><title>429</title>429 Too Many Requests"
Sweet Potato,2018,2,2018-02-01,429,False,0,0,0,"<!doctype html><meta charset=""utf-8""><meta name=viewport content=""width=device-width, initial-scale=1""><title>429</title>429 Too Many Requests"
Sweet Potato,2018,2,2018-02-08,429,False,0,0,0,"<!doctype html><meta charset=""utf-8""><meta name=viewport content=""width=device-width, initial-scale=1""><title>429</title>429 Too Many Requests"
Sweet Potato,2018,2,2018-02-15,429,False,0,0,0,"<!doctype html><meta charset=""utf-8""><meta name=viewport content=""width=device-width, initial-scale=1""><title>429</title>429 Too Many Requests"
Sweet Potato,2018,4,2018-04-01,429,False,0,0,0,"<!doctype html><meta charset=""utf-8""><meta name=viewport content=""width=device-width, initial-scale=1""><title>429</title>429 Too Many Requests"
Sweet Potato,2018,4,2018-04-08,429,False,0,0,0,"<!doctype html><meta charset=""utf-8""><meta name=viewport content=""width=device-width, initial-scale=1""><title>429</title>429 Too Many Requests"
Sweet Potato,2018,4,2018-04-15,429,False,0,0,0,"<!doctype html><meta charset=""utf-8""><meta name=viewport content=""width=device-width, initial-scale=1""><title>429</title>429 Too Many Requests"
Sweet Potato,2018,3,2018-03-01,429,False,0,0,0,"<!doctype html><meta charset=""utf-8""><meta name=viewport content=""width=device-width, initial-scale=1""><title>429</title>429 Too Many Requests"
Sweet Potato,2018,3,2018-03-08,429,False,0,0,0,"<!doctype html><meta charset=""utf-8""><meta name=viewport content=""width=device-width, initial-scale=1""><title>429</title>429 Too Many Requests"
Sweet Potato,2018,3,2018-03-15,429,False,0,0,0,"<!doctype html><meta charset=""utf-8""><meta name=viewport content=""width=device-width, initial-scale=1""><title>429</title>429 Too Many Requests"
Sweet Potato,2018,5,2018-05-01,429,False,0,0,0,"<!doctype html><meta charset=""utf-8""><meta name=viewport content=""width=device-width, initial-scale=1""><title>429</title>429 Too Many Requests"
Sweet Potato,2018,5,2018-05-08,429,False,0,0,0,"<!doctype html><meta charset=""utf-8""><meta name=viewport content=""width=device-width, initial-scale=1""><title>429</title>429 Too Many Requests"
Sweet Potato,2018,5,2018-05-15,429,False,0,0,0,"<!doctype html><meta charset=""utf-8""><meta name=viewport content=""width=device-width, initial-scale=1""><title>429</title>429 Too Many Requests"
Sweet Potato,2018,6,2018-06-01,429,False,0,0,0,"<!doctype html><meta charset=""utf-8""><meta name=viewport content=""width=device-width, initial-scale=1""><title>429</title>429 Too Many Requests"
Sweet Potato,2018,6,2018-06-08,429,False,0,0,0,"<!doctype html><meta charset=""utf-8""><meta name=viewport content=""width=device-width, initial-scale=1""><title>429</title>429 Too Many Requests"
Sweet Potato,2018,6,2018-06-15,429,False,0,0,0,"<!doctype html><meta charset=""utf-8""><meta name=viewport content=""width=device-width, initial-scale=1""><title>429</title>429 Too Many Requests"
Sweet Potato,2018,7,2018-07-01,429,False,0,0,0,"<!doctype html><meta charset=""utf-8""><meta name=viewport content=""width=device-width, initial-scale=1""><title>429</title>429 Too Many Requests"
Sweet Potato,2018,7,2018-07-08,429,False,0,0,0,"<!doctype html><meta charset=""utf-8""><meta name=viewport content=""width=device-width, initial-scale=1""><title>429</title>429 Too Many Requests"
Sweet Potato,2018,7,2018-07-15,429,False,0,0,0,"<!doctype html><meta charset=""utf-8""><meta name=viewport content=""width=device-width, initial-scale=1""><title>429</title>429 Too Many Requests"
Sweet Potato,2018,9,2018-09-01,429,False,0,0,0,"<!doctype html><meta charset=""utf-8""><meta name=viewport content=""width=device-width, initial-scale=1""><title>429</title>429 Too Many Requests"
Sweet Potato,2018,9,2018-09-08,429,False,0,0,0,"<!doctype html><meta charset=""utf-8""><meta name=viewport content=""width=device-width, initial-scale=1""><title>429</title>429 Too Many Requests"
Sweet Potato,2018,9,2018-09-15,429,False,0,0,0,"<!doctype html><meta charset=""utf-8""><meta name=viewport content=""width=device-width, initial-scale=1""><title>429</title>429 Too Many Requests"
Sweet Potato,2018,8,2018-08-01,429,False,0,0,0,"<!doctype html><meta charset=""utf-8""><meta name=viewport content=""width=device-width, initial-scale=1""><title>429</title>429 Too Many Requests"
Sweet Potato,2018,8,2018-08-08,429,False,0,0,0,"<!doctype html><meta charset=""utf-8""><meta name=viewport content=""width=device-width, initial-scale=1""><title>429</title>429 Too Many Requests"
Sweet Potato,2018,8,2018-08-15,429,False,0,0,0,"<!doctype html><meta charset=""utf-8""><meta name=viewport content=""width=device-width, initial-scale=1""><title>429</title>429 Too Many Requests"
Sweet Potato,2018,10,2018-10-01,429,False,0,0,0,"<!doctype html><meta charset=""utf-8""><meta name=viewport content=""width=device-width, initial-scale=1""><title>429</title>429 Too Many Requests"
Sweet Potato,2018,10,2018-10-08,429,False,0,0,0,"<!doctype html><meta charset=""utf-8""><meta name=viewport content=""width=device-width, initial-scale=1""><title>429</title>429 Too Many Requests"
Sweet Potato,2018,10,2018-10-15,429,False,0,0,0,"<!doctype html><meta charset=""utf-8""><meta name=viewport content=""width=device-width, initial-scale=1""><title>429</title>429 Too Many Requests"
Sweet Potato,2018,11,2018-11-01,429,False,0,0,0,"<!doctype html><meta charset=""utf-8""><meta name=viewport content=""width=device-width, initial-scale=1""><title>429</title>429 Too Many Requests"
Sweet Potato,2018,11,2018-11-08,429,False,0,0,0,"<!doctype html><meta charset=""utf-8""><meta name=viewport content=""width=device-width, initial-scale=1""><title>429</title>429 Too Many Requests"
Sweet Potato,2018,11,2018-11-15,429,False,0,0,0,"<!doctype html><meta charset=""utf-8""><meta name=viewport content=""width=device-width, initial-scale=1""><title>429</title>429 Too Many Requests"
Sweet Potato,2018,12,2018-12-01,429,False,0,0,0,"<!doctype html><meta charset=""utf-8""><meta name=viewport content=""width=device-width, initial-scale=1""><title>429</title>429 Too Many Requests"
Sweet Potato,2018,12,2018-12-08,429,False,0,0,0,"<!doctype html><meta charset=""utf-8""><meta name=viewport content=""width=device-width, initial-scale=1""><title>429</title>429 Too Many Requests"
Sweet Potato,2018,12,2018-12-15,429,False,0,0,0,"<!doctype html><meta charset=""utf-8""><meta name=viewport content=""width=device-width, initial-scale=1""><title>429</title>429 Too Many Requests"
Sweet Potato,2019,1,2019-01-01,429,False,0,0,0,"<!doctype html><meta charset=""utf-8""><meta name=viewport content=""width=device-width, initial-scale=1""><title>429</title>429 Too Many Requests"
Sweet Potato,2019,1,2019-01-08,429,False,0,0,0,"<!doctype html><meta charset=""utf-8""><meta name=viewport content=""width=device-width, initial-scale=1""><title>429</title>429 Too Many Requests"
Sweet Potato,2019,1,2019-01-15,429,False,0,0,0,"<!doctype html><meta charset=""utf-8""><meta name=viewport content=""width=device-width, initial-scale=1""><title>429</title>429 Too Many Requests"
Sweet Potato,2019,2,2019-02-01,429,False,0,0,0,"<!doctype html><meta charset=""utf-8""><meta name=viewport content=""width=device-width, initial-scale=1""><title>429</title>429 Too Many Requests"
Sweet Potato,2019,2,2019-02-08,429,False,0,0,0,"<!doctype html><meta charset=""utf-8""><meta name=viewport content=""width=device-width, initial-scale=1""><title>429</title>429 Too Many Requests"
Sweet Potato,2019,2,2019-02-15,429,False,0,0,0,"<!doctype html><meta charset=""utf-8""><meta name=viewport content=""width=device-width, initial-scale=1""><title>429</title>429 Too Many Requests"
Sweet Potato,2019,3,2019-03-01,429,False,0,0,0,"<!doctype html><meta charset=""utf-8""><meta name=viewport content=""width=device-width, initial-scale=1""><title>429</title>429 Too Many Requests"
Sweet Potato,2019,3,2019-03-08,429,False,0,0,0,"<!doctype html><meta charset=""utf-8""><meta name=viewport content=""width=device-width, initial-scale=1""><title>429</title>429 Too Many Requests"
Sweet Potato,2019,3,2019-03-15,429,False,0,0,0,"<!doctype html><meta charset=""utf-8""><meta name=viewport content=""width=device-width, initial-scale=1""><title>429</title>429 Too Many Requests"
Sweet Potato,2019,4,2019-04-01,429,False,0,0,0,"<!doctype html><meta charset=""utf-8""><meta name=viewport content=""width=device-width, initial-scale=1""><title>429</title>429 Too Many Requests"
Sweet Potato,2019,4,2019-04-08,429,False,0,0,0,"<!doctype html><meta charset=""utf-8""><meta name=viewport content=""width=device-width, initial-scale=1""><title>429</title>429 Too Many Requests"
Sweet Potato,2019,4,2019-04-15,429,False,0,0,0,"<!doctype html><meta charset=""utf-8""><meta name=viewport content=""width=device-width, initial-scale=1""><title>429</title>429 Too Many Requests"
Sweet Potato,2019,5,2019-05-01,429,False,0,0,0,"<!doctype html><meta charset=""utf-8""><meta name=viewport content=""width=device-width, initial-scale=1""><title>429</title>429 Too Many Requests"
Sweet Potato,2019,5,2019-05-08,429,False,0,0,0,"<!doctype html><meta charset=""utf-8""><meta name=viewport content=""width=device-width, initial-scale=1""><title>429</title>429 Too Many Requests"
Sweet Potato,2019,5,2019-05-15,429,False,0,0,0,"<!doctype html><meta charset=""utf-8""><meta name=viewport content=""width=device-width, initial-scale=1""><title>429</title>429 Too Many Requests"
Sweet Potato,2019,7,2019-07-01,429,False,0,0,0,"<!doctype html><meta charset=""utf-8""><meta name=viewport content=""width=device-width, initial-scale=1""><title>429</title>429 Too Many Requests"
Sweet Potato,2019,7,2019-07-08,429,False,0,0,0,"<!doctype html><meta charset=""utf-8""><meta name=viewport content=""width=device-width, initial-scale=1""><title>429</title>429 Too Many Requests"
Sweet Potato,2019,7,2019-07-15,429,False,0,0,0,"<!doctype html><meta charset=""utf-8""><meta name=viewport content=""width=device-width, initial-scale=1""><title>429</title>429 Too Many Requests"
Sweet Potato,2019,6,2019-06-01,429,False,0,0,0,"<!doctype html><meta charset=""utf-8""><meta name=viewport content=""width=device-width, initial-scale=1""><title>429</title>429 Too Many Requests"
Sweet Potato,2019,6,2019-06-08,429,False,0,0,0,"<!doctype html><meta charset=""utf-8""><meta name=viewport content=""width=device-width, initial-scale=1""><title>429</title>429 Too Many Requests"
Sweet Potato,2019,6,2019-06-15,429,False,0,0,0,"<!doctype html><meta charset=""utf-8""><meta name=viewport content=""width=device-width, initial-scale=1""><title>429</title>429 Too Many Requests"
Sweet Potato,2019,8,2019-08-01,429,False,0,0,0,"<!doctype html><meta charset=""utf-8""><meta name=viewport content=""width=device-width, initial-scale=1""><title>429</title>429 Too Many Requests"
Sweet Potato,2019,8,2019-08-08,429,False,0,0,0,"<!doctype html><meta charset=""utf-8""><meta name=viewport content=""width=device-width, initial-scale=1""><title>429</title>429 Too Many Requests"
Sweet Potato,2019,8,2019-08-15,429,False,0,0,0,"<!doctype html><meta charset=""utf-8""><meta name=viewport content=""width=device-width, initial-scale=1""><title>429</title>429 Too Many Requests"
Sweet Potato,2019,9,2019-09-01,429,False,0,0,0,"<!doctype html><meta charset=""utf-8""><meta name=viewport content=""width=device-width, initial-scale=1""><title>429</title>429 Too Many Requests"
Sweet Potato,2019,9,2019-09-08,429,False,0,0,0,"<!doctype html><meta charset=""utf-8""><meta name=viewport content=""width=device-width, initial-scale=1""><title>429</title>429 Too Many Requests"
Sweet Potato,2019,9,2019-09-15,429,False,0,0,0,"<!doctype html><meta charset=""utf-8""><meta name=viewport content=""width=device-width, initial-scale=1""><title>429</title>429 Too Many Requests"
Sweet Potato,2019,10,2019-10-01,429,False,0,0,0,"<!doctype html><meta charset=""utf-8""><meta name=viewport content=""width=device-width, initial-scale=1""><title>429</title>429 Too Many Requests"
Sweet Potato,2019,10,2019-10-08,429,False,0,0,0,"<!doctype html><meta charset=""utf-8""><meta name=viewport content=""width=device-width, initial-scale=1""><title>429</title>429 Too Many Requests"
Sweet Potato,2019,10,2019-10-15,429,False,0,0,0,"<!doctype html><meta charset=""utf-8""><meta name=viewport content=""width=device-width, initial-scale=1""><title>429</title>429 Too Many Requests"
Sweet Potato,2019,11,2019-11-01,429,False,0,0,0,"<!doctype html><meta charset=""utf-8""><meta name=viewport content=""width=device-width, initial-scale=1""><title>429</title>429 Too Many Requests"
Sweet Potato,2019,11,2019-11-08,429,False,0,0,0,"<!doctype html><meta charset=""utf-8""><meta name=viewport content=""width=device-width, initial-scale=1""><title>429</title>429 Too Many Requests"
Sweet Potato,2019,11,2019-11-15,429,False,0,0,0,"<!doctype html><meta charset=""utf-8""><meta name=viewport content=""width=device-width, initial-scale=1""><title>429</title>429 Too Many Requests"
Sweet Potato,2019,12,2019-12-01,429,False,0,0,0,"<!doctype html><meta charset=""utf-8""><meta name=viewport content=""width=device-width, initial-scale=1""><title>429</title>429 Too Many Requests"
Sweet Potato,2019,12,2019-12-08,429,False,0,0,0,"<!doctype html><meta charset=""utf-8""><meta name=viewport content=""width=device-width, initial-scale=1""><title>429</title>429 Too Many Requests"
Sweet Potato,2019,12,2019-12-15,429,False,0,0,0,"<!doctype html><meta charset=""utf-8""><meta name=viewport content=""width=device-width, initial-scale=1""><title>429</title>429 Too Many Requests"
Sweet Potato,2020,1,2020-01-01,429,False,0,0,0,"<!doctype html><meta charset=""utf-8""><meta name=viewport content=""width=device-width, initial-scale=1""><title>429</title>429 Too Many Requests"
Sweet Potato,2020,1,2020-01-08,429,False,0,0,0,"<!doctype html><meta charset=""utf-8""><meta name=viewport content=""width=device-width, initial-scale=1""><title>429</title>429 Too Many Requests"
Sweet Potato,2020,1,2020-01-15,429,False,0,0,0,"<!doctype html><meta charset=""utf-8""><meta name=viewport content=""width=device-width, initial-scale=1""><title>429</title>429 Too Many Requests"
Sweet Potato,2020,2,2020-02-01,429,False,0,0,0,"<!doctype html><meta charset=""utf-8""><meta name=viewport content=""width=device-width, initial-scale=1""><title>429</title>429 Too Many Requests"
Sweet Potato,2020,2,2020-02-08,429,False,0,0,0,"<!doctype html><meta charset=""utf-8""><meta name=viewport content=""width=device-width, initial-scale=1""><title>429</title>429 Too Many Requests"
Sweet Potato,2020,2,2020-02-15,429,False,0,0,0,"<!doctype html><meta charset=""utf-8""><meta name=viewport content=""width=device-width, initial-scale=1""><title>429</title>429 Too Many Requests"
Sweet Potato,2020,3,2020-03-01,429,False,0,0,0,"<!doctype html><meta charset=""utf-8""><meta name=viewport content=""width=device-width, initial-scale=1""><title>429</title>429 Too Many Requests"
Sweet Potato,2020,3,2020-03-08,429,False,0,0,0,"<!doctype html><meta charset=""utf-8""><meta name=viewport content=""width=device-width, initial-scale=1""><title>429</title>429 Too Many Requests"
Sweet Potato,2020,3,2020-03-15,429,False,0,0,0,"<!doctype html><meta charset=""utf-8""><meta name=viewport content=""width=device-width, initial-scale=1""><title>429</title>429 Too Many Requests"
Sweet Potato,2020,4,2020-04-01,429,False,0,0,0,"<!doctype html><meta charset=""utf-8""><meta name=viewport content=""width=device-width, initial-scale=1""><title>429</title>429 Too Many Requests"
Sweet Potato,2020,4,2020-04-08,429,False,0,0,0,"<!doctype html><meta charset=""utf-8""><meta name=viewport content=""width=device-width, initial-scale=1""><title>429</title>429 Too Many Requests"
Sweet Potato,2020,4,2020-04-15,429,False,0,0,0,"<!doctype html><meta charset=""utf-8""><meta name=viewport content=""width=device-width, initial-scale=1""><title>429</title>429 Too Many Requests"
Sweet Potato,2020,5,2020-05-01,429,False,0,0,0,"<!doctype html><meta charset=""utf-8""><meta name=viewport content=""width=device-width, initial-scale=1""><title>429</title>429 Too Many Requests"
Sweet Potato,2020,5,2020-05-08,429,False,0,0,0,"<!doctype html><meta charset=""utf-8""><meta name=viewport content=""width=device-width, initial-scale=1""><title>429</title>429 Too Many Requests"
Sweet Potato,2020,5,2020-05-15,429,False,0,0,0,"<!doctype html><meta charset=""utf-8""><meta name=viewport content=""width=device-width, initial-scale=1""><title>429</title>429 Too Many Requests"
Sweet Potato,2020,6,2020-06-01,429,False,0,0,0,"<!doctype html><meta charset=""utf-8""><meta name=viewport content=""width=device-width, initial-scale=1""><title>429</title>429 Too Many Requests"
Sweet Potato,2020,6,2020-06-08,429,False,0,0,0,"<!doctype html><meta charset=""utf-8""><meta name=viewport content=""width=device-width, initial-scale=1""><title>429</title>429 Too Many Requests"
Sweet Potato,2020,6,2020-06-15,429,False,0,0,0,"<!doctype html><meta charset=""utf-8""><meta name=viewport content=""width=device-width, initial-scale=1""><title>429</title>429 Too Many Requests"
Sweet Potato,2020,7,2020-07-01,429,False,0,0,0,"<!doctype html><meta charset=""utf-8""><meta name=viewport content=""width=device-width, initial-scale=1""><title>429</title>429 Too Many Requests"
Sweet Potato,2020,7,2020-07-08,429,False,0,0,0,"<!doctype html><meta charset=""utf-8""><meta name=viewport content=""width=device-width, initial-scale=1""><title>429</title>429 Too Many Requests"
Sweet Potato,2020,7,2020-07-15,429,False,0,0,0,"<!doctype html><meta charset=""utf-8""><meta name=viewport content=""width=device-width, initial-scale=1""><title>429</title>429 Too Many Requests"
Sweet Potato,2020,8,2020-08-01,429,False,0,0,0,"<!doctype html><meta charset=""utf-8""><meta name=viewport content=""width=device-width, initial-scale=1""><title>429</title>429 Too Many Requests"
Sweet Potato,2020,8,2020-08-08,429,False,0,0,0,"<!doctype html><meta charset=""utf-8""><meta name=viewport content=""width=device-width, initial-scale=1""><title>429</title>429 Too Many Requests"
Sweet Potato,2020,8,2020-08-15,429,False,0,0,0,"<!doctype html><meta charset=""utf-8""><meta name=viewport content=""width=device-width, initial-scale=1""><title>429</title>429 Too Many Requests"
Sweet Potato,2020,9,2020-09-01,429,False,0,0,0,"<!doctype html><meta charset=""utf-8""><meta name=viewport content=""width=device-width, initial-scale=1""><title>429</title>429 Too Many Requests"
Sweet Potato,2020,9,2020-09-08,429,False,0,0,0,"<!doctype html><meta charset=""utf-8""><meta name=viewport content=""width=device-width, initial-scale=1""><title>429</title>429 Too Many Requests"
Sweet Potato,2020,9,2020-09-15,429,False,0,0,0,"<!doctype html><meta charset=""utf-8""><meta name=viewport content=""width=device-width, initial-scale=1""><title>429</title>429 Too Many Requests"
Sweet Potato,2020,10,2020-10-01,429,False,0,0,0,"<!doctype html><meta charset=""utf-8""><meta name=viewport content=""width=device-width, initial-scale=1""><title>429</title>429 Too Many Requests"
Sweet Potato,2020,10,2020-10-08,429,False,0,0,0,"<!doctype html><meta charset=""utf-8""><meta name=viewport content=""width=device-width, initial-scale=1""><title>429</title>429 Too Many Requests"
Sweet Potato,2020,10,2020-10-15,429,False,0,0,0,"<!doctype html><meta charset=""utf-8""><meta name=viewport content=""width=device-width, initial-scale=1""><title>429</title>429 Too Many Requests"
Sweet Potato,2020,11,2020-11-01,429,False,0,0,0,"<!doctype html><meta charset=""utf-8""><meta name=viewport content=""width=device-width, initial-scale=1""><title>429</title>429 Too Many Requests"
Sweet Potato,2020,11,2020-11-08,429,False,0,0,0,"<!doctype html><meta charset=""utf-8""><meta name=viewport content=""width=device-width, initial-scale=1""><title>429</title>429 Too Many Requests"
Sweet Potato,2020,11,2020-11-15,429,False,0,0,0,"<!doctype html><meta charset=""utf-8""><meta name=viewport content=""width=device-width, initial-scale=1""><title>429</title>429 Too Many Requests"
Sweet Potato,2020,12,2020-12-01,429,False,0,0,0,"<!doctype html><meta charset=""utf-8""><meta name=viewport content=""width=device-width, initial-scale=1""><title>429</title>429 Too Many Requests"
Sweet Potato,2020,12,2020-12-08,429,False,0,0,0,"<!doctype html><meta charset=""utf-8""><meta name=viewport content=""width=device-width, initial-scale=1""><title>429</title>429 Too Many Requests"
Sweet Potato,2020,12,2020-12-15,429,False,0,0,0,"<!doctype html><meta charset=""utf-8""><meta name=viewport content=""width=device-width, initial-scale=1""><title>429</title>429 Too Many Requests"
Sweet Potato,2021,1,2021-01-01,429,False,0,0,0,"<!doctype html><meta charset=""utf-8""><meta name=viewport content=""width=device-width, initial-scale=1""><title>429</title>429 Too Many Requests"
Sweet Potato,2021,1,2021-01-08,429,False,0,0,0,"<!doctype html><meta charset=""utf-8""><meta name=viewport content=""width=device-width, initial-scale=1""><title>429</title>429 Too Many Requests"
Sweet Potato,2021,1,2021-01-15,429,False,0,0,0,"<!doctype html><meta charset=""utf-8""><meta name=viewport content=""width=device-width, initial-scale=1""><title>429</title>429 Too Many Requests"
Sweet Potato,2021,2,2021-02-01,429,False,0,0,0,"<!doctype html><meta charset=""utf-8""><meta name=viewport content=""width=device-width, initial-scale=1""><title>429</title>429 Too Many Requests"
Sweet Potato,2021,2,2021-02-08,429,False,0,0,0,"<!doctype html><meta charset=""utf-8""><meta name=viewport content=""width=device-width, initial-scale=1""><title>429</title>429 Too Many Requests"
Sweet Potato,2021,2,2021-02-15,429,False,0,0,0,"<!doctype html><meta charset=""utf-8""><meta name=viewport content=""width=device-width, initial-scale=1""><title>429</title>429 Too Many Requests"
Sweet Potato,2021,3,2021-03-01,429,False,0,0,0,"<!doctype html><meta charset=""utf-8""><meta name=viewport content=""width=device-width, initial-scale=1""><title>429</title>429 Too Many Requests"
Sweet Potato,2021,3,2021-03-08,429,False,0,0,0,"<!doctype html><meta charset=""utf-8""><meta name=viewport content=""width=device-width, initial-scale=1""><title>429</title>429 Too Many Requests"
Sweet Potato,2021,3,2021-03-15,429,False,0,0,0,"<!doctype html><meta charset=""utf-8""><meta name=viewport content=""width=device-width, initial-scale=1""><title>429</title>429 Too Many Requests"
Sweet Potato,2021,4,2021-04-01,429,False,0,0,0,"<!doctype html><meta charset=""utf-8""><meta name=viewport content=""width=device-width, initial-scale=1""><title>429</title>429 Too Many Requests"
Sweet Potato,2021,4,2021-04-08,429,False,0,0,0,"<!doctype html><meta charset=""utf-8""><meta name=viewport content=""width=device-width, initial-scale=1""><title>429</title>429 Too Many Requests"
Sweet Potato,2021,4,2021-04-15,429,False,0,0,0,"<!doctype html><meta charset=""utf-8""><meta name=viewport content=""width=device-width, initial-scale=1""><title>429</title>429 Too Many Requests"
Sweet Potato,2021,5,2021-05-01,429,False,0,0,0,"<!doctype html><meta charset=""utf-8""><meta name=viewport content=""width=device-width, initial-scale=1""><title>429</title>429 Too Many Requests"
Sweet Potato,2021,5,2021-05-08,429,False,0,0,0,"<!doctype html><meta charset=""utf-8""><meta name=viewport content=""width=device-width, initial-scale=1""><title>429</title>429 Too Many Requests"
Sweet Potato,2021,5,2021-05-15,429,False,0,0,0,"<!doctype html><meta charset=""utf-8""><meta name=viewport content=""width=device-width, initial-scale=1""><title>429</title>429 Too Many Requests"
Sweet Potato,2021,6,2021-06-01,429,False,0,0,0,"<!doctype html><meta charset=""utf-8""><meta name=viewport content=""width=device-width, initial-scale=1""><title>429</title>429 Too Many Requests"
Sweet Potato,2021,6,2021-06-08,429,False,0,0,0,"<!doctype html><meta charset=""utf-8""><meta name=viewport content=""width=device-width, initial-scale=1""><title>429</title>429 Too Many Requests"
Sweet Potato,2021,6,2021-06-15,429,False,0,0,0,"<!doctype html><meta charset=""utf-8""><meta name=viewport content=""width=device-width, initial-scale=1""><title>429</title>429 Too Many Requests"
Sweet Potato,2021,7,2021-07-01,429,False,0,0,0,"<!doctype html><meta charset=""utf-8""><meta name=viewport content=""width=device-width, initial-scale=1""><title>429</title>429 Too Many Requests"
Sweet Potato,2021,7,2021-07-08,429,False,0,0,0,"<!doctype html><meta charset=""utf-8""><meta name=viewport content=""width=device-width, initial-scale=1""><title>429</title>429 Too Many Requests"
Sweet Potato,2021,7,2021-07-15,429,False,0,0,0,"<!doctype html><meta charset=""utf-8""><meta name=viewport content=""width=device-width, initial-scale=1""><title>429</title>429 Too Many Requests"
Sweet Potato,2021,8,2021-08-01,429,False,0,0,0,"<!doctype html><meta charset=""utf-8""><meta name=viewport content=""width=device-width, initial-scale=1""><title>429</title>429 Too Many Requests"
Sweet Potato,2021,8,2021-08-08,429,False,0,0,0,"<!doctype html><meta charset=""utf-8""><meta name=viewport content=""width=device-width, initial-scale=1""><title>429</title>429 Too Many Requests"
Sweet Potato,2021,8,2021-08-15,429,False,0,0,0,"<!doctype html><meta charset=""utf-8""><meta name=viewport content=""width=device-width, initial-scale=1""><title>429</title>429 Too Many Requests"
Sweet Potato,2021,9,2021-09-01,429,False,0,0,0,"<!doctype html><meta charset=""utf-8""><meta name=viewport content=""width=device-width, initial-scale=1""><title>429</title>429 Too Many Requests"
Sweet Potato,2021,9,2021-09-08,429,False,0,0,0,"<!doctype html><meta charset=""utf-8""><meta name=viewport content=""width=device-width, initial-scale=1""><title>429</title>429 Too Many Requests"
Sweet Potato,2021,9,2021-09-15,429,False,0,0,0,"<!doctype html><meta charset=""utf-8""><meta name=viewport content=""width=device-width, initial-scale=1""><title>429</title>429 Too Many Requests"
Sweet Potato,2021,10,2021-10-01,429,False,0,0,0,"<!doctype html><meta charset=""utf-8""><meta name=viewport content=""width=device-width, initial-scale=1""><title>429</title>429 Too Many Requests"
Sweet Potato,2021,10,2021-10-08,429,False,0,0,0,"<!doctype html><meta charset=""utf-8""><meta name=viewport content=""width=device-width, initial-scale=1""><title>429</title>429 Too Many Requests"
Sweet Potato,2021,10,2021-10-15,429,False,0,0,0,"<!doctype html><meta charset=""utf-8""><meta name=viewport content=""width=device-width, initial-scale=1""><title>429</title>429 Too Many Requests"
Sweet Potato,2021,11,2021-11-01,429,False,0,0,0,"<!doctype html><meta charset=""utf-8""><meta name=viewport content=""width=device-width, initial-scale=1""><title>429</title>429 Too Many Requests"
Sweet Potato,2021,11,2021-11-08,429,False,0,0,0,"<!doctype html><meta charset=""utf-8""><meta name=viewport content=""width=device-width, initial-scale=1""><title>429</title>429 Too Many Requests"
Sweet Potato,2021,11,2021-11-15,429,False,0,0,0,"<!doctype html><meta charset=""utf-8""><meta name=viewport content=""width=device-width, initial-scale=1""><title>429</title>429 Too Many Requests"
Sweet Potato,2021,12,2021-12-01,429,False,0,0,0,"<!doctype html><meta charset=""utf-8""><meta name=viewport content=""width=device-width, initial-scale=1""><title>429</title>429 Too Many Requests"
Sweet Potato,2021,12,2021-12-08,429,False,0,0,0,"<!doctype html><meta charset=""utf-8""><meta name=viewport content=""width=device-width, initial-scale=1""><title>429</title>429 Too Many Requests"
Sweet Potato,2021,12,2021-12-15,429,False,0,0,0,"<!doctype html><meta charset=""utf-8""><meta name=viewport content=""width=device-width, initial-scale=1""><title>429</title>429 Too Many Requests"
Sweet Potato,2022,1,2022-01-01,429,False,0,0,0,"<!doctype html><meta charset=""utf-8""><meta name=viewport content=""width=device-width, initial-scale=1""><title>429</title>429 Too Many Requests"
Sweet Potato,2022,1,2022-01-08,429,False,0,0,0,"<!doctype html><meta charset=""utf-8""><meta name=viewport content=""width=device-width, initial-scale=1""><title>429</title>429 Too Many Requests"
Sweet Potato,2022,1,2022-01-15,429,False,0,0,0,"<!doctype html><meta charset=""utf-8""><meta name=viewport content=""width=device-width, initial-scale=1""><title>429</title>429 Too Many Requests"
Sweet Potato,2022,2,2022-02-01,429,False,0,0,0,"<!doctype html><meta charset=""utf-8""><meta name=viewport content=""width=device-width, initial-scale=1""><title>429</title>429 Too Many Requests"
Sweet Potato,2022,2,2022-02-08,429,False,0,0,0,"<!doctype html><meta charset=""utf-8""><meta name=viewport content=""width=device-width, initial-scale=1""><title>429</title>429 Too Many Requests"
Sweet Potato,2022,2,2022-02-15,429,False,0,0,0,"<!doctype html><meta charset=""utf-8""><meta name=viewport content=""width=device-width, initial-scale=1""><title>429</title>429 Too Many Requests"
Sweet Potato,2022,3,2022-03-01,429,False,0,0,0,"<!doctype html><meta charset=""utf-8""><meta name=viewport content=""width=device-width, initial-scale=1""><title>429</title>429 Too Many Requests"
Sweet Potato,2022,3,2022-03-08,429,False,0,0,0,"<!doctype html><meta charset=""utf-8""><meta name=viewport content=""width=device-width, initial-scale=1""><title>429</title>429 Too Many Requests"
Sweet Potato,2022,3,2022-03-15,429,False,0,0,0,"<!doctype html><meta charset=""utf-8""><meta name=viewport content=""width=device-width, initial-scale=1""><title>429</title>429 Too Many Requests"
Sweet Potato,2022,4,2022-04-01,429,False,0,0,0,"<!doctype html><meta charset=""utf-8""><meta name=viewport content=""width=device-width, initial-scale=1""><title>429</title>429 Too Many Requests"
Sweet Potato,2022,4,2022-04-08,429,False,0,0,0,"<!doctype html><meta charset=""utf-8""><meta name=viewport content=""width=device-width, initial-scale=1""><title>429</title>429 Too Many Requests"
Sweet Potato,2022,4,2022-04-15,429,False,0,0,0,"<!doctype html><meta charset=""utf-8""><meta name=viewport content=""width=device-width, initial-scale=1""><title>429</title>429 Too Many Requests"
Sweet Potato,2022,5,2022-05-01,429,False,0,0,0,"<!doctype html><meta charset=""utf-8""><meta name=viewport content=""width=device-width, initial-scale=1""><title>429</title>429 Too Many Requests"
Sweet Potato,2022,5,2022-05-08,429,False,0,0,0,"<!doctype html><meta charset=""utf-8""><meta name=viewport content=""width=device-width, initial-scale=1""><title>429</title>429 Too Many Requests"
Sweet Potato,2022,5,2022-05-15,429,False,0,0,0,"<!doctype html><meta charset=""utf-8""><meta name=viewport content=""width=device-width, initial-scale=1""><title>429</title>429 Too Many Requests"
Sweet Potato,2022,6,2022-06-01,429,False,0,0,0,"<!doctype html><meta charset=""utf-8""><meta name=viewport content=""width=device-width, initial-scale=1""><title>429</title>429 Too Many Requests"
Sweet Potato,2022,6,2022-06-08,429,False,0,0,0,"<!doctype html><meta charset=""utf-8""><meta name=viewport content=""width=device-width, initial-scale=1""><title>429</title>429 Too Many Requests"
Sweet Potato,2022,6,2022-06-15,429,False,0,0,0,"<!doctype html><meta charset=""utf-8""><meta name=viewport content=""width=device-width, initial-scale=1""><title>429</title>429 Too Many Requests"
Sweet Potato,2022,7,2022-07-01,429,False,0,0,0,"<!doctype html><meta charset=""utf-8""><meta name=viewport content=""width=device-width, initial-scale=1""><title>429</title>429 Too Many Requests"
Sweet Potato,2022,7,2022-07-08,429,False,0,0,0,"<!doctype html><meta charset=""utf-8""><meta name=viewport content=""width=device-width, initial-scale=1""><title>429</title>429 Too Many Requests"
Sweet Potato,2022,7,2022-07-15,429,False,0,0,0,"<!doctype html><meta charset=""utf-8""><meta name=viewport content=""width=device-width, initial-scale=1""><title>429</title>429 Too Many Requests"
Sweet Potato,2022,8,2022-08-01,429,False,0,0,0,"<!doctype html><meta charset=""utf-8""><meta name=viewport content=""width=device-width, initial-scale=1""><title>429</title>429 Too Many Requests"
Sweet Potato,2022,8,2022-08-08,429,False,0,0,0,"<!doctype html><meta charset=""utf-8""><meta name=viewport content=""width=device-width, initial-scale=1""><title>429</title>429 Too Many Requests"
Sweet Potato,2022,8,2022-08-15,429,False,0,0,0,"<!doctype html><meta charset=""utf-8""><meta name=viewport content=""width=device-width, initial-scale=1""><title>429</title>429 Too Many Requests"
Sweet Potato,2022,9,2022-09-01,429,False,0,0,0,"<!doctype html><meta charset=""utf-8""><meta name=viewport content=""width=device-width, initial-scale=1""><title>429</title>429 Too Many Requests"
Sweet Potato,2022,9,2022-09-08,429,False,0,0,0,"<!doctype html><meta charset=""utf-8""><meta name=viewport content=""width=device-width, initial-scale=1""><title>429</title>429 Too Many Requests"
Sweet Potato,2022,9,2022-09-15,429,False,0,0,0,"<!doctype html><meta charset=""utf-8""><meta name=viewport content=""width=device-width, initial-scale=1""><title>429</title>429 Too Many Requests"
Sweet Potato,2022,10,2022-10-01,429,False,0,0,0,"<!doctype html><meta charset=""utf-8""><meta name=viewport content=""width=device-width, initial-scale=1""><title>429</title>429 Too Many Requests"
Sweet Potato,2022,10,2022-10-08,429,False,0,0,0,"<!doctype html><meta charset=""utf-8""><meta name=viewport content=""width=device-width, initial-scale=1""><title>429</title>429 Too Many Requests"
Sweet Potato,2022,10,2022-10-15,429,False,0,0,0,"<!doctype html><meta charset=""utf-8""><meta name=viewport content=""width=device-width, initial-scale=1""><title>429</title>429 Too Many Requests"
Sweet Potato,2022,11,2022-11-01,429,False,0,0,0,"<!doctype html><meta charset=""utf-8""><meta name=viewport content=""width=device-width, initial-scale=1""><title>429</title>429 Too Many Requests"
Sweet Potato,2022,11,2022-11-08,429,False,0,0,0,"<!doctype html><meta charset=""utf-8""><meta name=viewport content=""width=device-width, initial-scale=1""><title>429</title>429 Too Many Requests"
Sweet Potato,2022,11,2022-11-15,429,False,0,0,0,"<!doctype html><meta charset=""utf-8""><meta name=viewport content=""width=device-width, initial-scale=1""><title>429</title>429 Too Many Requests"
Sweet Potato,2022,12,2022-12-01,429,False,0,0,0,"<!doctype html><meta charset=""utf-8""><meta name=viewport content=""width=device-width, initial-scale=1""><title>429</title>429 Too Many Requests"
Sweet Potato,2022,12,2022-12-08,429,False,0,0,0,"<!doctype html><meta charset=""utf-8""><meta name=viewport content=""width=device-width, initial-scale=1""><title>429</title>429 Too Many Requests"
Sweet Potato,2022,12,2022-12-15,429,False,0,0,0,"<!doctype html><meta charset=""utf-8""><meta name=viewport content=""width=device-width, initial-scale=1""><title>429</title>429 Too Many Requests"
Sweet Potato,2023,1,2023-01-01,429,False,0,0,0,"<!doctype html><meta charset=""utf-8""><meta name=viewport content=""width=device-width, initial-scale=1""><title>429</title>429 Too Many Requests"
Sweet Potato,2023,1,2023-01-08,429,False,0,0,0,"<!doctype html><meta charset=""utf-8""><meta name=viewport content=""width=device-width, initial-scale=1""><title>429</title>429 Too Many Requests"
Sweet Potato,2023,1,2023-01-15,429,False,0,0,0,"<!doctype html><meta charset=""utf-8""><meta name=viewport content=""width=device-width, initial-scale=1""><title>429</title>429 Too Many Requests"
Sweet Potato,2023,2,2023-02-01,429,False,0,0,0,"<!doctype html><meta charset=""utf-8""><meta name=viewport content=""width=device-width, initial-scale=1""><title>429</title>429 Too Many Requests"
Sweet Potato,2023,2,2023-02-08,429,False,0,0,0,"<!doctype html><meta charset=""utf-8""><meta name=viewport content=""width=device-width, initial-scale=1""><title>429</title>429 Too Many Requests"
Sweet Potato,2023,2,2023-02-15,429,False,0,0,0,"<!doctype html><meta charset=""utf-8""><meta name=viewport content=""width=device-width, initial-scale=1""><title>429</title>429 Too Many Requests"
Sweet Potato,2023,3,2023-03-01,429,False,0,0,0,"<!doctype html><meta charset=""utf-8""><meta name=viewport content=""width=device-width, initial-scale=1""><title>429</title>429 Too Many Requests"
Sweet Potato,2023,3,2023-03-08,429,False,0,0,0,"<!doctype html><meta charset=""utf-8""><meta name=viewport content=""width=device-width, initial-scale=1""><title>429</title>429 Too Many Requests"
Sweet Potato,2023,3,2023-03-15,429,False,0,0,0,"<!doctype html><meta charset=""utf-8""><meta name=viewport content=""width=device-width, initial-scale=1""><title>429</title>429 Too Many Requests"
Sweet Potato,2023,4,2023-04-01,429,False,0,0,0,"<!doctype html><meta charset=""utf-8""><meta name=viewport content=""width=device-width, initial-scale=1""><title>429</title>429 Too Many Requests"
Sweet Potato,2023,4,2023-04-08,429,False,0,0,0,"<!doctype html><meta charset=""utf-8""><meta name=viewport content=""width=device-width, initial-scale=1""><title>429</title>429 Too Many Requests"
Sweet Potato,2023,4,2023-04-15,429,False,0,0,0,"<!doctype html><meta charset=""utf-8""><meta name=viewport content=""width=device-width, initial-scale=1""><title>429</title>429 Too Many Requests"
Sweet Potato,2023,5,2023-05-01,429,False,0,0,0,"<!doctype html><meta charset=""utf-8""><meta name=viewport content=""width=device-width, initial-scale=1""><title>429</title>429 Too Many Requests"
Sweet Potato,2023,5,2023-05-08,429,False,0,0,0,"<!doctype html><meta charset=""utf-8""><meta name=viewport content=""width=device-width, initial-scale=1""><title>429</title>429 Too Many Requests"
Sweet Potato,2023,5,2023-05-15,429,False,0,0,0,"<!doctype html><meta charset=""utf-8""><meta name=viewport content=""width=device-width, initial-scale=1""><title>429</title>429 Too Many Requests"
Sweet Potato,2023,6,2023-06-01,429,False,0,0,0,"<!doctype html><meta charset=""utf-8""><meta name=viewport content=""width=device-width, initial-scale=1""><title>429</title>429 Too Many Requests"
Sweet Potato,2023,6,2023-06-08,429,False,0,0,0,"<!doctype html><meta charset=""utf-8""><meta name=viewport content=""width=device-width, initial-scale=1""><title>429</title>429 Too Many Requests"
Sweet Potato,2023,6,2023-06-15,429,False,0,0,0,"<!doctype html><meta charset=""utf-8""><meta name=viewport content=""width=device-width, initial-scale=1""><title>429</title>429 Too Many Requests"
Sweet Potato,2023,7,2023-07-01,429,False,0,0,0,"<!doctype html><meta charset=""utf-8""><meta name=viewport content=""width=device-width, initial-scale=1""><title>429</title>429 Too Many Requests"
Sweet Potato,2023,7,2023-07-08,429,False,0,0,0,"<!doctype html><meta charset=""utf-8""><meta name=viewport content=""width=device-width, initial-scale=1""><title>429</title>429 Too Many Requests"
Sweet Potato,2023,7,2023-07-15,429,False,0,0,0,"<!doctype html><meta charset=""utf-8""><meta name=viewport content=""width=device-width, initial-scale=1""><title>429</title>429 Too Many Requests"
Sweet Potato,2023,8,2023-08-01,429,False,0,0,0,"<!doctype html><meta charset=""utf-8""><meta name=viewport content=""width=device-width, initial-scale=1""><title>429</title>429 Too Many Requests"
Sweet Potato,2023,8,2023-08-08,429,False,0,0,0,"<!doctype html><meta charset=""utf-8""><meta name=viewport content=""width=device-width, initial-scale=1""><title>429</title>429 Too Many Requests"
Sweet Potato,2023,8,2023-08-15,429,False,0,0,0,"<!doctype html><meta charset=""utf-8""><meta name=viewport content=""width=device-width, initial-scale=1""><title>429</title>429 Too Many Requests"
Sweet Potato,2023,9,2023-09-01,429,False,0,0,0,"<!doctype html><meta charset=""utf-8""><meta name=viewport content=""width=device-width, initial-scale=1""><title>429</title>429 Too Many Requests"
Sweet Potato,2023,9,2023-09-08,429,False,0,0,0,"<!doctype html><meta charset=""utf-8""><meta name=viewport content=""width=device-width, initial-scale=1""><title>429</title>429 Too Many Requests"
Sweet Potato,2023,9,2023-09-15,429,False,0,0,0,"<!doctype html><meta charset=""utf-8""><meta name=viewport content=""width=device-width, initial-scale=1""><title>429</title>429 Too Many Requests"
Sweet Potato,2023,10,2023-10-01,429,False,0,0,0,"<!doctype html><meta charset=""utf-8""><meta name=viewport content=""width=device-width, initial-scale=1""><title>429</title>429 Too Many Requests"
Sweet Potato,2023,10,2023-10-08,429,False,0,0,0,"<!doctype html><meta charset=""utf-8""><meta name=viewport content=""width=device-width, initial-scale=1""><title>429</title>429 Too Many Requests"
Sweet Potato,2023,10,2023-10-15,429,False,0,0,0,"<!doctype html><meta charset=""utf-8""><meta name=viewport content=""width=device-width, initial-scale=1""><title>429</title>429 Too Many Requests"
Sweet Potato,2023,11,2023-11-01,429,False,0,0,0,"<!doctype html><meta charset=""utf-8""><meta name=viewport content=""width=device-width, initial-scale=1""><title>429</title>429 Too Many Requests"
Sweet Potato,2023,11,2023-11-08,429,False,0,0,0,"<!doctype html><meta charset=""utf-8""><meta name=viewport content=""width=device-width, initial-scale=1""><title>429</title>429 Too Many Requests"
Sweet Potato,2023,11,2023-11-15,429,False,0,0,0,"<!doctype html><meta charset=""utf-8""><meta name=viewport content=""width=device-width, initial-scale=1""><title>429</title>429 Too Many Requests"
Sweet Potato,2023,12,2023-12-01,429,False,0,0,0,"<!doctype html><meta charset=""utf-8""><meta name=viewport content=""width=device-width, initial-scale=1""><title>429</title>429 Too Many Requests"
Sweet Potato,2023,12,2023-12-08,429,False,0,0,0,"<!doctype html><meta charset=""utf-8""><meta name=viewport content=""width=device-width, initial-scale=1""><title>429</title>429 Too Many Requests"
Sweet Potato,2023,12,2023-12-15,429,False,0,0,0,"<!doctype html><meta charset=""utf-8""><meta name=viewport content=""width=device-width, initial-scale=1""><title>429</title>429 Too Many Requests"
Sweet Potato,2024,1,2024-01-01,429,False,0,0,0,"<!doctype html><meta charset=""utf-8""><meta name=viewport content=""width=device-width, initial-scale=1""><title>429</title>429 Too Many Requests"
Sweet Potato,2024,1,2024-01-08,429,False,0,0,0,"<!doctype html><meta charset=""utf-8""><meta name=viewport content=""width=device-width, initial-scale=1""><title>429</title>429 Too Many Requests"
Sweet Potato,2024,1,2024-01-15,429,False,0,0,0,"<!doctype html><meta charset=""utf-8""><meta name=viewport content=""width=device-width, initial-scale=1""><title>429</title>429 Too Many Requests"
Sweet Potato,2024,2,2024-02-01,429,False,0,0,0,"<!doctype html><meta charset=""utf-8""><meta name=viewport content=""width=device-width, initial-scale=1""><title>429</title>429 Too Many Requests"
Sweet Potato,2024,2,2024-02-08,429,False,0,0,0,"<!doctype html><meta charset=""utf-8""><meta name=viewport content=""width=device-width, initial-scale=1""><title>429</title>429 Too Many Requests"
Sweet Potato,2024,2,2024-02-15,429,False,0,0,0,"<!doctype html><meta charset=""utf-8""><meta name=viewport content=""width=device-width, initial-scale=1""><title>429</title>429 Too Many Requests"
Sweet Potato,2024,3,2024-03-01,429,False,0,0,0,"<!doctype html><meta charset=""utf-8""><meta name=viewport content=""width=device-width, initial-scale=1""><title>429</title>429 Too Many Requests"
Sweet Potato,2024,3,2024-03-08,429,False,0,0,0,"<!doctype html><meta charset=""utf-8""><meta name=viewport content=""width=device-width, initial-scale=1""><title>429</title>429 Too Many Requests"
Sweet Potato,2024,3,2024-03-15,429,False,0,0,0,"<!doctype html><meta charset=""utf-8""><meta name=viewport content=""width=device-width, initial-scale=1""><title>429</title>429 Too Many Requests"
Sweet Potato,2024,4,2024-04-01,429,False,0,0,0,"<!doctype html><meta charset=""utf-8""><meta name=viewport content=""width=device-width, initial-scale=1""><title>429</title>429 Too Many Requests"
Sweet Potato,2024,4,2024-04-08,429,False,0,0,0,"<!doctype html><meta charset=""utf-8""><meta name=viewport content=""width=device-width, initial-scale=1""><title>429</title>429 Too Many Requests"
Sweet Potato,2024,4,2024-04-15,429,False,0,0,0,"<!doctype html><meta charset=""utf-8""><meta name=viewport content=""width=device-width, initial-scale=1""><title>429</title>429 Too Many Requests"
Sweet Potato,2024,5,2024-05-01,429,False,0,0,0,"<!doctype html><meta charset=""utf-8""><meta name=viewport content=""width=device-width, initial-scale=1""><title>429</title>429 Too Many Requests"
Sweet Potato,2024,5,2024-05-08,429,False,0,0,0,"<!doctype html><meta charset=""utf-8""><meta name=viewport content=""width=device-width, initial-scale=1""><title>429</title>429 Too Many Requests"
Sweet Potato,2024,5,2024-05-15,429,False,0,0,0,"<!doctype html><meta charset=""utf-8""><meta name=viewport content=""width=device-width, initial-scale=1""><title>429</title>429 Too Many Requests"
Sweet Potato,2024,6,2024-06-01,429,False,0,0,0,"<!doctype html><meta charset=""utf-8""><meta name=viewport content=""width=device-width, initial-scale=1""><title>429</title>429 Too Many Requests"
Sweet Potato,2024,6,2024-06-08,429,False,0,0,0,"<!doctype html><meta charset=""utf-8""><meta name=viewport content=""width=device-width, initial-scale=1""><title>429</title>429 Too Many Requests"
Sweet Potato,2024,6,2024-06-15,429,False,0,0,0,"<!doctype html><meta charset=""utf-8""><meta name=viewport content=""width=device-width, initial-scale=1""><title>429</title>429 Too Many Requests"
Sweet Potato,2024,7,2024-07-01,429,False,0,0,0,"<!doctype html><meta charset=""utf-8""><meta name=viewport content=""width=device-width, initial-scale=1""><title>429</title>429 Too Many Requests"
Sweet Potato,2024,7,2024-07-08,429,False,0,0,0,"<!doctype html><meta charset=""utf-8""><meta name=viewport content=""width=device-width, initial-scale=1""><title>429</title>429 Too Many Requests"
Sweet Potato,2024,7,2024-07-15,429,False,0,0,0,"<!doctype html><meta charset=""utf-8""><meta name=viewport content=""width=device-width, initial-scale=1""><title>429</title>429 Too Many Requests"
Sweet Potato,2024,9,2024-09-01,429,False,0,0,0,"<!doctype html><meta charset=""utf-8""><meta name=viewport content=""width=device-width, initial-scale=1""><title>429</title>429 Too Many Requests"
Sweet Potato,2024,9,2024-09-08,429,False,0,0,0,"<!doctype html><meta charset=""utf-8""><meta name=viewport content=""width=device-width, initial-scale=1""><title>429</title>429 Too Many Requests"
Sweet Potato,2024,9,2024-09-15,429,False,0,0,0,"<!doctype html><meta charset=""utf-8""><meta name=viewport content=""width=device-width, initial-scale=1""><title>429</title>429 Too Many Requests"
Sweet Potato,2024,8,2024-08-01,429,False,0,0,0,"<!doctype html><meta charset=""utf-8""><meta name=viewport content=""width=device-width, initial-scale=1""><title>429</title>429 Too Many Requests"
Sweet Potato,2024,8,2024-08-08,429,False,0,0,0,"<!doctype html><meta charset=""utf-8""><meta name=viewport content=""width=device-width, initial-scale=1""><title>429</title>429 Too Many Requests"
Sweet Potato,2024,8,2024-08-15,429,False,0,0,0,"<!doctype html><meta charset=""utf-8""><meta name=viewport content=""width=device-width, initial-scale=1""><title>429</title>429 Too Many Requests"
Sweet Potato,2024,10,2024-10-01,429,False,0,0,0,"<!doctype html><meta charset=""utf-8""><meta name=viewport content=""width=device-width, initial-scale=1""><title>429</title>429 Too Many Requests"
Sweet Potato,2024,10,2024-10-08,429,False,0,0,0,"<!doctype html><meta charset=""utf-8""><meta name=viewport content=""width=device-width, initial-scale=1""><title>429</title>429 Too Many Requests"
Sweet Potato,2024,10,2024-10-15,429,False,0,0,0,"<!doctype html><meta charset=""utf-8""><meta name=viewport content=""width=device-width, initial-scale=1""><title>429</title>429 Too Many Requests"
Sweet Potato,2024,11,2024-11-01,429,False,0,0,0,"<!doctype html><meta charset=""utf-8""><meta name=viewport content=""width=device-width, initial-scale=1""><title>429</title>429 Too Many Requests"
Sweet Potato,2024,11,2024-11-08,429,False,0,0,0,"<!doctype html><meta charset=""utf-8""><meta name=viewport content=""width=device-width, initial-scale=1""><title>429</title>429 Too Many Requests"
Sweet Potato,2024,11,2024-11-15,429,False,0,0,0,"<!doctype html><meta charset=""utf-8""><meta name=viewport content=""width=device-width, initial-scale=1""><title>429</title>429 Too Many Requests"
Sweet Potato,2024,12,2024-12-01,429,False,0,0,0,"<!doctype html><meta charset=""utf-8""><meta name=viewport content=""width=device-width, initial-scale=1""><title>429</title>429 Too Many Requests"
Sweet Potato,2024,12,2024-12-08,429,False,0,0,0,"<!doctype html><meta charset=""utf-8""><meta name=viewport content=""width=device-width, initial-scale=1""><title>429</title>429 Too Many Requests"
Sweet Potato,2024,12,2024-12-15,429,False,0,0,0,"<!doctype html><meta charset=""utf-8""><meta name=viewport content=""width=device-width, initial-scale=1""><title>429</title>429 Too Many Requests"
Sweet Potato,2025,1,2025-01-01,429,False,0,0,0,"<!doctype html><meta charset=""utf-8""><meta name=viewport content=""width=device-width, initial-scale=1""><title>429</title>429 Too Many Requests"
Sweet Potato,2025,1,2025-01-08,429,False,0,0,0,"<!doctype html><meta charset=""utf-8""><meta name=viewport content=""width=device-width, initial-scale=1""><title>429</title>429 Too Many Requests"
Sweet Potato,2025,1,2025-01-15,429,False,0,0,0,"<!doctype html><meta charset=""utf-8""><meta name=viewport content=""width=device-width, initial-scale=1""><title>429</title>429 Too Many Requests"
Sweet Potato,2025,2,2025-02-01,429,False,0,0,0,"<!doctype html><meta charset=""utf-8""><meta name=viewport content=""width=device-width, initial-scale=1""><title>429</title>429 Too Many Requests"
Sweet Potato,2025,2,2025-02-08,429,False,0,0,0,"<!doctype html><meta charset=""utf-8""><meta name=viewport content=""width=device-width, initial-scale=1""><title>429</title>429 Too Many Requests"
Sweet Potato,2025,2,2025-02-15,429,False,0,0,0,"<!doctype html><meta charset=""utf-8""><meta name=viewport content=""width=device-width, initial-scale=1""><title>429</title>429 Too Many Requests"
Sweet Potato,2025,3,2025-03-01,429,False,0,0,0,"<!doctype html><meta charset=""utf-8""><meta name=viewport content=""width=device-width, initial-scale=1""><title>429</title>429 Too Many Requests"
Sweet Potato,2025,3,2025-03-08,429,False,0,0,0,"<!doctype html><meta charset=""utf-8""><meta name=viewport content=""width=device-width, initial-scale=1""><title>429</title>429 Too Many Requests"
Sweet Potato,2025,3,2025-03-15,429,False,0,0,0,"<!doctype html><meta charset=""utf-8""><meta name=viewport content=""width=device-width, initial-scale=1""><title>429</title>429 Too Many Requests"
Sweet Potato,2025,4,2025-04-01,429,False,0,0,0,"<!doctype html><meta charset=""utf-8""><meta name=viewport content=""width=device-width, initial-scale=1""><title>429</title>429 Too Many Requests"
Sweet Potato,2025,4,2025-04-08,429,False,0,0,0,"<!doctype html><meta charset=""utf-8""><meta name=viewport content=""width=device-width, initial-scale=1""><title>429</title>429 Too Many Requests"
Sweet Potato,2025,4,2025-04-15,429,False,0,0,0,"<!doctype html><meta charset=""utf-8""><meta name=viewport content=""width=device-width, initial-scale=1""><title>429</title>429 Too Many Requests"
Sweet Potato,2025,5,2025-05-01,429,False,0,0,0,"<!doctype html><meta charset=""utf-8""><meta name=viewport content=""width=device-width, initial-scale=1""><title>429</title>429 Too Many Requests"
Sweet Potato,2025,5,2025-05-08,429,False,0,0,0,"<!doctype html><meta charset=""utf-8""><meta name=viewport content=""width=device-width, initial-scale=1""><title>429</title>429 Too Many Requests"
Sweet Potato,2025,5,2025-05-15,429,False,0,0,0,"<!doctype html><meta charset=""utf-8""><meta name=viewport content=""width=device-width, initial-scale=1""><title>429</title>429 Too Many Requests"
Sweet Potato,2025,6,2025-06-01,429,False,0,0,0,"<!doctype html><meta charset=""utf-8""><meta name=viewport content=""width=device-width, initial-scale=1""><title>429</title>429 Too Many Requests"
Sweet Potato,2025,6,2025-06-08,429,False,0,0,0,"<!doctype html><meta charset=""utf-8""><meta name=viewport content=""width=device-width, initial-scale=1""><title>429</title>429 Too Many Requests"
Sweet Potato,2025,6,2025-06-15,429,False,0,0,0,"<!doctype html><meta charset=""utf-8""><meta name=viewport content=""width=device-width, initial-scale=1""><title>429</title>429 Too Many Requests"
Sweet Potato,2025,7,2025-07-01,429,False,0,0,0,"<!doctype html><meta charset=""utf-8""><meta name=viewport content=""width=device-width, initial-scale=1""><title>429</title>429 Too Many Requests"
Sweet Potato,2025,7,2025-07-08,429,False,0,0,0,"<!doctype html><meta charset=""utf-8""><meta name=viewport content=""width=device-width, initial-scale=1""><title>429</title>429 Too Many Requests"
Sweet Potato,2025,7,2025-07-15,429,False,0,0,0,"<!doctype html><meta charset=""utf-8""><meta name=viewport content=""width=device-width, initial-scale=1""><title>429</title>429 Too Many Requests"
Sweet Potato,2025,8,2025-08-01,429,False,0,0,0,"<!doctype html><meta charset=""utf-8""><meta name=viewport content=""width=device-width, initial-scale=1""><title>429</title>429 Too Many Requests"
Sweet Potato,2025,8,2025-08-08,429,False,0,0,0,"<!doctype html><meta charset=""utf-8""><meta name=viewport content=""width=device-width, initial-scale=1""><title>429</title>429 Too Many Requests"
Sweet Potato,2025,8,2025-08-15,429,False,0,0,0,"<!doctype html><meta charset=""utf-8""><meta name=viewport content=""width=device-width, initial-scale=1""><title>429</title>429 Too Many Requests"
Sweet Potato,2025,9,2025-09-01,429,False,0,0,0,"<!doctype html><meta charset=""utf-8""><meta name=viewport content=""width=device-width, initial-scale=1""><title>429</title>429 Too Many Requests"
Sweet Potato,2025,9,2025-09-08,429,False,0,0,0,"<!doctype html><meta charset=""utf-8""><meta name=viewport content=""width=device-width, initial-scale=1""><title>429</title>429 Too Many Requests"
Sweet Potato,2025,9,2025-09-15,429,False,0,0,0,"<!doctype html><meta charset=""utf-8""><meta name=viewport content=""width=device-width, initial-scale=1""><title>429</title>429 Too Many Requests"
Sweet Potato,2025,10,2025-10-01,429,False,0,0,0,"<!doctype html><meta charset=""utf-8""><meta name=viewport content=""width=device-width, initial-scale=1""><title>429</title>429 Too Many Requests"
Sweet Potato,2025,10,2025-10-08,429,False,0,0,0,"<!doctype html><meta charset=""utf-8""><meta name=viewport content=""width=device-width, initial-scale=1""><title>429</title>429 Too Many Requests"
Sweet Potato,2025,10,2025-10-15,429,False,0,0,0,"<!doctype html><meta charset=""utf-8""><meta name=viewport content=""width=device-width, initial-scale=1""><title>429</title>429 Too Many Requests"
Sweet Potato,2025,11,2025-11-01,429,False,0,0,0,"<!doctype html><meta charset=""utf-8""><meta name=viewport content=""width=device-width, initial-scale=1""><title>429</title>429 Too Many Requests"
Sweet Potato,2025,11,2025-11-08,429,False,0,0,0,"<!doctype html><meta charset=""utf-8""><meta name=viewport content=""width=device-width, initial-scale=1""><title>429</title>429 Too Many Requests"
Sweet Potato,2025,11,2025-11-15,429,False,0,0,0,"<!doctype html><meta charset=""utf-8""><meta name=viewport content=""width=device-width, initial-scale=1""><title>429</title>429 Too Many Requests"
Sweet Potato,2025,12,2025-12-01,429,False,0,0,0,"<!doctype html><meta charset=""utf-8""><meta name=viewport content=""width=device-width, initial-scale=1""><title>429</title>429 Too Many Requests"
Sweet Potato,2025,12,2025-12-08,429,False,0,0,0,"<!doctype html><meta charset=""utf-8""><meta name=viewport content=""width=device-width, initial-scale=1""><title>429</title>429 Too Many Requests"
Sweet Potato,2025,12,2025-12-15,429,False,0,0,0,"<!doctype html><meta charset=""utf-8""><meta name=viewport content=""width=device-width, initial-scale=1""><title>429</title>429 Too Many Requests"
Bajra/Pearl Millet,2015,1,2015-01-01,429,False,0,0,0,"<!doctype html><meta charset=""utf-8""><meta name=viewport content=""width=device-width, initial-scale=1""><title>429</title>429 Too Many Requests"
Bajra/Pearl Millet,2015,1,2015-01-08,429,False,0,0,0,"<!doctype html><meta charset=""utf-8""><meta name=viewport content=""width=device-width, initial-scale=1""><title>429</title>429 Too Many Requests"
Bajra/Pearl Millet,2015,1,2015-01-15,429,False,0,0,0,"<!doctype html><meta charset=""utf-8""><meta name=viewport content=""width=device-width, initial-scale=1""><title>429</title>429 Too Many Requests"
Bajra/Pearl Millet,2015,2,2015-02-01,429,False,0,0,0,"<!doctype html><meta charset=""utf-8""><meta name=viewport content=""width=device-width, initial-scale=1""><title>429</title>429 Too Many Requests"
Bajra/Pearl Millet,2015,2,2015-02-08,429,False,0,0,0,"<!doctype html><meta charset=""utf-8""><meta name=viewport content=""width=device-width, initial-scale=1""><title>429</title>429 Too Many Requests"
Bajra/Pearl Millet,2015,2,2015-02-15,429,False,0,0,0,"<!doctype html><meta charset=""utf-8""><meta name=viewport content=""width=device-width, initial-scale=1""><title>429</title>429 Too Many Requests"
Bajra/Pearl Millet,2015,3,2015-03-01,429,False,0,0,0,"<!doctype html><meta charset=""utf-8""><meta name=viewport content=""width=device-width, initial-scale=1""><title>429</title>429 Too Many Requests"
Bajra/Pearl Millet,2015,3,2015-03-08,429,False,0,0,0,"<!doctype html><meta charset=""utf-8""><meta name=viewport content=""width=device-width, initial-scale=1""><title>429</title>429 Too Many Requests"
Bajra/Pearl Millet,2015,3,2015-03-15,429,False,0,0,0,"<!doctype html><meta charset=""utf-8""><meta name=viewport content=""width=device-width, initial-scale=1""><title>429</title>429 Too Many Requests"
Bajra/Pearl Millet,2015,4,2015-04-01,429,False,0,0,0,"<!doctype html><meta charset=""utf-8""><meta name=viewport content=""width=device-width, initial-scale=1""><title>429</title>429 Too Many Requests"
Bajra/Pearl Millet,2015,4,2015-04-08,429,False,0,0,0,"<!doctype html><meta charset=""utf-8""><meta name=viewport content=""width=device-width, initial-scale=1""><title>429</title>429 Too Many Requests"
Bajra/Pearl Millet,2015,4,2015-04-15,429,False,0,0,0,"<!doctype html><meta charset=""utf-8""><meta name=viewport content=""width=device-width, initial-scale=1""><title>429</title>429 Too Many Requests"
Bajra/Pearl Millet,2015,5,2015-05-01,429,False,0,0,0,"<!doctype html><meta charset=""utf-8""><meta name=viewport content=""width=device-width, initial-scale=1""><title>429</title>429 Too Many Requests"
Bajra/Pearl Millet,2015,5,2015-05-08,429,False,0,0,0,"<!doctype html><meta charset=""utf-8""><meta name=viewport content=""width=device-width, initial-scale=1""><title>429</title>429 Too Many Requests"
Bajra/Pearl Millet,2015,5,2015-05-15,429,False,0,0,0,"<!doctype html><meta charset=""utf-8""><meta name=viewport content=""width=device-width, initial-scale=1""><title>429</title>429 Too Many Requests"
Bajra/Pearl Millet,2015,6,2015-06-01,429,False,0,0,0,"<!doctype html><meta charset=""utf-8""><meta name=viewport content=""width=device-width, initial-scale=1""><title>429</title>429 Too Many Requests"
Bajra/Pearl Millet,2015,6,2015-06-08,429,False,0,0,0,"<!doctype html><meta charset=""utf-8""><meta name=viewport content=""width=device-width, initial-scale=1""><title>429</title>429 Too Many Requests"
Bajra/Pearl Millet,2015,6,2015-06-15,429,False,0,0,0,"<!doctype html><meta charset=""utf-8""><meta name=viewport content=""width=device-width, initial-scale=1""><title>429</title>429 Too Many Requests"
Bajra/Pearl Millet,2015,7,2015-07-01,429,False,0,0,0,"<!doctype html><meta charset=""utf-8""><meta name=viewport content=""width=device-width, initial-scale=1""><title>429</title>429 Too Many Requests"
Bajra/Pearl Millet,2015,7,2015-07-08,429,False,0,0,0,"<!doctype html><meta charset=""utf-8""><meta name=viewport content=""width=device-width, initial-scale=1""><title>429</title>429 Too Many Requests"
Bajra/Pearl Millet,2015,7,2015-07-15,429,False,0,0,0,"<!doctype html><meta charset=""utf-8""><meta name=viewport content=""width=device-width, initial-scale=1""><title>429</title>429 Too Many Requests"
Bajra/Pearl Millet,2015,8,2015-08-01,429,False,0,0,0,"<!doctype html><meta charset=""utf-8""><meta name=viewport content=""width=device-width, initial-scale=1""><title>429</title>429 Too Many Requests"
Bajra/Pearl Millet,2015,8,2015-08-08,429,False,0,0,0,"<!doctype html><meta charset=""utf-8""><meta name=viewport content=""width=device-width, initial-scale=1""><title>429</title>429 Too Many Requests"
Bajra/Pearl Millet,2015,8,2015-08-15,429,False,0,0,0,"<!doctype html><meta charset=""utf-8""><meta name=viewport content=""width=device-width, initial-scale=1""><title>429</title>429 Too Many Requests"
Bajra/Pearl Millet,2015,9,2015-09-01,429,False,0,0,0,"<!doctype html><meta charset=""utf-8""><meta name=viewport content=""width=device-width, initial-scale=1""><title>429</title>429 Too Many Requests"
Bajra/Pearl Millet,2015,9,2015-09-08,429,False,0,0,0,"<!doctype html><meta charset=""utf-8""><meta name=viewport content=""width=device-width, initial-scale=1""><title>429</title>429 Too Many Requests"
Bajra/Pearl Millet,2015,9,2015-09-15,429,False,0,0,0,"<!doctype html><meta charset=""utf-8""><meta name=viewport content=""width=device-width, initial-scale=1""><title>429</title>429 Too Many Requests"
Bajra/Pearl Millet,2015,10,2015-10-01,429,False,0,0,0,"<!doctype html><meta charset=""utf-8""><meta name=viewport content=""width=device-width, initial-scale=1""><title>429</title>429 Too Many Requests"
Bajra/Pearl Millet,2015,10,2015-10-08,429,False,0,0,0,"<!doctype html><meta charset=""utf-8""><meta name=viewport content=""width=device-width, initial-scale=1""><title>429</title>429 Too Many Requests"
Bajra/Pearl Millet,2015,10,2015-10-15,429,False,0,0,0,"<!doctype html><meta charset=""utf-8""><meta name=viewport content=""width=device-width, initial-scale=1""><title>429</title>429 Too Many Requests"
Bajra/Pearl Millet,2015,11,2015-11-01,429,False,0,0,0,"<!doctype html><meta charset=""utf-8""><meta name=viewport content=""width=device-width, initial-scale=1""><title>429</title>429 Too Many Requests"
Bajra/Pearl Millet,2015,11,2015-11-08,429,False,0,0,0,"<!doctype html><meta charset=""utf-8""><meta name=viewport content=""width=device-width, initial-scale=1""><title>429</title>429 Too Many Requests"
Bajra/Pearl Millet,2015,11,2015-11-15,429,False,0,0,0,"<!doctype html><meta charset=""utf-8""><meta name=viewport content=""width=device-width, initial-scale=1""><title>429</title>429 Too Many Requests"
Bajra/Pearl Millet,2015,12,2015-12-01,429,False,0,0,0,"<!doctype html><meta charset=""utf-8""><meta name=viewport content=""width=device-width, initial-scale=1""><title>429</title>429 Too Many Requests"
Bajra/Pearl Millet,2015,12,2015-12-08,429,False,0,0,0,"<!doctype html><meta charset=""utf-8""><meta name=viewport content=""width=device-width, initial-scale=1""><title>429</title>429 Too Many Requests"
Bajra/Pearl Millet,2015,12,2015-12-15,429,False,0,0,0,"<!doctype html><meta charset=""utf-8""><meta name=viewport content=""width=device-width, initial-scale=1""><title>429</title>429 Too Many Requests"
Bajra/Pearl Millet,2016,1,2016-01-01,429,False,0,0,0,"<!doctype html><meta charset=""utf-8""><meta name=viewport content=""width=device-width, initial-scale=1""><title>429</title>429 Too Many Requests"
Bajra/Pearl Millet,2016,1,2016-01-08,429,False,0,0,0,"<!doctype html><meta charset=""utf-8""><meta name=viewport content=""width=device-width, initial-scale=1""><title>429</title>429 Too Many Requests"
Bajra/Pearl Millet,2016,1,2016-01-15,429,False,0,0,0,"<!doctype html><meta charset=""utf-8""><meta name=viewport content=""width=device-width, initial-scale=1""><title>429</title>429 Too Many Requests"
Bajra/Pearl Millet,2016,2,2016-02-01,429,False,0,0,0,"<!doctype html><meta charset=""utf-8""><meta name=viewport content=""width=device-width, initial-scale=1""><title>429</title>429 Too Many Requests"
Bajra/Pearl Millet,2016,2,2016-02-08,429,False,0,0,0,"<!doctype html><meta charset=""utf-8""><meta name=viewport content=""width=device-width, initial-scale=1""><title>429</title>429 Too Many Requests"
Bajra/Pearl Millet,2016,2,2016-02-15,429,False,0,0,0,"<!doctype html><meta charset=""utf-8""><meta name=viewport content=""width=device-width, initial-scale=1""><title>429</title>429 Too Many Requests"
Bajra/Pearl Millet,2016,3,2016-03-01,429,False,0,0,0,"<!doctype html><meta charset=""utf-8""><meta name=viewport content=""width=device-width, initial-scale=1""><title>429</title>429 Too Many Requests"
Bajra/Pearl Millet,2016,3,2016-03-08,429,False,0,0,0,"<!doctype html><meta charset=""utf-8""><meta name=viewport content=""width=device-width, initial-scale=1""><title>429</title>429 Too Many Requests"
Bajra/Pearl Millet,2016,3,2016-03-15,429,False,0,0,0,"<!doctype html><meta charset=""utf-8""><meta name=viewport content=""width=device-width, initial-scale=1""><title>429</title>429 Too Many Requests"
Bajra/Pearl Millet,2016,4,2016-04-01,429,False,0,0,0,"<!doctype html><meta charset=""utf-8""><meta name=viewport content=""width=device-width, initial-scale=1""><title>429</title>429 Too Many Requests"
Bajra/Pearl Millet,2016,4,2016-04-08,429,False,0,0,0,"<!doctype html><meta charset=""utf-8""><meta name=viewport content=""width=device-width, initial-scale=1""><title>429</title>429 Too Many Requests"
Bajra/Pearl Millet,2016,4,2016-04-15,429,False,0,0,0,"<!doctype html><meta charset=""utf-8""><meta name=viewport content=""width=device-width, initial-scale=1""><title>429</title>429 Too Many Requests"
Bajra/Pearl Millet,2016,5,2016-05-01,429,False,0,0,0,"<!doctype html><meta charset=""utf-8""><meta name=viewport content=""width=device-width, initial-scale=1""><title>429</title>429 Too Many Requests"
Bajra/Pearl Millet,2016,5,2016-05-08,429,False,0,0,0,"<!doctype html><meta charset=""utf-8""><meta name=viewport content=""width=device-width, initial-scale=1""><title>429</title>429 Too Many Requests"
Bajra/Pearl Millet,2016,5,2016-05-15,429,False,0,0,0,"<!doctype html><meta charset=""utf-8""><meta name=viewport content=""width=device-width, initial-scale=1""><title>429</title>429 Too Many Requests"
Bajra/Pearl Millet,2016,6,2016-06-01,429,False,0,0,0,"<!doctype html><meta charset=""utf-8""><meta name=viewport content=""width=device-width, initial-scale=1""><title>429</title>429 Too Many Requests"
Bajra/Pearl Millet,2016,6,2016-06-08,429,False,0,0,0,"<!doctype html><meta charset=""utf-8""><meta name=viewport content=""width=device-width, initial-scale=1""><title>429</title>429 Too Many Requests"
Bajra/Pearl Millet,2016,6,2016-06-15,429,False,0,0,0,"<!doctype html><meta charset=""utf-8""><meta name=viewport content=""width=device-width, initial-scale=1""><title>429</title>429 Too Many Requests"
Bajra/Pearl Millet,2016,7,2016-07-01,429,False,0,0,0,"<!doctype html><meta charset=""utf-8""><meta name=viewport content=""width=device-width, initial-scale=1""><title>429</title>429 Too Many Requests"
Bajra/Pearl Millet,2016,7,2016-07-08,429,False,0,0,0,"<!doctype html><meta charset=""utf-8""><meta name=viewport content=""width=device-width, initial-scale=1""><title>429</title>429 Too Many Requests"
Bajra/Pearl Millet,2016,7,2016-07-15,429,False,0,0,0,"<!doctype html><meta charset=""utf-8""><meta name=viewport content=""width=device-width, initial-scale=1""><title>429</title>429 Too Many Requests"
Bajra/Pearl Millet,2016,8,2016-08-01,429,False,0,0,0,"<!doctype html><meta charset=""utf-8""><meta name=viewport content=""width=device-width, initial-scale=1""><title>429</title>429 Too Many Requests"
Bajra/Pearl Millet,2016,8,2016-08-08,429,False,0,0,0,"<!doctype html><meta charset=""utf-8""><meta name=viewport content=""width=device-width, initial-scale=1""><title>429</title>429 Too Many Requests"
Bajra/Pearl Millet,2016,8,2016-08-15,429,False,0,0,0,"<!doctype html><meta charset=""utf-8""><meta name=viewport content=""width=device-width, initial-scale=1""><title>429</title>429 Too Many Requests"
Bajra/Pearl Millet,2016,9,2016-09-01,429,False,0,0,0,"<!doctype html><meta charset=""utf-8""><meta name=viewport content=""width=device-width, initial-scale=1""><title>429</title>429 Too Many Requests"
Bajra/Pearl Millet,2016,9,2016-09-08,429,False,0,0,0,"<!doctype html><meta charset=""utf-8""><meta name=viewport content=""width=device-width, initial-scale=1""><title>429</title>429 Too Many Requests"
Bajra/Pearl Millet,2016,9,2016-09-15,429,False,0,0,0,"<!doctype html><meta charset=""utf-8""><meta name=viewport content=""width=device-width, initial-scale=1""><title>429</title>429 Too Many Requests"
Bajra/Pearl Millet,2016,10,2016-10-01,429,False,0,0,0,"<!doctype html><meta charset=""utf-8""><meta name=viewport content=""width=device-width, initial-scale=1""><title>429</title>429 Too Many Requests"
Bajra/Pearl Millet,2016,10,2016-10-08,429,False,0,0,0,"<!doctype html><meta charset=""utf-8""><meta name=viewport content=""width=device-width, initial-scale=1""><title>429</title>429 Too Many Requests"
Bajra/Pearl Millet,2016,10,2016-10-15,429,False,0,0,0,"<!doctype html><meta charset=""utf-8""><meta name=viewport content=""width=device-width, initial-scale=1""><title>429</title>429 Too Many Requests"
Bajra/Pearl Millet,2016,11,2016-11-01,429,False,0,0,0,"<!doctype html><meta charset=""utf-8""><meta name=viewport content=""width=device-width, initial-scale=1""><title>429</title>429 Too Many Requests"
Bajra/Pearl Millet,2016,11,2016-11-08,429,False,0,0,0,"<!doctype html><meta charset=""utf-8""><meta name=viewport content=""width=device-width, initial-scale=1""><title>429</title>429 Too Many Requests"
Bajra/Pearl Millet,2016,11,2016-11-15,429,False,0,0,0,"<!doctype html><meta charset=""utf-8""><meta name=viewport content=""width=device-width, initial-scale=1""><title>429</title>429 Too Many Requests"
Bajra/Pearl Millet,2016,12,2016-12-01,429,False,0,0,0,"<!doctype html><meta charset=""utf-8""><meta name=viewport content=""width=device-width, initial-scale=1""><title>429</title>429 Too Many Requests"
Bajra/Pearl Millet,2016,12,2016-12-08,429,False,0,0,0,"<!doctype html><meta charset=""utf-8""><meta name=viewport content=""width=device-width, initial-scale=1""><title>429</title>429 Too Many Requests"
Bajra/Pearl Millet,2016,12,2016-12-15,429,False,0,0,0,"<!doctype html><meta charset=""utf-8""><meta name=viewport content=""width=device-width, initial-scale=1""><title>429</title>429 Too Many Requests"
Bajra/Pearl Millet,2017,1,2017-01-01,429,False,0,0,0,"<!doctype html><meta charset=""utf-8""><meta name=viewport content=""width=device-width, initial-scale=1""><title>429</title>429 Too Many Requests"
Bajra/Pearl Millet,2017,1,2017-01-08,429,False,0,0,0,"<!doctype html><meta charset=""utf-8""><meta name=viewport content=""width=device-width, initial-scale=1""><title>429</title>429 Too Many Requests"
Bajra/Pearl Millet,2017,1,2017-01-15,429,False,0,0,0,"<!doctype html><meta charset=""utf-8""><meta name=viewport content=""width=device-width, initial-scale=1""><title>429</title>429 Too Many Requests"
Bajra/Pearl Millet,2017,2,2017-02-01,429,False,0,0,0,"<!doctype html><meta charset=""utf-8""><meta name=viewport content=""width=device-width, initial-scale=1""><title>429</title>429 Too Many Requests"
Bajra/Pearl Millet,2017,2,2017-02-08,429,False,0,0,0,"<!doctype html><meta charset=""utf-8""><meta name=viewport content=""width=device-width, initial-scale=1""><title>429</title>429 Too Many Requests"
Bajra/Pearl Millet,2017,2,2017-02-15,429,False,0,0,0,"<!doctype html><meta charset=""utf-8""><meta name=viewport content=""width=device-width, initial-scale=1""><title>429</title>429 Too Many Requests"
Bajra/Pearl Millet,2017,3,2017-03-01,429,False,0,0,0,"<!doctype html><meta charset=""utf-8""><meta name=viewport content=""width=device-width, initial-scale=1""><title>429</title>429 Too Many Requests"
Bajra/Pearl Millet,2017,3,2017-03-08,429,False,0,0,0,"<!doctype html><meta charset=""utf-8""><meta name=viewport content=""width=device-width, initial-scale=1""><title>429</title>429 Too Many Requests"
Bajra/Pearl Millet,2017,3,2017-03-15,429,False,0,0,0,"<!doctype html><meta charset=""utf-8""><meta name=viewport content=""width=device-width, initial-scale=1""><title>429</title>429 Too Many Requests"
Bajra/Pearl Millet,2017,4,2017-04-01,429,False,0,0,0,"<!doctype html><meta charset=""utf-8""><meta name=viewport content=""width=device-width, initial-scale=1""><title>429</title>429 Too Many Requests"
Bajra/Pearl Millet,2017,4,2017-04-08,429,False,0,0,0,"<!doctype html><meta charset=""utf-8""><meta name=viewport content=""width=device-width, initial-scale=1""><title>429</title>429 Too Many Requests"
Bajra/Pearl Millet,2017,4,2017-04-15,429,False,0,0,0,"<!doctype html><meta charset=""utf-8""><meta name=viewport content=""width=device-width, initial-scale=1""><title>429</title>429 Too Many Requests"
Bajra/Pearl Millet,2017,5,2017-05-01,429,False,0,0,0,"<!doctype html><meta charset=""utf-8""><meta name=viewport content=""width=device-width, initial-scale=1""><title>429</title>429 Too Many Requests"
Bajra/Pearl Millet,2017,5,2017-05-08,429,False,0,0,0,"<!doctype html><meta charset=""utf-8""><meta name=viewport content=""width=device-width, initial-scale=1""><title>429</title>429 Too Many Requests"
Bajra/Pearl Millet,2017,5,2017-05-15,429,False,0,0,0,"<!doctype html><meta charset=""utf-8""><meta name=viewport content=""width=device-width, initial-scale=1""><title>429</title>429 Too Many Requests"
Bajra/Pearl Millet,2017,6,2017-06-01,429,False,0,0,0,"<!doctype html><meta charset=""utf-8""><meta name=viewport content=""width=device-width, initial-scale=1""><title>429</title>429 Too Many Requests"
Bajra/Pearl Millet,2017,6,2017-06-08,429,False,0,0,0,"<!doctype html><meta charset=""utf-8""><meta name=viewport content=""width=device-width, initial-scale=1""><title>429</title>429 Too Many Requests"
Bajra/Pearl Millet,2017,6,2017-06-15,429,False,0,0,0,"<!doctype html><meta charset=""utf-8""><meta name=viewport content=""width=device-width, initial-scale=1""><title>429</title>429 Too Many Requests"
Bajra/Pearl Millet,2017,7,2017-07-01,429,False,0,0,0,"<!doctype html><meta charset=""utf-8""><meta name=viewport content=""width=device-width, initial-scale=1""><title>429</title>429 Too Many Requests"
Bajra/Pearl Millet,2017,7,2017-07-08,429,False,0,0,0,"<!doctype html><meta charset=""utf-8""><meta name=viewport content=""width=device-width, initial-scale=1""><title>429</title>429 Too Many Requests"
Bajra/Pearl Millet,2017,7,2017-07-15,429,False,0,0,0,"<!doctype html><meta charset=""utf-8""><meta name=viewport content=""width=device-width, initial-scale=1""><title>429</title>429 Too Many Requests"
Bajra/Pearl Millet,2017,8,2017-08-01,429,False,0,0,0,"<!doctype html><meta charset=""utf-8""><meta name=viewport content=""width=device-width, initial-scale=1""><title>429</title>429 Too Many Requests"
Bajra/Pearl Millet,2017,8,2017-08-08,429,False,0,0,0,"<!doctype html><meta charset=""utf-8""><meta name=viewport content=""width=device-width, initial-scale=1""><title>429</title>429 Too Many Requests"
Bajra/Pearl Millet,2017,8,2017-08-15,429,False,0,0,0,"<!doctype html><meta charset=""utf-8""><meta name=viewport content=""width=device-width, initial-scale=1""><title>429</title>429 Too Many Requests"
Bajra/Pearl Millet,2017,9,2017-09-01,429,False,0,0,0,"<!doctype html><meta charset=""utf-8""><meta name=viewport content=""width=device-width, initial-scale=1""><title>429</title>429 Too Many Requests"
Bajra/Pearl Millet,2017,9,2017-09-08,429,False,0,0,0,"<!doctype html><meta charset=""utf-8""><meta name=viewport content=""width=device-width, initial-scale=1""><title>429</title>429 Too Many Requests"
Bajra/Pearl Millet,2017,9,2017-09-15,429,False,0,0,0,"<!doctype html><meta charset=""utf-8""><meta name=viewport content=""width=device-width, initial-scale=1""><title>429</title>429 Too Many Requests"
Bajra/Pearl Millet,2017,10,2017-10-01,429,False,0,0,0,"<!doctype html><meta charset=""utf-8""><meta name=viewport content=""width=device-width, initial-scale=1""><title>429</title>429 Too Many Requests"
Bajra/Pearl Millet,2017,10,2017-10-08,429,False,0,0,0,"<!doctype html><meta charset=""utf-8""><meta name=viewport content=""width=device-width, initial-scale=1""><title>429</title>429 Too Many Requests"
Bajra/Pearl Millet,2017,10,2017-10-15,429,False,0,0,0,"<!doctype html><meta charset=""utf-8""><meta name=viewport content=""width=device-width, initial-scale=1""><title>429</title>429 Too Many Requests"
Bajra/Pearl Millet,2017,11,2017-11-01,429,False,0,0,0,"<!doctype html><meta charset=""utf-8""><meta name=viewport content=""width=device-width, initial-scale=1""><title>429</title>429 Too Many Requests"
Bajra/Pearl Millet,2017,11,2017-11-08,429,False,0,0,0,"<!doctype html><meta charset=""utf-8""><meta name=viewport content=""width=device-width, initial-scale=1""><title>429</title>429 Too Many Requests"
Bajra/Pearl Millet,2017,11,2017-11-15,429,False,0,0,0,"<!doctype html><meta charset=""utf-8""><meta name=viewport content=""width=device-width, initial-scale=1""><title>429</title>429 Too Many Requests"
Bajra/Pearl Millet,2017,12,2017-12-01,429,False,0,0,0,"<!doctype html><meta charset=""utf-8""><meta name=viewport content=""width=device-width, initial-scale=1""><title>429</title>429 Too Many Requests"
Bajra/Pearl Millet,2017,12,2017-12-08,429,False,0,0,0,"<!doctype html><meta charset=""utf-8""><meta name=viewport content=""width=device-width, initial-scale=1""><title>429</title>429 Too Many Requests"
Bajra/Pearl Millet,2017,12,2017-12-15,429,False,0,0,0,"<!doctype html><meta charset=""utf-8""><meta name=viewport content=""width=device-width, initial-scale=1""><title>429</title>429 Too Many Requests"
Bajra/Pearl Millet,2018,1,2018-01-01,429,False,0,0,0,"<!doctype html><meta charset=""utf-8""><meta name=viewport content=""width=device-width, initial-scale=1""><title>429</title>429 Too Many Requests"
Bajra/Pearl Millet,2018,1,2018-01-08,429,False,0,0,0,"<!doctype html><meta charset=""utf-8""><meta name=viewport content=""width=device-width, initial-scale=1""><title>429</title>429 Too Many Requests"
Bajra/Pearl Millet,2018,1,2018-01-15,429,False,0,0,0,"<!doctype html><meta charset=""utf-8""><meta name=viewport content=""width=device-width, initial-scale=1""><title>429</title>429 Too Many Requests"
Bajra/Pearl Millet,2018,2,2018-02-01,429,False,0,0,0,"<!doctype html><meta charset=""utf-8""><meta name=viewport content=""width=device-width, initial-scale=1""><title>429</title>429 Too Many Requests"
Bajra/Pearl Millet,2018,2,2018-02-08,429,False,0,0,0,"<!doctype html><meta charset=""utf-8""><meta name=viewport content=""width=device-width, initial-scale=1""><title>429</title>429 Too Many Requests"
Bajra/Pearl Millet,2018,2,2018-02-15,429,False,0,0,0,"<!doctype html><meta charset=""utf-8""><meta name=viewport content=""width=device-width, initial-scale=1""><title>429</title>429 Too Many Requests"
Bajra/Pearl Millet,2018,3,2018-03-01,429,False,0,0,0,"<!doctype html><meta charset=""utf-8""><meta name=viewport content=""width=device-width, initial-scale=1""><title>429</title>429 Too Many Requests"
Bajra/Pearl Millet,2018,3,2018-03-08,429,False,0,0,0,"<!doctype html><meta charset=""utf-8""><meta name=viewport content=""width=device-width, initial-scale=1""><title>429</title>429 Too Many Requests"
Bajra/Pearl Millet,2018,3,2018-03-15,429,False,0,0,0,"<!doctype html><meta charset=""utf-8""><meta name=viewport content=""width=device-width, initial-scale=1""><title>429</title>429 Too Many Requests"
Bajra/Pearl Millet,2018,4,2018-04-01,429,False,0,0,0,"<!doctype html><meta charset=""utf-8""><meta name=viewport content=""width=device-width, initial-scale=1""><title>429</title>429 Too Many Requests"
Bajra/Pearl Millet,2018,4,2018-04-08,429,False,0,0,0,"<!doctype html><meta charset=""utf-8""><meta name=viewport content=""width=device-width, initial-scale=1""><title>429</title>429 Too Many Requests"
Bajra/Pearl Millet,2018,4,2018-04-15,429,False,0,0,0,"<!doctype html><meta charset=""utf-8""><meta name=viewport content=""width=device-width, initial-scale=1""><title>429</title>429 Too Many Requests"
Bajra/Pearl Millet,2018,5,2018-05-01,429,False,0,0,0,"<!doctype html><meta charset=""utf-8""><meta name=viewport content=""width=device-width, initial-scale=1""><title>429</title>429 Too Many Requests"
Bajra/Pearl Millet,2018,5,2018-05-08,429,False,0,0,0,"<!doctype html><meta charset=""utf-8""><meta name=viewport content=""width=device-width, initial-scale=1""><title>429</title>429 Too Many Requests"
Bajra/Pearl Millet,2018,5,2018-05-15,429,False,0,0,0,"<!doctype html><meta charset=""utf-8""><meta name=viewport content=""width=device-width, initial-scale=1""><title>429</title>429 Too Many Requests"
Bajra/Pearl Millet,2018,6,2018-06-01,429,False,0,0,0,"<!doctype html><meta charset=""utf-8""><meta name=viewport content=""width=device-width, initial-scale=1""><title>429</title>429 Too Many Requests"
Bajra/Pearl Millet,2018,6,2018-06-08,429,False,0,0,0,"<!doctype html><meta charset=""utf-8""><meta name=viewport content=""width=device-width, initial-scale=1""><title>429</title>429 Too Many Requests"
Bajra/Pearl Millet,2018,6,2018-06-15,429,False,0,0,0,"<!doctype html><meta charset=""utf-8""><meta name=viewport content=""width=device-width, initial-scale=1""><title>429</title>429 Too Many Requests"
Bajra/Pearl Millet,2018,7,2018-07-01,429,False,0,0,0,"<!doctype html><meta charset=""utf-8""><meta name=viewport content=""width=device-width, initial-scale=1""><title>429</title>429 Too Many Requests"
Bajra/Pearl Millet,2018,7,2018-07-08,429,False,0,0,0,"<!doctype html><meta charset=""utf-8""><meta name=viewport content=""width=device-width, initial-scale=1""><title>429</title>429 Too Many Requests"
Bajra/Pearl Millet,2018,7,2018-07-15,429,False,0,0,0,"<!doctype html><meta charset=""utf-8""><meta name=viewport content=""width=device-width, initial-scale=1""><title>429</title>429 Too Many Requests"
Bajra/Pearl Millet,2018,8,2018-08-01,429,False,0,0,0,"<!doctype html><meta charset=""utf-8""><meta name=viewport content=""width=device-width, initial-scale=1""><title>429</title>429 Too Many Requests"
Bajra/Pearl Millet,2018,8,2018-08-08,429,False,0,0,0,"<!doctype html><meta charset=""utf-8""><meta name=viewport content=""width=device-width, initial-scale=1""><title>429</title>429 Too Many Requests"
Bajra/Pearl Millet,2018,8,2018-08-15,429,False,0,0,0,"<!doctype html><meta charset=""utf-8""><meta name=viewport content=""width=device-width, initial-scale=1""><title>429</title>429 Too Many Requests"
Bajra/Pearl Millet,2018,9,2018-09-01,429,False,0,0,0,"<!doctype html><meta charset=""utf-8""><meta name=viewport content=""width=device-width, initial-scale=1""><title>429</title>429 Too Many Requests"
Bajra/Pearl Millet,2018,9,2018-09-08,429,False,0,0,0,"<!doctype html><meta charset=""utf-8""><meta name=viewport content=""width=device-width, initial-scale=1""><title>429</title>429 Too Many Requests"
Bajra/Pearl Millet,2018,9,2018-09-15,429,False,0,0,0,"<!doctype html><meta charset=""utf-8""><meta name=viewport content=""width=device-width, initial-scale=1""><title>429</title>429 Too Many Requests"
Bajra/Pearl Millet,2018,10,2018-10-01,429,False,0,0,0,"<!doctype html><meta charset=""utf-8""><meta name=viewport content=""width=device-width, initial-scale=1""><title>429</title>429 Too Many Requests"
Bajra/Pearl Millet,2018,10,2018-10-08,429,False,0,0,0,"<!doctype html><meta charset=""utf-8""><meta name=viewport content=""width=device-width, initial-scale=1""><title>429</title>429 Too Many Requests"
Bajra/Pearl Millet,2018,10,2018-10-15,429,False,0,0,0,"<!doctype html><meta charset=""utf-8""><meta name=viewport content=""width=device-width, initial-scale=1""><title>429</title>429 Too Many Requests"
Bajra/Pearl Millet,2018,11,2018-11-01,429,False,0,0,0,"<!doctype html><meta charset=""utf-8""><meta name=viewport content=""width=device-width, initial-scale=1""><title>429</title>429 Too Many Requests"
Bajra/Pearl Millet,2018,11,2018-11-08,429,False,0,0,0,"<!doctype html><meta charset=""utf-8""><meta name=viewport content=""width=device-width, initial-scale=1""><title>429</title>429 Too Many Requests"
Bajra/Pearl Millet,2018,11,2018-11-15,429,False,0,0,0,"<!doctype html><meta charset=""utf-8""><meta name=viewport content=""width=device-width, initial-scale=1""><title>429</title>429 Too Many Requests"
Bajra/Pearl Millet,2018,12,2018-12-01,429,False,0,0,0,"<!doctype html><meta charset=""utf-8""><meta name=viewport content=""width=device-width, initial-scale=1""><title>429</title>429 Too Many Requests"
Bajra/Pearl Millet,2018,12,2018-12-08,429,False,0,0,0,"<!doctype html><meta charset=""utf-8""><meta name=viewport content=""width=device-width, initial-scale=1""><title>429</title>429 Too Many Requests"
Bajra/Pearl Millet,2018,12,2018-12-15,429,False,0,0,0,"<!doctype html><meta charset=""utf-8""><meta name=viewport content=""width=device-width, initial-scale=1""><title>429</title>429 Too Many Requests"
Bajra/Pearl Millet,2019,1,2019-01-01,429,False,0,0,0,"<!doctype html><meta charset=""utf-8""><meta name=viewport content=""width=device-width, initial-scale=1""><title>429</title>429 Too Many Requests"
Bajra/Pearl Millet,2019,1,2019-01-08,429,False,0,0,0,"<!doctype html><meta charset=""utf-8""><meta name=viewport content=""width=device-width, initial-scale=1""><title>429</title>429 Too Many Requests"
Bajra/Pearl Millet,2019,1,2019-01-15,429,False,0,0,0,"<!doctype html><meta charset=""utf-8""><meta name=viewport content=""width=device-width, initial-scale=1""><title>429</title>429 Too Many Requests"
Bajra/Pearl Millet,2019,2,2019-02-01,429,False,0,0,0,"<!doctype html><meta charset=""utf-8""><meta name=viewport content=""width=device-width, initial-scale=1""><title>429</title>429 Too Many Requests"
Bajra/Pearl Millet,2019,2,2019-02-08,429,False,0,0,0,"<!doctype html><meta charset=""utf-8""><meta name=viewport content=""width=device-width, initial-scale=1""><title>429</title>429 Too Many Requests"
Bajra/Pearl Millet,2019,2,2019-02-15,429,False,0,0,0,"<!doctype html><meta charset=""utf-8""><meta name=viewport content=""width=device-width, initial-scale=1""><title>429</title>429 Too Many Requests"
Bajra/Pearl Millet,2019,3,2019-03-01,429,False,0,0,0,"<!doctype html><meta charset=""utf-8""><meta name=viewport content=""width=device-width, initial-scale=1""><title>429</title>429 Too Many Requests"
Bajra/Pearl Millet,2019,3,2019-03-08,429,False,0,0,0,"<!doctype html><meta charset=""utf-8""><meta name=viewport content=""width=device-width, initial-scale=1""><title>429</title>429 Too Many Requests"
Bajra/Pearl Millet,2019,3,2019-03-15,429,False,0,0,0,"<!doctype html><meta charset=""utf-8""><meta name=viewport content=""width=device-width, initial-scale=1""><title>429</title>429 Too Many Requests"
Bajra/Pearl Millet,2019,4,2019-04-01,429,False,0,0,0,"<!doctype html><meta charset=""utf-8""><meta name=viewport content=""width=device-width, initial-scale=1""><title>429</title>429 Too Many Requests"
Bajra/Pearl Millet,2019,4,2019-04-08,429,False,0,0,0,"<!doctype html><meta charset=""utf-8""><meta name=viewport content=""width=device-width, initial-scale=1""><title>429</title>429 Too Many Requests"
Bajra/Pearl Millet,2019,4,2019-04-15,429,False,0,0,0,"<!doctype html><meta charset=""utf-8""><meta name=viewport content=""width=device-width, initial-scale=1""><title>429</title>429 Too Many Requests"
Bajra/Pearl Millet,2019,5,2019-05-01,429,False,0,0,0,"<!doctype html><meta charset=""utf-8""><meta name=viewport content=""width=device-width, initial-scale=1""><title>429</title>429 Too Many Requests"
Bajra/Pearl Millet,2019,5,2019-05-08,429,False,0,0,0,"<!doctype html><meta charset=""utf-8""><meta name=viewport content=""width=device-width, initial-scale=1""><title>429</title>429 Too Many Requests"
Bajra/Pearl Millet,2019,5,2019-05-15,429,False,0,0,0,"<!doctype html><meta charset=""utf-8""><meta name=viewport content=""width=device-width, initial-scale=1""><title>429</title>429 Too Many Requests"
Bajra/Pearl Millet,2019,6,2019-06-01,429,False,0,0,0,"<!doctype html><meta charset=""utf-8""><meta name=viewport content=""width=device-width, initial-scale=1""><title>429</title>429 Too Many Requests"
Bajra/Pearl Millet,2019,6,2019-06-08,429,False,0,0,0,"<!doctype html><meta charset=""utf-8""><meta name=viewport content=""width=device-width, initial-scale=1""><title>429</title>429 Too Many Requests"
Bajra/Pearl Millet,2019,6,2019-06-15,429,False,0,0,0,"<!doctype html><meta charset=""utf-8""><meta name=viewport content=""width=device-width, initial-scale=1""><title>429</title>429 Too Many Requests"
Bajra/Pearl Millet,2019,7,2019-07-01,429,False,0,0,0,"<!doctype html><meta charset=""utf-8""><meta name=viewport content=""width=device-width, initial-scale=1""><title>429</title>429 Too Many Requests"
Bajra/Pearl Millet,2019,7,2019-07-08,429,False,0,0,0,"<!doctype html><meta charset=""utf-8""><meta name=viewport content=""width=device-width, initial-scale=1""><title>429</title>429 Too Many Requests"
Bajra/Pearl Millet,2019,7,2019-07-15,429,False,0,0,0,"<!doctype html><meta charset=""utf-8""><meta name=viewport content=""width=device-width, initial-scale=1""><title>429</title>429 Too Many Requests"
Bajra/Pearl Millet,2019,8,2019-08-01,429,False,0,0,0,"<!doctype html><meta charset=""utf-8""><meta name=viewport content=""width=device-width, initial-scale=1""><title>429</title>429 Too Many Requests"
Bajra/Pearl Millet,2019,8,2019-08-08,429,False,0,0,0,"<!doctype html><meta charset=""utf-8""><meta name=viewport content=""width=device-width, initial-scale=1""><title>429</title>429 Too Many Requests"
Bajra/Pearl Millet,2019,8,2019-08-15,429,False,0,0,0,"<!doctype html><meta charset=""utf-8""><meta name=viewport content=""width=device-width, initial-scale=1""><title>429</title>429 Too Many Requests"
Bajra/Pearl Millet,2019,9,2019-09-01,429,False,0,0,0,"<!doctype html><meta charset=""utf-8""><meta name=viewport content=""width=device-width, initial-scale=1""><title>429</title>429 Too Many Requests"
Bajra/Pearl Millet,2019,9,2019-09-08,429,False,0,0,0,"<!doctype html><meta charset=""utf-8""><meta name=viewport content=""width=device-width, initial-scale=1""><title>429</title>429 Too Many Requests"
Bajra/Pearl Millet,2019,9,2019-09-15,429,False,0,0,0,"<!doctype html><meta charset=""utf-8""><meta name=viewport content=""width=device-width, initial-scale=1""><title>429</title>429 Too Many Requests"
Bajra/Pearl Millet,2019,10,2019-10-01,429,False,0,0,0,"<!doctype html><meta charset=""utf-8""><meta name=viewport content=""width=device-width, initial-scale=1""><title>429</title>429 Too Many Requests"
Bajra/Pearl Millet,2019,10,2019-10-08,429,False,0,0,0,"<!doctype html><meta charset=""utf-8""><meta name=viewport content=""width=device-width, initial-scale=1""><title>429</title>429 Too Many Requests"
Bajra/Pearl Millet,2019,10,2019-10-15,429,False,0,0,0,"<!doctype html><meta charset=""utf-8""><meta name=viewport content=""width=device-width, initial-scale=1""><title>429</title>429 Too Many Requests"
Bajra/Pearl Millet,2019,11,2019-11-01,429,False,0,0,0,"<!doctype html><meta charset=""utf-8""><meta name=viewport content=""width=device-width, initial-scale=1""><title>429</title>429 Too Many Requests"
Bajra/Pearl Millet,2019,11,2019-11-08,429,False,0,0,0,"<!doctype html><meta charset=""utf-8""><meta name=viewport content=""width=device-width, initial-scale=1""><title>429</title>429 Too Many Requests"
Bajra/Pearl Millet,2019,11,2019-11-15,429,False,0,0,0,"<!doctype html><meta charset=""utf-8""><meta name=viewport content=""width=device-width, initial-scale=1""><title>429</title>429 Too Many Requests"
Bajra/Pearl Millet,2019,12,2019-12-01,429,False,0,0,0,"<!doctype html><meta charset=""utf-8""><meta name=viewport content=""width=device-width, initial-scale=1""><title>429</title>429 Too Many Requests"
Bajra/Pearl Millet,2019,12,2019-12-08,429,False,0,0,0,"<!doctype html><meta charset=""utf-8""><meta name=viewport content=""width=device-width, initial-scale=1""><title>429</title>429 Too Many Requests"
Bajra/Pearl Millet,2019,12,2019-12-15,429,False,0,0,0,"<!doctype html><meta charset=""utf-8""><meta name=viewport content=""width=device-width, initial-scale=1""><title>429</title>429 Too Many Requests"
Bajra/Pearl Millet,2020,1,2020-01-01,429,False,0,0,0,"<!doctype html><meta charset=""utf-8""><meta name=viewport content=""width=device-width, initial-scale=1""><title>429</title>429 Too Many Requests"
Bajra/Pearl Millet,2020,1,2020-01-08,429,False,0,0,0,"<!doctype html><meta charset=""utf-8""><meta name=viewport content=""width=device-width, initial-scale=1""><title>429</title>429 Too Many Requests"
Bajra/Pearl Millet,2020,1,2020-01-15,429,False,0,0,0,"<!doctype html><meta charset=""utf-8""><meta name=viewport content=""width=device-width, initial-scale=1""><title>429</title>429 Too Many Requests"
Bajra/Pearl Millet,2020,2,2020-02-01,429,False,0,0,0,"<!doctype html><meta charset=""utf-8""><meta name=viewport content=""width=device-width, initial-scale=1""><title>429</title>429 Too Many Requests"
Bajra/Pearl Millet,2020,2,2020-02-08,429,False,0,0,0,"<!doctype html><meta charset=""utf-8""><meta name=viewport content=""width=device-width, initial-scale=1""><title>429</title>429 Too Many Requests"
Bajra/Pearl Millet,2020,2,2020-02-15,429,False,0,0,0,"<!doctype html><meta charset=""utf-8""><meta name=viewport content=""width=device-width, initial-scale=1""><title>429</title>429 Too Many Requests"
Bajra/Pearl Millet,2020,3,2020-03-01,429,False,0,0,0,"<!doctype html><meta charset=""utf-8""><meta name=viewport content=""width=device-width, initial-scale=1""><title>429</title>429 Too Many Requests"
Bajra/Pearl Millet,2020,3,2020-03-08,429,False,0,0,0,"<!doctype html><meta charset=""utf-8""><meta name=viewport content=""width=device-width, initial-scale=1""><title>429</title>429 Too Many Requests"
Bajra/Pearl Millet,2020,3,2020-03-15,429,False,0,0,0,"<!doctype html><meta charset=""utf-8""><meta name=viewport content=""width=device-width, initial-scale=1""><title>429</title>429 Too Many Requests"
Bajra/Pearl Millet,2020,4,2020-04-01,429,False,0,0,0,"<!doctype html><meta charset=""utf-8""><meta name=viewport content=""width=device-width, initial-scale=1""><title>429</title>429 Too Many Requests"
Bajra/Pearl Millet,2020,4,2020-04-08,429,False,0,0,0,"<!doctype html><meta charset=""utf-8""><meta name=viewport content=""width=device-width, initial-scale=1""><title>429</title>429 Too Many Requests"
Bajra/Pearl Millet,2020,4,2020-04-15,429,False,0,0,0,"<!doctype html><meta charset=""utf-8""><meta name=viewport content=""width=device-width, initial-scale=1""><title>429</title>429 Too Many Requests"
Bajra/Pearl Millet,2020,5,2020-05-01,429,False,0,0,0,"<!doctype html><meta charset=""utf-8""><meta name=viewport content=""width=device-width, initial-scale=1""><title>429</title>429 Too Many Requests"
Bajra/Pearl Millet,2020,5,2020-05-08,429,False,0,0,0,"<!doctype html><meta charset=""utf-8""><meta name=viewport content=""width=device-width, initial-scale=1""><title>429</title>429 Too Many Requests"
Bajra/Pearl Millet,2020,5,2020-05-15,429,False,0,0,0,"<!doctype html><meta charset=""utf-8""><meta name=viewport content=""width=device-width, initial-scale=1""><title>429</title>429 Too Many Requests"
Bajra/Pearl Millet,2020,6,2020-06-01,429,False,0,0,0,"<!doctype html><meta charset=""utf-8""><meta name=viewport content=""width=device-width, initial-scale=1""><title>429</title>429 Too Many Requests"
Bajra/Pearl Millet,2020,6,2020-06-08,429,False,0,0,0,"<!doctype html><meta charset=""utf-8""><meta name=viewport content=""width=device-width, initial-scale=1""><title>429</title>429 Too Many Requests"
Bajra/Pearl Millet,2020,6,2020-06-15,429,False,0,0,0,"<!doctype html><meta charset=""utf-8""><meta name=viewport content=""width=device-width, initial-scale=1""><title>429</title>429 Too Many Requests"
Bajra/Pearl Millet,2020,7,2020-07-01,429,False,0,0,0,"<!doctype html><meta charset=""utf-8""><meta name=viewport content=""width=device-width, initial-scale=1""><title>429</title>429 Too Many Requests"
Bajra/Pearl Millet,2020,7,2020-07-08,429,False,0,0,0,"<!doctype html><meta charset=""utf-8""><meta name=viewport content=""width=device-width, initial-scale=1""><title>429</title>429 Too Many Requests"
Bajra/Pearl Millet,2020,7,2020-07-15,429,False,0,0,0,"<!doctype html><meta charset=""utf-8""><meta name=viewport content=""width=device-width, initial-scale=1""><title>429</title>429 Too Many Requests"
Bajra/Pearl Millet,2020,8,2020-08-01,429,False,0,0,0,"<!doctype html><meta charset=""utf-8""><meta name=viewport content=""width=device-width, initial-scale=1""><title>429</title>429 Too Many Requests"
Bajra/Pearl Millet,2020,8,2020-08-08,429,False,0,0,0,"<!doctype html><meta charset=""utf-8""><meta name=viewport content=""width=device-width, initial-scale=1""><title>429</title>429 Too Many Requests"
Bajra/Pearl Millet,2020,8,2020-08-15,429,False,0,0,0,"<!doctype html><meta charset=""utf-8""><meta name=viewport content=""width=device-width, initial-scale=1""><title>429</title>429 Too Many Requests"
Bajra/Pearl Millet,2020,9,2020-09-01,429,False,0,0,0,"<!doctype html><meta charset=""utf-8""><meta name=viewport content=""width=device-width, initial-scale=1""><title>429</title>429 Too Many Requests"
Bajra/Pearl Millet,2020,9,2020-09-08,429,False,0,0,0,"<!doctype html><meta charset=""utf-8""><meta name=viewport content=""width=device-width, initial-scale=1""><title>429</title>429 Too Many Requests"
Bajra/Pearl Millet,2020,9,2020-09-15,429,False,0,0,0,"<!doctype html><meta charset=""utf-8""><meta name=viewport content=""width=device-width, initial-scale=1""><title>429</title>429 Too Many Requests"
Bajra/Pearl Millet,2020,10,2020-10-01,429,False,0,0,0,"<!doctype html><meta charset=""utf-8""><meta name=viewport content=""width=device-width, initial-scale=1""><title>429</title>429 Too Many Requests"
Bajra/Pearl Millet,2020,10,2020-10-08,429,False,0,0,0,"<!doctype html><meta charset=""utf-8""><meta name=viewport content=""width=device-width, initial-scale=1""><title>429</title>429 Too Many Requests"
Bajra/Pearl Millet,2020,10,2020-10-15,429,False,0,0,0,"<!doctype html><meta charset=""utf-8""><meta name=viewport content=""width=device-width, initial-scale=1""><title>429</title>429 Too Many Requests"
Bajra/Pearl Millet,2020,11,2020-11-01,429,False,0,0,0,"<!doctype html><meta charset=""utf-8""><meta name=viewport content=""width=device-width, initial-scale=1""><title>429</title>429 Too Many Requests"
Bajra/Pearl Millet,2020,11,2020-11-08,429,False,0,0,0,"<!doctype html><meta charset=""utf-8""><meta name=viewport content=""width=device-width, initial-scale=1""><title>429</title>429 Too Many Requests"
Bajra/Pearl Millet,2020,11,2020-11-15,429,False,0,0,0,"<!doctype html><meta charset=""utf-8""><meta name=viewport content=""width=device-width, initial-scale=1""><title>429</title>429 Too Many Requests"
Bajra/Pearl Millet,2020,12,2020-12-01,429,False,0,0,0,"<!doctype html><meta charset=""utf-8""><meta name=viewport content=""width=device-width, initial-scale=1""><title>429</title>429 Too Many Requests"
Bajra/Pearl Millet,2020,12,2020-12-08,429,False,0,0,0,"<!doctype html><meta charset=""utf-8""><meta name=viewport content=""width=device-width, initial-scale=1""><title>429</title>429 Too Many Requests"
Bajra/Pearl Millet,2020,12,2020-12-15,429,False,0,0,0,"<!doctype html><meta charset=""utf-8""><meta name=viewport content=""width=device-width, initial-scale=1""><title>429</title>429 Too Many Requests"
Bajra/Pearl Millet,2021,1,2021-01-01,429,False,0,0,0,"<!doctype html><meta charset=""utf-8""><meta name=viewport content=""width=device-width, initial-scale=1""><title>429</title>429 Too Many Requests"
Bajra/Pearl Millet,2021,1,2021-01-08,429,False,0,0,0,"<!doctype html><meta charset=""utf-8""><meta name=viewport content=""width=device-width, initial-scale=1""><title>429</title>429 Too Many Requests"
Bajra/Pearl Millet,2021,1,2021-01-15,429,False,0,0,0,"<!doctype html><meta charset=""utf-8""><meta name=viewport content=""width=device-width, initial-scale=1""><title>429</title>429 Too Many Requests"
Bajra/Pearl Millet,2021,2,2021-02-01,429,False,0,0,0,"<!doctype html><meta charset=""utf-8""><meta name=viewport content=""width=device-width, initial-scale=1""><title>429</title>429 Too Many Requests"
Bajra/Pearl Millet,2021,2,2021-02-08,429,False,0,0,0,"<!doctype html><meta charset=""utf-8""><meta name=viewport content=""width=device-width, initial-scale=1""><title>429</title>429 Too Many Requests"
Bajra/Pearl Millet,2021,2,2021-02-15,429,False,0,0,0,"<!doctype html><meta charset=""utf-8""><meta name=viewport content=""width=device-width, initial-scale=1""><title>429</title>429 Too Many Requests"
Bajra/Pearl Millet,2021,3,2021-03-01,429,False,0,0,0,"<!doctype html><meta charset=""utf-8""><meta name=viewport content=""width=device-width, initial-scale=1""><title>429</title>429 Too Many Requests"
Bajra/Pearl Millet,2021,3,2021-03-08,429,False,0,0,0,"<!doctype html><meta charset=""utf-8""><meta name=viewport content=""width=device-width, initial-scale=1""><title>429</title>429 Too Many Requests"
Bajra/Pearl Millet,2021,3,2021-03-15,429,False,0,0,0,"<!doctype html><meta charset=""utf-8""><meta name=viewport content=""width=device-width, initial-scale=1""><title>429</title>429 Too Many Requests"
Bajra/Pearl Millet,2021,4,2021-04-01,429,False,0,0,0,"<!doctype html><meta charset=""utf-8""><meta name=viewport content=""width=device-width, initial-scale=1""><title>429</title>429 Too Many Requests"
Bajra/Pearl Millet,2021,4,2021-04-08,429,False,0,0,0,"<!doctype html><meta charset=""utf-8""><meta name=viewport content=""width=device-width, initial-scale=1""><title>429</title>429 Too Many Requests"
Bajra/Pearl Millet,2021,4,2021-04-15,429,False,0,0,0,"<!doctype html><meta charset=""utf-8""><meta name=viewport content=""width=device-width, initial-scale=1""><title>429</title>429 Too Many Requests"
Bajra/Pearl Millet,2021,5,2021-05-01,429,False,0,0,0,"<!doctype html><meta charset=""utf-8""><meta name=viewport content=""width=device-width, initial-scale=1""><title>429</title>429 Too Many Requests"
Bajra/Pearl Millet,2021,5,2021-05-08,429,False,0,0,0,"<!doctype html><meta charset=""utf-8""><meta name=viewport content=""width=device-width, initial-scale=1""><title>429</title>429 Too Many Requests"
Bajra/Pearl Millet,2021,5,2021-05-15,429,False,0,0,0,"<!doctype html><meta charset=""utf-8""><meta name=viewport content=""width=device-width, initial-scale=1""><title>429</title>429 Too Many Requests"
Bajra/Pearl Millet,2021,6,2021-06-01,429,False,0,0,0,"<!doctype html><meta charset=""utf-8""><meta name=viewport content=""width=device-width, initial-scale=1""><title>429</title>429 Too Many Requests"
Bajra/Pearl Millet,2021,6,2021-06-08,429,False,0,0,0,"<!doctype html><meta charset=""utf-8""><meta name=viewport content=""width=device-width, initial-scale=1""><title>429</title>429 Too Many Requests"
Bajra/Pearl Millet,2021,6,2021-06-15,429,False,0,0,0,"<!doctype html><meta charset=""utf-8""><meta name=viewport content=""width=device-width, initial-scale=1""><title>429</title>429 Too Many Requests"
Bajra/Pearl Millet,2021,7,2021-07-01,429,False,0,0,0,"<!doctype html><meta charset=""utf-8""><meta name=viewport content=""width=device-width, initial-scale=1""><title>429</title>429 Too Many Requests"
Bajra/Pearl Millet,2021,7,2021-07-08,429,False,0,0,0,"<!doctype html><meta charset=""utf-8""><meta name=viewport content=""width=device-width, initial-scale=1""><title>429</title>429 Too Many Requests"
Bajra/Pearl Millet,2021,7,2021-07-15,429,False,0,0,0,"<!doctype html><meta charset=""utf-8""><meta name=viewport content=""width=device-width, initial-scale=1""><title>429</title>429 Too Many Requests"
Bajra/Pearl Millet,2021,8,2021-08-01,429,False,0,0,0,"<!doctype html><meta charset=""utf-8""><meta name=viewport content=""width=device-width, initial-scale=1""><title>429</title>429 Too Many Requests"
Bajra/Pearl Millet,2021,8,2021-08-08,429,False,0,0,0,"<!doctype html><meta charset=""utf-8""><meta name=viewport content=""width=device-width, initial-scale=1""><title>429</title>429 Too Many Requests"
Bajra/Pearl Millet,2021,8,2021-08-15,429,False,0,0,0,"<!doctype html><meta charset=""utf-8""><meta name=viewport content=""width=device-width, initial-scale=1""><title>429</title>429 Too Many Requests"
Bajra/Pearl Millet,2021,9,2021-09-01,429,False,0,0,0,"<!doctype html><meta charset=""utf-8""><meta name=viewport content=""width=device-width, initial-scale=1""><title>429</title>429 Too Many Requests"
Bajra/Pearl Millet,2021,9,2021-09-08,429,False,0,0,0,"<!doctype html><meta charset=""utf-8""><meta name=viewport content=""width=device-width, initial-scale=1""><title>429</title>429 Too Many Requests"
Bajra/Pearl Millet,2021,9,2021-09-15,429,False,0,0,0,"<!doctype html><meta charset=""utf-8""><meta name=viewport content=""width=device-width, initial-scale=1""><title>429</title>429 Too Many Requests"
Bajra/Pearl Millet,2021,10,2021-10-01,429,False,0,0,0,"<!doctype html><meta charset=""utf-8""><meta name=viewport content=""width=device-width, initial-scale=1""><title>429</title>429 Too Many Requests"
Bajra/Pearl Millet,2021,10,2021-10-08,429,False,0,0,0,"<!doctype html><meta charset=""utf-8""><meta name=viewport content=""width=device-width, initial-scale=1""><title>429</title>429 Too Many Requests"
Bajra/Pearl Millet,2021,10,2021-10-15,429,False,0,0,0,"<!doctype html><meta charset=""utf-8""><meta name=viewport content=""width=device-width, initial-scale=1""><title>429</title>429 Too Many Requests"
Bajra/Pearl Millet,2021,11,2021-11-01,429,False,0,0,0,"<!doctype html><meta charset=""utf-8""><meta name=viewport content=""width=device-width, initial-scale=1""><title>429</title>429 Too Many Requests"
Bajra/Pearl Millet,2021,11,2021-11-08,429,False,0,0,0,"<!doctype html><meta charset=""utf-8""><meta name=viewport content=""width=device-width, initial-scale=1""><title>429</title>429 Too Many Requests"
Bajra/Pearl Millet,2021,11,2021-11-15,429,False,0,0,0,"<!doctype html><meta charset=""utf-8""><meta name=viewport content=""width=device-width, initial-scale=1""><title>429</title>429 Too Many Requests"
Bajra/Pearl Millet,2021,12,2021-12-01,429,False,0,0,0,"<!doctype html><meta charset=""utf-8""><meta name=viewport content=""width=device-width, initial-scale=1""><title>429</title>429 Too Many Requests"
Bajra/Pearl Millet,2021,12,2021-12-08,429,False,0,0,0,"<!doctype html><meta charset=""utf-8""><meta name=viewport content=""width=device-width, initial-scale=1""><title>429</title>429 Too Many Requests"
Bajra/Pearl Millet,2021,12,2021-12-15,429,False,0,0,0,"<!doctype html><meta charset=""utf-8""><meta name=viewport content=""width=device-width, initial-scale=1""><title>429</title>429 Too Many Requests"
Bajra/Pearl Millet,2022,1,2022-01-01,429,False,0,0,0,"<!doctype html><meta charset=""utf-8""><meta name=viewport content=""width=device-width, initial-scale=1""><title>429</title>429 Too Many Requests"
Bajra/Pearl Millet,2022,1,2022-01-08,429,False,0,0,0,"<!doctype html><meta charset=""utf-8""><meta name=viewport content=""width=device-width, initial-scale=1""><title>429</title>429 Too Many Requests"
Bajra/Pearl Millet,2022,1,2022-01-15,429,False,0,0,0,"<!doctype html><meta charset=""utf-8""><meta name=viewport content=""width=device-width, initial-scale=1""><title>429</title>429 Too Many Requests"
Bajra/Pearl Millet,2022,2,2022-02-01,429,False,0,0,0,"<!doctype html><meta charset=""utf-8""><meta name=viewport content=""width=device-width, initial-scale=1""><title>429</title>429 Too Many Requests"
Bajra/Pearl Millet,2022,2,2022-02-08,429,False,0,0,0,"<!doctype html><meta charset=""utf-8""><meta name=viewport content=""width=device-width, initial-scale=1""><title>429</title>429 Too Many Requests"
Bajra/Pearl Millet,2022,2,2022-02-15,429,False,0,0,0,"<!doctype html><meta charset=""utf-8""><meta name=viewport content=""width=device-width, initial-scale=1""><title>429</title>429 Too Many Requests"
Bajra/Pearl Millet,2022,3,2022-03-01,429,False,0,0,0,"<!doctype html><meta charset=""utf-8""><meta name=viewport content=""width=device-width, initial-scale=1""><title>429</title>429 Too Many Requests"
Bajra/Pearl Millet,2022,3,2022-03-08,429,False,0,0,0,"<!doctype html><meta charset=""utf-8""><meta name=viewport content=""width=device-width, initial-scale=1""><title>429</title>429 Too Many Requests"
Bajra/Pearl Millet,2022,3,2022-03-15,429,False,0,0,0,"<!doctype html><meta charset=""utf-8""><meta name=viewport content=""width=device-width, initial-scale=1""><title>429</title>429 Too Many Requests"
Bajra/Pearl Millet,2022,4,2022-04-01,429,False,0,0,0,"<!doctype html><meta charset=""utf-8""><meta name=viewport content=""width=device-width, initial-scale=1""><title>429</title>429 Too Many Requests"
Bajra/Pearl Millet,2022,4,2022-04-08,429,False,0,0,0,"<!doctype html><meta charset=""utf-8""><meta name=viewport content=""width=device-width, initial-scale=1""><title>429</title>429 Too Many Requests"
Bajra/Pearl Millet,2022,4,2022-04-15,429,False,0,0,0,"<!doctype html><meta charset=""utf-8""><meta name=viewport content=""width=device-width, initial-scale=1""><title>429</title>429 Too Many Requests"
Bajra/Pearl Millet,2022,5,2022-05-01,429,False,0,0,0,"<!doctype html><meta charset=""utf-8""><meta name=viewport content=""width=device-width, initial-scale=1""><title>429</title>429 Too Many Requests"
Bajra/Pearl Millet,2022,5,2022-05-08,429,False,0,0,0,"<!doctype html><meta charset=""utf-8""><meta name=viewport content=""width=device-width, initial-scale=1""><title>429</title>429 Too Many Requests"
Bajra/Pearl Millet,2022,5,2022-05-15,429,False,0,0,0,"<!doctype html><meta charset=""utf-8""><meta name=viewport content=""width=device-width, initial-scale=1""><title>429</title>429 Too Many Requests"
Bajra/Pearl Millet,2022,6,2022-06-01,429,False,0,0,0,"<!doctype html><meta charset=""utf-8""><meta name=viewport content=""width=device-width, initial-scale=1""><title>429</title>429 Too Many Requests"
Bajra/Pearl Millet,2022,6,2022-06-08,429,False,0,0,0,"<!doctype html><meta charset=""utf-8""><meta name=viewport content=""width=device-width, initial-scale=1""><title>429</title>429 Too Many Requests"
Bajra/Pearl Millet,2022,6,2022-06-15,429,False,0,0,0,"<!doctype html><meta charset=""utf-8""><meta name=viewport content=""width=device-width, initial-scale=1""><title>429</title>429 Too Many Requests"
Bajra/Pearl Millet,2022,7,2022-07-01,429,False,0,0,0,"<!doctype html><meta charset=""utf-8""><meta name=viewport content=""width=device-width, initial-scale=1""><title>429</title>429 Too Many Requests"
Bajra/Pearl Millet,2022,7,2022-07-08,429,False,0,0,0,"<!doctype html><meta charset=""utf-8""><meta name=viewport content=""width=device-width, initial-scale=1""><title>429</title>429 Too Many Requests"
Bajra/Pearl Millet,2022,7,2022-07-15,429,False,0,0,0,"<!doctype html><meta charset=""utf-8""><meta name=viewport content=""width=device-width, initial-scale=1""><title>429</title>429 Too Many Requests"
Bajra/Pearl Millet,2022,8,2022-08-01,429,False,0,0,0,"<!doctype html><meta charset=""utf-8""><meta name=viewport content=""width=device-width, initial-scale=1""><title>429</title>429 Too Many Requests"
Bajra/Pearl Millet,2022,8,2022-08-08,429,False,0,0,0,"<!doctype html><meta charset=""utf-8""><meta name=viewport content=""width=device-width, initial-scale=1""><title>429</title>429 Too Many Requests"
Bajra/Pearl Millet,2022,8,2022-08-15,429,False,0,0,0,"<!doctype html><meta charset=""utf-8""><meta name=viewport content=""width=device-width, initial-scale=1""><title>429</title>429 Too Many Requests"
Bajra/Pearl Millet,2022,9,2022-09-01,429,False,0,0,0,"<!doctype html><meta charset=""utf-8""><meta name=viewport content=""width=device-width, initial-scale=1""><title>429</title>429 Too Many Requests"
Bajra/Pearl Millet,2022,9,2022-09-08,429,False,0,0,0,"<!doctype html><meta charset=""utf-8""><meta name=viewport content=""width=device-width, initial-scale=1""><title>429</title>429 Too Many Requests"
Bajra/Pearl Millet,2022,9,2022-09-15,429,False,0,0,0,"<!doctype html><meta charset=""utf-8""><meta name=viewport content=""width=device-width, initial-scale=1""><title>429</title>429 Too Many Requests"
Bajra/Pearl Millet,2022,10,2022-10-01,429,False,0,0,0,"<!doctype html><meta charset=""utf-8""><meta name=viewport content=""width=device-width, initial-scale=1""><title>429</title>429 Too Many Requests"
Bajra/Pearl Millet,2022,10,2022-10-08,429,False,0,0,0,"<!doctype html><meta charset=""utf-8""><meta name=viewport content=""width=device-width, initial-scale=1""><title>429</title>429 Too Many Requests"
Bajra/Pearl Millet,2022,10,2022-10-15,429,False,0,0,0,"<!doctype html><meta charset=""utf-8""><meta name=viewport content=""width=device-width, initial-scale=1""><title>429</title>429 Too Many Requests"
Bajra/Pearl Millet,2022,11,2022-11-01,429,False,0,0,0,"<!doctype html><meta charset=""utf-8""><meta name=viewport content=""width=device-width, initial-scale=1""><title>429</title>429 Too Many Requests"
Bajra/Pearl Millet,2022,11,2022-11-08,429,False,0,0,0,"<!doctype html><meta charset=""utf-8""><meta name=viewport content=""width=device-width, initial-scale=1""><title>429</title>429 Too Many Requests"
Bajra/Pearl Millet,2022,11,2022-11-15,429,False,0,0,0,"<!doctype html><meta charset=""utf-8""><meta name=viewport content=""width=device-width, initial-scale=1""><title>429</title>429 Too Many Requests"
Bajra/Pearl Millet,2022,12,2022-12-01,429,False,0,0,0,"<!doctype html><meta charset=""utf-8""><meta name=viewport content=""width=device-width, initial-scale=1""><title>429</title>429 Too Many Requests"
Bajra/Pearl Millet,2022,12,2022-12-08,429,False,0,0,0,"<!doctype html><meta charset=""utf-8""><meta name=viewport content=""width=device-width, initial-scale=1""><title>429</title>429 Too Many Requests"
Bajra/Pearl Millet,2022,12,2022-12-15,429,False,0,0,0,"<!doctype html><meta charset=""utf-8""><meta name=viewport content=""width=device-width, initial-scale=1""><title>429</title>429 Too Many Requests"
Bajra/Pearl Millet,2023,2,2023-02-01,429,False,0,0,0,"<!doctype html><meta charset=""utf-8""><meta name=viewport content=""width=device-width, initial-scale=1""><title>429</title>429 Too Many Requests"
Bajra/Pearl Millet,2023,2,2023-02-08,429,False,0,0,0,"<!doctype html><meta charset=""utf-8""><meta name=viewport content=""width=device-width, initial-scale=1""><title>429</title>429 Too Many Requests"
Bajra/Pearl Millet,2023,2,2023-02-15,429,False,0,0,0,"<!doctype html><meta charset=""utf-8""><meta name=viewport content=""width=device-width, initial-scale=1""><title>429</title>429 Too Many Requests"
Bajra/Pearl Millet,2023,1,2023-01-01,429,False,0,0,0,"<!doctype html><meta charset=""utf-8""><meta name=viewport content=""width=device-width, initial-scale=1""><title>429</title>429 Too Many Requests"
Bajra/Pearl Millet,2023,1,2023-01-08,429,False,0,0,0,"<!doctype html><meta charset=""utf-8""><meta name=viewport content=""width=device-width, initial-scale=1""><title>429</title>429 Too Many Requests"
Bajra/Pearl Millet,2023,1,2023-01-15,429,False,0,0,0,"<!doctype html><meta charset=""utf-8""><meta name=viewport content=""width=device-width, initial-scale=1""><title>429</title>429 Too Many Requests"
Bajra/Pearl Millet,2023,3,2023-03-01,429,False,0,0,0,"<!doctype html><meta charset=""utf-8""><meta name=viewport content=""width=device-width, initial-scale=1""><title>429</title>429 Too Many Requests"
Bajra/Pearl Millet,2023,3,2023-03-08,429,False,0,0,0,"<!doctype html><meta charset=""utf-8""><meta name=viewport content=""width=device-width, initial-scale=1""><title>429</title>429 Too Many Requests"
Bajra/Pearl Millet,2023,3,2023-03-15,429,False,0,0,0,"<!doctype html><meta charset=""utf-8""><meta name=viewport content=""width=device-width, initial-scale=1""><title>429</title>429 Too Many Requests"
Bajra/Pearl Millet,2023,4,2023-04-01,429,False,0,0,0,"<!doctype html><meta charset=""utf-8""><meta name=viewport content=""width=device-width, initial-scale=1""><title>429</title>429 Too Many Requests"
Bajra/Pearl Millet,2023,4,2023-04-08,429,False,0,0,0,"<!doctype html><meta charset=""utf-8""><meta name=viewport content=""width=device-width, initial-scale=1""><title>429</title>429 Too Many Requests"
Bajra/Pearl Millet,2023,4,2023-04-15,429,False,0,0,0,"<!doctype html><meta charset=""utf-8""><meta name=viewport content=""width=device-width, initial-scale=1""><title>429</title>429 Too Many Requests"
Bajra/Pearl Millet,2023,5,2023-05-01,429,False,0,0,0,"<!doctype html><meta charset=""utf-8""><meta name=viewport content=""width=device-width, initial-scale=1""><title>429</title>429 Too Many Requests"
Bajra/Pearl Millet,2023,5,2023-05-08,429,False,0,0,0,"<!doctype html><meta charset=""utf-8""><meta name=viewport content=""width=device-width, initial-scale=1""><title>429</title>429 Too Many Requests"
Bajra/Pearl Millet,2023,5,2023-05-15,429,False,0,0,0,"<!doctype html><meta charset=""utf-8""><meta name=viewport content=""width=device-width, initial-scale=1""><title>429</title>429 Too Many Requests"
Bajra/Pearl Millet,2023,6,2023-06-01,429,False,0,0,0,"<!doctype html><meta charset=""utf-8""><meta name=viewport content=""width=device-width, initial-scale=1""><title>429</title>429 Too Many Requests"
Bajra/Pearl Millet,2023,6,2023-06-08,429,False,0,0,0,"<!doctype html><meta charset=""utf-8""><meta name=viewport content=""width=device-width, initial-scale=1""><title>429</title>429 Too Many Requests"
Bajra/Pearl Millet,2023,6,2023-06-15,429,False,0,0,0,"<!doctype html><meta charset=""utf-8""><meta name=viewport content=""width=device-width, initial-scale=1""><title>429</title>429 Too Many Requests"
Bajra/Pearl Millet,2023,7,2023-07-01,429,False,0,0,0,"<!doctype html><meta charset=""utf-8""><meta name=viewport content=""width=device-width, initial-scale=1""><title>429</title>429 Too Many Requests"
Bajra/Pearl Millet,2023,7,2023-07-08,429,False,0,0,0,"<!doctype html><meta charset=""utf-8""><meta name=viewport content=""width=device-width, initial-scale=1""><title>429</title>429 Too Many Requests"
Bajra/Pearl Millet,2023,7,2023-07-15,429,False,0,0,0,"<!doctype html><meta charset=""utf-8""><meta name=viewport content=""width=device-width, initial-scale=1""><title>429</title>429 Too Many Requests"
Bajra/Pearl Millet,2023,8,2023-08-01,429,False,0,0,0,"<!doctype html><meta charset=""utf-8""><meta name=viewport content=""width=device-width, initial-scale=1""><title>429</title>429 Too Many Requests"
Bajra/Pearl Millet,2023,8,2023-08-08,429,False,0,0,0,"<!doctype html><meta charset=""utf-8""><meta name=viewport content=""width=device-width, initial-scale=1""><title>429</title>429 Too Many Requests"
Bajra/Pearl Millet,2023,8,2023-08-15,429,False,0,0,0,"<!doctype html><meta charset=""utf-8""><meta name=viewport content=""width=device-width, initial-scale=1""><title>429</title>429 Too Many Requests"
Bajra/Pearl Millet,2023,9,2023-09-01,429,False,0,0,0,"<!doctype html><meta charset=""utf-8""><meta name=viewport content=""width=device-width, initial-scale=1""><title>429</title>429 Too Many Requests"
Bajra/Pearl Millet,2023,9,2023-09-08,429,False,0,0,0,"<!doctype html><meta charset=""utf-8""><meta name=viewport content=""width=device-width, initial-scale=1""><title>429</title>429 Too Many Requests"
Bajra/Pearl Millet,2023,9,2023-09-15,429,False,0,0,0,"<!doctype html><meta charset=""utf-8""><meta name=viewport content=""width=device-width, initial-scale=1""><title>429</title>429 Too Many Requests"
Bajra/Pearl Millet,2023,10,2023-10-01,429,False,0,0,0,"<!doctype html><meta charset=""utf-8""><meta name=viewport content=""width=device-width, initial-scale=1""><title>429</title>429 Too Many Requests"
Bajra/Pearl Millet,2023,10,2023-10-08,429,False,0,0,0,"<!doctype html><meta charset=""utf-8""><meta name=viewport content=""width=device-width, initial-scale=1""><title>429</title>429 Too Many Requests"
Bajra/Pearl Millet,2023,10,2023-10-15,429,False,0,0,0,"<!doctype html><meta charset=""utf-8""><meta name=viewport content=""width=device-width, initial-scale=1""><title>429</title>429 Too Many Requests"
Bajra/Pearl Millet,2023,11,2023-11-01,429,False,0,0,0,"<!doctype html><meta charset=""utf-8""><meta name=viewport content=""width=device-width, initial-scale=1""><title>429</title>429 Too Many Requests"
Bajra/Pearl Millet,2023,11,2023-11-08,429,False,0,0,0,"<!doctype html><meta charset=""utf-8""><meta name=viewport content=""width=device-width, initial-scale=1""><title>429</title>429 Too Many Requests"
Bajra/Pearl Millet,2023,11,2023-11-15,429,False,0,0,0,"<!doctype html><meta charset=""utf-8""><meta name=viewport content=""width=device-width, initial-scale=1""><title>429</title>429 Too Many Requests"
Bajra/Pearl Millet,2023,12,2023-12-01,429,False,0,0,0,"<!doctype html><meta charset=""utf-8""><meta name=viewport content=""width=device-width, initial-scale=1""><title>429</title>429 Too Many Requests"
Bajra/Pearl Millet,2023,12,2023-12-08,429,False,0,0,0,"<!doctype html><meta charset=""utf-8""><meta name=viewport content=""width=device-width, initial-scale=1""><title>429</title>429 Too Many Requests"
Bajra/Pearl Millet,2023,12,2023-12-15,429,False,0,0,0,"<!doctype html><meta charset=""utf-8""><meta name=viewport content=""width=device-width, initial-scale=1""><title>429</title>429 Too Many Requests"
Bajra/Pearl Millet,2024,1,2024-01-01,429,False,0,0,0,"<!doctype html><meta charset=""utf-8""><meta name=viewport content=""width=device-width, initial-scale=1""><title>429</title>429 Too Many Requests"
Bajra/Pearl Millet,2024,1,2024-01-08,429,False,0,0,0,"<!doctype html><meta charset=""utf-8""><meta name=viewport content=""width=device-width, initial-scale=1""><title>429</title>429 Too Many Requests"
Bajra/Pearl Millet,2024,1,2024-01-15,429,False,0,0,0,"<!doctype html><meta charset=""utf-8""><meta name=viewport content=""width=device-width, initial-scale=1""><title>429</title>429 Too Many Requests"
Bajra/Pearl Millet,2024,2,2024-02-01,429,False,0,0,0,"<!doctype html><meta charset=""utf-8""><meta name=viewport content=""width=device-width, initial-scale=1""><title>429</title>429 Too Many Requests"
Bajra/Pearl Millet,2024,2,2024-02-08,429,False,0,0,0,"<!doctype html><meta charset=""utf-8""><meta name=viewport content=""width=device-width, initial-scale=1""><title>429</title>429 Too Many Requests"
Bajra/Pearl Millet,2024,2,2024-02-15,429,False,0,0,0,"<!doctype html><meta charset=""utf-8""><meta name=viewport content=""width=device-width, initial-scale=1""><title>429</title>429 Too Many Requests"
Bajra/Pearl Millet,2024,3,2024-03-01,429,False,0,0,0,"<!doctype html><meta charset=""utf-8""><meta name=viewport content=""width=device-width, initial-scale=1""><title>429</title>429 Too Many Requests"
Bajra/Pearl Millet,2024,3,2024-03-08,429,False,0,0,0,"<!doctype html><meta charset=""utf-8""><meta name=viewport content=""width=device-width, initial-scale=1""><title>429</title>429 Too Many Requests"
Bajra/Pearl Millet,2024,3,2024-03-15,429,False,0,0,0,"<!doctype html><meta charset=""utf-8""><meta name=viewport content=""width=device-width, initial-scale=1""><title>429</title>429 Too Many Requests"
Bajra/Pearl Millet,2024,4,2024-04-01,429,False,0,0,0,"<!doctype html><meta charset=""utf-8""><meta name=viewport content=""width=device-width, initial-scale=1""><title>429</title>429 Too Many Requests"
Bajra/Pearl Millet,2024,4,2024-04-08,429,False,0,0,0,"<!doctype html><meta charset=""utf-8""><meta name=viewport content=""width=device-width, initial-scale=1""><title>429</title>429 Too Many Requests"
Bajra/Pearl Millet,2024,4,2024-04-15,429,False,0,0,0,"<!doctype html><meta charset=""utf-8""><meta name=viewport content=""width=device-width, initial-scale=1""><title>429</title>429 Too Many Requests"
Bajra/Pearl Millet,2024,5,2024-05-01,429,False,0,0,0,"<!doctype html><meta charset=""utf-8""><meta name=viewport content=""width=device-width, initial-scale=1""><title>429</title>429 Too Many Requests"
Bajra/Pearl Millet,2024,5,2024-05-08,429,False,0,0,0,"<!doctype html><meta charset=""utf-8""><meta name=viewport content=""width=device-width, initial-scale=1""><title>429</title>429 Too Many Requests"
Bajra/Pearl Millet,2024,5,2024-05-15,429,False,0,0,0,"<!doctype html><meta charset=""utf-8""><meta name=viewport content=""width=device-width, initial-scale=1""><title>429</title>429 Too Many Requests"
Bajra/Pearl Millet,2024,6,2024-06-01,429,False,0,0,0,"<!doctype html><meta charset=""utf-8""><meta name=viewport content=""width=device-width, initial-scale=1""><title>429</title>429 Too Many Requests"
Bajra/Pearl Millet,2024,6,2024-06-08,429,False,0,0,0,"<!doctype html><meta charset=""utf-8""><meta name=viewport content=""width=device-width, initial-scale=1""><title>429</title>429 Too Many Requests"
Bajra/Pearl Millet,2024,6,2024-06-15,429,False,0,0,0,"<!doctype html><meta charset=""utf-8""><meta name=viewport content=""width=device-width, initial-scale=1""><title>429</title>429 Too Many Requests"
Bajra/Pearl Millet,2024,7,2024-07-01,429,False,0,0,0,"<!doctype html><meta charset=""utf-8""><meta name=viewport content=""width=device-width, initial-scale=1""><title>429</title>429 Too Many Requests"
Bajra/Pearl Millet,2024,7,2024-07-08,429,False,0,0,0,"<!doctype html><meta charset=""utf-8""><meta name=viewport content=""width=device-width, initial-scale=1""><title>429</title>429 Too Many Requests"
Bajra/Pearl Millet,2024,7,2024-07-15,429,False,0,0,0,"<!doctype html><meta charset=""utf-8""><meta name=viewport content=""width=device-width, initial-scale=1""><title>429</title>429 Too Many Requests"
Bajra/Pearl Millet,2024,8,2024-08-01,429,False,0,0,0,"<!doctype html><meta charset=""utf-8""><meta name=viewport content=""width=device-width, initial-scale=1""><title>429</title>429 Too Many Requests"
Bajra/Pearl Millet,2024,8,2024-08-08,429,False,0,0,0,"<!doctype html><meta charset=""utf-8""><meta name=viewport content=""width=device-width, initial-scale=1""><title>429</title>429 Too Many Requests"
Bajra/Pearl Millet,2024,8,2024-08-15,429,False,0,0,0,"<!doctype html><meta charset=""utf-8""><meta name=viewport content=""width=device-width, initial-scale=1""><title>429</title>429 Too Many Requests"
Bajra/Pearl Millet,2024,9,2024-09-01,429,False,0,0,0,"<!doctype html><meta charset=""utf-8""><meta name=viewport content=""width=device-width, initial-scale=1""><title>429</title>429 Too Many Requests"
Bajra/Pearl Millet,2024,9,2024-09-08,429,False,0,0,0,"<!doctype html><meta charset=""utf-8""><meta name=viewport content=""width=device-width, initial-scale=1""><title>429</title>429 Too Many Requests"
Bajra/Pearl Millet,2024,9,2024-09-15,429,False,0,0,0,"<!doctype html><meta charset=""utf-8""><meta name=viewport content=""width=device-width, initial-scale=1""><title>429</title>429 Too Many Requests"
Bajra/Pearl Millet,2024,10,2024-10-01,429,False,0,0,0,"<!doctype html><meta charset=""utf-8""><meta name=viewport content=""width=device-width, initial-scale=1""><title>429</title>429 Too Many Requests"
Bajra/Pearl Millet,2024,10,2024-10-08,429,False,0,0,0,"<!doctype html><meta charset=""utf-8""><meta name=viewport content=""width=device-width, initial-scale=1""><title>429</title>429 Too Many Requests"
Bajra/Pearl Millet,2024,10,2024-10-15,429,False,0,0,0,"<!doctype html><meta charset=""utf-8""><meta name=viewport content=""width=device-width, initial-scale=1""><title>429</title>429 Too Many Requests"
Bajra/Pearl Millet,2024,11,2024-11-01,429,False,0,0,0,"<!doctype html><meta charset=""utf-8""><meta name=viewport content=""width=device-width, initial-scale=1""><title>429</title>429 Too Many Requests"
Bajra/Pearl Millet,2024,11,2024-11-08,429,False,0,0,0,"<!doctype html><meta charset=""utf-8""><meta name=viewport content=""width=device-width, initial-scale=1""><title>429</title>429 Too Many Requests"
Bajra/Pearl Millet,2024,11,2024-11-15,429,False,0,0,0,"<!doctype html><meta charset=""utf-8""><meta name=viewport content=""width=device-width, initial-scale=1""><title>429</title>429 Too Many Requests"
Bajra/Pearl Millet,2024,12,2024-12-01,429,False,0,0,0,"<!doctype html><meta charset=""utf-8""><meta name=viewport content=""width=device-width, initial-scale=1""><title>429</title>429 Too Many Requests"
Bajra/Pearl Millet,2024,12,2024-12-08,429,False,0,0,0,"<!doctype html><meta charset=""utf-8""><meta name=viewport content=""width=device-width, initial-scale=1""><title>429</title>429 Too Many Requests"
Bajra/Pearl Millet,2024,12,2024-12-15,429,False,0,0,0,"<!doctype html><meta charset=""utf-8""><meta name=viewport content=""width=device-width, initial-scale=1""><title>429</title>429 Too Many Requests"
Bajra/Pearl Millet,2025,1,2025-01-01,429,False,0,0,0,"<!doctype html><meta charset=""utf-8""><meta name=viewport content=""width=device-width, initial-scale=1""><title>429</title>429 Too Many Requests"
Bajra/Pearl Millet,2025,1,2025-01-08,429,False,0,0,0,"<!doctype html><meta charset=""utf-8""><meta name=viewport content=""width=device-width, initial-scale=1""><title>429</title>429 Too Many Requests"
Bajra/Pearl Millet,2025,1,2025-01-15,429,False,0,0,0,"<!doctype html><meta charset=""utf-8""><meta name=viewport content=""width=device-width, initial-scale=1""><title>429</title>429 Too Many Requests"
Bajra/Pearl Millet,2025,2,2025-02-01,429,False,0,0,0,"<!doctype html><meta charset=""utf-8""><meta name=viewport content=""width=device-width, initial-scale=1""><title>429</title>429 Too Many Requests"
Bajra/Pearl Millet,2025,2,2025-02-08,429,False,0,0,0,"<!doctype html><meta charset=""utf-8""><meta name=viewport content=""width=device-width, initial-scale=1""><title>429</title>429 Too Many Requests"
Bajra/Pearl Millet,2025,2,2025-02-15,429,False,0,0,0,"<!doctype html><meta charset=""utf-8""><meta name=viewport content=""width=device-width, initial-scale=1""><title>429</title>429 Too Many Requests"
Bajra/Pearl Millet,2025,3,2025-03-01,429,False,0,0,0,"<!doctype html><meta charset=""utf-8""><meta name=viewport content=""width=device-width, initial-scale=1""><title>429</title>429 Too Many Requests"
Bajra/Pearl Millet,2025,3,2025-03-08,429,False,0,0,0,"<!doctype html><meta charset=""utf-8""><meta name=viewport content=""width=device-width, initial-scale=1""><title>429</title>429 Too Many Requests"
Bajra/Pearl Millet,2025,3,2025-03-15,429,False,0,0,0,"<!doctype html><meta charset=""utf-8""><meta name=viewport content=""width=device-width, initial-scale=1""><title>429</title>429 Too Many Requests"
Bajra/Pearl Millet,2025,5,2025-05-01,429,False,0,0,0,"<!doctype html><meta charset=""utf-8""><meta name=viewport content=""width=device-width, initial-scale=1""><title>429</title>429 Too Many Requests"
Bajra/Pearl Millet,2025,5,2025-05-08,429,False,0,0,0,"<!doctype html><meta charset=""utf-8""><meta name=viewport content=""width=device-width, initial-scale=1""><title>429</title>429 Too Many Requests"
Bajra/Pearl Millet,2025,5,2025-05-15,429,False,0,0,0,"<!doctype html><meta charset=""utf-8""><meta name=viewport content=""width=device-width, initial-scale=1""><title>429</title>429 Too Many Requests"
Bajra/Pearl Millet,2025,4,2025-04-01,429,False,0,0,0,"<!doctype html><meta charset=""utf-8""><meta name=viewport content=""width=device-width, initial-scale=1""><title>429</title>429 Too Many Requests"
Bajra/Pearl Millet,2025,4,2025-04-08,429,False,0,0,0,"<!doctype html><meta charset=""utf-8""><meta name=viewport content=""width=device-width, initial-scale=1""><title>429</title>429 Too Many Requests"
Bajra/Pearl Millet,2025,4,2025-04-15,429,False,0,0,0,"<!doctype html><meta charset=""utf-8""><meta name=viewport content=""width=device-width, initial-scale=1""><title>429</title>429 Too Many Requests"
Bajra/Pearl Millet,2025,6,2025-06-01,429,False,0,0,0,"<!doctype html><meta charset=""utf-8""><meta name=viewport content=""width=device-width, initial-scale=1""><title>429</title>429 Too Many Requests"
Bajra/Pearl Millet,2025,6,2025-06-08,429,False,0,0,0,"<!doctype html><meta charset=""utf-8""><meta name=viewport content=""width=device-width, initial-scale=1""><title>429</title>429 Too Many Requests"
Bajra/Pearl Millet,2025,6,2025-06-15,429,False,0,0,0,"<!doctype html><meta charset=""utf-8""><meta name=viewport content=""width=device-width, initial-scale=1""><title>429</title>429 Too Many Requests"
Bajra/Pearl Millet,2025,7,2025-07-01,429,False,0,0,0,"<!doctype html><meta charset=""utf-8""><meta name=viewport content=""width=device-width, initial-scale=1""><title>429</title>429 Too Many Requests"
Bajra/Pearl Millet,2025,7,2025-07-08,429,False,0,0,0,"<!doctype html><meta charset=""utf-8""><meta name=viewport content=""width=device-width, initial-scale=1""><title>429</title>429 Too Many Requests"
Bajra/Pearl Millet,2025,7,2025-07-15,429,False,0,0,0,"<!doctype html><meta charset=""utf-8""><meta name=viewport content=""width=device-width, initial-scale=1""><title>429</title>429 Too Many Requests"
Bajra/Pearl Millet,2025,8,2025-08-01,429,False,0,0,0,"<!doctype html><meta charset=""utf-8""><meta name=viewport content=""width=device-width, initial-scale=1""><title>429</title>429 Too Many Requests"
Bajra/Pearl Millet,2025,8,2025-08-08,429,False,0,0,0,"<!doctype html><meta charset=""utf-8""><meta name=viewport content=""width=device-width, initial-scale=1""><title>429</title>429 Too Many Requests"
Bajra/Pearl Millet,2025,8,2025-08-15,429,False,0,0,0,"<!doctype html><meta charset=""utf-8""><meta name=viewport content=""width=device-width, initial-scale=1""><title>429</title>429 Too Many Requests"
Bajra/Pearl Millet,2025,9,2025-09-01,429,False,0,0,0,"<!doctype html><meta charset=""utf-8""><meta name=viewport content=""width=device-width, initial-scale=1""><title>429</title>429 Too Many Requests"
Bajra/Pearl Millet,2025,9,2025-09-08,429,False,0,0,0,"<!doctype html><meta charset=""utf-8""><meta name=viewport content=""width=device-width, initial-scale=1""><title>429</title>429 Too Many Requests"
Bajra/Pearl Millet,2025,9,2025-09-15,429,False,0,0,0,"<!doctype html><meta charset=""utf-8""><meta name=viewport content=""width=device-width, initial-scale=1""><title>429</title>429 Too Many Requests"
Bajra/Pearl Millet,2025,10,2025-10-01,429,False,0,0,0,"<!doctype html><meta charset=""utf-8""><meta name=viewport content=""width=device-width, initial-scale=1""><title>429</title>429 Too Many Requests"
Bajra/Pearl Millet,2025,10,2025-10-08,429,False,0,0,0,"<!doctype html><meta charset=""utf-8""><meta name=viewport content=""width=device-width, initial-scale=1""><title>429</title>429 Too Many Requests"
Bajra/Pearl Millet,2025,10,2025-10-15,429,False,0,0,0,"<!doctype html><meta charset=""utf-8""><meta name=viewport content=""width=device-width, initial-scale=1""><title>429</title>429 Too Many Requests"
Bajra/Pearl Millet,2025,11,2025-11-01,429,False,0,0,0,"<!doctype html><meta charset=""utf-8""><meta name=viewport content=""width=device-width, initial-scale=1""><title>429</title>429 Too Many Requests"
Bajra/Pearl Millet,2025,11,2025-11-08,429,False,0,0,0,"<!doctype html><meta charset=""utf-8""><meta name=viewport content=""width=device-width, initial-scale=1""><title>429</title>429 Too Many Requests"
Bajra/Pearl Millet,2025,11,2025-11-15,429,False,0,0,0,"<!doctype html><meta charset=""utf-8""><meta name=viewport content=""width=device-width, initial-scale=1""><title>429</title>429 Too Many Requests"
Bajra/Pearl Millet,2025,12,2025-12-01,429,False,0,0,0,"<!doctype html><meta charset=""utf-8""><meta name=viewport content=""width=device-width, initial-scale=1""><title>429</title>429 Too Many Requests"
Bajra/Pearl Millet,2025,12,2025-12-08,429,False,0,0,0,"<!doctype html><meta charset=""utf-8""><meta name=viewport content=""width=device-width, initial-scale=1""><title>429</title>429 Too Many Requests"
Bajra/Pearl Millet,2025,12,2025-12-15,429,False,0,0,0,"<!doctype html><meta charset=""utf-8""><meta name=viewport content=""width=device-width, initial-scale=1""><title>429</title>429 Too Many Requests"
Lentil,2016,12,2016-12-01,429,False,0,0,0,"<!doctype html><meta charset=""utf-8""><meta name=viewport content=""width=device-width, initial-scale=1""><title>429</title>429 Too Many Requests"
Lentil,2016,12,2016-12-08,429,False,0,0,0,"<!doctype html><meta charset=""utf-8""><meta name=viewport content=""width=device-width, initial-scale=1""><title>429</title>429 Too Many Requests"
Lentil,2016,12,2016-12-15,429,False,0,0,0,"<!doctype html><meta charset=""utf-8""><meta name=viewport content=""width=device-width, initial-scale=1""><title>429</title>429 Too Many Requests"
Lentil,2017,2,2017-02-01,429,False,0,0,0,"<!doctype html><meta charset=""utf-8""><meta name=viewport content=""width=device-width, initial-scale=1""><title>429</title>429 Too Many Requests"
Lentil,2017,2,2017-02-08,429,False,0,0,0,"<!doctype html><meta charset=""utf-8""><meta name=viewport content=""width=device-width, initial-scale=1""><title>429</title>429 Too Many Requests"
Lentil,2017,2,2017-02-15,429,False,0,0,0,"<!doctype html><meta charset=""utf-8""><meta name=viewport content=""width=device-width, initial-scale=1""><title>429</title>429 Too Many Requests"
Lentil,2017,3,2017-03-01,429,False,0,0,0,"<!doctype html><meta charset=""utf-8""><meta name=viewport content=""width=device-width, initial-scale=1""><title>429</title>429 Too Many Requests"
Lentil,2017,3,2017-03-08,429,False,0,0,0,"<!doctype html><meta charset=""utf-8""><meta name=viewport content=""width=device-width, initial-scale=1""><title>429</title>429 Too Many Requests"
Lentil,2017,3,2017-03-15,429,False,0,0,0,"<!doctype html><meta charset=""utf-8""><meta name=viewport content=""width=device-width, initial-scale=1""><title>429</title>429 Too Many Requests"
Lentil,2016,9,2016-09-01,429,False,0,0,0,"<!doctype html><meta charset=""utf-8""><meta name=viewport content=""width=device-width, initial-scale=1""><title>429</title>429 Too Many Requests"
Lentil,2016,9,2016-09-08,429,False,0,0,0,"<!doctype html><meta charset=""utf-8""><meta name=viewport content=""width=device-width, initial-scale=1""><title>429</title>429 Too Many Requests"
Lentil,2016,9,2016-09-15,429,False,0,0,0,"<!doctype html><meta charset=""utf-8""><meta name=viewport content=""width=device-width, initial-scale=1""><title>429</title>429 Too Many Requests"
Lentil,2017,1,2017-01-01,429,False,0,0,0,"<!doctype html><meta charset=""utf-8""><meta name=viewport content=""width=device-width, initial-scale=1""><title>429</title>429 Too Many Requests"
Lentil,2017,1,2017-01-08,429,False,0,0,0,"<!doctype html><meta charset=""utf-8""><meta name=viewport content=""width=device-width, initial-scale=1""><title>429</title>429 Too Many Requests"
Lentil,2017,1,2017-01-15,429,False,0,0,0,"<!doctype html><meta charset=""utf-8""><meta name=viewport content=""width=device-width, initial-scale=1""><title>429</title>429 Too Many Requests"
Lentil,2017,4,2017-04-01,429,False,0,0,0,"<!doctype html><meta charset=""utf-8""><meta name=viewport content=""width=device-width, initial-scale=1""><title>429</title>429 Too Many Requests"
Lentil,2017,4,2017-04-08,429,False,0,0,0,"<!doctype html><meta charset=""utf-8""><meta name=viewport content=""width=device-width, initial-scale=1""><title>429</title>429 Too Many Requests"
Lentil,2017,4,2017-04-15,429,False,0,0,0,"<!doctype html><meta charset=""utf-8""><meta name=viewport content=""width=device-width, initial-scale=1""><title>429</title>429 Too Many Requests"
Lentil,2017,5,2017-05-01,429,False,0,0,0,"<!doctype html><meta charset=""utf-8""><meta name=viewport content=""width=device-width, initial-scale=1""><title>429</title>429 Too Many Requests"
Lentil,2017,5,2017-05-08,429,False,0,0,0,"<!doctype html><meta charset=""utf-8""><meta name=viewport content=""width=device-width, initial-scale=1""><title>429</title>429 Too Many Requests"
Lentil,2017,5,2017-05-15,429,False,0,0,0,"<!doctype html><meta charset=""utf-8""><meta name=viewport content=""width=device-width, initial-scale=1""><title>429</title>429 Too Many Requests"
Lentil,2017,6,2017-06-01,429,False,0,0,0,"<!doctype html><meta charset=""utf-8""><meta name=viewport content=""width=device-width, initial-scale=1""><title>429</title>429 Too Many Requests"
Lentil,2017,6,2017-06-08,429,False,0,0,0,"<!doctype html><meta charset=""utf-8""><meta name=viewport content=""width=device-width, initial-scale=1""><title>429</title>429 Too Many Requests"
Lentil,2017,6,2017-06-15,429,False,0,0,0,"<!doctype html><meta charset=""utf-8""><meta name=viewport content=""width=device-width, initial-scale=1""><title>429</title>429 Too Many Requests"
Lentil,2017,7,2017-07-01,429,False,0,0,0,"<!doctype html><meta charset=""utf-8""><meta name=viewport content=""width=device-width, initial-scale=1""><title>429</title>429 Too Many Requests"
Lentil,2017,7,2017-07-08,429,False,0,0,0,"<!doctype html><meta charset=""utf-8""><meta name=viewport content=""width=device-width, initial-scale=1""><title>429</title>429 Too Many Requests"
Lentil,2017,7,2017-07-15,429,False,0,0,0,"<!doctype html><meta charset=""utf-8""><meta name=viewport content=""width=device-width, initial-scale=1""><title>429</title>429 Too Many Requests"
Lentil,2017,8,2017-08-01,429,False,0,0,0,"<!doctype html><meta charset=""utf-8""><meta name=viewport content=""width=device-width, initial-scale=1""><title>429</title>429 Too Many Requests"
Lentil,2017,8,2017-08-08,429,False,0,0,0,"<!doctype html><meta charset=""utf-8""><meta name=viewport content=""width=device-width, initial-scale=1""><title>429</title>429 Too Many Requests"
Lentil,2017,8,2017-08-15,429,False,0,0,0,"<!doctype html><meta charset=""utf-8""><meta name=viewport content=""width=device-width, initial-scale=1""><title>429</title>429 Too Many Requests"
Lentil,2017,9,2017-09-01,429,False,0,0,0,"<!doctype html><meta charset=""utf-8""><meta name=viewport content=""width=device-width, initial-scale=1""><title>429</title>429 Too Many Requests"
Lentil,2017,9,2017-09-08,429,False,0,0,0,"<!doctype html><meta charset=""utf-8""><meta name=viewport content=""width=device-width, initial-scale=1""><title>429</title>429 Too Many Requests"
Lentil,2017,9,2017-09-15,429,False,0,0,0,"<!doctype html><meta charset=""utf-8""><meta name=viewport content=""width=device-width, initial-scale=1""><title>429</title>429 Too Many Requests"
Lentil,2017,10,2017-10-01,429,False,0,0,0,"<!doctype html><meta charset=""utf-8""><meta name=viewport content=""width=device-width, initial-scale=1""><title>429</title>429 Too Many Requests"
Lentil,2017,10,2017-10-08,429,False,0,0,0,"<!doctype html><meta charset=""utf-8""><meta name=viewport content=""width=device-width, initial-scale=1""><title>429</title>429 Too Many Requests"
Lentil,2017,10,2017-10-15,429,False,0,0,0,"<!doctype html><meta charset=""utf-8""><meta name=viewport content=""width=device-width, initial-scale=1""><title>429</title>429 Too Many Requests"
Lentil,2017,11,2017-11-01,429,False,0,0,0,"<!doctype html><meta charset=""utf-8""><meta name=viewport content=""width=device-width, initial-scale=1""><title>429</title>429 Too Many Requests"
Lentil,2017,11,2017-11-08,429,False,0,0,0,"<!doctype html><meta charset=""utf-8""><meta name=viewport content=""width=device-width, initial-scale=1""><title>429</title>429 Too Many Requests"
Lentil,2017,11,2017-11-15,429,False,0,0,0,"<!doctype html><meta charset=""utf-8""><meta name=viewport content=""width=device-width, initial-scale=1""><title>429</title>429 Too Many Requests"
Lentil,2017,12,2017-12-01,429,False,0,0,0,"<!doctype html><meta charset=""utf-8""><meta name=viewport content=""width=device-width, initial-scale=1""><title>429</title>429 Too Many Requests"
Lentil,2017,12,2017-12-08,429,False,0,0,0,"<!doctype html><meta charset=""utf-8""><meta name=viewport content=""width=device-width, initial-scale=1""><title>429</title>429 Too Many Requests"
Lentil,2017,12,2017-12-15,429,False,0,0,0,"<!doctype html><meta charset=""utf-8""><meta name=viewport content=""width=device-width, initial-scale=1""><title>429</title>429 Too Many Requests"
Lentil,2018,1,2018-01-01,429,False,0,0,0,"<!doctype html><meta charset=""utf-8""><meta name=viewport content=""width=device-width, initial-scale=1""><title>429</title>429 Too Many Requests"
Lentil,2018,1,2018-01-08,429,False,0,0,0,"<!doctype html><meta charset=""utf-8""><meta name=viewport content=""width=device-width, initial-scale=1""><title>429</title>429 Too Many Requests"
Lentil,2018,1,2018-01-15,429,False,0,0,0,"<!doctype html><meta charset=""utf-8""><meta name=viewport content=""width=device-width, initial-scale=1""><title>429</title>429 Too Many Requests"
Lentil,2018,2,2018-02-01,429,False,0,0,0,"<!doctype html><meta charset=""utf-8""><meta name=viewport content=""width=device-width, initial-scale=1""><title>429</title>429 Too Many Requests"
Lentil,2018,2,2018-02-08,429,False,0,0,0,"<!doctype html><meta charset=""utf-8""><meta name=viewport content=""width=device-width, initial-scale=1""><title>429</title>429 Too Many Requests"
Lentil,2018,2,2018-02-15,429,False,0,0,0,"<!doctype html><meta charset=""utf-8""><meta name=viewport content=""width=device-width, initial-scale=1""><title>429</title>429 Too Many Requests"
Lentil,2018,3,2018-03-01,429,False,0,0,0,"<!doctype html><meta charset=""utf-8""><meta name=viewport content=""width=device-width, initial-scale=1""><title>429</title>429 Too Many Requests"
Lentil,2018,3,2018-03-08,429,False,0,0,0,"<!doctype html><meta charset=""utf-8""><meta name=viewport content=""width=device-width, initial-scale=1""><title>429</title>429 Too Many Requests"
Lentil,2018,3,2018-03-15,429,False,0,0,0,"<!doctype html><meta charset=""utf-8""><meta name=viewport content=""width=device-width, initial-scale=1""><title>429</title>429 Too Many Requests"
Lentil,2018,4,2018-04-01,429,False,0,0,0,"<!doctype html><meta charset=""utf-8""><meta name=viewport content=""width=device-width, initial-scale=1""><title>429</title>429 Too Many Requests"
Lentil,2018,4,2018-04-08,429,False,0,0,0,"<!doctype html><meta charset=""utf-8""><meta name=viewport content=""width=device-width, initial-scale=1""><title>429</title>429 Too Many Requests"
Lentil,2018,4,2018-04-15,429,False,0,0,0,"<!doctype html><meta charset=""utf-8""><meta name=viewport content=""width=device-width, initial-scale=1""><title>429</title>429 Too Many Requests"
Lentil,2018,5,2018-05-01,429,False,0,0,0,"<!doctype html><meta charset=""utf-8""><meta name=viewport content=""width=device-width, initial-scale=1""><title>429</title>429 Too Many Requests"
Lentil,2018,5,2018-05-08,429,False,0,0,0,"<!doctype html><meta charset=""utf-8""><meta name=viewport content=""width=device-width, initial-scale=1""><title>429</title>429 Too Many Requests"
Lentil,2018,5,2018-05-15,429,False,0,0,0,"<!doctype html><meta charset=""utf-8""><meta name=viewport content=""width=device-width, initial-scale=1""><title>429</title>429 Too Many Requests"
Lentil,2018,6,2018-06-01,429,False,0,0,0,"<!doctype html><meta charset=""utf-8""><meta name=viewport content=""width=device-width, initial-scale=1""><title>429</title>429 Too Many Requests"
Lentil,2018,6,2018-06-08,429,False,0,0,0,"<!doctype html><meta charset=""utf-8""><meta name=viewport content=""width=device-width, initial-scale=1""><title>429</title>429 Too Many Requests"
Lentil,2018,6,2018-06-15,429,False,0,0,0,"<!doctype html><meta charset=""utf-8""><meta name=viewport content=""width=device-width, initial-scale=1""><title>429</title>429 Too Many Requests"
Lentil,2018,7,2018-07-01,429,False,0,0,0,"<!doctype html><meta charset=""utf-8""><meta name=viewport content=""width=device-width, initial-scale=1""><title>429</title>429 Too Many Requests"
Lentil,2018,7,2018-07-08,429,False,0,0,0,"<!doctype html><meta charset=""utf-8""><meta name=viewport content=""width=device-width, initial-scale=1""><title>429</title>429 Too Many Requests"
Lentil,2018,7,2018-07-15,429,False,0,0,0,"<!doctype html><meta charset=""utf-8""><meta name=viewport content=""width=device-width, initial-scale=1""><title>429</title>429 Too Many Requests"
Lentil,2018,8,2018-08-01,429,False,0,0,0,"<!doctype html><meta charset=""utf-8""><meta name=viewport content=""width=device-width, initial-scale=1""><title>429</title>429 Too Many Requests"
Lentil,2018,8,2018-08-08,429,False,0,0,0,"<!doctype html><meta charset=""utf-8""><meta name=viewport content=""width=device-width, initial-scale=1""><title>429</title>429 Too Many Requests"
Lentil,2018,8,2018-08-15,429,False,0,0,0,"<!doctype html><meta charset=""utf-8""><meta name=viewport content=""width=device-width, initial-scale=1""><title>429</title>429 Too Many Requests"
Lentil,2018,9,2018-09-01,429,False,0,0,0,"<!doctype html><meta charset=""utf-8""><meta name=viewport content=""width=device-width, initial-scale=1""><title>429</title>429 Too Many Requests"
Lentil,2018,9,2018-09-08,429,False,0,0,0,"<!doctype html><meta charset=""utf-8""><meta name=viewport content=""width=device-width, initial-scale=1""><title>429</title>429 Too Many Requests"
Lentil,2018,9,2018-09-15,429,False,0,0,0,"<!doctype html><meta charset=""utf-8""><meta name=viewport content=""width=device-width, initial-scale=1""><title>429</title>429 Too Many Requests"
Lentil,2018,10,2018-10-01,429,False,0,0,0,"<!doctype html><meta charset=""utf-8""><meta name=viewport content=""width=device-width, initial-scale=1""><title>429</title>429 Too Many Requests"
Lentil,2018,10,2018-10-08,429,False,0,0,0,"<!doctype html><meta charset=""utf-8""><meta name=viewport content=""width=device-width, initial-scale=1""><title>429</title>429 Too Many Requests"
Lentil,2018,10,2018-10-15,429,False,0,0,0,"<!doctype html><meta charset=""utf-8""><meta name=viewport content=""width=device-width, initial-scale=1""><title>429</title>429 Too Many Requests"
Lentil,2018,11,2018-11-01,429,False,0,0,0,"<!doctype html><meta charset=""utf-8""><meta name=viewport content=""width=device-width, initial-scale=1""><title>429</title>429 Too Many Requests"
Lentil,2018,11,2018-11-08,429,False,0,0,0,"<!doctype html><meta charset=""utf-8""><meta name=viewport content=""width=device-width, initial-scale=1""><title>429</title>429 Too Many Requests"
Lentil,2018,11,2018-11-15,429,False,0,0,0,"<!doctype html><meta charset=""utf-8""><meta name=viewport content=""width=device-width, initial-scale=1""><title>429</title>429 Too Many Requests"
Lentil,2018,12,2018-12-01,429,False,0,0,0,"<!doctype html><meta charset=""utf-8""><meta name=viewport content=""width=device-width, initial-scale=1""><title>429</title>429 Too Many Requests"
Lentil,2018,12,2018-12-08,429,False,0,0,0,"<!doctype html><meta charset=""utf-8""><meta name=viewport content=""width=device-width, initial-scale=1""><title>429</title>429 Too Many Requests"
Lentil,2018,12,2018-12-15,429,False,0,0,0,"<!doctype html><meta charset=""utf-8""><meta name=viewport content=""width=device-width, initial-scale=1""><title>429</title>429 Too Many Requests"
Lentil,2019,1,2019-01-01,429,False,0,0,0,"<!doctype html><meta charset=""utf-8""><meta name=viewport content=""width=device-width, initial-scale=1""><title>429</title>429 Too Many Requests"
Lentil,2019,1,2019-01-08,429,False,0,0,0,"<!doctype html><meta charset=""utf-8""><meta name=viewport content=""width=device-width, initial-scale=1""><title>429</title>429 Too Many Requests"
Lentil,2019,1,2019-01-15,429,False,0,0,0,"<!doctype html><meta charset=""utf-8""><meta name=viewport content=""width=device-width, initial-scale=1""><title>429</title>429 Too Many Requests"
Lentil,2019,2,2019-02-01,429,False,0,0,0,"<!doctype html><meta charset=""utf-8""><meta name=viewport content=""width=device-width, initial-scale=1""><title>429</title>429 Too Many Requests"
Lentil,2019,2,2019-02-08,429,False,0,0,0,"<!doctype html><meta charset=""utf-8""><meta name=viewport content=""width=device-width, initial-scale=1""><title>429</title>429 Too Many Requests"
Lentil,2019,2,2019-02-15,429,False,0,0,0,"<!doctype html><meta charset=""utf-8""><meta name=viewport content=""width=device-width, initial-scale=1""><title>429</title>429 Too Many Requests"
Lentil,2019,3,2019-03-01,429,False,0,0,0,"<!doctype html><meta charset=""utf-8""><meta name=viewport content=""width=device-width, initial-scale=1""><title>429</title>429 Too Many Requests"
Lentil,2019,3,2019-03-08,429,False,0,0,0,"<!doctype html><meta charset=""utf-8""><meta name=viewport content=""width=device-width, initial-scale=1""><title>429</title>429 Too Many Requests"
Lentil,2019,3,2019-03-15,429,False,0,0,0,"<!doctype html><meta charset=""utf-8""><meta name=viewport content=""width=device-width, initial-scale=1""><title>429</title>429 Too Many Requests"
Lentil,2019,4,2019-04-01,429,False,0,0,0,"<!doctype html><meta charset=""utf-8""><meta name=viewport content=""width=device-width, initial-scale=1""><title>429</title>429 Too Many Requests"
Lentil,2019,4,2019-04-08,429,False,0,0,0,"<!doctype html><meta charset=""utf-8""><meta name=viewport content=""width=device-width, initial-scale=1""><title>429</title>429 Too Many Requests"
Lentil,2019,4,2019-04-15,429,False,0,0,0,"<!doctype html><meta charset=""utf-8""><meta name=viewport content=""width=device-width, initial-scale=1""><title>429</title>429 Too Many Requests"
Lentil,2019,5,2019-05-01,429,False,0,0,0,"<!doctype html><meta charset=""utf-8""><meta name=viewport content=""width=device-width, initial-scale=1""><title>429</title>429 Too Many Requests"
Lentil,2019,5,2019-05-08,429,False,0,0,0,"<!doctype html><meta charset=""utf-8""><meta name=viewport content=""width=device-width, initial-scale=1""><title>429</title>429 Too Many Requests"
Lentil,2019,5,2019-05-15,429,False,0,0,0,"<!doctype html><meta charset=""utf-8""><meta name=viewport content=""width=device-width, initial-scale=1""><title>429</title>429 Too Many Requests"
Lentil,2019,6,2019-06-01,429,False,0,0,0,"<!doctype html><meta charset=""utf-8""><meta name=viewport content=""width=device-width, initial-scale=1""><title>429</title>429 Too Many Requests"
Lentil,2019,6,2019-06-08,429,False,0,0,0,"<!doctype html><meta charset=""utf-8""><meta name=viewport content=""width=device-width, initial-scale=1""><title>429</title>429 Too Many Requests"
Lentil,2019,6,2019-06-15,429,False,0,0,0,"<!doctype html><meta charset=""utf-8""><meta name=viewport content=""width=device-width, initial-scale=1""><title>429</title>429 Too Many Requests"
Lentil,2019,7,2019-07-01,429,False,0,0,0,"<!doctype html><meta charset=""utf-8""><meta name=viewport content=""width=device-width, initial-scale=1""><title>429</title>429 Too Many Requests"
Lentil,2019,7,2019-07-08,429,False,0,0,0,"<!doctype html><meta charset=""utf-8""><meta name=viewport content=""width=device-width, initial-scale=1""><title>429</title>429 Too Many Requests"
Lentil,2019,7,2019-07-15,429,False,0,0,0,"<!doctype html><meta charset=""utf-8""><meta name=viewport content=""width=device-width, initial-scale=1""><title>429</title>429 Too Many Requests"
Lentil,2019,8,2019-08-01,429,False,0,0,0,"<!doctype html><meta charset=""utf-8""><meta name=viewport content=""width=device-width, initial-scale=1""><title>429</title>429 Too Many Requests"
Lentil,2019,8,2019-08-08,429,False,0,0,0,"<!doctype html><meta charset=""utf-8""><meta name=viewport content=""width=device-width, initial-scale=1""><title>429</title>429 Too Many Requests"
Lentil,2019,8,2019-08-15,429,False,0,0,0,"<!doctype html><meta charset=""utf-8""><meta name=viewport content=""width=device-width, initial-scale=1""><title>429</title>429 Too Many Requests"
Lentil,2019,9,2019-09-01,429,False,0,0,0,"<!doctype html><meta charset=""utf-8""><meta name=viewport content=""width=device-width, initial-scale=1""><title>429</title>429 Too Many Requests"
Lentil,2019,9,2019-09-08,429,False,0,0,0,"<!doctype html><meta charset=""utf-8""><meta name=viewport content=""width=device-width, initial-scale=1""><title>429</title>429 Too Many Requests"
Lentil,2019,9,2019-09-15,429,False,0,0,0,"<!doctype html><meta charset=""utf-8""><meta name=viewport content=""width=device-width, initial-scale=1""><title>429</title>429 Too Many Requests"
Lentil,2019,10,2019-10-01,429,False,0,0,0,"<!doctype html><meta charset=""utf-8""><meta name=viewport content=""width=device-width, initial-scale=1""><title>429</title>429 Too Many Requests"
Lentil,2019,10,2019-10-08,429,False,0,0,0,"<!doctype html><meta charset=""utf-8""><meta name=viewport content=""width=device-width, initial-scale=1""><title>429</title>429 Too Many Requests"
Lentil,2019,10,2019-10-15,429,False,0,0,0,"<!doctype html><meta charset=""utf-8""><meta name=viewport content=""width=device-width, initial-scale=1""><title>429</title>429 Too Many Requests"
Lentil,2019,11,2019-11-01,429,False,0,0,0,"<!doctype html><meta charset=""utf-8""><meta name=viewport content=""width=device-width, initial-scale=1""><title>429</title>429 Too Many Requests"
Lentil,2019,11,2019-11-08,429,False,0,0,0,"<!doctype html><meta charset=""utf-8""><meta name=viewport content=""width=device-width, initial-scale=1""><title>429</title>429 Too Many Requests"
Lentil,2019,11,2019-11-15,429,False,0,0,0,"<!doctype html><meta charset=""utf-8""><meta name=viewport content=""width=device-width, initial-scale=1""><title>429</title>429 Too Many Requests"
Lentil,2019,12,2019-12-01,429,False,0,0,0,"<!doctype html><meta charset=""utf-8""><meta name=viewport content=""width=device-width, initial-scale=1""><title>429</title>429 Too Many Requests"
Lentil,2019,12,2019-12-08,429,False,0,0,0,"<!doctype html><meta charset=""utf-8""><meta name=viewport content=""width=device-width, initial-scale=1""><title>429</title>429 Too Many Requests"
Lentil,2019,12,2019-12-15,429,False,0,0,0,"<!doctype html><meta charset=""utf-8""><meta name=viewport content=""width=device-width, initial-scale=1""><title>429</title>429 Too Many Requests"
Lentil,2020,1,2020-01-01,429,False,0,0,0,"<!doctype html><meta charset=""utf-8""><meta name=viewport content=""width=device-width, initial-scale=1""><title>429</title>429 Too Many Requests"
Lentil,2020,1,2020-01-08,429,False,0,0,0,"<!doctype html><meta charset=""utf-8""><meta name=viewport content=""width=device-width, initial-scale=1""><title>429</title>429 Too Many Requests"
Lentil,2020,1,2020-01-15,429,False,0,0,0,"<!doctype html><meta charset=""utf-8""><meta name=viewport content=""width=device-width, initial-scale=1""><title>429</title>429 Too Many Requests"
Lentil,2020,2,2020-02-01,429,False,0,0,0,"<!doctype html><meta charset=""utf-8""><meta name=viewport content=""width=device-width, initial-scale=1""><title>429</title>429 Too Many Requests"
Lentil,2020,2,2020-02-08,429,False,0,0,0,"<!doctype html><meta charset=""utf-8""><meta name=viewport content=""width=device-width, initial-scale=1""><title>429</title>429 Too Many Requests"
Lentil,2020,2,2020-02-15,429,False,0,0,0,"<!doctype html><meta charset=""utf-8""><meta name=viewport content=""width=device-width, initial-scale=1""><title>429</title>429 Too Many Requests"
Lentil,2020,3,2020-03-01,429,False,0,0,0,"<!doctype html><meta charset=""utf-8""><meta name=viewport content=""width=device-width, initial-scale=1""><title>429</title>429 Too Many Requests"
Lentil,2020,3,2020-03-08,429,False,0,0,0,"<!doctype html><meta charset=""utf-8""><meta name=viewport content=""width=device-width, initial-scale=1""><title>429</title>429 Too Many Requests"
Lentil,2020,3,2020-03-15,429,False,0,0,0,"<!doctype html><meta charset=""utf-8""><meta name=viewport content=""width=device-width, initial-scale=1""><title>429</title>429 Too Many Requests"
Lentil,2020,4,2020-04-01,429,False,0,0,0,"<!doctype html><meta charset=""utf-8""><meta name=viewport content=""width=device-width, initial-scale=1""><title>429</title>429 Too Many Requests"
Lentil,2020,4,2020-04-08,429,False,0,0,0,"<!doctype html><meta charset=""utf-8""><meta name=viewport content=""width=device-width, initial-scale=1""><title>429</title>429 Too Many Requests"
Lentil,2020,4,2020-04-15,429,False,0,0,0,"<!doctype html><meta charset=""utf-8""><meta name=viewport content=""width=device-width, initial-scale=1""><title>429</title>429 Too Many Requests"
Lentil,2020,5,2020-05-01,429,False,0,0,0,"<!doctype html><meta charset=""utf-8""><meta name=viewport content=""width=device-width, initial-scale=1""><title>429</title>429 Too Many Requests"
Lentil,2020,5,2020-05-08,429,False,0,0,0,"<!doctype html><meta charset=""utf-8""><meta name=viewport content=""width=device-width, initial-scale=1""><title>429</title>429 Too Many Requests"
Lentil,2020,5,2020-05-15,429,False,0,0,0,"<!doctype html><meta charset=""utf-8""><meta name=viewport content=""width=device-width, initial-scale=1""><title>429</title>429 Too Many Requests"
Lentil,2020,6,2020-06-01,429,False,0,0,0,"<!doctype html><meta charset=""utf-8""><meta name=viewport content=""width=device-width, initial-scale=1""><title>429</title>429 Too Many Requests"
Lentil,2020,6,2020-06-08,429,False,0,0,0,"<!doctype html><meta charset=""utf-8""><meta name=viewport content=""width=device-width, initial-scale=1""><title>429</title>429 Too Many Requests"
Lentil,2020,6,2020-06-15,429,False,0,0,0,"<!doctype html><meta charset=""utf-8""><meta name=viewport content=""width=device-width, initial-scale=1""><title>429</title>429 Too Many Requests"
Lentil,2020,7,2020-07-01,429,False,0,0,0,"<!doctype html><meta charset=""utf-8""><meta name=viewport content=""width=device-width, initial-scale=1""><title>429</title>429 Too Many Requests"
Lentil,2020,7,2020-07-08,429,False,0,0,0,"<!doctype html><meta charset=""utf-8""><meta name=viewport content=""width=device-width, initial-scale=1""><title>429</title>429 Too Many Requests"
Lentil,2020,7,2020-07-15,429,False,0,0,0,"<!doctype html><meta charset=""utf-8""><meta name=viewport content=""width=device-width, initial-scale=1""><title>429</title>429 Too Many Requests"
Lentil,2020,8,2020-08-01,429,False,0,0,0,"<!doctype html><meta charset=""utf-8""><meta name=viewport content=""width=device-width, initial-scale=1""><title>429</title>429 Too Many Requests"
Lentil,2020,8,2020-08-08,429,False,0,0,0,"<!doctype html><meta charset=""utf-8""><meta name=viewport content=""width=device-width, initial-scale=1""><title>429</title>429 Too Many Requests"
Lentil,2020,8,2020-08-15,429,False,0,0,0,"<!doctype html><meta charset=""utf-8""><meta name=viewport content=""width=device-width, initial-scale=1""><title>429</title>429 Too Many Requests"
Lentil,2020,9,2020-09-01,429,False,0,0,0,"<!doctype html><meta charset=""utf-8""><meta name=viewport content=""width=device-width, initial-scale=1""><title>429</title>429 Too Many Requests"
Lentil,2020,9,2020-09-08,429,False,0,0,0,"<!doctype html><meta charset=""utf-8""><meta name=viewport content=""width=device-width, initial-scale=1""><title>429</title>429 Too Many Requests"
Lentil,2020,9,2020-09-15,429,False,0,0,0,"<!doctype html><meta charset=""utf-8""><meta name=viewport content=""width=device-width, initial-scale=1""><title>429</title>429 Too Many Requests"
Lentil,2020,10,2020-10-01,429,False,0,0,0,"<!doctype html><meta charset=""utf-8""><meta name=viewport content=""width=device-width, initial-scale=1""><title>429</title>429 Too Many Requests"
Lentil,2020,10,2020-10-08,429,False,0,0,0,"<!doctype html><meta charset=""utf-8""><meta name=viewport content=""width=device-width, initial-scale=1""><title>429</title>429 Too Many Requests"
Lentil,2020,10,2020-10-15,429,False,0,0,0,"<!doctype html><meta charset=""utf-8""><meta name=viewport content=""width=device-width, initial-scale=1""><title>429</title>429 Too Many Requests"
Lentil,2020,11,2020-11-01,429,False,0,0,0,"<!doctype html><meta charset=""utf-8""><meta name=viewport content=""width=device-width, initial-scale=1""><title>429</title>429 Too Many Requests"
Lentil,2020,11,2020-11-08,429,False,0,0,0,"<!doctype html><meta charset=""utf-8""><meta name=viewport content=""width=device-width, initial-scale=1""><title>429</title>429 Too Many Requests"
Lentil,2020,11,2020-11-15,429,False,0,0,0,"<!doctype html><meta charset=""utf-8""><meta name=viewport content=""width=device-width, initial-scale=1""><title>429</title>429 Too Many Requests"
Lentil,2021,1,2021-01-01,429,False,0,0,0,"<!doctype html><meta charset=""utf-8""><meta name=viewport content=""width=device-width, initial-scale=1""><title>429</title>429 Too Many Requests"
Lentil,2021,1,2021-01-08,429,False,0,0,0,"<!doctype html><meta charset=""utf-8""><meta name=viewport content=""width=device-width, initial-scale=1""><title>429</title>429 Too Many Requests"
Lentil,2021,1,2021-01-15,429,False,0,0,0,"<!doctype html><meta charset=""utf-8""><meta name=viewport content=""width=device-width, initial-scale=1""><title>429</title>429 Too Many Requests"
Lentil,2021,3,2021-03-01,429,False,0,0,0,"<!doctype html><meta charset=""utf-8""><meta name=viewport content=""width=device-width, initial-scale=1""><title>429</title>429 Too Many Requests"
Lentil,2021,3,2021-03-08,429,False,0,0,0,"<!doctype html><meta charset=""utf-8""><meta name=viewport content=""width=device-width, initial-scale=1""><title>429</title>429 Too Many Requests"
Lentil,2021,3,2021-03-15,429,False,0,0,0,"<!doctype html><meta charset=""utf-8""><meta name=viewport content=""width=device-width, initial-scale=1""><title>429</title>429 Too Many Requests"
Lentil,2021,2,2021-02-01,429,False,0,0,0,"<!doctype html><meta charset=""utf-8""><meta name=viewport content=""width=device-width, initial-scale=1""><title>429</title>429 Too Many Requests"
Lentil,2021,2,2021-02-08,429,False,0,0,0,"<!doctype html><meta charset=""utf-8""><meta name=viewport content=""width=device-width, initial-scale=1""><title>429</title>429 Too Many Requests"
Lentil,2021,2,2021-02-15,429,False,0,0,0,"<!doctype html><meta charset=""utf-8""><meta name=viewport content=""width=device-width, initial-scale=1""><title>429</title>429 Too Many Requests"
Lentil,2021,4,2021-04-01,429,False,0,0,0,"<!doctype html><meta charset=""utf-8""><meta name=viewport content=""width=device-width, initial-scale=1""><title>429</title>429 Too Many Requests"
Lentil,2021,4,2021-04-08,429,False,0,0,0,"<!doctype html><meta charset=""utf-8""><meta name=viewport content=""width=device-width, initial-scale=1""><title>429</title>429 Too Many Requests"
Lentil,2021,4,2021-04-15,429,False,0,0,0,"<!doctype html><meta charset=""utf-8""><meta name=viewport content=""width=device-width, initial-scale=1""><title>429</title>429 Too Many Requests"
Lentil,2021,5,2021-05-01,429,False,0,0,0,"<!doctype html><meta charset=""utf-8""><meta name=viewport content=""width=device-width, initial-scale=1""><title>429</title>429 Too Many Requests"
Lentil,2021,5,2021-05-08,429,False,0,0,0,"<!doctype html><meta charset=""utf-8""><meta name=viewport content=""width=device-width, initial-scale=1""><title>429</title>429 Too Many Requests"
Lentil,2021,5,2021-05-15,429,False,0,0,0,"<!doctype html><meta charset=""utf-8""><meta name=viewport content=""width=device-width, initial-scale=1""><title>429</title>429 Too Many Requests"
Lentil,2021,6,2021-06-01,429,False,0,0,0,"<!doctype html><meta charset=""utf-8""><meta name=viewport content=""width=device-width, initial-scale=1""><title>429</title>429 Too Many Requests"
Lentil,2021,6,2021-06-08,429,False,0,0,0,"<!doctype html><meta charset=""utf-8""><meta name=viewport content=""width=device-width, initial-scale=1""><title>429</title>429 Too Many Requests"
Lentil,2021,6,2021-06-15,429,False,0,0,0,"<!doctype html><meta charset=""utf-8""><meta name=viewport content=""width=device-width, initial-scale=1""><title>429</title>429 Too Many Requests"
Lentil,2021,7,2021-07-01,429,False,0,0,0,"<!doctype html><meta charset=""utf-8""><meta name=viewport content=""width=device-width, initial-scale=1""><title>429</title>429 Too Many Requests"
Lentil,2021,7,2021-07-08,429,False,0,0,0,"<!doctype html><meta charset=""utf-8""><meta name=viewport content=""width=device-width, initial-scale=1""><title>429</title>429 Too Many Requests"
Lentil,2021,7,2021-07-15,429,False,0,0,0,"<!doctype html><meta charset=""utf-8""><meta name=viewport content=""width=device-width, initial-scale=1""><title>429</title>429 Too Many Requests"
Lentil,2021,8,2021-08-01,429,False,0,0,0,"<!doctype html><meta charset=""utf-8""><meta name=viewport content=""width=device-width, initial-scale=1""><title>429</title>429 Too Many Requests"
Lentil,2021,8,2021-08-08,429,False,0,0,0,"<!doctype html><meta charset=""utf-8""><meta name=viewport content=""width=device-width, initial-scale=1""><title>429</title>429 Too Many Requests"
Lentil,2021,8,2021-08-15,429,False,0,0,0,"<!doctype html><meta charset=""utf-8""><meta name=viewport content=""width=device-width, initial-scale=1""><title>429</title>429 Too Many Requests"
Lentil,2020,12,2020-12-01,429,False,0,0,0,"<!doctype html><meta charset=""utf-8""><meta name=viewport content=""width=device-width, initial-scale=1""><title>429</title>429 Too Many Requests"
Lentil,2020,12,2020-12-08,429,False,0,0,0,"<!doctype html><meta charset=""utf-8""><meta name=viewport content=""width=device-width, initial-scale=1""><title>429</title>429 Too Many Requests"
Lentil,2020,12,2020-12-15,429,False,0,0,0,"<!doctype html><meta charset=""utf-8""><meta name=viewport content=""width=device-width, initial-scale=1""><title>429</title>429 Too Many Requests"
Lentil,2021,9,2021-09-01,429,False,0,0,0,"<!doctype html><meta charset=""utf-8""><meta name=viewport content=""width=device-width, initial-scale=1""><title>429</title>429 Too Many Requests"
Lentil,2021,9,2021-09-08,429,False,0,0,0,"<!doctype html><meta charset=""utf-8""><meta name=viewport content=""width=device-width, initial-scale=1""><title>429</title>429 Too Many Requests"
Lentil,2021,9,2021-09-15,429,False,0,0,0,"<!doctype html><meta charset=""utf-8""><meta name=viewport content=""width=device-width, initial-scale=1""><title>429</title>429 Too Many Requests"
Lentil,2021,10,2021-10-01,429,False,0,0,0,"<!doctype html><meta charset=""utf-8""><meta name=viewport content=""width=device-width, initial-scale=1""><title>429</title>429 Too Many Requests"
Lentil,2021,10,2021-10-08,429,False,0,0,0,"<!doctype html><meta charset=""utf-8""><meta name=viewport content=""width=device-width, initial-scale=1""><title>429</title>429 Too Many Requests"
Lentil,2021,10,2021-10-15,429,False,0,0,0,"<!doctype html><meta charset=""utf-8""><meta name=viewport content=""width=device-width, initial-scale=1""><title>429</title>429 Too Many Requests"
Lentil,2021,11,2021-11-01,429,False,0,0,0,"<!doctype html><meta charset=""utf-8""><meta name=viewport content=""width=device-width, initial-scale=1""><title>429</title>429 Too Many Requests"
Lentil,2021,11,2021-11-08,429,False,0,0,0,"<!doctype html><meta charset=""utf-8""><meta name=viewport content=""width=device-width, initial-scale=1""><title>429</title>429 Too Many Requests"
Lentil,2021,11,2021-11-15,429,False,0,0,0,"<!doctype html><meta charset=""utf-8""><meta name=viewport content=""width=device-width, initial-scale=1""><title>429</title>429 Too Many Requests"
Lentil,2021,12,2021-12-01,429,False,0,0,0,"<!doctype html><meta charset=""utf-8""><meta name=viewport content=""width=device-width, initial-scale=1""><title>429</title>429 Too Many Requests"
Lentil,2021,12,2021-12-08,429,False,0,0,0,"<!doctype html><meta charset=""utf-8""><meta name=viewport content=""width=device-width, initial-scale=1""><title>429</title>429 Too Many Requests"
Lentil,2021,12,2021-12-15,429,False,0,0,0,"<!doctype html><meta charset=""utf-8""><meta name=viewport content=""width=device-width, initial-scale=1""><title>429</title>429 Too Many Requests"
Lentil,2022,1,2022-01-01,429,False,0,0,0,"<!doctype html><meta charset=""utf-8""><meta name=viewport content=""width=device-width, initial-scale=1""><title>429</title>429 Too Many Requests"
Lentil,2022,1,2022-01-08,429,False,0,0,0,"<!doctype html><meta charset=""utf-8""><meta name=viewport content=""width=device-width, initial-scale=1""><title>429</title>429 Too Many Requests"
Lentil,2022,1,2022-01-15,429,False,0,0,0,"<!doctype html><meta charset=""utf-8""><meta name=viewport content=""width=device-width, initial-scale=1""><title>429</title>429 Too Many Requests"
Lentil,2022,3,2022-03-01,429,False,0,0,0,"<!doctype html><meta charset=""utf-8""><meta name=viewport content=""width=device-width, initial-scale=1""><title>429</title>429 Too Many Requests"
Lentil,2022,3,2022-03-08,429,False,0,0,0,"<!doctype html><meta charset=""utf-8""><meta name=viewport content=""width=device-width, initial-scale=1""><title>429</title>429 Too Many Requests"
Lentil,2022,3,2022-03-15,429,False,0,0,0,"<!doctype html><meta charset=""utf-8""><meta name=viewport content=""width=device-width, initial-scale=1""><title>429</title>429 Too Many Requests"
Lentil,2022,2,2022-02-01,429,False,0,0,0,"<!doctype html><meta charset=""utf-8""><meta name=viewport content=""width=device-width, initial-scale=1""><title>429</title>429 Too Many Requests"
Lentil,2022,2,2022-02-08,429,False,0,0,0,"<!doctype html><meta charset=""utf-8""><meta name=viewport content=""width=device-width, initial-scale=1""><title>429</title>429 Too Many Requests"
Lentil,2022,2,2022-02-15,429,False,0,0,0,"<!doctype html><meta charset=""utf-8""><meta name=viewport content=""width=device-width, initial-scale=1""><title>429</title>429 Too Many Requests"
Lentil,2022,4,2022-04-01,429,False,0,0,0,"<!doctype html><meta charset=""utf-8""><meta name=viewport content=""width=device-width, initial-scale=1""><title>429</title>429 Too Many Requests"
Lentil,2022,4,2022-04-08,429,False,0,0,0,"<!doctype html><meta charset=""utf-8""><meta name=viewport content=""width=device-width, initial-scale=1""><title>429</title>429 Too Many Requests"
Lentil,2022,4,2022-04-15,429,False,0,0,0,"<!doctype html><meta charset=""utf-8""><meta name=viewport content=""width=device-width, initial-scale=1""><title>429</title>429 Too Many Requests"
Lentil,2022,5,2022-05-01,429,False,0,0,0,"<!doctype html><meta charset=""utf-8""><meta name=viewport content=""width=device-width, initial-scale=1""><title>429</title>429 Too Many Requests"
Lentil,2022,5,2022-05-08,429,False,0,0,0,"<!doctype html><meta charset=""utf-8""><meta name=viewport content=""width=device-width, initial-scale=1""><title>429</title>429 Too Many Requests"
Lentil,2022,5,2022-05-15,429,False,0,0,0,"<!doctype html><meta charset=""utf-8""><meta name=viewport content=""width=device-width, initial-scale=1""><title>429</title>429 Too Many Requests"
Lentil,2022,6,2022-06-01,429,False,0,0,0,"<!doctype html><meta charset=""utf-8""><meta name=viewport content=""width=device-width, initial-scale=1""><title>429</title>429 Too Many Requests"
Lentil,2022,6,2022-06-08,429,False,0,0,0,"<!doctype html><meta charset=""utf-8""><meta name=viewport content=""width=device-width, initial-scale=1""><title>429</title>429 Too Many Requests"
Lentil,2022,6,2022-06-15,429,False,0,0,0,"<!doctype html><meta charset=""utf-8""><meta name=viewport content=""width=device-width, initial-scale=1""><title>429</title>429 Too Many Requests"
Lentil,2022,7,2022-07-01,429,False,0,0,0,"<!doctype html><meta charset=""utf-8""><meta name=viewport content=""width=device-width, initial-scale=1""><title>429</title>429 Too Many Requests"
Lentil,2022,7,2022-07-08,429,False,0,0,0,"<!doctype html><meta charset=""utf-8""><meta name=viewport content=""width=device-width, initial-scale=1""><title>429</title>429 Too Many Requests"
Lentil,2022,7,2022-07-15,429,False,0,0,0,"<!doctype html><meta charset=""utf-8""><meta name=viewport content=""width=device-width, initial-scale=1""><title>429</title>429 Too Many Requests"
Lentil,2022,8,2022-08-01,429,False,0,0,0,"<!doctype html><meta charset=""utf-8""><meta name=viewport content=""width=device-width, initial-scale=1""><title>429</title>429 Too Many Requests"
Lentil,2022,8,2022-08-08,429,False,0,0,0,"<!doctype html><meta charset=""utf-8""><meta name=viewport content=""width=device-width, initial-scale=1""><title>429</title>429 Too Many Requests"
Lentil,2022,8,2022-08-15,429,False,0,0,0,"<!doctype html><meta charset=""utf-8""><meta name=viewport content=""width=device-width, initial-scale=1""><title>429</title>429 Too Many Requests"
Lentil,2022,9,2022-09-01,429,False,0,0,0,"<!doctype html><meta charset=""utf-8""><meta name=viewport content=""width=device-width, initial-scale=1""><title>429</title>429 Too Many Requests"
Lentil,2022,9,2022-09-08,429,False,0,0,0,"<!doctype html><meta charset=""utf-8""><meta name=viewport content=""width=device-width, initial-scale=1""><title>429</title>429 Too Many Requests"
Lentil,2022,9,2022-09-15,429,False,0,0,0,"<!doctype html><meta charset=""utf-8""><meta name=viewport content=""width=device-width, initial-scale=1""><title>429</title>429 Too Many Requests"
Lentil,2022,10,2022-10-01,429,False,0,0,0,"<!doctype html><meta charset=""utf-8""><meta name=viewport content=""width=device-width, initial-scale=1""><title>429</title>429 Too Many Requests"
Lentil,2022,10,2022-10-08,429,False,0,0,0,"<!doctype html><meta charset=""utf-8""><meta name=viewport content=""width=device-width, initial-scale=1""><title>429</title>429 Too Many Requests"
Lentil,2022,10,2022-10-15,429,False,0,0,0,"<!doctype html><meta charset=""utf-8""><meta name=viewport content=""width=device-width, initial-scale=1""><title>429</title>429 Too Many Requests"
Lentil,2022,11,2022-11-01,429,False,0,0,0,"<!doctype html><meta charset=""utf-8""><meta name=viewport content=""width=device-width, initial-scale=1""><title>429</title>429 Too Many Requests"
Lentil,2022,11,2022-11-08,429,False,0,0,0,"<!doctype html><meta charset=""utf-8""><meta name=viewport content=""width=device-width, initial-scale=1""><title>429</title>429 Too Many Requests"
Lentil,2022,11,2022-11-15,429,False,0,0,0,"<!doctype html><meta charset=""utf-8""><meta name=viewport content=""width=device-width, initial-scale=1""><title>429</title>429 Too Many Requests"
Lentil,2022,12,2022-12-01,429,False,0,0,0,"<!doctype html><meta charset=""utf-8""><meta name=viewport content=""width=device-width, initial-scale=1""><title>429</title>429 Too Many Requests"
Lentil,2022,12,2022-12-08,429,False,0,0,0,"<!doctype html><meta charset=""utf-8""><meta name=viewport content=""width=device-width, initial-scale=1""><title>429</title>429 Too Many Requests"
Lentil,2022,12,2022-12-15,429,False,0,0,0,"<!doctype html><meta charset=""utf-8""><meta name=viewport content=""width=device-width, initial-scale=1""><title>429</title>429 Too Many Requests"
Lentil,2023,1,2023-01-01,429,False,0,0,0,"<!doctype html><meta charset=""utf-8""><meta name=viewport content=""width=device-width, initial-scale=1""><title>429</title>429 Too Many Requests"
Lentil,2023,1,2023-01-08,429,False,0,0,0,"<!doctype html><meta charset=""utf-8""><meta name=viewport content=""width=device-width, initial-scale=1""><title>429</title>429 Too Many Requests"
Lentil,2023,1,2023-01-15,429,False,0,0,0,"<!doctype html><meta charset=""utf-8""><meta name=viewport content=""width=device-width, initial-scale=1""><title>429</title>429 Too Many Requests"
Lentil,2023,2,2023-02-01,429,False,0,0,0,"<!doctype html><meta charset=""utf-8""><meta name=viewport content=""width=device-width, initial-scale=1""><title>429</title>429 Too Many Requests"
Lentil,2023,2,2023-02-08,429,False,0,0,0,"<!doctype html><meta charset=""utf-8""><meta name=viewport content=""width=device-width, initial-scale=1""><title>429</title>429 Too Many Requests"
Lentil,2023,2,2023-02-15,429,False,0,0,0,"<!doctype html><meta charset=""utf-8""><meta name=viewport content=""width=device-width, initial-scale=1""><title>429</title>429 Too Many Requests"
Lentil,2023,3,2023-03-01,429,False,0,0,0,"<!doctype html><meta charset=""utf-8""><meta name=viewport content=""width=device-width, initial-scale=1""><title>429</title>429 Too Many Requests"
Lentil,2023,3,2023-03-08,429,False,0,0,0,"<!doctype html><meta charset=""utf-8""><meta name=viewport content=""width=device-width, initial-scale=1""><title>429</title>429 Too Many Requests"
Lentil,2023,3,2023-03-15,429,False,0,0,0,"<!doctype html><meta charset=""utf-8""><meta name=viewport content=""width=device-width, initial-scale=1""><title>429</title>429 Too Many Requests"
Lentil,2023,4,2023-04-01,429,False,0,0,0,"<!doctype html><meta charset=""utf-8""><meta name=viewport content=""width=device-width, initial-scale=1""><title>429</title>429 Too Many Requests"
Lentil,2023,4,2023-04-08,429,False,0,0,0,"<!doctype html><meta charset=""utf-8""><meta name=viewport content=""width=device-width, initial-scale=1""><title>429</title>429 Too Many Requests"
Lentil,2023,4,2023-04-15,429,False,0,0,0,"<!doctype html><meta charset=""utf-8""><meta name=viewport content=""width=device-width, initial-scale=1""><title>429</title>429 Too Many Requests"
Lentil,2023,5,2023-05-01,429,False,0,0,0,"<!doctype html><meta charset=""utf-8""><meta name=viewport content=""width=device-width, initial-scale=1""><title>429</title>429 Too Many Requests"
Lentil,2023,5,2023-05-08,429,False,0,0,0,"<!doctype html><meta charset=""utf-8""><meta name=viewport content=""width=device-width, initial-scale=1""><title>429</title>429 Too Many Requests"
Lentil,2023,5,2023-05-15,429,False,0,0,0,"<!doctype html><meta charset=""utf-8""><meta name=viewport content=""width=device-width, initial-scale=1""><title>429</title>429 Too Many Requests"
Lentil,2023,6,2023-06-01,429,False,0,0,0,"<!doctype html><meta charset=""utf-8""><meta name=viewport content=""width=device-width, initial-scale=1""><title>429</title>429 Too Many Requests"
Lentil,2023,6,2023-06-08,429,False,0,0,0,"<!doctype html><meta charset=""utf-8""><meta name=viewport content=""width=device-width, initial-scale=1""><title>429</title>429 Too Many Requests"
Lentil,2023,6,2023-06-15,429,False,0,0,0,"<!doctype html><meta charset=""utf-8""><meta name=viewport content=""width=device-width, initial-scale=1""><title>429</title>429 Too Many Requests"
Lentil,2023,7,2023-07-01,429,False,0,0,0,"<!doctype html><meta charset=""utf-8""><meta name=viewport content=""width=device-width, initial-scale=1""><title>429</title>429 Too Many Requests"
Lentil,2023,7,2023-07-08,429,False,0,0,0,"<!doctype html><meta charset=""utf-8""><meta name=viewport content=""width=device-width, initial-scale=1""><title>429</title>429 Too Many Requests"
Lentil,2023,7,2023-07-15,429,False,0,0,0,"<!doctype html><meta charset=""utf-8""><meta name=viewport content=""width=device-width, initial-scale=1""><title>429</title>429 Too Many Requests"
Lentil,2023,8,2023-08-01,429,False,0,0,0,"<!doctype html><meta charset=""utf-8""><meta name=viewport content=""width=device-width, initial-scale=1""><title>429</title>429 Too Many Requests"
Lentil,2023,8,2023-08-08,429,False,0,0,0,"<!doctype html><meta charset=""utf-8""><meta name=viewport content=""width=device-width, initial-scale=1""><title>429</title>429 Too Many Requests"
Lentil,2023,8,2023-08-15,429,False,0,0,0,"<!doctype html><meta charset=""utf-8""><meta name=viewport content=""width=device-width, initial-scale=1""><title>429</title>429 Too Many Requests"
Lentil,2023,9,2023-09-01,429,False,0,0,0,"<!doctype html><meta charset=""utf-8""><meta name=viewport content=""width=device-width, initial-scale=1""><title>429</title>429 Too Many Requests"
Lentil,2023,9,2023-09-08,429,False,0,0,0,"<!doctype html><meta charset=""utf-8""><meta name=viewport content=""width=device-width, initial-scale=1""><title>429</title>429 Too Many Requests"
Lentil,2023,9,2023-09-15,429,False,0,0,0,"<!doctype html><meta charset=""utf-8""><meta name=viewport content=""width=device-width, initial-scale=1""><title>429</title>429 Too Many Requests"
Lentil,2023,10,2023-10-01,429,False,0,0,0,"<!doctype html><meta charset=""utf-8""><meta name=viewport content=""width=device-width, initial-scale=1""><title>429</title>429 Too Many Requests"
Lentil,2023,10,2023-10-08,429,False,0,0,0,"<!doctype html><meta charset=""utf-8""><meta name=viewport content=""width=device-width, initial-scale=1""><title>429</title>429 Too Many Requests"
Lentil,2023,10,2023-10-15,429,False,0,0,0,"<!doctype html><meta charset=""utf-8""><meta name=viewport content=""width=device-width, initial-scale=1""><title>429</title>429 Too Many Requests"
Lentil,2023,11,2023-11-01,429,False,0,0,0,"<!doctype html><meta charset=""utf-8""><meta name=viewport content=""width=device-width, initial-scale=1""><title>429</title>429 Too Many Requests"
Lentil,2023,11,2023-11-08,429,False,0,0,0,"<!doctype html><meta charset=""utf-8""><meta name=viewport content=""width=device-width, initial-scale=1""><title>429</title>429 Too Many Requests"
Lentil,2023,11,2023-11-15,429,False,0,0,0,"<!doctype html><meta charset=""utf-8""><meta name=viewport content=""width=device-width, initial-scale=1""><title>429</title>429 Too Many Requests"
Lentil,2023,12,2023-12-01,429,False,0,0,0,"<!doctype html><meta charset=""utf-8""><meta name=viewport content=""width=device-width, initial-scale=1""><title>429</title>429 Too Many Requests"
Lentil,2023,12,2023-12-08,429,False,0,0,0,"<!doctype html><meta charset=""utf-8""><meta name=viewport content=""width=device-width, initial-scale=1""><title>429</title>429 Too Many Requests"
Lentil,2023,12,2023-12-15,429,False,0,0,0,"<!doctype html><meta charset=""utf-8""><meta name=viewport content=""width=device-width, initial-scale=1""><title>429</title>429 Too Many Requests"
Lentil,2024,1,2024-01-01,429,False,0,0,0,"<!doctype html><meta charset=""utf-8""><meta name=viewport content=""width=device-width, initial-scale=1""><title>429</title>429 Too Many Requests"
Lentil,2024,1,2024-01-08,429,False,0,0,0,"<!doctype html><meta charset=""utf-8""><meta name=viewport content=""width=device-width, initial-scale=1""><title>429</title>429 Too Many Requests"
Lentil,2024,1,2024-01-15,429,False,0,0,0,"<!doctype html><meta charset=""utf-8""><meta name=viewport content=""width=device-width, initial-scale=1""><title>429</title>429 Too Many Requests"
Lentil,2024,2,2024-02-01,429,False,0,0,0,"<!doctype html><meta charset=""utf-8""><meta name=viewport content=""width=device-width, initial-scale=1""><title>429</title>429 Too Many Requests"
Lentil,2024,2,2024-02-08,429,False,0,0,0,"<!doctype html><meta charset=""utf-8""><meta name=viewport content=""width=device-width, initial-scale=1""><title>429</title>429 Too Many Requests"
Lentil,2024,2,2024-02-15,429,False,0,0,0,"<!doctype html><meta charset=""utf-8""><meta name=viewport content=""width=device-width, initial-scale=1""><title>429</title>429 Too Many Requests"
Lentil,2024,3,2024-03-01,429,False,0,0,0,"<!doctype html><meta charset=""utf-8""><meta name=viewport content=""width=device-width, initial-scale=1""><title>429</title>429 Too Many Requests"
Lentil,2024,3,2024-03-08,429,False,0,0,0,"<!doctype html><meta charset=""utf-8""><meta name=viewport content=""width=device-width, initial-scale=1""><title>429</title>429 Too Many Requests"
Lentil,2024,3,2024-03-15,429,False,0,0,0,"<!doctype html><meta charset=""utf-8""><meta name=viewport content=""width=device-width, initial-scale=1""><title>429</title>429 Too Many Requests"
Lentil,2024,4,2024-04-01,429,False,0,0,0,"<!doctype html><meta charset=""utf-8""><meta name=viewport content=""width=device-width, initial-scale=1""><title>429</title>429 Too Many Requests"
Lentil,2024,4,2024-04-08,429,False,0,0,0,"<!doctype html><meta charset=""utf-8""><meta name=viewport content=""width=device-width, initial-scale=1""><title>429</title>429 Too Many Requests"
Lentil,2024,4,2024-04-15,429,False,0,0,0,"<!doctype html><meta charset=""utf-8""><meta name=viewport content=""width=device-width, initial-scale=1""><title>429</title>429 Too Many Requests"
Lentil,2024,5,2024-05-01,429,False,0,0,0,"<!doctype html><meta charset=""utf-8""><meta name=viewport content=""width=device-width, initial-scale=1""><title>429</title>429 Too Many Requests"
Lentil,2024,5,2024-05-08,429,False,0,0,0,"<!doctype html><meta charset=""utf-8""><meta name=viewport content=""width=device-width, initial-scale=1""><title>429</title>429 Too Many Requests"
Lentil,2024,5,2024-05-15,429,False,0,0,0,"<!doctype html><meta charset=""utf-8""><meta name=viewport content=""width=device-width, initial-scale=1""><title>429</title>429 Too Many Requests"
Lentil,2024,6,2024-06-01,429,False,0,0,0,"<!doctype html><meta charset=""utf-8""><meta name=viewport content=""width=device-width, initial-scale=1""><title>429</title>429 Too Many Requests"
Lentil,2024,6,2024-06-08,429,False,0,0,0,"<!doctype html><meta charset=""utf-8""><meta name=viewport content=""width=device-width, initial-scale=1""><title>429</title>429 Too Many Requests"
Lentil,2024,6,2024-06-15,429,False,0,0,0,"<!doctype html><meta charset=""utf-8""><meta name=viewport content=""width=device-width, initial-scale=1""><title>429</title>429 Too Many Requests"
Lentil,2024,8,2024-08-01,429,False,0,0,0,"<!doctype html><meta charset=""utf-8""><meta name=viewport content=""width=device-width, initial-scale=1""><title>429</title>429 Too Many Requests"
Lentil,2024,8,2024-08-08,429,False,0,0,0,"<!doctype html><meta charset=""utf-8""><meta name=viewport content=""width=device-width, initial-scale=1""><title>429</title>429 Too Many Requests"
Lentil,2024,8,2024-08-15,429,False,0,0,0,"<!doctype html><meta charset=""utf-8""><meta name=viewport content=""width=device-width, initial-scale=1""><title>429</title>429 Too Many Requests"
Lentil,2024,9,2024-09-01,429,False,0,0,0,"<!doctype html><meta charset=""utf-8""><meta name=viewport content=""width=device-width, initial-scale=1""><title>429</title>429 Too Many Requests"
Lentil,2024,9,2024-09-08,429,False,0,0,0,"<!doctype html><meta charset=""utf-8""><meta name=viewport content=""width=device-width, initial-scale=1""><title>429</title>429 Too Many Requests"
Lentil,2024,9,2024-09-15,429,False,0,0,0,"<!doctype html><meta charset=""utf-8""><meta name=viewport content=""width=device-width, initial-scale=1""><title>429</title>429 Too Many Requests"
Lentil,2024,7,2024-07-01,429,False,0,0,0,"<!doctype html><meta charset=""utf-8""><meta name=viewport content=""width=device-width, initial-scale=1""><title>429</title>429 Too Many Requests"
Lentil,2024,7,2024-07-08,429,False,0,0,0,"<!doctype html><meta charset=""utf-8""><meta name=viewport content=""width=device-width, initial-scale=1""><title>429</title>429 Too Many Requests"
Lentil,2024,7,2024-07-15,429,False,0,0,0,"<!doctype html><meta charset=""utf-8""><meta name=viewport content=""width=device-width, initial-scale=1""><title>429</title>429 Too Many Requests"
Lentil,2024,10,2024-10-01,429,False,0,0,0,"<!doctype html><meta charset=""utf-8""><meta name=viewport content=""width=device-width, initial-scale=1""><title>429</title>429 Too Many Requests"
Lentil,2024,10,2024-10-08,429,False,0,0,0,"<!doctype html><meta charset=""utf-8""><meta name=viewport content=""width=device-width, initial-scale=1""><title>429</title>429 Too Many Requests"
Lentil,2024,10,2024-10-15,429,False,0,0,0,"<!doctype html><meta charset=""utf-8""><meta name=viewport content=""width=device-width, initial-scale=1""><title>429</title>429 Too Many Requests"
Lentil,2024,11,2024-11-01,429,False,0,0,0,"<!doctype html><meta charset=""utf-8""><meta name=viewport content=""width=device-width, initial-scale=1""><title>429</title>429 Too Many Requests"
Lentil,2024,11,2024-11-08,429,False,0,0,0,"<!doctype html><meta charset=""utf-8""><meta name=viewport content=""width=device-width, initial-scale=1""><title>429</title>429 Too Many Requests"
Lentil,2024,11,2024-11-15,429,False,0,0,0,"<!doctype html><meta charset=""utf-8""><meta name=viewport content=""width=device-width, initial-scale=1""><title>429</title>429 Too Many Requests"
Lentil,2024,12,2024-12-01,429,False,0,0,0,"<!doctype html><meta charset=""utf-8""><meta name=viewport content=""width=device-width, initial-scale=1""><title>429</title>429 Too Many Requests"
Lentil,2024,12,2024-12-08,429,False,0,0,0,"<!doctype html><meta charset=""utf-8""><meta name=viewport content=""width=device-width, initial-scale=1""><title>429</title>429 Too Many Requests"
Lentil,2024,12,2024-12-15,429,False,0,0,0,"<!doctype html><meta charset=""utf-8""><meta name=viewport content=""width=device-width, initial-scale=1""><title>429</title>429 Too Many Requests"
Lentil,2025,1,2025-01-01,429,False,0,0,0,"<!doctype html><meta charset=""utf-8""><meta name=viewport content=""width=device-width, initial-scale=1""><title>429</title>429 Too Many Requests"
Lentil,2025,1,2025-01-08,429,False,0,0,0,"<!doctype html><meta charset=""utf-8""><meta name=viewport content=""width=device-width, initial-scale=1""><title>429</title>429 Too Many Requests"
Lentil,2025,1,2025-01-15,429,False,0,0,0,"<!doctype html><meta charset=""utf-8""><meta name=viewport content=""width=device-width, initial-scale=1""><title>429</title>429 Too Many Requests"
Lentil,2025,2,2025-02-01,429,False,0,0,0,"<!doctype html><meta charset=""utf-8""><meta name=viewport content=""width=device-width, initial-scale=1""><title>429</title>429 Too Many Requests"
Lentil,2025,2,2025-02-08,429,False,0,0,0,"<!doctype html><meta charset=""utf-8""><meta name=viewport content=""width=device-width, initial-scale=1""><title>429</title>429 Too Many Requests"
Lentil,2025,2,2025-02-15,429,False,0,0,0,"<!doctype html><meta charset=""utf-8""><meta name=viewport content=""width=device-width, initial-scale=1""><title>429</title>429 Too Many Requests"
Lentil,2025,3,2025-03-01,429,False,0,0,0,"<!doctype html><meta charset=""utf-8""><meta name=viewport content=""width=device-width, initial-scale=1""><title>429</title>429 Too Many Requests"
Lentil,2025,3,2025-03-08,429,False,0,0,0,"<!doctype html><meta charset=""utf-8""><meta name=viewport content=""width=device-width, initial-scale=1""><title>429</title>429 Too Many Requests"
Lentil,2025,3,2025-03-15,429,False,0,0,0,"<!doctype html><meta charset=""utf-8""><meta name=viewport content=""width=device-width, initial-scale=1""><title>429</title>429 Too Many Requests"
Lentil,2025,4,2025-04-01,429,False,0,0,0,"<!doctype html><meta charset=""utf-8""><meta name=viewport content=""width=device-width, initial-scale=1""><title>429</title>429 Too Many Requests"
Lentil,2025,4,2025-04-08,429,False,0,0,0,"<!doctype html><meta charset=""utf-8""><meta name=viewport content=""width=device-width, initial-scale=1""><title>429</title>429 Too Many Requests"
Lentil,2025,4,2025-04-15,429,False,0,0,0,"<!doctype html><meta charset=""utf-8""><meta name=viewport content=""width=device-width, initial-scale=1""><title>429</title>429 Too Many Requests"
Lentil,2025,5,2025-05-01,429,False,0,0,0,"<!doctype html><meta charset=""utf-8""><meta name=viewport content=""width=device-width, initial-scale=1""><title>429</title>429 Too Many Requests"
Lentil,2025,5,2025-05-08,429,False,0,0,0,"<!doctype html><meta charset=""utf-8""><meta name=viewport content=""width=device-width, initial-scale=1""><title>429</title>429 Too Many Requests"
Lentil,2025,5,2025-05-15,429,False,0,0,0,"<!doctype html><meta charset=""utf-8""><meta name=viewport content=""width=device-width, initial-scale=1""><title>429</title>429 Too Many Requests"
Lentil,2025,6,2025-06-01,429,False,0,0,0,"<!doctype html><meta charset=""utf-8""><meta name=viewport content=""width=device-width, initial-scale=1""><title>429</title>429 Too Many Requests"
Lentil,2025,6,2025-06-08,429,False,0,0,0,"<!doctype html><meta charset=""utf-8""><meta name=viewport content=""width=device-width, initial-scale=1""><title>429</title>429 Too Many Requests"
Lentil,2025,6,2025-06-15,429,False,0,0,0,"<!doctype html><meta charset=""utf-8""><meta name=viewport content=""width=device-width, initial-scale=1""><title>429</title>429 Too Many Requests"
Lentil,2025,7,2025-07-01,429,False,0,0,0,"<!doctype html><meta charset=""utf-8""><meta name=viewport content=""width=device-width, initial-scale=1""><title>429</title>429 Too Many Requests"
Lentil,2025,7,2025-07-08,429,False,0,0,0,"<!doctype html><meta charset=""utf-8""><meta name=viewport content=""width=device-width, initial-scale=1""><title>429</title>429 Too Many Requests"
Lentil,2025,7,2025-07-15,429,False,0,0,0,"<!doctype html><meta charset=""utf-8""><meta name=viewport content=""width=device-width, initial-scale=1""><title>429</title>429 Too Many Requests"
Lentil,2025,8,2025-08-01,429,False,0,0,0,"<!doctype html><meta charset=""utf-8""><meta name=viewport content=""width=device-width, initial-scale=1""><title>429</title>429 Too Many Requests"
Lentil,2025,8,2025-08-08,429,False,0,0,0,"<!doctype html><meta charset=""utf-8""><meta name=viewport content=""width=device-width, initial-scale=1""><title>429</title>429 Too Many Requests"
Lentil,2025,8,2025-08-15,429,False,0,0,0,"<!doctype html><meta charset=""utf-8""><meta name=viewport content=""width=device-width, initial-scale=1""><title>429</title>429 Too Many Requests"
Lentil,2025,9,2025-09-01,429,False,0,0,0,"<!doctype html><meta charset=""utf-8""><meta name=viewport content=""width=device-width, initial-scale=1""><title>429</title>429 Too Many Requests"
Lentil,2025,9,2025-09-08,429,False,0,0,0,"<!doctype html><meta charset=""utf-8""><meta name=viewport content=""width=device-width, initial-scale=1""><title>429</title>429 Too Many Requests"
Lentil,2025,9,2025-09-15,429,False,0,0,0,"<!doctype html><meta charset=""utf-8""><meta name=viewport content=""width=device-width, initial-scale=1""><title>429</title>429 Too Many Requests"
Lentil,2025,10,2025-10-01,429,False,0,0,0,"<!doctype html><meta charset=""utf-8""><meta name=viewport content=""width=device-width, initial-scale=1""><title>429</title>429 Too Many Requests"
Lentil,2025,10,2025-10-08,429,False,0,0,0,"<!doctype html><meta charset=""utf-8""><meta name=viewport content=""width=device-width, initial-scale=1""><title>429</title>429 Too Many Requests"
Lentil,2025,10,2025-10-15,429,False,0,0,0,"<!doctype html><meta charset=""utf-8""><meta name=viewport content=""width=device-width, initial-scale=1""><title>429</title>429 Too Many Requests"
Lentil,2025,11,2025-11-01,429,False,0,0,0,"<!doctype html><meta charset=""utf-8""><meta name=viewport content=""width=device-width, initial-scale=1""><title>429</title>429 Too Many Requests"
Lentil,2025,11,2025-11-08,429,False,0,0,0,"<!doctype html><meta charset=""utf-8""><meta name=viewport content=""width=device-width, initial-scale=1""><title>429</title>429 Too Many Requests"
Lentil,2025,11,2025-11-15,429,False,0,0,0,"<!doctype html><meta charset=""utf-8""><meta name=viewport content=""width=device-width, initial-scale=1""><title>429</title>429 Too Many Requests"
Lentil,2025,12,2025-12-01,429,False,0,0,0,"<!doctype html><meta charset=""utf-8""><meta name=viewport content=""width=device-width, initial-scale=1""><title>429</title>429 Too Many Requests"
Lentil,2025,12,2025-12-08,429,False,0,0,0,"<!doctype html><meta charset=""utf-8""><meta name=viewport content=""width=device-width, initial-scale=1""><title>429</title>429 Too Many Requests"
Lentil,2025,12,2025-12-15,429,False,0,0,0,"<!doctype html><meta charset=""utf-8""><meta name=viewport content=""width=device-width, initial-scale=1""><title>429</title>429 Too Many Requests"
Sweet Potato,2015,1,2015-01-01,429,False,0,0,0,"<!doctype html><meta charset=""utf-8""><meta name=viewport content=""width=device-width, initial-scale=1""><title>429</title>429 Too Many Requests"
Sweet Potato,2015,1,2015-01-08,429,False,0,0,0,"<!doctype html><meta charset=""utf-8""><meta name=viewport content=""width=device-width, initial-scale=1""><title>429</title>429 Too Many Requests"
Sweet Potato,2015,1,2015-01-15,429,False,0,0,0,"<!doctype html><meta charset=""utf-8""><meta name=viewport content=""width=device-width, initial-scale=1""><title>429</title>429 Too Many Requests"
Sweet Potato,2015,2,2015-02-01,429,False,0,0,0,"<!doctype html><meta charset=""utf-8""><meta name=viewport content=""width=device-width, initial-scale=1""><title>429</title>429 Too Many Requests"
Sweet Potato,2015,2,2015-02-08,429,False,0,0,0,"<!doctype html><meta charset=""utf-8""><meta name=viewport content=""width=device-width, initial-scale=1""><title>429</title>429 Too Many Requests"
Sweet Potato,2015,2,2015-02-15,429,False,0,0,0,"<!doctype html><meta charset=""utf-8""><meta name=viewport content=""width=device-width, initial-scale=1""><title>429</title>429 Too Many Requests"
Sweet Potato,2015,3,2015-03-01,429,False,0,0,0,"<!doctype html><meta charset=""utf-8""><meta name=viewport content=""width=device-width, initial-scale=1""><title>429</title>429 Too Many Requests"
Sweet Potato,2015,3,2015-03-08,429,False,0,0,0,"<!doctype html><meta charset=""utf-8""><meta name=viewport content=""width=device-width, initial-scale=1""><title>429</title>429 Too Many Requests"
Sweet Potato,2015,3,2015-03-15,429,False,0,0,0,"<!doctype html><meta charset=""utf-8""><meta name=viewport content=""width=device-width, initial-scale=1""><title>429</title>429 Too Many Requests"
Sweet Potato,2015,4,2015-04-01,429,False,0,0,0,"<!doctype html><meta charset=""utf-8""><meta name=viewport content=""width=device-width, initial-scale=1""><title>429</title>429 Too Many Requests"
Sweet Potato,2015,4,2015-04-08,429,False,0,0,0,"<!doctype html><meta charset=""utf-8""><meta name=viewport content=""width=device-width, initial-scale=1""><title>429</title>429 Too Many Requests"
Sweet Potato,2015,4,2015-04-15,429,False,0,0,0,"<!doctype html><meta charset=""utf-8""><meta name=viewport content=""width=device-width, initial-scale=1""><title>429</title>429 Too Many Requests"
Sweet Potato,2015,6,2015-06-01,429,False,0,0,0,"<!doctype html><meta charset=""utf-8""><meta name=viewport content=""width=device-width, initial-scale=1""><title>429</title>429 Too Many Requests"
Sweet Potato,2015,6,2015-06-08,429,False,0,0,0,"<!doctype html><meta charset=""utf-8""><meta name=viewport content=""width=device-width, initial-scale=1""><title>429</title>429 Too Many Requests"
Sweet Potato,2015,6,2015-06-15,429,False,0,0,0,"<!doctype html><meta charset=""utf-8""><meta name=viewport content=""width=device-width, initial-scale=1""><title>429</title>429 Too Many Requests"
Sweet Potato,2015,5,2015-05-01,429,False,0,0,0,"<!doctype html><meta charset=""utf-8""><meta name=viewport content=""width=device-width, initial-scale=1""><title>429</title>429 Too Many Requests"
Sweet Potato,2015,5,2015-05-08,429,False,0,0,0,"<!doctype html><meta charset=""utf-8""><meta name=viewport content=""width=device-width, initial-scale=1""><title>429</title>429 Too Many Requests"
Sweet Potato,2015,5,2015-05-15,429,False,0,0,0,"<!doctype html><meta charset=""utf-8""><meta name=viewport content=""width=device-width, initial-scale=1""><title>429</title>429 Too Many Requests"
Sweet Potato,2015,7,2015-07-01,429,False,0,0,0,"<!doctype html><meta charset=""utf-8""><meta name=viewport content=""width=device-width, initial-scale=1""><title>429</title>429 Too Many Requests"
Sweet Potato,2015,7,2015-07-08,429,False,0,0,0,"<!doctype html><meta charset=""utf-8""><meta name=viewport content=""width=device-width, initial-scale=1""><title>429</title>429 Too Many Requests"
Sweet Potato,2015,7,2015-07-15,429,False,0,0,0,"<!doctype html><meta charset=""utf-8""><meta name=viewport content=""width=device-width, initial-scale=1""><title>429</title>429 Too Many Requests"
Sweet Potato,2015,8,2015-08-01,429,False,0,0,0,"<!doctype html><meta charset=""utf-8""><meta name=viewport content=""width=device-width, initial-scale=1""><title>429</title>429 Too Many Requests"
Sweet Potato,2015,8,2015-08-08,429,False,0,0,0,"<!doctype html><meta charset=""utf-8""><meta name=viewport content=""width=device-width, initial-scale=1""><title>429</title>429 Too Many Requests"
Sweet Potato,2015,8,2015-08-15,429,False,0,0,0,"<!doctype html><meta charset=""utf-8""><meta name=viewport content=""width=device-width, initial-scale=1""><title>429</title>429 Too Many Requests"
Sweet Potato,2015,9,2015-09-01,429,False,0,0,0,"<!doctype html><meta charset=""utf-8""><meta name=viewport content=""width=device-width, initial-scale=1""><title>429</title>429 Too Many Requests"
Sweet Potato,2015,9,2015-09-08,429,False,0,0,0,"<!doctype html><meta charset=""utf-8""><meta name=viewport content=""width=device-width, initial-scale=1""><title>429</title>429 Too Many Requests"
Sweet Potato,2015,9,2015-09-15,429,False,0,0,0,"<!doctype html><meta charset=""utf-8""><meta name=viewport content=""width=device-width, initial-scale=1""><title>429</title>429 Too Many Requests"
Sweet Potato,2015,10,2015-10-01,429,False,0,0,0,"<!doctype html><meta charset=""utf-8""><meta name=viewport content=""width=device-width, initial-scale=1""><title>429</title>429 Too Many Requests"
Sweet Potato,2015,10,2015-10-08,429,False,0,0,0,"<!doctype html><meta charset=""utf-8""><meta name=viewport content=""width=device-width, initial-scale=1""><title>429</title>429 Too Many Requests"
Sweet Potato,2015,10,2015-10-15,429,False,0,0,0,"<!doctype html><meta charset=""utf-8""><meta name=viewport content=""width=device-width, initial-scale=1""><title>429</title>429 Too Many Requests"
Sweet Potato,2015,11,2015-11-01,429,False,0,0,0,"<!doctype html><meta charset=""utf-8""><meta name=viewport content=""width=device-width, initial-scale=1""><title>429</title>429 Too Many Requests"
Sweet Potato,2015,11,2015-11-08,429,False,0,0,0,"<!doctype html><meta charset=""utf-8""><meta name=viewport content=""width=device-width, initial-scale=1""><title>429</title>429 Too Many Requests"
Sweet Potato,2015,11,2015-11-15,429,False,0,0,0,"<!doctype html><meta charset=""utf-8""><meta name=viewport content=""width=device-width, initial-scale=1""><title>429</title>429 Too Many Requests"
Sweet Potato,2015,12,2015-12-01,429,False,0,0,0,"<!doctype html><meta charset=""utf-8""><meta name=viewport content=""width=device-width, initial-scale=1""><title>429</title>429 Too Many Requests"
Sweet Potato,2015,12,2015-12-08,429,False,0,0,0,"<!doctype html><meta charset=""utf-8""><meta name=viewport content=""width=device-width, initial-scale=1""><title>429</title>429 Too Many Requests"
Sweet Potato,2015,12,2015-12-15,429,False,0,0,0,"<!doctype html><meta charset=""utf-8""><meta name=viewport content=""width=device-width, initial-scale=1""><title>429</title>429 Too Many Requests"
Sweet Potato,2016,1,2016-01-01,429,False,0,0,0,"<!doctype html><meta charset=""utf-8""><meta name=viewport content=""width=device-width, initial-scale=1""><title>429</title>429 Too Many Requests"
Sweet Potato,2016,1,2016-01-08,429,False,0,0,0,"<!doctype html><meta charset=""utf-8""><meta name=viewport content=""width=device-width, initial-scale=1""><title>429</title>429 Too Many Requests"
Sweet Potato,2016,1,2016-01-15,429,False,0,0,0,"<!doctype html><meta charset=""utf-8""><meta name=viewport content=""width=device-width, initial-scale=1""><title>429</title>429 Too Many Requests"
Sweet Potato,2016,2,2016-02-01,429,False,0,0,0,"<!doctype html><meta charset=""utf-8""><meta name=viewport content=""width=device-width, initial-scale=1""><title>429</title>429 Too Many Requests"
Sweet Potato,2016,2,2016-02-08,429,False,0,0,0,"<!doctype html><meta charset=""utf-8""><meta name=viewport content=""width=device-width, initial-scale=1""><title>429</title>429 Too Many Requests"
Sweet Potato,2016,2,2016-02-15,429,False,0,0,0,"<!doctype html><meta charset=""utf-8""><meta name=viewport content=""width=device-width, initial-scale=1""><title>429</title>429 Too Many Requests"
Sweet Potato,2016,4,2016-04-01,429,False,0,0,0,"<!doctype html><meta charset=""utf-8""><meta name=viewport content=""width=device-width, initial-scale=1""><title>429</title>429 Too Many Requests"
Sweet Potato,2016,4,2016-04-08,429,False,0,0,0,"<!doctype html><meta charset=""utf-8""><meta name=viewport content=""width=device-width, initial-scale=1""><title>429</title>429 Too Many Requests"
Sweet Potato,2016,4,2016-04-15,429,False,0,0,0,"<!doctype html><meta charset=""utf-8""><meta name=viewport content=""width=device-width, initial-scale=1""><title>429</title>429 Too Many Requests"
Sweet Potato,2016,3,2016-03-01,429,False,0,0,0,"<!doctype html><meta charset=""utf-8""><meta name=viewport content=""width=device-width, initial-scale=1""><title>429</title>429 Too Many Requests"
Sweet Potato,2016,3,2016-03-08,429,False,0,0,0,"<!doctype html><meta charset=""utf-8""><meta name=viewport content=""width=device-width, initial-scale=1""><title>429</title>429 Too Many Requests"
Sweet Potato,2016,3,2016-03-15,429,False,0,0,0,"<!doctype html><meta charset=""utf-8""><meta name=viewport content=""width=device-width, initial-scale=1""><title>429</title>429 Too Many Requests"
Sweet Potato,2016,5,2016-05-01,429,False,0,0,0,"<!doctype html><meta charset=""utf-8""><meta name=viewport content=""width=device-width, initial-scale=1""><title>429</title>429 Too Many Requests"
Sweet Potato,2016,5,2016-05-08,429,False,0,0,0,"<!doctype html><meta charset=""utf-8""><meta name=viewport content=""width=device-width, initial-scale=1""><title>429</title>429 Too Many Requests"
Sweet Potato,2016,5,2016-05-15,429,False,0,0,0,"<!doctype html><meta charset=""utf-8""><meta name=viewport content=""width=device-width, initial-scale=1""><title>429</title>429 Too Many Requests"
Sweet Potato,2016,6,2016-06-01,429,False,0,0,0,"<!doctype html><meta charset=""utf-8""><meta name=viewport content=""width=device-width, initial-scale=1""><title>429</title>429 Too Many Requests"
Sweet Potato,2016,6,2016-06-08,429,False,0,0,0,"<!doctype html><meta charset=""utf-8""><meta name=viewport content=""width=device-width, initial-scale=1""><title>429</title>429 Too Many Requests"
Sweet Potato,2016,6,2016-06-15,429,False,0,0,0,"<!doctype html><meta charset=""utf-8""><meta name=viewport content=""width=device-width, initial-scale=1""><title>429</title>429 Too Many Requests"
Sweet Potato,2016,7,2016-07-01,429,False,0,0,0,"<!doctype html><meta charset=""utf-8""><meta name=viewport content=""width=device-width, initial-scale=1""><title>429</title>429 Too Many Requests"
Sweet Potato,2016,7,2016-07-08,429,False,0,0,0,"<!doctype html><meta charset=""utf-8""><meta name=viewport content=""width=device-width, initial-scale=1""><title>429</title>429 Too Many Requests"
Sweet Potato,2016,7,2016-07-15,429,False,0,0,0,"<!doctype html><meta charset=""utf-8""><meta name=viewport content=""width=device-width, initial-scale=1""><title>429</title>429 Too Many Requests"
Sweet Potato,2016,9,2016-09-01,429,False,0,0,0,"<!doctype html><meta charset=""utf-8""><meta name=viewport content=""width=device-width, initial-scale=1""><title>429</title>429 Too Many Requests"
Sweet Potato,2016,9,2016-09-08,429,False,0,0,0,"<!doctype html><meta charset=""utf-8""><meta name=viewport content=""width=device-width, initial-scale=1""><title>429</title>429 Too Many Requests"
Sweet Potato,2016,9,2016-09-15,429,False,0,0,0,"<!doctype html><meta charset=""utf-8""><meta name=viewport content=""width=device-width, initial-scale=1""><title>429</title>429 Too Many Requests"
Sweet Potato,2016,10,2016-10-01,429,False,0,0,0,"<!doctype html><meta charset=""utf-8""><meta name=viewport content=""width=device-width, initial-scale=1""><title>429</title>429 Too Many Requests"
Sweet Potato,2016,10,2016-10-08,429,False,0,0,0,"<!doctype html><meta charset=""utf-8""><meta name=viewport content=""width=device-width, initial-scale=1""><title>429</title>429 Too Many Requests"
Sweet Potato,2016,10,2016-10-15,429,False,0,0,0,"<!doctype html><meta charset=""utf-8""><meta name=viewport content=""width=device-width, initial-scale=1""><title>429</title>429 Too Many Requests"
Sweet Potato,2016,8,2016-08-01,429,False,0,0,0,"<!doctype html><meta charset=""utf-8""><meta name=viewport content=""width=device-width, initial-scale=1""><title>429</title>429 Too Many Requests"
Sweet Potato,2016,8,2016-08-08,429,False,0,0,0,"<!doctype html><meta charset=""utf-8""><meta name=viewport content=""width=device-width, initial-scale=1""><title>429</title>429 Too Many Requests"
Sweet Potato,2016,8,2016-08-15,429,False,0,0,0,"<!doctype html><meta charset=""utf-8""><meta name=viewport content=""width=device-width, initial-scale=1""><title>429</title>429 Too Many Requests"
Sweet Potato,2016,11,2016-11-01,429,False,0,0,0,"<!doctype html><meta charset=""utf-8""><meta name=viewport content=""width=device-width, initial-scale=1""><title>429</title>429 Too Many Requests"
Sweet Potato,2016,11,2016-11-08,429,False,0,0,0,"<!doctype html><meta charset=""utf-8""><meta name=viewport content=""width=device-width, initial-scale=1""><title>429</title>429 Too Many Requests"
Sweet Potato,2016,11,2016-11-15,429,False,0,0,0,"<!doctype html><meta charset=""utf-8""><meta name=viewport content=""width=device-width, initial-scale=1""><title>429</title>429 Too Many Requests"
Sweet Potato,2016,12,2016-12-01,429,False,0,0,0,"<!doctype html><meta charset=""utf-8""><meta name=viewport content=""width=device-width, initial-scale=1""><title>429</title>429 Too Many Requests"
Sweet Potato,2016,12,2016-12-08,429,False,0,0,0,"<!doctype html><meta charset=""utf-8""><meta name=viewport content=""width=device-width, initial-scale=1""><title>429</title>429 Too Many Requests"
Sweet Potato,2016,12,2016-12-15,429,False,0,0,0,"<!doctype html><meta charset=""utf-8""><meta name=viewport content=""width=device-width, initial-scale=1""><title>429</title>429 Too Many Requests"
Sweet Potato,2017,1,2017-01-01,429,False,0,0,0,"<!doctype html><meta charset=""utf-8""><meta name=viewport content=""width=device-width, initial-scale=1""><title>429</title>429 Too Many Requests"
Sweet Potato,2017,1,2017-01-08,429,False,0,0,0,"<!doctype html><meta charset=""utf-8""><meta name=viewport content=""width=device-width, initial-scale=1""><title>429</title>429 Too Many Requests"
Sweet Potato,2017,1,2017-01-15,429,False,0,0,0,"<!doctype html><meta charset=""utf-8""><meta name=viewport content=""width=device-width, initial-scale=1""><title>429</title>429 Too Many Requests"
Sweet Potato,2017,2,2017-02-01,429,False,0,0,0,"<!doctype html><meta charset=""utf-8""><meta name=viewport content=""width=device-width, initial-scale=1""><title>429</title>429 Too Many Requests"
Sweet Potato,2017,2,2017-02-08,429,False,0,0,0,"<!doctype html><meta charset=""utf-8""><meta name=viewport content=""width=device-width, initial-scale=1""><title>429</title>429 Too Many Requests"
Sweet Potato,2017,2,2017-02-15,429,False,0,0,0,"<!doctype html><meta charset=""utf-8""><meta name=viewport content=""width=device-width, initial-scale=1""><title>429</title>429 Too Many Requests"
Sweet Potato,2017,3,2017-03-01,429,False,0,0,0,"<!doctype html><meta charset=""utf-8""><meta name=viewport content=""width=device-width, initial-scale=1""><title>429</title>429 Too Many Requests"
Sweet Potato,2017,3,2017-03-08,429,False,0,0,0,"<!doctype html><meta charset=""utf-8""><meta name=viewport content=""width=device-width, initial-scale=1""><title>429</title>429 Too Many Requests"
Sweet Potato,2017,3,2017-03-15,429,False,0,0,0,"<!doctype html><meta charset=""utf-8""><meta name=viewport content=""width=device-width, initial-scale=1""><title>429</title>429 Too Many Requests"
Sweet Potato,2017,4,2017-04-01,429,False,0,0,0,"<!doctype html><meta charset=""utf-8""><meta name=viewport content=""width=device-width, initial-scale=1""><title>429</title>429 Too Many Requests"
Sweet Potato,2017,4,2017-04-08,429,False,0,0,0,"<!doctype html><meta charset=""utf-8""><meta name=viewport content=""width=device-width, initial-scale=1""><title>429</title>429 Too Many Requests"
Sweet Potato,2017,4,2017-04-15,429,False,0,0,0,"<!doctype html><meta charset=""utf-8""><meta name=viewport content=""width=device-width, initial-scale=1""><title>429</title>429 Too Many Requests"
Sweet Potato,2017,5,2017-05-01,429,False,0,0,0,"<!doctype html><meta charset=""utf-8""><meta name=viewport content=""width=device-width, initial-scale=1""><title>429</title>429 Too Many Requests"
Sweet Potato,2017,5,2017-05-08,429,False,0,0,0,"<!doctype html><meta charset=""utf-8""><meta name=viewport content=""width=device-width, initial-scale=1""><title>429</title>429 Too Many Requests"
Sweet Potato,2017,5,2017-05-15,429,False,0,0,0,"<!doctype html><meta charset=""utf-8""><meta name=viewport content=""width=device-width, initial-scale=1""><title>429</title>429 Too Many Requests"
Sweet Potato,2017,6,2017-06-01,429,False,0,0,0,"<!doctype html><meta charset=""utf-8""><meta name=viewport content=""width=device-width, initial-scale=1""><title>429</title>429 Too Many Requests"
Sweet Potato,2017,6,2017-06-08,429,False,0,0,0,"<!doctype html><meta charset=""utf-8""><meta name=viewport content=""width=device-width, initial-scale=1""><title>429</title>429 Too Many Requests"
Sweet Potato,2017,6,2017-06-15,429,False,0,0,0,"<!doctype html><meta charset=""utf-8""><meta name=viewport content=""width=device-width, initial-scale=1""><title>429</title>429 Too Many Requests"
Sweet Potato,2017,7,2017-07-01,429,False,0,0,0,"<!doctype html><meta charset=""utf-8""><meta name=viewport content=""width=device-width, initial-scale=1""><title>429</title>429 Too Many Requests"
Sweet Potato,2017,7,2017-07-08,429,False,0,0,0,"<!doctype html><meta charset=""utf-8""><meta name=viewport content=""width=device-width, initial-scale=1""><title>429</title>429 Too Many Requests"
Sweet Potato,2017,7,2017-07-15,429,False,0,0,0,"<!doctype html><meta charset=""utf-8""><meta name=viewport content=""width=device-width, initial-scale=1""><title>429</title>429 Too Many Requests"
Sweet Potato,2017,8,2017-08-01,429,False,0,0,0,"<!doctype html><meta charset=""utf-8""><meta name=viewport content=""width=device-width, initial-scale=1""><title>429</title>429 Too Many Requests"
Sweet Potato,2017,8,2017-08-08,429,False,0,0,0,"<!doctype html><meta charset=""utf-8""><meta name=viewport content=""width=device-width, initial-scale=1""><title>429</title>429 Too Many Requests"
Sweet Potato,2017,8,2017-08-15,429,False,0,0,0,"<!doctype html><meta charset=""utf-8""><meta name=viewport content=""width=device-width, initial-scale=1""><title>429</title>429 Too Many Requests"
Sweet Potato,2017,9,2017-09-01,429,False,0,0,0,"<!doctype html><meta charset=""utf-8""><meta name=viewport content=""width=device-width, initial-scale=1""><title>429</title>429 Too Many Requests"
Sweet Potato,2017,9,2017-09-08,429,False,0,0,0,"<!doctype html><meta charset=""utf-8""><meta name=viewport content=""width=device-width, initial-scale=1""><title>429</title>429 Too Many Requests"
Sweet Potato,2017,9,2017-09-15,429,False,0,0,0,"<!doctype html><meta charset=""utf-8""><meta name=viewport content=""width=device-width, initial-scale=1""><title>429</title>429 Too Many Requests"
Sweet Potato,2017,10,2017-10-01,429,False,0,0,0,"<!doctype html><meta charset=""utf-8""><meta name=viewport content=""width=device-width, initial-scale=1""><title>429</title>429 Too Many Requests"
Sweet Potato,2017,10,2017-10-08,429,False,0,0,0,"<!doctype html><meta charset=""utf-8""><meta name=viewport content=""width=device-width, initial-scale=1""><title>429</title>429 Too Many Requests"
Sweet Potato,2017,10,2017-10-15,429,False,0,0,0,"<!doctype html><meta charset=""utf-8""><meta name=viewport content=""width=device-width, initial-scale=1""><title>429</title>429 Too Many Requests"
Sweet Potato,2017,11,2017-11-01,429,False,0,0,0,"<!doctype html><meta charset=""utf-8""><meta name=viewport content=""width=device-width, initial-scale=1""><title>429</title>429 Too Many Requests"
Sweet Potato,2017,11,2017-11-08,429,False,0,0,0,"<!doctype html><meta charset=""utf-8""><meta name=viewport content=""width=device-width, initial-scale=1""><title>429</title>429 Too Many Requests"
Sweet Potato,2017,11,2017-11-15,429,False,0,0,0,"<!doctype html><meta charset=""utf-8""><meta name=viewport content=""width=device-width, initial-scale=1""><title>429</title>429 Too Many Requests"
Sweet Potato,2017,12,2017-12-01,429,False,0,0,0,"<!doctype html><meta charset=""utf-8""><meta name=viewport content=""width=device-width, initial-scale=1""><title>429</title>429 Too Many Requests"
Sweet Potato,2017,12,2017-12-08,429,False,0,0,0,"<!doctype html><meta charset=""utf-8""><meta name=viewport content=""width=device-width, initial-scale=1""><title>429</title>429 Too Many Requests"
Sweet Potato,2017,12,2017-12-15,429,False,0,0,0,"<!doctype html><meta charset=""utf-8""><meta name=viewport content=""width=device-width, initial-scale=1""><title>429</title>429 Too Many Requests"
Sweet Potato,2018,1,2018-01-01,429,False,0,0,0,"<!doctype html><meta charset=""utf-8""><meta name=viewport content=""width=device-width, initial-scale=1""><title>429</title>429 Too Many Requests"
Sweet Potato,2018,1,2018-01-08,429,False,0,0,0,"<!doctype html><meta charset=""utf-8""><meta name=viewport content=""width=device-width, initial-scale=1""><title>429</title>429 Too Many Requests"
Sweet Potato,2018,1,2018-01-15,429,False,0,0,0,"<!doctype html><meta charset=""utf-8""><meta name=viewport content=""width=device-width, initial-scale=1""><title>429</title>429 Too Many Requests"
Sweet Potato,2018,2,2018-02-01,429,False,0,0,0,"<!doctype html><meta charset=""utf-8""><meta name=viewport content=""width=device-width, initial-scale=1""><title>429</title>429 Too Many Requests"
Sweet Potato,2018,2,2018-02-08,429,False,0,0,0,"<!doctype html><meta charset=""utf-8""><meta name=viewport content=""width=device-width, initial-scale=1""><title>429</title>429 Too Many Requests"
Sweet Potato,2018,2,2018-02-15,429,False,0,0,0,"<!doctype html><meta charset=""utf-8""><meta name=viewport content=""width=device-width, initial-scale=1""><title>429</title>429 Too Many Requests"
Sweet Potato,2018,3,2018-03-01,429,False,0,0,0,"<!doctype html><meta charset=""utf-8""><meta name=viewport content=""width=device-width, initial-scale=1""><title>429</title>429 Too Many Requests"
Sweet Potato,2018,3,2018-03-08,429,False,0,0,0,"<!doctype html><meta charset=""utf-8""><meta name=viewport content=""width=device-width, initial-scale=1""><title>429</title>429 Too Many Requests"
Sweet Potato,2018,3,2018-03-15,429,False,0,0,0,"<!doctype html><meta charset=""utf-8""><meta name=viewport content=""width=device-width, initial-scale=1""><title>429</title>429 Too Many Requests"
Sweet Potato,2018,4,2018-04-01,429,False,0,0,0,"<!doctype html><meta charset=""utf-8""><meta name=viewport content=""width=device-width, initial-scale=1""><title>429</title>429 Too Many Requests"
Sweet Potato,2018,4,2018-04-08,429,False,0,0,0,"<!doctype html><meta charset=""utf-8""><meta name=viewport content=""width=device-width, initial-scale=1""><title>429</title>429 Too Many Requests"
Sweet Potato,2018,4,2018-04-15,429,False,0,0,0,"<!doctype html><meta charset=""utf-8""><meta name=viewport content=""width=device-width, initial-scale=1""><title>429</title>429 Too Many Requests"
Sweet Potato,2018,5,2018-05-01,429,False,0,0,0,"<!doctype html><meta charset=""utf-8""><meta name=viewport content=""width=device-width, initial-scale=1""><title>429</title>429 Too Many Requests"
Sweet Potato,2018,5,2018-05-08,429,False,0,0,0,"<!doctype html><meta charset=""utf-8""><meta name=viewport content=""width=device-width, initial-scale=1""><title>429</title>429 Too Many Requests"
Sweet Potato,2018,5,2018-05-15,429,False,0,0,0,"<!doctype html><meta charset=""utf-8""><meta name=viewport content=""width=device-width, initial-scale=1""><title>429</title>429 Too Many Requests"
Sweet Potato,2018,6,2018-06-01,429,False,0,0,0,"<!doctype html><meta charset=""utf-8""><meta name=viewport content=""width=device-width, initial-scale=1""><title>429</title>429 Too Many Requests"
Sweet Potato,2018,6,2018-06-08,429,False,0,0,0,"<!doctype html><meta charset=""utf-8""><meta name=viewport content=""width=device-width, initial-scale=1""><title>429</title>429 Too Many Requests"
Sweet Potato,2018,6,2018-06-15,429,False,0,0,0,"<!doctype html><meta charset=""utf-8""><meta name=viewport content=""width=device-width, initial-scale=1""><title>429</title>429 Too Many Requests"
Sweet Potato,2018,7,2018-07-01,429,False,0,0,0,"<!doctype html><meta charset=""utf-8""><meta name=viewport content=""width=device-width, initial-scale=1""><title>429</title>429 Too Many Requests"
Sweet Potato,2018,7,2018-07-08,429,False,0,0,0,"<!doctype html><meta charset=""utf-8""><meta name=viewport content=""width=device-width, initial-scale=1""><title>429</title>429 Too Many Requests"
Sweet Potato,2018,7,2018-07-15,429,False,0,0,0,"<!doctype html><meta charset=""utf-8""><meta name=viewport content=""width=device-width, initial-scale=1""><title>429</title>429 Too Many Requests"
Sweet Potato,2018,8,2018-08-01,429,False,0,0,0,"<!doctype html><meta charset=""utf-8""><meta name=viewport content=""width=device-width, initial-scale=1""><title>429</title>429 Too Many Requests"
Sweet Potato,2018,8,2018-08-08,429,False,0,0,0,"<!doctype html><meta charset=""utf-8""><meta name=viewport content=""width=device-width, initial-scale=1""><title>429</title>429 Too Many Requests"
Sweet Potato,2018,8,2018-08-15,429,False,0,0,0,"<!doctype html><meta charset=""utf-8""><meta name=viewport content=""width=device-width, initial-scale=1""><title>429</title>429 Too Many Requests"
Sweet Potato,2018,9,2018-09-01,429,False,0,0,0,"<!doctype html><meta charset=""utf-8""><meta name=viewport content=""width=device-width, initial-scale=1""><title>429</title>429 Too Many Requests"
Sweet Potato,2018,9,2018-09-08,429,False,0,0,0,"<!doctype html><meta charset=""utf-8""><meta name=viewport content=""width=device-width, initial-scale=1""><title>429</title>429 Too Many Requests"
Sweet Potato,2018,9,2018-09-15,429,False,0,0,0,"<!doctype html><meta charset=""utf-8""><meta name=viewport content=""width=device-width, initial-scale=1""><title>429</title>429 Too Many Requests"
Sweet Potato,2018,10,2018-10-01,429,False,0,0,0,"<!doctype html><meta charset=""utf-8""><meta name=viewport content=""width=device-width, initial-scale=1""><title>429</title>429 Too Many Requests"
Sweet Potato,2018,10,2018-10-08,429,False,0,0,0,"<!doctype html><meta charset=""utf-8""><meta name=viewport content=""width=device-width, initial-scale=1""><title>429</title>429 Too Many Requests"
Sweet Potato,2018,10,2018-10-15,429,False,0,0,0,"<!doctype html><meta charset=""utf-8""><meta name=viewport content=""width=device-width, initial-scale=1""><title>429</title>429 Too Many Requests"
Sweet Potato,2018,11,2018-11-01,429,False,0,0,0,"<!doctype html><meta charset=""utf-8""><meta name=viewport content=""width=device-width, initial-scale=1""><title>429</title>429 Too Many Requests"
Sweet Potato,2018,11,2018-11-08,429,False,0,0,0,"<!doctype html><meta charset=""utf-8""><meta name=viewport content=""width=device-width, initial-scale=1""><title>429</title>429 Too Many Requests"
Sweet Potato,2018,11,2018-11-15,429,False,0,0,0,"<!doctype html><meta charset=""utf-8""><meta name=viewport content=""width=device-width, initial-scale=1""><title>429</title>429 Too Many Requests"
Sweet Potato,2018,12,2018-12-01,429,False,0,0,0,"<!doctype html><meta charset=""utf-8""><meta name=viewport content=""width=device-width, initial-scale=1""><title>429</title>429 Too Many Requests"
Sweet Potato,2018,12,2018-12-08,429,False,0,0,0,"<!doctype html><meta charset=""utf-8""><meta name=viewport content=""width=device-width, initial-scale=1""><title>429</title>429 Too Many Requests"
Sweet Potato,2018,12,2018-12-15,429,False,0,0,0,"<!doctype html><meta charset=""utf-8""><meta name=viewport content=""width=device-width, initial-scale=1""><title>429</title>429 Too Many Requests"
Sweet Potato,2019,1,2019-01-01,429,False,0,0,0,"<!doctype html><meta charset=""utf-8""><meta name=viewport content=""width=device-width, initial-scale=1""><title>429</title>429 Too Many Requests"
Sweet Potato,2019,1,2019-01-08,429,False,0,0,0,"<!doctype html><meta charset=""utf-8""><meta name=viewport content=""width=device-width, initial-scale=1""><title>429</title>429 Too Many Requests"
Sweet Potato,2019,1,2019-01-15,429,False,0,0,0,"<!doctype html><meta charset=""utf-8""><meta name=viewport content=""width=device-width, initial-scale=1""><title>429</title>429 Too Many Requests"
Sweet Potato,2019,2,2019-02-01,429,False,0,0,0,"<!doctype html><meta charset=""utf-8""><meta name=viewport content=""width=device-width, initial-scale=1""><title>429</title>429 Too Many Requests"
Sweet Potato,2019,2,2019-02-08,429,False,0,0,0,"<!doctype html><meta charset=""utf-8""><meta name=viewport content=""width=device-width, initial-scale=1""><title>429</title>429 Too Many Requests"
Sweet Potato,2019,2,2019-02-15,429,False,0,0,0,"<!doctype html><meta charset=""utf-8""><meta name=viewport content=""width=device-width, initial-scale=1""><title>429</title>429 Too Many Requests"
Sweet Potato,2019,3,2019-03-01,429,False,0,0,0,"<!doctype html><meta charset=""utf-8""><meta name=viewport content=""width=device-width, initial-scale=1""><title>429</title>429 Too Many Requests"
Sweet Potato,2019,3,2019-03-08,429,False,0,0,0,"<!doctype html><meta charset=""utf-8""><meta name=viewport content=""width=device-width, initial-scale=1""><title>429</title>429 Too Many Requests"
Sweet Potato,2019,3,2019-03-15,429,False,0,0,0,"<!doctype html><meta charset=""utf-8""><meta name=viewport content=""width=device-width, initial-scale=1""><title>429</title>429 Too Many Requests"
Sweet Potato,2019,4,2019-04-01,429,False,0,0,0,"<!doctype html><meta charset=""utf-8""><meta name=viewport content=""width=device-width, initial-scale=1""><title>429</title>429 Too Many Requests"
Sweet Potato,2019,4,2019-04-08,429,False,0,0,0,"<!doctype html><meta charset=""utf-8""><meta name=viewport content=""width=device-width, initial-scale=1""><title>429</title>429 Too Many Requests"
Sweet Potato,2019,4,2019-04-15,429,False,0,0,0,"<!doctype html><meta charset=""utf-8""><meta name=viewport content=""width=device-width, initial-scale=1""><title>429</title>429 Too Many Requests"
Sweet Potato,2019,5,2019-05-01,429,False,0,0,0,"<!doctype html><meta charset=""utf-8""><meta name=viewport content=""width=device-width, initial-scale=1""><title>429</title>429 Too Many Requests"
Sweet Potato,2019,5,2019-05-08,429,False,0,0,0,"<!doctype html><meta charset=""utf-8""><meta name=viewport content=""width=device-width, initial-scale=1""><title>429</title>429 Too Many Requests"
Sweet Potato,2019,5,2019-05-15,429,False,0,0,0,"<!doctype html><meta charset=""utf-8""><meta name=viewport content=""width=device-width, initial-scale=1""><title>429</title>429 Too Many Requests"
Sweet Potato,2019,6,2019-06-01,429,False,0,0,0,"<!doctype html><meta charset=""utf-8""><meta name=viewport content=""width=device-width, initial-scale=1""><title>429</title>429 Too Many Requests"
Sweet Potato,2019,6,2019-06-08,429,False,0,0,0,"<!doctype html><meta charset=""utf-8""><meta name=viewport content=""width=device-width, initial-scale=1""><title>429</title>429 Too Many Requests"
Sweet Potato,2019,6,2019-06-15,429,False,0,0,0,"<!doctype html><meta charset=""utf-8""><meta name=viewport content=""width=device-width, initial-scale=1""><title>429</title>429 Too Many Requests"
Sweet Potato,2019,7,2019-07-01,429,False,0,0,0,"<!doctype html><meta charset=""utf-8""><meta name=viewport content=""width=device-width, initial-scale=1""><title>429</title>429 Too Many Requests"
Sweet Potato,2019,7,2019-07-08,429,False,0,0,0,"<!doctype html><meta charset=""utf-8""><meta name=viewport content=""width=device-width, initial-scale=1""><title>429</title>429 Too Many Requests"
Sweet Potato,2019,7,2019-07-15,429,False,0,0,0,"<!doctype html><meta charset=""utf-8""><meta name=viewport content=""width=device-width, initial-scale=1""><title>429</title>429 Too Many Requests"
Sweet Potato,2019,8,2019-08-01,429,False,0,0,0,"<!doctype html><meta charset=""utf-8""><meta name=viewport content=""width=device-width, initial-scale=1""><title>429</title>429 Too Many Requests"
Sweet Potato,2019,8,2019-08-08,429,False,0,0,0,"<!doctype html><meta charset=""utf-8""><meta name=viewport content=""width=device-width, initial-scale=1""><title>429</title>429 Too Many Requests"
Sweet Potato,2019,8,2019-08-15,429,False,0,0,0,"<!doctype html><meta charset=""utf-8""><meta name=viewport content=""width=device-width, initial-scale=1""><title>429</title>429 Too Many Requests"
Sweet Potato,2019,9,2019-09-01,429,False,0,0,0,"<!doctype html><meta charset=""utf-8""><meta name=viewport content=""width=device-width, initial-scale=1""><title>429</title>429 Too Many Requests"
Sweet Potato,2019,9,2019-09-08,429,False,0,0,0,"<!doctype html><meta charset=""utf-8""><meta name=viewport content=""width=device-width, initial-scale=1""><title>429</title>429 Too Many Requests"
Sweet Potato,2019,9,2019-09-15,429,False,0,0,0,"<!doctype html><meta charset=""utf-8""><meta name=viewport content=""width=device-width, initial-scale=1""><title>429</title>429 Too Many Requests"
Sweet Potato,2019,10,2019-10-01,429,False,0,0,0,"<!doctype html><meta charset=""utf-8""><meta name=viewport content=""width=device-width, initial-scale=1""><title>429</title>429 Too Many Requests"
Sweet Potato,2019,10,2019-10-08,429,False,0,0,0,"<!doctype html><meta charset=""utf-8""><meta name=viewport content=""width=device-width, initial-scale=1""><title>429</title>429 Too Many Requests"
Sweet Potato,2019,10,2019-10-15,429,False,0,0,0,"<!doctype html><meta charset=""utf-8""><meta name=viewport content=""width=device-width, initial-scale=1""><title>429</title>429 Too Many Requests"
Sweet Potato,2019,11,2019-11-01,429,False,0,0,0,"<!doctype html><meta charset=""utf-8""><meta name=viewport content=""width=device-width, initial-scale=1""><title>429</title>429 Too Many Requests"
Sweet Potato,2019,11,2019-11-08,429,False,0,0,0,"<!doctype html><meta charset=""utf-8""><meta name=viewport content=""width=device-width, initial-scale=1""><title>429</title>429 Too Many Requests"
Sweet Potato,2019,11,2019-11-15,429,False,0,0,0,"<!doctype html><meta charset=""utf-8""><meta name=viewport content=""width=device-width, initial-scale=1""><title>429</title>429 Too Many Requests"
Sweet Potato,2019,12,2019-12-01,429,False,0,0,0,"<!doctype html><meta charset=""utf-8""><meta name=viewport content=""width=device-width, initial-scale=1""><title>429</title>429 Too Many Requests"
Sweet Potato,2019,12,2019-12-08,429,False,0,0,0,"<!doctype html><meta charset=""utf-8""><meta name=viewport content=""width=device-width, initial-scale=1""><title>429</title>429 Too Many Requests"
Sweet Potato,2019,12,2019-12-15,429,False,0,0,0,"<!doctype html><meta charset=""utf-8""><meta name=viewport content=""width=device-width, initial-scale=1""><title>429</title>429 Too Many Requests"
Sweet Potato,2020,1,2020-01-01,429,False,0,0,0,"<!doctype html><meta charset=""utf-8""><meta name=viewport content=""width=device-width, initial-scale=1""><title>429</title>429 Too Many Requests"
Sweet Potato,2020,1,2020-01-08,429,False,0,0,0,"<!doctype html><meta charset=""utf-8""><meta name=viewport content=""width=device-width, initial-scale=1""><title>429</title>429 Too Many Requests"
Sweet Potato,2020,1,2020-01-15,429,False,0,0,0,"<!doctype html><meta charset=""utf-8""><meta name=viewport content=""width=device-width, initial-scale=1""><title>429</title>429 Too Many Requests"
Sweet Potato,2020,2,2020-02-01,429,False,0,0,0,"<!doctype html><meta charset=""utf-8""><meta name=viewport content=""width=device-width, initial-scale=1""><title>429</title>429 Too Many Requests"
Sweet Potato,2020,2,2020-02-08,429,False,0,0,0,"<!doctype html><meta charset=""utf-8""><meta name=viewport content=""width=device-width, initial-scale=1""><title>429</title>429 Too Many Requests"
Sweet Potato,2020,2,2020-02-15,429,False,0,0,0,"<!doctype html><meta charset=""utf-8""><meta name=viewport content=""width=device-width, initial-scale=1""><title>429</title>429 Too Many Requests"
Sweet Potato,2020,3,2020-03-01,429,False,0,0,0,"<!doctype html><meta charset=""utf-8""><meta name=viewport content=""width=device-width, initial-scale=1""><title>429</title>429 Too Many Requests"
Sweet Potato,2020,3,2020-03-08,429,False,0,0,0,"<!doctype html><meta charset=""utf-8""><meta name=viewport content=""width=device-width, initial-scale=1""><title>429</title>429 Too Many Requests"
Sweet Potato,2020,3,2020-03-15,429,False,0,0,0,"<!doctype html><meta charset=""utf-8""><meta name=viewport content=""width=device-width, initial-scale=1""><title>429</title>429 Too Many Requests"
Sweet Potato,2020,5,2020-05-01,429,False,0,0,0,"<!doctype html><meta charset=""utf-8""><meta name=viewport content=""width=device-width, initial-scale=1""><title>429</title>429 Too Many Requests"
Sweet Potato,2020,5,2020-05-08,429,False,0,0,0,"<!doctype html><meta charset=""utf-8""><meta name=viewport content=""width=device-width, initial-scale=1""><title>429</title>429 Too Many Requests"
Sweet Potato,2020,5,2020-05-15,429,False,0,0,0,"<!doctype html><meta charset=""utf-8""><meta name=viewport content=""width=device-width, initial-scale=1""><title>429</title>429 Too Many Requests"
Sweet Potato,2020,4,2020-04-01,429,False,0,0,0,"<!doctype html><meta charset=""utf-8""><meta name=viewport content=""width=device-width, initial-scale=1""><title>429</title>429 Too Many Requests"
Sweet Potato,2020,4,2020-04-08,429,False,0,0,0,"<!doctype html><meta charset=""utf-8""><meta name=viewport content=""width=device-width, initial-scale=1""><title>429</title>429 Too Many Requests"
Sweet Potato,2020,4,2020-04-15,429,False,0,0,0,"<!doctype html><meta charset=""utf-8""><meta name=viewport content=""width=device-width, initial-scale=1""><title>429</title>429 Too Many Requests"
Sweet Potato,2020,6,2020-06-01,429,False,0,0,0,"<!doctype html><meta charset=""utf-8""><meta name=viewport content=""width=device-width, initial-scale=1""><title>429</title>429 Too Many Requests"
Sweet Potato,2020,6,2020-06-08,429,False,0,0,0,"<!doctype html><meta charset=""utf-8""><meta name=viewport content=""width=device-width, initial-scale=1""><title>429</title>429 Too Many Requests"
Sweet Potato,2020,6,2020-06-15,429,False,0,0,0,"<!doctype html><meta charset=""utf-8""><meta name=viewport content=""width=device-width, initial-scale=1""><title>429</title>429 Too Many Requests"
Sweet Potato,2020,7,2020-07-01,429,False,0,0,0,"<!doctype html><meta charset=""utf-8""><meta name=viewport content=""width=device-width, initial-scale=1""><title>429</title>429 Too Many Requests"
Sweet Potato,2020,7,2020-07-08,429,False,0,0,0,"<!doctype html><meta charset=""utf-8""><meta name=viewport content=""width=device-width, initial-scale=1""><title>429</title>429 Too Many Requests"
Sweet Potato,2020,7,2020-07-15,429,False,0,0,0,"<!doctype html><meta charset=""utf-8""><meta name=viewport content=""width=device-width, initial-scale=1""><title>429</title>429 Too Many Requests"
Sweet Potato,2020,8,2020-08-01,429,False,0,0,0,"<!doctype html><meta charset=""utf-8""><meta name=viewport content=""width=device-width, initial-scale=1""><title>429</title>429 Too Many Requests"
Sweet Potato,2020,8,2020-08-08,429,False,0,0,0,"<!doctype html><meta charset=""utf-8""><meta name=viewport content=""width=device-width, initial-scale=1""><title>429</title>429 Too Many Requests"
Sweet Potato,2020,8,2020-08-15,429,False,0,0,0,"<!doctype html><meta charset=""utf-8""><meta name=viewport content=""width=device-width, initial-scale=1""><title>429</title>429 Too Many Requests"
Sweet Potato,2020,9,2020-09-01,429,False,0,0,0,"<!doctype html><meta charset=""utf-8""><meta name=viewport content=""width=device-width, initial-scale=1""><title>429</title>429 Too Many Requests"
Sweet Potato,2020,9,2020-09-08,429,False,0,0,0,"<!doctype html><meta charset=""utf-8""><meta name=viewport content=""width=device-width, initial-scale=1""><title>429</title>429 Too Many Requests"
Sweet Potato,2020,9,2020-09-15,429,False,0,0,0,"<!doctype html><meta charset=""utf-8""><meta name=viewport content=""width=device-width, initial-scale=1""><title>429</title>429 Too Many Requests"
Sweet Potato,2020,10,2020-10-01,429,False,0,0,0,"<!doctype html><meta charset=""utf-8""><meta name=viewport content=""width=device-width, initial-scale=1""><title>429</title>429 Too Many Requests"
Sweet Potato,2020,10,2020-10-08,429,False,0,0,0,"<!doctype html><meta charset=""utf-8""><meta name=viewport content=""width=device-width, initial-scale=1""><title>429</title>429 Too Many Requests"
Sweet Potato,2020,10,2020-10-15,429,False,0,0,0,"<!doctype html><meta charset=""utf-8""><meta name=viewport content=""width=device-width, initial-scale=1""><title>429</title>429 Too Many Requests"
Sweet Potato,2020,11,2020-11-01,429,False,0,0,0,"<!doctype html><meta charset=""utf-8""><meta name=viewport content=""width=device-width, initial-scale=1""><title>429</title>429 Too Many Requests"
Sweet Potato,2020,11,2020-11-08,429,False,0,0,0,"<!doctype html><meta charset=""utf-8""><meta name=viewport content=""width=device-width, initial-scale=1""><title>429</title>429 Too Many Requests"
Sweet Potato,2020,11,2020-11-15,429,False,0,0,0,"<!doctype html><meta charset=""utf-8""><meta name=viewport content=""width=device-width, initial-scale=1""><title>429</title>429 Too Many Requests"
Sweet Potato,2020,12,2020-12-01,429,False,0,0,0,"<!doctype html><meta charset=""utf-8""><meta name=viewport content=""width=device-width, initial-scale=1""><title>429</title>429 Too Many Requests"
Sweet Potato,2020,12,2020-12-08,429,False,0,0,0,"<!doctype html><meta charset=""utf-8""><meta name=viewport content=""width=device-width, initial-scale=1""><title>429</title>429 Too Many Requests"
Sweet Potato,2020,12,2020-12-15,429,False,0,0,0,"<!doctype html><meta charset=""utf-8""><meta name=viewport content=""width=device-width, initial-scale=1""><title>429</title>429 Too Many Requests"
Sweet Potato,2021,1,2021-01-01,429,False,0,0,0,"<!doctype html><meta charset=""utf-8""><meta name=viewport content=""width=device-width, initial-scale=1""><title>429</title>429 Too Many Requests"
Sweet Potato,2021,1,2021-01-08,429,False,0,0,0,"<!doctype html><meta charset=""utf-8""><meta name=viewport content=""width=device-width, initial-scale=1""><title>429</title>429 Too Many Requests"
Sweet Potato,2021,1,2021-01-15,429,False,0,0,0,"<!doctype html><meta charset=""utf-8""><meta name=viewport content=""width=device-width, initial-scale=1""><title>429</title>429 Too Many Requests"
Sweet Potato,2021,2,2021-02-01,429,False,0,0,0,"<!doctype html><meta charset=""utf-8""><meta name=viewport content=""width=device-width, initial-scale=1""><title>429</title>429 Too Many Requests"
Sweet Potato,2021,2,2021-02-08,429,False,0,0,0,"<!doctype html><meta charset=""utf-8""><meta name=viewport content=""width=device-width, initial-scale=1""><title>429</title>429 Too Many Requests"
Sweet Potato,2021,2,2021-02-15,429,False,0,0,0,"<!doctype html><meta charset=""utf-8""><meta name=viewport content=""width=device-width, initial-scale=1""><title>429</title>429 Too Many Requests"
Sweet Potato,2021,3,2021-03-01,429,False,0,0,0,"<!doctype html><meta charset=""utf-8""><meta name=viewport content=""width=device-width, initial-scale=1""><title>429</title>429 Too Many Requests"
Sweet Potato,2021,3,2021-03-08,429,False,0,0,0,"<!doctype html><meta charset=""utf-8""><meta name=viewport content=""width=device-width, initial-scale=1""><title>429</title>429 Too Many Requests"
Sweet Potato,2021,3,2021-03-15,429,False,0,0,0,"<!doctype html><meta charset=""utf-8""><meta name=viewport content=""width=device-width, initial-scale=1""><title>429</title>429 Too Many Requests"
Sweet Potato,2021,4,2021-04-01,429,False,0,0,0,"<!doctype html><meta charset=""utf-8""><meta name=viewport content=""width=device-width, initial-scale=1""><title>429</title>429 Too Many Requests"
Sweet Potato,2021,4,2021-04-08,429,False,0,0,0,"<!doctype html><meta charset=""utf-8""><meta name=viewport content=""width=device-width, initial-scale=1""><title>429</title>429 Too Many Requests"
Sweet Potato,2021,4,2021-04-15,429,False,0,0,0,"<!doctype html><meta charset=""utf-8""><meta name=viewport content=""width=device-width, initial-scale=1""><title>429</title>429 Too Many Requests"
Sweet Potato,2021,5,2021-05-01,429,False,0,0,0,"<!doctype html><meta charset=""utf-8""><meta name=viewport content=""width=device-width, initial-scale=1""><title>429</title>429 Too Many Requests"
Sweet Potato,2021,5,2021-05-08,429,False,0,0,0,"<!doctype html><meta charset=""utf-8""><meta name=viewport content=""width=device-width, initial-scale=1""><title>429</title>429 Too Many Requests"
Sweet Potato,2021,5,2021-05-15,429,False,0,0,0,"<!doctype html><meta charset=""utf-8""><meta name=viewport content=""width=device-width, initial-scale=1""><title>429</title>429 Too Many Requests"
Sweet Potato,2021,6,2021-06-01,429,False,0,0,0,"<!doctype html><meta charset=""utf-8""><meta name=viewport content=""width=device-width, initial-scale=1""><title>429</title>429 Too Many Requests"
Sweet Potato,2021,6,2021-06-08,429,False,0,0,0,"<!doctype html><meta charset=""utf-8""><meta name=viewport content=""width=device-width, initial-scale=1""><title>429</title>429 Too Many Requests"
Sweet Potato,2021,6,2021-06-15,429,False,0,0,0,"<!doctype html><meta charset=""utf-8""><meta name=viewport content=""width=device-width, initial-scale=1""><title>429</title>429 Too Many Requests"
Sweet Potato,2021,7,2021-07-01,429,False,0,0,0,"<!doctype html><meta charset=""utf-8""><meta name=viewport content=""width=device-width, initial-scale=1""><title>429</title>429 Too Many Requests"
Sweet Potato,2021,7,2021-07-08,429,False,0,0,0,"<!doctype html><meta charset=""utf-8""><meta name=viewport content=""width=device-width, initial-scale=1""><title>429</title>429 Too Many Requests"
Sweet Potato,2021,7,2021-07-15,429,False,0,0,0,"<!doctype html><meta charset=""utf-8""><meta name=viewport content=""width=device-width, initial-scale=1""><title>429</title>429 Too Many Requests"
Sweet Potato,2021,8,2021-08-01,429,False,0,0,0,"<!doctype html><meta charset=""utf-8""><meta name=viewport content=""width=device-width, initial-scale=1""><title>429</title>429 Too Many Requests"
Sweet Potato,2021,8,2021-08-08,429,False,0,0,0,"<!doctype html><meta charset=""utf-8""><meta name=viewport content=""width=device-width, initial-scale=1""><title>429</title>429 Too Many Requests"
Sweet Potato,2021,8,2021-08-15,429,False,0,0,0,"<!doctype html><meta charset=""utf-8""><meta name=viewport content=""width=device-width, initial-scale=1""><title>429</title>429 Too Many Requests"
Sweet Potato,2021,9,2021-09-01,429,False,0,0,0,"<!doctype html><meta charset=""utf-8""><meta name=viewport content=""width=device-width, initial-scale=1""><title>429</title>429 Too Many Requests"
Sweet Potato,2021,9,2021-09-08,429,False,0,0,0,"<!doctype html><meta charset=""utf-8""><meta name=viewport content=""width=device-width, initial-scale=1""><title>429</title>429 Too Many Requests"
Sweet Potato,2021,9,2021-09-15,429,False,0,0,0,"<!doctype html><meta charset=""utf-8""><meta name=viewport content=""width=device-width, initial-scale=1""><title>429</title>429 Too Many Requests"
Sweet Potato,2021,10,2021-10-01,429,False,0,0,0,"<!doctype html><meta charset=""utf-8""><meta name=viewport content=""width=device-width, initial-scale=1""><title>429</title>429 Too Many Requests"
Sweet Potato,2021,10,2021-10-08,429,False,0,0,0,"<!doctype html><meta charset=""utf-8""><meta name=viewport content=""width=device-width, initial-scale=1""><title>429</title>429 Too Many Requests"
Sweet Potato,2021,10,2021-10-15,429,False,0,0,0,"<!doctype html><meta charset=""utf-8""><meta name=viewport content=""width=device-width, initial-scale=1""><title>429</title>429 Too Many Requests"
Sweet Potato,2021,11,2021-11-01,429,False,0,0,0,"<!doctype html><meta charset=""utf-8""><meta name=viewport content=""width=device-width, initial-scale=1""><title>429</title>429 Too Many Requests"
Sweet Potato,2021,11,2021-11-08,429,False,0,0,0,"<!doctype html><meta charset=""utf-8""><meta name=viewport content=""width=device-width, initial-scale=1""><title>429</title>429 Too Many Requests"
Sweet Potato,2021,11,2021-11-15,429,False,0,0,0,"<!doctype html><meta charset=""utf-8""><meta name=viewport content=""width=device-width, initial-scale=1""><title>429</title>429 Too Many Requests"
Sweet Potato,2021,12,2021-12-01,429,False,0,0,0,"<!doctype html><meta charset=""utf-8""><meta name=viewport content=""width=device-width, initial-scale=1""><title>429</title>429 Too Many Requests"
Sweet Potato,2021,12,2021-12-08,429,False,0,0,0,"<!doctype html><meta charset=""utf-8""><meta name=viewport content=""width=device-width, initial-scale=1""><title>429</title>429 Too Many Requests"
Sweet Potato,2021,12,2021-12-15,429,False,0,0,0,"<!doctype html><meta charset=""utf-8""><meta name=viewport content=""width=device-width, initial-scale=1""><title>429</title>429 Too Many Requests"
Sweet Potato,2022,1,2022-01-01,429,False,0,0,0,"<!doctype html><meta charset=""utf-8""><meta name=viewport content=""width=device-width, initial-scale=1""><title>429</title>429 Too Many Requests"
Sweet Potato,2022,1,2022-01-08,429,False,0,0,0,"<!doctype html><meta charset=""utf-8""><meta name=viewport content=""width=device-width, initial-scale=1""><title>429</title>429 Too Many Requests"
Sweet Potato,2022,1,2022-01-15,429,False,0,0,0,"<!doctype html><meta charset=""utf-8""><meta name=viewport content=""width=device-width, initial-scale=1""><title>429</title>429 Too Many Requests"
Sweet Potato,2022,2,2022-02-01,429,False,0,0,0,"<!doctype html><meta charset=""utf-8""><meta name=viewport content=""width=device-width, initial-scale=1""><title>429</title>429 Too Many Requests"
Sweet Potato,2022,2,2022-02-08,429,False,0,0,0,"<!doctype html><meta charset=""utf-8""><meta name=viewport content=""width=device-width, initial-scale=1""><title>429</title>429 Too Many Requests"
Sweet Potato,2022,2,2022-02-15,429,False,0,0,0,"<!doctype html><meta charset=""utf-8""><meta name=viewport content=""width=device-width, initial-scale=1""><title>429</title>429 Too Many Requests"
Sweet Potato,2022,3,2022-03-01,429,False,0,0,0,"<!doctype html><meta charset=""utf-8""><meta name=viewport content=""width=device-width, initial-scale=1""><title>429</title>429 Too Many Requests"
Sweet Potato,2022,3,2022-03-08,429,False,0,0,0,"<!doctype html><meta charset=""utf-8""><meta name=viewport content=""width=device-width, initial-scale=1""><title>429</title>429 Too Many Requests"
Sweet Potato,2022,3,2022-03-15,429,False,0,0,0,"<!doctype html><meta charset=""utf-8""><meta name=viewport content=""width=device-width, initial-scale=1""><title>429</title>429 Too Many Requests"
Sweet Potato,2022,4,2022-04-01,429,False,0,0,0,"<!doctype html><meta charset=""utf-8""><meta name=viewport content=""width=device-width, initial-scale=1""><title>429</title>429 Too Many Requests"
Sweet Potato,2022,4,2022-04-08,429,False,0,0,0,"<!doctype html><meta charset=""utf-8""><meta name=viewport content=""width=device-width, initial-scale=1""><title>429</title>429 Too Many Requests"
Sweet Potato,2022,4,2022-04-15,429,False,0,0,0,"<!doctype html><meta charset=""utf-8""><meta name=viewport content=""width=device-width, initial-scale=1""><title>429</title>429 Too Many Requests"
Sweet Potato,2022,5,2022-05-01,429,False,0,0,0,"<!doctype html><meta charset=""utf-8""><meta name=viewport content=""width=device-width, initial-scale=1""><title>429</title>429 Too Many Requests"
Sweet Potato,2022,5,2022-05-08,429,False,0,0,0,"<!doctype html><meta charset=""utf-8""><meta name=viewport content=""width=device-width, initial-scale=1""><title>429</title>429 Too Many Requests"
Sweet Potato,2022,5,2022-05-15,429,False,0,0,0,"<!doctype html><meta charset=""utf-8""><meta name=viewport content=""width=device-width, initial-scale=1""><title>429</title>429 Too Many Requests"
Sweet Potato,2022,6,2022-06-01,429,False,0,0,0,"<!doctype html><meta charset=""utf-8""><meta name=viewport content=""width=device-width, initial-scale=1""><title>429</title>429 Too Many Requests"
Sweet Potato,2022,6,2022-06-08,429,False,0,0,0,"<!doctype html><meta charset=""utf-8""><meta name=viewport content=""width=device-width, initial-scale=1""><title>429</title>429 Too Many Requests"
Sweet Potato,2022,6,2022-06-15,429,False,0,0,0,"<!doctype html><meta charset=""utf-8""><meta name=viewport content=""width=device-width, initial-scale=1""><title>429</title>429 Too Many Requests"
Sweet Potato,2022,7,2022-07-01,429,False,0,0,0,"<!doctype html><meta charset=""utf-8""><meta name=viewport content=""width=device-width, initial-scale=1""><title>429</title>429 Too Many Requests"
Sweet Potato,2022,7,2022-07-08,429,False,0,0,0,"<!doctype html><meta charset=""utf-8""><meta name=viewport content=""width=device-width, initial-scale=1""><title>429</title>429 Too Many Requests"
Sweet Potato,2022,7,2022-07-15,429,False,0,0,0,"<!doctype html><meta charset=""utf-8""><meta name=viewport content=""width=device-width, initial-scale=1""><title>429</title>429 Too Many Requests"
Sweet Potato,2022,8,2022-08-01,429,False,0,0,0,"<!doctype html><meta charset=""utf-8""><meta name=viewport content=""width=device-width, initial-scale=1""><title>429</title>429 Too Many Requests"
Sweet Potato,2022,8,2022-08-08,429,False,0,0,0,"<!doctype html><meta charset=""utf-8""><meta name=viewport content=""width=device-width, initial-scale=1""><title>429</title>429 Too Many Requests"
Sweet Potato,2022,8,2022-08-15,429,False,0,0,0,"<!doctype html><meta charset=""utf-8""><meta name=viewport content=""width=device-width, initial-scale=1""><title>429</title>429 Too Many Requests"
Sweet Potato,2022,9,2022-09-01,429,False,0,0,0,"<!doctype html><meta charset=""utf-8""><meta name=viewport content=""width=device-width, initial-scale=1""><title>429</title>429 Too Many Requests"
Sweet Potato,2022,9,2022-09-08,429,False,0,0,0,"<!doctype html><meta charset=""utf-8""><meta name=viewport content=""width=device-width, initial-scale=1""><title>429</title>429 Too Many Requests"
Sweet Potato,2022,9,2022-09-15,429,False,0,0,0,"<!doctype html><meta charset=""utf-8""><meta name=viewport content=""width=device-width, initial-scale=1""><title>429</title>429 Too Many Requests"
Sweet Potato,2022,10,2022-10-01,429,False,0,0,0,"<!doctype html><meta charset=""utf-8""><meta name=viewport content=""width=device-width, initial-scale=1""><title>429</title>429 Too Many Requests"
Sweet Potato,2022,10,2022-10-08,429,False,0,0,0,"<!doctype html><meta charset=""utf-8""><meta name=viewport content=""width=device-width, initial-scale=1""><title>429</title>429 Too Many Requests"
Sweet Potato,2022,10,2022-10-15,429,False,0,0,0,"<!doctype html><meta charset=""utf-8""><meta name=viewport content=""width=device-width, initial-scale=1""><title>429</title>429 Too Many Requests"
Sweet Potato,2022,11,2022-11-01,429,False,0,0,0,"<!doctype html><meta charset=""utf-8""><meta name=viewport content=""width=device-width, initial-scale=1""><title>429</title>429 Too Many Requests"
Sweet Potato,2022,11,2022-11-08,429,False,0,0,0,"<!doctype html><meta charset=""utf-8""><meta name=viewport content=""width=device-width, initial-scale=1""><title>429</title>429 Too Many Requests"
Sweet Potato,2022,11,2022-11-15,429,False,0,0,0,"<!doctype html><meta charset=""utf-8""><meta name=viewport content=""width=device-width, initial-scale=1""><title>429</title>429 Too Many Requests"
Sweet Potato,2022,12,2022-12-01,429,False,0,0,0,"<!doctype html><meta charset=""utf-8""><meta name=viewport content=""width=device-width, initial-scale=1""><title>429</title>429 Too Many Requests"
Sweet Potato,2022,12,2022-12-08,429,False,0,0,0,"<!doctype html><meta charset=""utf-8""><meta name=viewport content=""width=device-width, initial-scale=1""><title>429</title>429 Too Many Requests"
Sweet Potato,2022,12,2022-12-15,429,False,0,0,0,"<!doctype html><meta charset=""utf-8""><meta name=viewport content=""width=device-width, initial-scale=1""><title>429</title>429 Too Many Requests"
Sweet Potato,2023,1,2023-01-01,429,False,0,0,0,"<!doctype html><meta charset=""utf-8""><meta name=viewport content=""width=device-width, initial-scale=1""><title>429</title>429 Too Many Requests"
Sweet Potato,2023,1,2023-01-08,429,False,0,0,0,"<!doctype html><meta charset=""utf-8""><meta name=viewport content=""width=device-width, initial-scale=1""><title>429</title>429 Too Many Requests"
Sweet Potato,2023,1,2023-01-15,429,False,0,0,0,"<!doctype html><meta charset=""utf-8""><meta name=viewport content=""width=device-width, initial-scale=1""><title>429</title>429 Too Many Requests"
Sweet Potato,2023,2,2023-02-01,429,False,0,0,0,"<!doctype html><meta charset=""utf-8""><meta name=viewport content=""width=device-width, initial-scale=1""><title>429</title>429 Too Many Requests"
Sweet Potato,2023,2,2023-02-08,429,False,0,0,0,"<!doctype html><meta charset=""utf-8""><meta name=viewport content=""width=device-width, initial-scale=1""><title>429</title>429 Too Many Requests"
Sweet Potato,2023,2,2023-02-15,429,False,0,0,0,"<!doctype html><meta charset=""utf-8""><meta name=viewport content=""width=device-width, initial-scale=1""><title>429</title>429 Too Many Requests"
Sweet Potato,2023,3,2023-03-01,429,False,0,0,0,"<!doctype html><meta charset=""utf-8""><meta name=viewport content=""width=device-width, initial-scale=1""><title>429</title>429 Too Many Requests"
Sweet Potato,2023,3,2023-03-08,429,False,0,0,0,"<!doctype html><meta charset=""utf-8""><meta name=viewport content=""width=device-width, initial-scale=1""><title>429</title>429 Too Many Requests"
Sweet Potato,2023,3,2023-03-15,429,False,0,0,0,"<!doctype html><meta charset=""utf-8""><meta name=viewport content=""width=device-width, initial-scale=1""><title>429</title>429 Too Many Requests"
Sweet Potato,2023,4,2023-04-01,429,False,0,0,0,"<!doctype html><meta charset=""utf-8""><meta name=viewport content=""width=device-width, initial-scale=1""><title>429</title>429 Too Many Requests"
Sweet Potato,2023,4,2023-04-08,429,False,0,0,0,"<!doctype html><meta charset=""utf-8""><meta name=viewport content=""width=device-width, initial-scale=1""><title>429</title>429 Too Many Requests"
Sweet Potato,2023,4,2023-04-15,429,False,0,0,0,"<!doctype html><meta charset=""utf-8""><meta name=viewport content=""width=device-width, initial-scale=1""><title>429</title>429 Too Many Requests"
Sweet Potato,2023,5,2023-05-01,429,False,0,0,0,"<!doctype html><meta charset=""utf-8""><meta name=viewport content=""width=device-width, initial-scale=1""><title>429</title>429 Too Many Requests"
Sweet Potato,2023,5,2023-05-08,429,False,0,0,0,"<!doctype html><meta charset=""utf-8""><meta name=viewport content=""width=device-width, initial-scale=1""><title>429</title>429 Too Many Requests"
Sweet Potato,2023,5,2023-05-15,429,False,0,0,0,"<!doctype html><meta charset=""utf-8""><meta name=viewport content=""width=device-width, initial-scale=1""><title>429</title>429 Too Many Requests"
Sweet Potato,2023,6,2023-06-01,429,False,0,0,0,"<!doctype html><meta charset=""utf-8""><meta name=viewport content=""width=device-width, initial-scale=1""><title>429</title>429 Too Many Requests"
Sweet Potato,2023,6,2023-06-08,429,False,0,0,0,"<!doctype html><meta charset=""utf-8""><meta name=viewport content=""width=device-width, initial-scale=1""><title>429</title>429 Too Many Requests"
Sweet Potato,2023,6,2023-06-15,429,False,0,0,0,"<!doctype html><meta charset=""utf-8""><meta name=viewport content=""width=device-width, initial-scale=1""><title>429</title>429 Too Many Requests"
Sweet Potato,2023,7,2023-07-01,429,False,0,0,0,"<!doctype html><meta charset=""utf-8""><meta name=viewport content=""width=device-width, initial-scale=1""><title>429</title>429 Too Many Requests"
Sweet Potato,2023,7,2023-07-08,429,False,0,0,0,"<!doctype html><meta charset=""utf-8""><meta name=viewport content=""width=device-width, initial-scale=1""><title>429</title>429 Too Many Requests"
Sweet Potato,2023,7,2023-07-15,429,False,0,0,0,"<!doctype html><meta charset=""utf-8""><meta name=viewport content=""width=device-width, initial-scale=1""><title>429</title>429 Too Many Requests"
Sweet Potato,2023,8,2023-08-01,429,False,0,0,0,"<!doctype html><meta charset=""utf-8""><meta name=viewport content=""width=device-width, initial-scale=1""><title>429</title>429 Too Many Requests"
Sweet Potato,2023,8,2023-08-08,429,False,0,0,0,"<!doctype html><meta charset=""utf-8""><meta name=viewport content=""width=device-width, initial-scale=1""><title>429</title>429 Too Many Requests"
Sweet Potato,2023,8,2023-08-15,429,False,0,0,0,"<!doctype html><meta charset=""utf-8""><meta name=viewport content=""width=device-width, initial-scale=1""><title>429</title>429 Too Many Requests"
Sweet Potato,2023,9,2023-09-01,429,False,0,0,0,"<!doctype html><meta charset=""utf-8""><meta name=viewport content=""width=device-width, initial-scale=1""><title>429</title>429 Too Many Requests"
Sweet Potato,2023,9,2023-09-08,429,False,0,0,0,"<!doctype html><meta charset=""utf-8""><meta name=viewport content=""width=device-width, initial-scale=1""><title>429</title>429 Too Many Requests"
Sweet Potato,2023,9,2023-09-15,429,False,0,0,0,"<!doctype html><meta charset=""utf-8""><meta name=viewport content=""width=device-width, initial-scale=1""><title>429</title>429 Too Many Requests"
Sweet Potato,2023,10,2023-10-01,429,False,0,0,0,"<!doctype html><meta charset=""utf-8""><meta name=viewport content=""width=device-width, initial-scale=1""><title>429</title>429 Too Many Requests"
Sweet Potato,2023,10,2023-10-08,429,False,0,0,0,"<!doctype html><meta charset=""utf-8""><meta name=viewport content=""width=device-width, initial-scale=1""><title>429</title>429 Too Many Requests"
Sweet Potato,2023,10,2023-10-15,429,False,0,0,0,"<!doctype html><meta charset=""utf-8""><meta name=viewport content=""width=device-width, initial-scale=1""><title>429</title>429 Too Many Requests"
Sweet Potato,2023,11,2023-11-01,429,False,0,0,0,"<!doctype html><meta charset=""utf-8""><meta name=viewport content=""width=device-width, initial-scale=1""><title>429</title>429 Too Many Requests"
Sweet Potato,2023,11,2023-11-08,429,False,0,0,0,"<!doctype html><meta charset=""utf-8""><meta name=viewport content=""width=device-width, initial-scale=1""><title>429</title>429 Too Many Requests"
Sweet Potato,2023,11,2023-11-15,429,False,0,0,0,"<!doctype html><meta charset=""utf-8""><meta name=viewport content=""width=device-width, initial-scale=1""><title>429</title>429 Too Many Requests"
Sweet Potato,2023,12,2023-12-01,429,False,0,0,0,"<!doctype html><meta charset=""utf-8""><meta name=viewport content=""width=device-width, initial-scale=1""><title>429</title>429 Too Many Requests"
Sweet Potato,2023,12,2023-12-08,429,False,0,0,0,"<!doctype html><meta charset=""utf-8""><meta name=viewport content=""width=device-width, initial-scale=1""><title>429</title>429 Too Many Requests"
Sweet Potato,2023,12,2023-12-15,429,False,0,0,0,"<!doctype html><meta charset=""utf-8""><meta name=viewport content=""width=device-width, initial-scale=1""><title>429</title>429 Too Many Requests"
Sweet Potato,2024,1,2024-01-01,429,False,0,0,0,"<!doctype html><meta charset=""utf-8""><meta name=viewport content=""width=device-width, initial-scale=1""><title>429</title>429 Too Many Requests"
Sweet Potato,2024,1,2024-01-08,429,False,0,0,0,"<!doctype html><meta charset=""utf-8""><meta name=viewport content=""width=device-width, initial-scale=1""><title>429</title>429 Too Many Requests"
Sweet Potato,2024,1,2024-01-15,429,False,0,0,0,"<!doctype html><meta charset=""utf-8""><meta name=viewport content=""width=device-width, initial-scale=1""><title>429</title>429 Too Many Requests"
Sweet Potato,2024,2,2024-02-01,429,False,0,0,0,"<!doctype html><meta charset=""utf-8""><meta name=viewport content=""width=device-width, initial-scale=1""><title>429</title>429 Too Many Requests"
Sweet Potato,2024,2,2024-02-08,429,False,0,0,0,"<!doctype html><meta charset=""utf-8""><meta name=viewport content=""width=device-width, initial-scale=1""><title>429</title>429 Too Many Requests"
Sweet Potato,2024,2,2024-02-15,429,False,0,0,0,"<!doctype html><meta charset=""utf-8""><meta name=viewport content=""width=device-width, initial-scale=1""><title>429</title>429 Too Many Requests"
Sweet Potato,2024,3,2024-03-01,429,False,0,0,0,"<!doctype html><meta charset=""utf-8""><meta name=viewport content=""width=device-width, initial-scale=1""><title>429</title>429 Too Many Requests"
Sweet Potato,2024,3,2024-03-08,429,False,0,0,0,"<!doctype html><meta charset=""utf-8""><meta name=viewport content=""width=device-width, initial-scale=1""><title>429</title>429 Too Many Requests"
Sweet Potato,2024,3,2024-03-15,429,False,0,0,0,"<!doctype html><meta charset=""utf-8""><meta name=viewport content=""width=device-width, initial-scale=1""><title>429</title>429 Too Many Requests"
Sweet Potato,2024,4,2024-04-01,429,False,0,0,0,"<!doctype html><meta charset=""utf-8""><meta name=viewport content=""width=device-width, initial-scale=1""><title>429</title>429 Too Many Requests"
Sweet Potato,2024,4,2024-04-08,429,False,0,0,0,"<!doctype html><meta charset=""utf-8""><meta name=viewport content=""width=device-width, initial-scale=1""><title>429</title>429 Too Many Requests"
Sweet Potato,2024,4,2024-04-15,429,False,0,0,0,"<!doctype html><meta charset=""utf-8""><meta name=viewport content=""width=device-width, initial-scale=1""><title>429</title>429 Too Many Requests"
Sweet Potato,2024,5,2024-05-01,429,False,0,0,0,"<!doctype html><meta charset=""utf-8""><meta name=viewport content=""width=device-width, initial-scale=1""><title>429</title>429 Too Many Requests"
Sweet Potato,2024,5,2024-05-08,429,False,0,0,0,"<!doctype html><meta charset=""utf-8""><meta name=viewport content=""width=device-width, initial-scale=1""><title>429</title>429 Too Many Requests"
Sweet Potato,2024,5,2024-05-15,429,False,0,0,0,"<!doctype html><meta charset=""utf-8""><meta name=viewport content=""width=device-width, initial-scale=1""><title>429</title>429 Too Many Requests"
Sweet Potato,2024,7,2024-07-01,429,False,0,0,0,"<!doctype html><meta charset=""utf-8""><meta name=viewport content=""width=device-width, initial-scale=1""><title>429</title>429 Too Many Requests"
Sweet Potato,2024,7,2024-07-08,429,False,0,0,0,"<!doctype html><meta charset=""utf-8""><meta name=viewport content=""width=device-width, initial-scale=1""><title>429</title>429 Too Many Requests"
Sweet Potato,2024,7,2024-07-15,429,False,0,0,0,"<!doctype html><meta charset=""utf-8""><meta name=viewport content=""width=device-width, initial-scale=1""><title>429</title>429 Too Many Requests"
Sweet Potato,2024,6,2024-06-01,429,False,0,0,0,"<!doctype html><meta charset=""utf-8""><meta name=viewport content=""width=device-width, initial-scale=1""><title>429</title>429 Too Many Requests"
Sweet Potato,2024,6,2024-06-08,429,False,0,0,0,"<!doctype html><meta charset=""utf-8""><meta name=viewport content=""width=device-width, initial-scale=1""><title>429</title>429 Too Many Requests"
Sweet Potato,2024,6,2024-06-15,429,False,0,0,0,"<!doctype html><meta charset=""utf-8""><meta name=viewport content=""width=device-width, initial-scale=1""><title>429</title>429 Too Many Requests"
Sweet Potato,2024,8,2024-08-01,429,False,0,0,0,"<!doctype html><meta charset=""utf-8""><meta name=viewport content=""width=device-width, initial-scale=1""><title>429</title>429 Too Many Requests"
Sweet Potato,2024,8,2024-08-08,429,False,0,0,0,"<!doctype html><meta charset=""utf-8""><meta name=viewport content=""width=device-width, initial-scale=1""><title>429</title>429 Too Many Requests"
Sweet Potato,2024,8,2024-08-15,429,False,0,0,0,"<!doctype html><meta charset=""utf-8""><meta name=viewport content=""width=device-width, initial-scale=1""><title>429</title>429 Too Many Requests"
Sweet Potato,2024,9,2024-09-01,429,False,0,0,0,"<!doctype html><meta charset=""utf-8""><meta name=viewport content=""width=device-width, initial-scale=1""><title>429</title>429 Too Many Requests"
Sweet Potato,2024,9,2024-09-08,429,False,0,0,0,"<!doctype html><meta charset=""utf-8""><meta name=viewport content=""width=device-width, initial-scale=1""><title>429</title>429 Too Many Requests"
Sweet Potato,2024,9,2024-09-15,429,False,0,0,0,"<!doctype html><meta charset=""utf-8""><meta name=viewport content=""width=device-width, initial-scale=1""><title>429</title>429 Too Many Requests"
Sweet Potato,2024,10,2024-10-01,429,False,0,0,0,"<!doctype html><meta charset=""utf-8""><meta name=viewport content=""width=device-width, initial-scale=1""><title>429</title>429 Too Many Requests"
Sweet Potato,2024,10,2024-10-08,429,False,0,0,0,"<!doctype html><meta charset=""utf-8""><meta name=viewport content=""width=device-width, initial-scale=1""><title>429</title>429 Too Many Requests"
Sweet Potato,2024,10,2024-10-15,429,False,0,0,0,"<!doctype html><meta charset=""utf-8""><meta name=viewport content=""width=device-width, initial-scale=1""><title>429</title>429 Too Many Requests"
Sweet Potato,2024,11,2024-11-01,429,False,0,0,0,"<!doctype html><meta charset=""utf-8""><meta name=viewport content=""width=device-width, initial-scale=1""><title>429</title>429 Too Many Requests"
Sweet Potato,2024,11,2024-11-08,429,False,0,0,0,"<!doctype html><meta charset=""utf-8""><meta name=viewport content=""width=device-width, initial-scale=1""><title>429</title>429 Too Many Requests"
Sweet Potato,2024,11,2024-11-15,429,False,0,0,0,"<!doctype html><meta charset=""utf-8""><meta name=viewport content=""width=device-width, initial-scale=1""><title>429</title>429 Too Many Requests"
Sweet Potato,2024,12,2024-12-01,429,False,0,0,0,"<!doctype html><meta charset=""utf-8""><meta name=viewport content=""width=device-width, initial-scale=1""><title>429</title>429 Too Many Requests"
Sweet Potato,2024,12,2024-12-08,429,False,0,0,0,"<!doctype html><meta charset=""utf-8""><meta name=viewport content=""width=device-width, initial-scale=1""><title>429</title>429 Too Many Requests"
Sweet Potato,2024,12,2024-12-15,429,False,0,0,0,"<!doctype html><meta charset=""utf-8""><meta name=viewport content=""width=device-width, initial-scale=1""><title>429</title>429 Too Many Requests"
Sweet Potato,2025,1,2025-01-01,429,False,0,0,0,"<!doctype html><meta charset=""utf-8""><meta name=viewport content=""width=device-width, initial-scale=1""><title>429</title>429 Too Many Requests"
Sweet Potato,2025,1,2025-01-08,429,False,0,0,0,"<!doctype html><meta charset=""utf-8""><meta name=viewport content=""width=device-width, initial-scale=1""><title>429</title>429 Too Many Requests"
Sweet Potato,2025,1,2025-01-15,429,False,0,0,0,"<!doctype html><meta charset=""utf-8""><meta name=viewport content=""width=device-width, initial-scale=1""><title>429</title>429 Too Many Requests"
Sweet Potato,2025,2,2025-02-01,429,False,0,0,0,"<!doctype html><meta charset=""utf-8""><meta name=viewport content=""width=device-width, initial-scale=1""><title>429</title>429 Too Many Requests"
Sweet Potato,2025,2,2025-02-08,429,False,0,0,0,"<!doctype html><meta charset=""utf-8""><meta name=viewport content=""width=device-width, initial-scale=1""><title>429</title>429 Too Many Requests"
Sweet Potato,2025,2,2025-02-15,429,False,0,0,0,"<!doctype html><meta charset=""utf-8""><meta name=viewport content=""width=device-width, initial-scale=1""><title>429</title>429 Too Many Requests"
Sweet Potato,2025,3,2025-03-01,429,False,0,0,0,"<!doctype html><meta charset=""utf-8""><meta name=viewport content=""width=device-width, initial-scale=1""><title>429</title>429 Too Many Requests"
Sweet Potato,2025,3,2025-03-08,429,False,0,0,0,"<!doctype html><meta charset=""utf-8""><meta name=viewport content=""width=device-width, initial-scale=1""><title>429</title>429 Too Many Requests"
Sweet Potato,2025,3,2025-03-15,429,False,0,0,0,"<!doctype html><meta charset=""utf-8""><meta name=viewport content=""width=device-width, initial-scale=1""><title>429</title>429 Too Many Requests"
Sweet Potato,2025,4,2025-04-01,429,False,0,0,0,"<!doctype html><meta charset=""utf-8""><meta name=viewport content=""width=device-width, initial-scale=1""><title>429</title>429 Too Many Requests"
Sweet Potato,2025,4,2025-04-08,429,False,0,0,0,"<!doctype html><meta charset=""utf-8""><meta name=viewport content=""width=device-width, initial-scale=1""><title>429</title>429 Too Many Requests"
Sweet Potato,2025,4,2025-04-15,429,False,0,0,0,"<!doctype html><meta charset=""utf-8""><meta name=viewport content=""width=device-width, initial-scale=1""><title>429</title>429 Too Many Requests"
Sweet Potato,2025,5,2025-05-01,429,False,0,0,0,"<!doctype html><meta charset=""utf-8""><meta name=viewport content=""width=device-width, initial-scale=1""><title>429</title>429 Too Many Requests"
Sweet Potato,2025,5,2025-05-08,429,False,0,0,0,"<!doctype html><meta charset=""utf-8""><meta name=viewport content=""width=device-width, initial-scale=1""><title>429</title>429 Too Many Requests"
Sweet Potato,2025,5,2025-05-15,429,False,0,0,0,"<!doctype html><meta charset=""utf-8""><meta name=viewport content=""width=device-width, initial-scale=1""><title>429</title>429 Too Many Requests"
Sweet Potato,2025,6,2025-06-01,429,False,0,0,0,"<!doctype html><meta charset=""utf-8""><meta name=viewport content=""width=device-width, initial-scale=1""><title>429</title>429 Too Many Requests"
Sweet Potato,2025,6,2025-06-08,429,False,0,0,0,"<!doctype html><meta charset=""utf-8""><meta name=viewport content=""width=device-width, initial-scale=1""><title>429</title>429 Too Many Requests"
Sweet Potato,2025,6,2025-06-15,429,False,0,0,0,"<!doctype html><meta charset=""utf-8""><meta name=viewport content=""width=device-width, initial-scale=1""><title>429</title>429 Too Many Requests"
Sweet Potato,2025,7,2025-07-01,429,False,0,0,0,"<!doctype html><meta charset=""utf-8""><meta name=viewport content=""width=device-width, initial-scale=1""><title>429</title>429 Too Many Requests"
Sweet Potato,2025,7,2025-07-08,429,False,0,0,0,"<!doctype html><meta charset=""utf-8""><meta name=viewport content=""width=device-width, initial-scale=1""><title>429</title>429 Too Many Requests"
Sweet Potato,2025,7,2025-07-15,429,False,0,0,0,"<!doctype html><meta charset=""utf-8""><meta name=viewport content=""width=device-width, initial-scale=1""><title>429</title>429 Too Many Requests"
Sweet Potato,2025,8,2025-08-01,429,False,0,0,0,"<!doctype html><meta charset=""utf-8""><meta name=viewport content=""width=device-width, initial-scale=1""><title>429</title>429 Too Many Requests"
Sweet Potato,2025,8,2025-08-08,429,False,0,0,0,"<!doctype html><meta charset=""utf-8""><meta name=viewport content=""width=device-width, initial-scale=1""><title>429</title>429 Too Many Requests"
Sweet Potato,2025,8,2025-08-15,429,False,0,0,0,"<!doctype html><meta charset=""utf-8""><meta name=viewport content=""width=device-width, initial-scale=1""><title>429</title>429 Too Many Requests"
Sweet Potato,2025,9,2025-09-01,429,False,0,0,0,"<!doctype html><meta charset=""utf-8""><meta name=viewport content=""width=device-width, initial-scale=1""><title>429</title>429 Too Many Requests"
Sweet Potato,2025,9,2025-09-08,429,False,0,0,0,"<!doctype html><meta charset=""utf-8""><meta name=viewport content=""width=device-width, initial-scale=1""><title>429</title>429 Too Many Requests"
Sweet Potato,2025,9,2025-09-15,429,False,0,0,0,"<!doctype html><meta charset=""utf-8""><meta name=viewport content=""width=device-width, initial-scale=1""><title>429</title>429 Too Many Requests"
Sweet Potato,2025,10,2025-10-01,429,False,0,0,0,"<!doctype html><meta charset=""utf-8""><meta name=viewport content=""width=device-width, initial-scale=1""><title>429</title>429 Too Many Requests"
Sweet Potato,2025,10,2025-10-08,429,False,0,0,0,"<!doctype html><meta charset=""utf-8""><meta name=viewport content=""width=device-width, initial-scale=1""><title>429</title>429 Too Many Requests"
Sweet Potato,2025,10,2025-10-15,429,False,0,0,0,"<!doctype html><meta charset=""utf-8""><meta name=viewport content=""width=device-width, initial-scale=1""><title>429</title>429 Too Many Requests"
Sweet Potato,2025,11,2025-11-01,429,False,0,0,0,"<!doctype html><meta charset=""utf-8""><meta name=viewport content=""width=device-width, initial-scale=1""><title>429</title>429 Too Many Requests"
Sweet Potato,2025,11,2025-11-08,429,False,0,0,0,"<!doctype html><meta charset=""utf-8""><meta name=viewport content=""width=device-width, initial-scale=1""><title>429</title>429 Too Many Requests"
Sweet Potato,2025,11,2025-11-15,429,False,0,0,0,"<!doctype html><meta charset=""utf-8""><meta name=viewport content=""width=device-width, initial-scale=1""><title>429</title>429 Too Many Requests"
Sweet Potato,2025,12,2025-12-01,429,False,0,0,0,"<!doctype html><meta charset=""utf-8""><meta name=viewport content=""width=device-width, initial-scale=1""><title>429</title>429 Too Many Requests"
Sweet Potato,2025,12,2025-12-08,429,False,0,0,0,"<!doctype html><meta charset=""utf-8""><meta name=viewport content=""width=device-width, initial-scale=1""><title>429</title>429 Too Many Requests"
Sweet Potato,2025,12,2025-12-15,429,False,0,0,0,"<!doctype html><meta charset=""utf-8""><meta name=viewport content=""width=device-width, initial-scale=1""><title>429</title>429 Too Many Requests"
Bajra/Pearl Millet,2015,1,2015-01-01,429,False,0,0,0,"<!doctype html><meta charset=""utf-8""><meta name=viewport content=""width=device-width, initial-scale=1""><title>429</title>429 Too Many Requests"
Bajra/Pearl Millet,2015,1,2015-01-08,429,False,0,0,0,"<!doctype html><meta charset=""utf-8""><meta name=viewport content=""width=device-width, initial-scale=1""><title>429</title>429 Too Many Requests"
Bajra/Pearl Millet,2015,1,2015-01-15,429,False,0,0,0,"<!doctype html><meta charset=""utf-8""><meta name=viewport content=""width=device-width, initial-scale=1""><title>429</title>429 Too Many Requests"
Bajra/Pearl Millet,2015,2,2015-02-01,429,False,0,0,0,"<!doctype html><meta charset=""utf-8""><meta name=viewport content=""width=device-width, initial-scale=1""><title>429</title>429 Too Many Requests"
Bajra/Pearl Millet,2015,2,2015-02-08,429,False,0,0,0,"<!doctype html><meta charset=""utf-8""><meta name=viewport content=""width=device-width, initial-scale=1""><title>429</title>429 Too Many Requests"
Bajra/Pearl Millet,2015,2,2015-02-15,429,False,0,0,0,"<!doctype html><meta charset=""utf-8""><meta name=viewport content=""width=device-width, initial-scale=1""><title>429</title>429 Too Many Requests"
Bajra/Pearl Millet,2015,3,2015-03-01,429,False,0,0,0,"<!doctype html><meta charset=""utf-8""><meta name=viewport content=""width=device-width, initial-scale=1""><title>429</title>429 Too Many Requests"
Bajra/Pearl Millet,2015,3,2015-03-08,429,False,0,0,0,"<!doctype html><meta charset=""utf-8""><meta name=viewport content=""width=device-width, initial-scale=1""><title>429</title>429 Too Many Requests"
Bajra/Pearl Millet,2015,3,2015-03-15,429,False,0,0,0,"<!doctype html><meta charset=""utf-8""><meta name=viewport content=""width=device-width, initial-scale=1""><title>429</title>429 Too Many Requests"
Bajra/Pearl Millet,2015,4,2015-04-01,429,False,0,0,0,"<!doctype html><meta charset=""utf-8""><meta name=viewport content=""width=device-width, initial-scale=1""><title>429</title>429 Too Many Requests"
Bajra/Pearl Millet,2015,4,2015-04-08,429,False,0,0,0,"<!doctype html><meta charset=""utf-8""><meta name=viewport content=""width=device-width, initial-scale=1""><title>429</title>429 Too Many Requests"
Bajra/Pearl Millet,2015,4,2015-04-15,429,False,0,0,0,"<!doctype html><meta charset=""utf-8""><meta name=viewport content=""width=device-width, initial-scale=1""><title>429</title>429 Too Many Requests"
Bajra/Pearl Millet,2015,5,2015-05-01,429,False,0,0,0,"<!doctype html><meta charset=""utf-8""><meta name=viewport content=""width=device-width, initial-scale=1""><title>429</title>429 Too Many Requests"
Bajra/Pearl Millet,2015,5,2015-05-08,429,False,0,0,0,"<!doctype html><meta charset=""utf-8""><meta name=viewport content=""width=device-width, initial-scale=1""><title>429</title>429 Too Many Requests"
Bajra/Pearl Millet,2015,5,2015-05-15,429,False,0,0,0,"<!doctype html><meta charset=""utf-8""><meta name=viewport content=""width=device-width, initial-scale=1""><title>429</title>429 Too Many Requests"
Bajra/Pearl Millet,2015,6,2015-06-01,429,False,0,0,0,"<!doctype html><meta charset=""utf-8""><meta name=viewport content=""width=device-width, initial-scale=1""><title>429</title>429 Too Many Requests"
Bajra/Pearl Millet,2015,6,2015-06-08,429,False,0,0,0,"<!doctype html><meta charset=""utf-8""><meta name=viewport content=""width=device-width, initial-scale=1""><title>429</title>429 Too Many Requests"
Bajra/Pearl Millet,2015,6,2015-06-15,429,False,0,0,0,"<!doctype html><meta charset=""utf-8""><meta name=viewport content=""width=device-width, initial-scale=1""><title>429</title>429 Too Many Requests"
Bajra/Pearl Millet,2015,7,2015-07-01,429,False,0,0,0,"<!doctype html><meta charset=""utf-8""><meta name=viewport content=""width=device-width, initial-scale=1""><title>429</title>429 Too Many Requests"
Bajra/Pearl Millet,2015,7,2015-07-08,429,False,0,0,0,"<!doctype html><meta charset=""utf-8""><meta name=viewport content=""width=device-width, initial-scale=1""><title>429</title>429 Too Many Requests"
Bajra/Pearl Millet,2015,7,2015-07-15,429,False,0,0,0,"<!doctype html><meta charset=""utf-8""><meta name=viewport content=""width=device-width, initial-scale=1""><title>429</title>429 Too Many Requests"
Bajra/Pearl Millet,2015,8,2015-08-01,429,False,0,0,0,"<!doctype html><meta charset=""utf-8""><meta name=viewport content=""width=device-width, initial-scale=1""><title>429</title>429 Too Many Requests"
Bajra/Pearl Millet,2015,8,2015-08-08,429,False,0,0,0,"<!doctype html><meta charset=""utf-8""><meta name=viewport content=""width=device-width, initial-scale=1""><title>429</title>429 Too Many Requests"
Bajra/Pearl Millet,2015,8,2015-08-15,429,False,0,0,0,"<!doctype html><meta charset=""utf-8""><meta name=viewport content=""width=device-width, initial-scale=1""><title>429</title>429 Too Many Requests"
Bajra/Pearl Millet,2015,9,2015-09-01,429,False,0,0,0,"<!doctype html><meta charset=""utf-8""><meta name=viewport content=""width=device-width, initial-scale=1""><title>429</title>429 Too Many Requests"
Bajra/Pearl Millet,2015,9,2015-09-08,429,False,0,0,0,"<!doctype html><meta charset=""utf-8""><meta name=viewport content=""width=device-width, initial-scale=1""><title>429</title>429 Too Many Requests"
Bajra/Pearl Millet,2015,9,2015-09-15,429,False,0,0,0,"<!doctype html><meta charset=""utf-8""><meta name=viewport content=""width=device-width, initial-scale=1""><title>429</title>429 Too Many Requests"
Bajra/Pearl Millet,2015,10,2015-10-01,429,False,0,0,0,"<!doctype html><meta charset=""utf-8""><meta name=viewport content=""width=device-width, initial-scale=1""><title>429</title>429 Too Many Requests"
Bajra/Pearl Millet,2015,10,2015-10-08,429,False,0,0,0,"<!doctype html><meta charset=""utf-8""><meta name=viewport content=""width=device-width, initial-scale=1""><title>429</title>429 Too Many Requests"
Bajra/Pearl Millet,2015,10,2015-10-15,429,False,0,0,0,"<!doctype html><meta charset=""utf-8""><meta name=viewport content=""width=device-width, initial-scale=1""><title>429</title>429 Too Many Requests"
Bajra/Pearl Millet,2015,11,2015-11-01,429,False,0,0,0,"<!doctype html><meta charset=""utf-8""><meta name=viewport content=""width=device-width, initial-scale=1""><title>429</title>429 Too Many Requests"
Bajra/Pearl Millet,2015,11,2015-11-08,429,False,0,0,0,"<!doctype html><meta charset=""utf-8""><meta name=viewport content=""width=device-width, initial-scale=1""><title>429</title>429 Too Many Requests"
Bajra/Pearl Millet,2015,11,2015-11-15,429,False,0,0,0,"<!doctype html><meta charset=""utf-8""><meta name=viewport content=""width=device-width, initial-scale=1""><title>429</title>429 Too Many Requests"
Bajra/Pearl Millet,2015,12,2015-12-01,429,False,0,0,0,"<!doctype html><meta charset=""utf-8""><meta name=viewport content=""width=device-width, initial-scale=1""><title>429</title>429 Too Many Requests"
Bajra/Pearl Millet,2015,12,2015-12-08,429,False,0,0,0,"<!doctype html><meta charset=""utf-8""><meta name=viewport content=""width=device-width, initial-scale=1""><title>429</title>429 Too Many Requests"
Bajra/Pearl Millet,2015,12,2015-12-15,429,False,0,0,0,"<!doctype html><meta charset=""utf-8""><meta name=viewport content=""width=device-width, initial-scale=1""><title>429</title>429 Too Many Requests"
Bajra/Pearl Millet,2016,1,2016-01-01,429,False,0,0,0,"<!doctype html><meta charset=""utf-8""><meta name=viewport content=""width=device-width, initial-scale=1""><title>429</title>429 Too Many Requests"
Bajra/Pearl Millet,2016,1,2016-01-08,429,False,0,0,0,"<!doctype html><meta charset=""utf-8""><meta name=viewport content=""width=device-width, initial-scale=1""><title>429</title>429 Too Many Requests"
Bajra/Pearl Millet,2016,1,2016-01-15,429,False,0,0,0,"<!doctype html><meta charset=""utf-8""><meta name=viewport content=""width=device-width, initial-scale=1""><title>429</title>429 Too Many Requests"
Bajra/Pearl Millet,2016,2,2016-02-01,429,False,0,0,0,"<!doctype html><meta charset=""utf-8""><meta name=viewport content=""width=device-width, initial-scale=1""><title>429</title>429 Too Many Requests"
Bajra/Pearl Millet,2016,2,2016-02-08,429,False,0,0,0,"<!doctype html><meta charset=""utf-8""><meta name=viewport content=""width=device-width, initial-scale=1""><title>429</title>429 Too Many Requests"
Bajra/Pearl Millet,2016,2,2016-02-15,429,False,0,0,0,"<!doctype html><meta charset=""utf-8""><meta name=viewport content=""width=device-width, initial-scale=1""><title>429</title>429 Too Many Requests"
Bajra/Pearl Millet,2016,3,2016-03-01,429,False,0,0,0,"<!doctype html><meta charset=""utf-8""><meta name=viewport content=""width=device-width, initial-scale=1""><title>429</title>429 Too Many Requests"
Bajra/Pearl Millet,2016,3,2016-03-08,429,False,0,0,0,"<!doctype html><meta charset=""utf-8""><meta name=viewport content=""width=device-width, initial-scale=1""><title>429</title>429 Too Many Requests"
Bajra/Pearl Millet,2016,3,2016-03-15,429,False,0,0,0,"<!doctype html><meta charset=""utf-8""><meta name=viewport content=""width=device-width, initial-scale=1""><title>429</title>429 Too Many Requests"
Bajra/Pearl Millet,2016,4,2016-04-01,429,False,0,0,0,"<!doctype html><meta charset=""utf-8""><meta name=viewport content=""width=device-width, initial-scale=1""><title>429</title>429 Too Many Requests"
Bajra/Pearl Millet,2016,4,2016-04-08,429,False,0,0,0,"<!doctype html><meta charset=""utf-8""><meta name=viewport content=""width=device-width, initial-scale=1""><title>429</title>429 Too Many Requests"
Bajra/Pearl Millet,2016,4,2016-04-15,429,False,0,0,0,"<!doctype html><meta charset=""utf-8""><meta name=viewport content=""width=device-width, initial-scale=1""><title>429</title>429 Too Many Requests"
Bajra/Pearl Millet,2016,5,2016-05-01,429,False,0,0,0,"<!doctype html><meta charset=""utf-8""><meta name=viewport content=""width=device-width, initial-scale=1""><title>429</title>429 Too Many Requests"
Bajra/Pearl Millet,2016,5,2016-05-08,429,False,0,0,0,"<!doctype html><meta charset=""utf-8""><meta name=viewport content=""width=device-width, initial-scale=1""><title>429</title>429 Too Many Requests"
Bajra/Pearl Millet,2016,5,2016-05-15,429,False,0,0,0,"<!doctype html><meta charset=""utf-8""><meta name=viewport content=""width=device-width, initial-scale=1""><title>429</title>429 Too Many Requests"
Bajra/Pearl Millet,2016,6,2016-06-01,429,False,0,0,0,"<!doctype html><meta charset=""utf-8""><meta name=viewport content=""width=device-width, initial-scale=1""><title>429</title>429 Too Many Requests"
Bajra/Pearl Millet,2016,6,2016-06-08,429,False,0,0,0,"<!doctype html><meta charset=""utf-8""><meta name=viewport content=""width=device-width, initial-scale=1""><title>429</title>429 Too Many Requests"
Bajra/Pearl Millet,2016,6,2016-06-15,429,False,0,0,0,"<!doctype html><meta charset=""utf-8""><meta name=viewport content=""width=device-width, initial-scale=1""><title>429</title>429 Too Many Requests"
Bajra/Pearl Millet,2016,7,2016-07-01,429,False,0,0,0,"<!doctype html><meta charset=""utf-8""><meta name=viewport content=""width=device-width, initial-scale=1""><title>429</title>429 Too Many Requests"
Bajra/Pearl Millet,2016,7,2016-07-08,429,False,0,0,0,"<!doctype html><meta charset=""utf-8""><meta name=viewport content=""width=device-width, initial-scale=1""><title>429</title>429 Too Many Requests"
Bajra/Pearl Millet,2016,7,2016-07-15,429,False,0,0,0,"<!doctype html><meta charset=""utf-8""><meta name=viewport content=""width=device-width, initial-scale=1""><title>429</title>429 Too Many Requests"
Bajra/Pearl Millet,2016,8,2016-08-01,429,False,0,0,0,"<!doctype html><meta charset=""utf-8""><meta name=viewport content=""width=device-width, initial-scale=1""><title>429</title>429 Too Many Requests"
Bajra/Pearl Millet,2016,8,2016-08-08,429,False,0,0,0,"<!doctype html><meta charset=""utf-8""><meta name=viewport content=""width=device-width, initial-scale=1""><title>429</title>429 Too Many Requests"
Bajra/Pearl Millet,2016,8,2016-08-15,429,False,0,0,0,"<!doctype html><meta charset=""utf-8""><meta name=viewport content=""width=device-width, initial-scale=1""><title>429</title>429 Too Many Requests"
Bajra/Pearl Millet,2016,9,2016-09-01,429,False,0,0,0,"<!doctype html><meta charset=""utf-8""><meta name=viewport content=""width=device-width, initial-scale=1""><title>429</title>429 Too Many Requests"
Bajra/Pearl Millet,2016,9,2016-09-08,429,False,0,0,0,"<!doctype html><meta charset=""utf-8""><meta name=viewport content=""width=device-width, initial-scale=1""><title>429</title>429 Too Many Requests"
Bajra/Pearl Millet,2016,9,2016-09-15,429,False,0,0,0,"<!doctype html><meta charset=""utf-8""><meta name=viewport content=""width=device-width, initial-scale=1""><title>429</title>429 Too Many Requests"
Bajra/Pearl Millet,2016,10,2016-10-01,429,False,0,0,0,"<!doctype html><meta charset=""utf-8""><meta name=viewport content=""width=device-width, initial-scale=1""><title>429</title>429 Too Many Requests"
Bajra/Pearl Millet,2016,10,2016-10-08,429,False,0,0,0,"<!doctype html><meta charset=""utf-8""><meta name=viewport content=""width=device-width, initial-scale=1""><title>429</title>429 Too Many Requests"
Bajra/Pearl Millet,2016,10,2016-10-15,429,False,0,0,0,"<!doctype html><meta charset=""utf-8""><meta name=viewport content=""width=device-width, initial-scale=1""><title>429</title>429 Too Many Requests"
Bajra/Pearl Millet,2016,11,2016-11-01,429,False,0,0,0,"<!doctype html><meta charset=""utf-8""><meta name=viewport content=""width=device-width, initial-scale=1""><title>429</title>429 Too Many Requests"
Bajra/Pearl Millet,2016,11,2016-11-08,429,False,0,0,0,"<!doctype html><meta charset=""utf-8""><meta name=viewport content=""width=device-width, initial-scale=1""><title>429</title>429 Too Many Requests"
Bajra/Pearl Millet,2016,11,2016-11-15,429,False,0,0,0,"<!doctype html><meta charset=""utf-8""><meta name=viewport content=""width=device-width, initial-scale=1""><title>429</title>429 Too Many Requests"
Bajra/Pearl Millet,2016,12,2016-12-01,429,False,0,0,0,"<!doctype html><meta charset=""utf-8""><meta name=viewport content=""width=device-width, initial-scale=1""><title>429</title>429 Too Many Requests"
Bajra/Pearl Millet,2016,12,2016-12-08,429,False,0,0,0,"<!doctype html><meta charset=""utf-8""><meta name=viewport content=""width=device-width, initial-scale=1""><title>429</title>429 Too Many Requests"
Bajra/Pearl Millet,2016,12,2016-12-15,429,False,0,0,0,"<!doctype html><meta charset=""utf-8""><meta name=viewport content=""width=device-width, initial-scale=1""><title>429</title>429 Too Many Requests"
Bajra/Pearl Millet,2017,1,2017-01-01,429,False,0,0,0,"<!doctype html><meta charset=""utf-8""><meta name=viewport content=""width=device-width, initial-scale=1""><title>429</title>429 Too Many Requests"
Bajra/Pearl Millet,2017,1,2017-01-08,429,False,0,0,0,"<!doctype html><meta charset=""utf-8""><meta name=viewport content=""width=device-width, initial-scale=1""><title>429</title>429 Too Many Requests"
Bajra/Pearl Millet,2017,1,2017-01-15,429,False,0,0,0,"<!doctype html><meta charset=""utf-8""><meta name=viewport content=""width=device-width, initial-scale=1""><title>429</title>429 Too Many Requests"
Bajra/Pearl Millet,2017,2,2017-02-01,429,False,0,0,0,"<!doctype html><meta charset=""utf-8""><meta name=viewport content=""width=device-width, initial-scale=1""><title>429</title>429 Too Many Requests"
Bajra/Pearl Millet,2017,2,2017-02-08,429,False,0,0,0,"<!doctype html><meta charset=""utf-8""><meta name=viewport content=""width=device-width, initial-scale=1""><title>429</title>429 Too Many Requests"
Bajra/Pearl Millet,2017,2,2017-02-15,429,False,0,0,0,"<!doctype html><meta charset=""utf-8""><meta name=viewport content=""width=device-width, initial-scale=1""><title>429</title>429 Too Many Requests"
Bajra/Pearl Millet,2017,3,2017-03-01,429,False,0,0,0,"<!doctype html><meta charset=""utf-8""><meta name=viewport content=""width=device-width, initial-scale=1""><title>429</title>429 Too Many Requests"
Bajra/Pearl Millet,2017,3,2017-03-08,429,False,0,0,0,"<!doctype html><meta charset=""utf-8""><meta name=viewport content=""width=device-width, initial-scale=1""><title>429</title>429 Too Many Requests"
Bajra/Pearl Millet,2017,3,2017-03-15,429,False,0,0,0,"<!doctype html><meta charset=""utf-8""><meta name=viewport content=""width=device-width, initial-scale=1""><title>429</title>429 Too Many Requests"
Bajra/Pearl Millet,2017,4,2017-04-01,429,False,0,0,0,"<!doctype html><meta charset=""utf-8""><meta name=viewport content=""width=device-width, initial-scale=1""><title>429</title>429 Too Many Requests"
Bajra/Pearl Millet,2017,4,2017-04-08,429,False,0,0,0,"<!doctype html><meta charset=""utf-8""><meta name=viewport content=""width=device-width, initial-scale=1""><title>429</title>429 Too Many Requests"
Bajra/Pearl Millet,2017,4,2017-04-15,429,False,0,0,0,"<!doctype html><meta charset=""utf-8""><meta name=viewport content=""width=device-width, initial-scale=1""><title>429</title>429 Too Many Requests"
Bajra/Pearl Millet,2017,5,2017-05-01,429,False,0,0,0,"<!doctype html><meta charset=""utf-8""><meta name=viewport content=""width=device-width, initial-scale=1""><title>429</title>429 Too Many Requests"
Bajra/Pearl Millet,2017,5,2017-05-08,429,False,0,0,0,"<!doctype html><meta charset=""utf-8""><meta name=viewport content=""width=device-width, initial-scale=1""><title>429</title>429 Too Many Requests"
Bajra/Pearl Millet,2017,5,2017-05-15,429,False,0,0,0,"<!doctype html><meta charset=""utf-8""><meta name=viewport content=""width=device-width, initial-scale=1""><title>429</title>429 Too Many Requests"
Bajra/Pearl Millet,2017,6,2017-06-01,429,False,0,0,0,"<!doctype html><meta charset=""utf-8""><meta name=viewport content=""width=device-width, initial-scale=1""><title>429</title>429 Too Many Requests"
Bajra/Pearl Millet,2017,6,2017-06-08,429,False,0,0,0,"<!doctype html><meta charset=""utf-8""><meta name=viewport content=""width=device-width, initial-scale=1""><title>429</title>429 Too Many Requests"
Bajra/Pearl Millet,2017,6,2017-06-15,429,False,0,0,0,"<!doctype html><meta charset=""utf-8""><meta name=viewport content=""width=device-width, initial-scale=1""><title>429</title>429 Too Many Requests"
Bajra/Pearl Millet,2017,7,2017-07-01,429,False,0,0,0,"<!doctype html><meta charset=""utf-8""><meta name=viewport content=""width=device-width, initial-scale=1""><title>429</title>429 Too Many Requests"
Bajra/Pearl Millet,2017,7,2017-07-08,429,False,0,0,0,"<!doctype html><meta charset=""utf-8""><meta name=viewport content=""width=device-width, initial-scale=1""><title>429</title>429 Too Many Requests"
Bajra/Pearl Millet,2017,7,2017-07-15,429,False,0,0,0,"<!doctype html><meta charset=""utf-8""><meta name=viewport content=""width=device-width, initial-scale=1""><title>429</title>429 Too Many Requests"
Bajra/Pearl Millet,2017,8,2017-08-01,429,False,0,0,0,"<!doctype html><meta charset=""utf-8""><meta name=viewport content=""width=device-width, initial-scale=1""><title>429</title>429 Too Many Requests"
Bajra/Pearl Millet,2017,8,2017-08-08,429,False,0,0,0,"<!doctype html><meta charset=""utf-8""><meta name=viewport content=""width=device-width, initial-scale=1""><title>429</title>429 Too Many Requests"
Bajra/Pearl Millet,2017,8,2017-08-15,429,False,0,0,0,"<!doctype html><meta charset=""utf-8""><meta name=viewport content=""width=device-width, initial-scale=1""><title>429</title>429 Too Many Requests"
Bajra/Pearl Millet,2017,9,2017-09-01,429,False,0,0,0,"<!doctype html><meta charset=""utf-8""><meta name=viewport content=""width=device-width, initial-scale=1""><title>429</title>429 Too Many Requests"
Bajra/Pearl Millet,2017,9,2017-09-08,429,False,0,0,0,"<!doctype html><meta charset=""utf-8""><meta name=viewport content=""width=device-width, initial-scale=1""><title>429</title>429 Too Many Requests"
Bajra/Pearl Millet,2017,9,2017-09-15,429,False,0,0,0,"<!doctype html><meta charset=""utf-8""><meta name=viewport content=""width=device-width, initial-scale=1""><title>429</title>429 Too Many Requests"
Bajra/Pearl Millet,2017,10,2017-10-01,429,False,0,0,0,"<!doctype html><meta charset=""utf-8""><meta name=viewport content=""width=device-width, initial-scale=1""><title>429</title>429 Too Many Requests"
Bajra/Pearl Millet,2017,10,2017-10-08,429,False,0,0,0,"<!doctype html><meta charset=""utf-8""><meta name=viewport content=""width=device-width, initial-scale=1""><title>429</title>429 Too Many Requests"
Bajra/Pearl Millet,2017,10,2017-10-15,429,False,0,0,0,"<!doctype html><meta charset=""utf-8""><meta name=viewport content=""width=device-width, initial-scale=1""><title>429</title>429 Too Many Requests"
Bajra/Pearl Millet,2017,11,2017-11-01,429,False,0,0,0,"<!doctype html><meta charset=""utf-8""><meta name=viewport content=""width=device-width, initial-scale=1""><title>429</title>429 Too Many Requests"
Bajra/Pearl Millet,2017,11,2017-11-08,429,False,0,0,0,"<!doctype html><meta charset=""utf-8""><meta name=viewport content=""width=device-width, initial-scale=1""><title>429</title>429 Too Many Requests"
Bajra/Pearl Millet,2017,11,2017-11-15,429,False,0,0,0,"<!doctype html><meta charset=""utf-8""><meta name=viewport content=""width=device-width, initial-scale=1""><title>429</title>429 Too Many Requests"
Bajra/Pearl Millet,2017,12,2017-12-01,429,False,0,0,0,"<!doctype html><meta charset=""utf-8""><meta name=viewport content=""width=device-width, initial-scale=1""><title>429</title>429 Too Many Requests"
Bajra/Pearl Millet,2017,12,2017-12-08,429,False,0,0,0,"<!doctype html><meta charset=""utf-8""><meta name=viewport content=""width=device-width, initial-scale=1""><title>429</title>429 Too Many Requests"
Bajra/Pearl Millet,2017,12,2017-12-15,429,False,0,0,0,"<!doctype html><meta charset=""utf-8""><meta name=viewport content=""width=device-width, initial-scale=1""><title>429</title>429 Too Many Requests"
Bajra/Pearl Millet,2018,1,2018-01-01,429,False,0,0,0,"<!doctype html><meta charset=""utf-8""><meta name=viewport content=""width=device-width, initial-scale=1""><title>429</title>429 Too Many Requests"
Bajra/Pearl Millet,2018,1,2018-01-08,429,False,0,0,0,"<!doctype html><meta charset=""utf-8""><meta name=viewport content=""width=device-width, initial-scale=1""><title>429</title>429 Too Many Requests"
Bajra/Pearl Millet,2018,1,2018-01-15,429,False,0,0,0,"<!doctype html><meta charset=""utf-8""><meta name=viewport content=""width=device-width, initial-scale=1""><title>429</title>429 Too Many Requests"
Bajra/Pearl Millet,2018,2,2018-02-01,429,False,0,0,0,"<!doctype html><meta charset=""utf-8""><meta name=viewport content=""width=device-width, initial-scale=1""><title>429</title>429 Too Many Requests"
Bajra/Pearl Millet,2018,2,2018-02-08,429,False,0,0,0,"<!doctype html><meta charset=""utf-8""><meta name=viewport content=""width=device-width, initial-scale=1""><title>429</title>429 Too Many Requests"
Bajra/Pearl Millet,2018,2,2018-02-15,429,False,0,0,0,"<!doctype html><meta charset=""utf-8""><meta name=viewport content=""width=device-width, initial-scale=1""><title>429</title>429 Too Many Requests"
Bajra/Pearl Millet,2018,3,2018-03-01,429,False,0,0,0,"<!doctype html><meta charset=""utf-8""><meta name=viewport content=""width=device-width, initial-scale=1""><title>429</title>429 Too Many Requests"
Bajra/Pearl Millet,2018,3,2018-03-08,429,False,0,0,0,"<!doctype html><meta charset=""utf-8""><meta name=viewport content=""width=device-width, initial-scale=1""><title>429</title>429 Too Many Requests"
Bajra/Pearl Millet,2018,3,2018-03-15,429,False,0,0,0,"<!doctype html><meta charset=""utf-8""><meta name=viewport content=""width=device-width, initial-scale=1""><title>429</title>429 Too Many Requests"
Bajra/Pearl Millet,2018,4,2018-04-01,429,False,0,0,0,"<!doctype html><meta charset=""utf-8""><meta name=viewport content=""width=device-width, initial-scale=1""><title>429</title>429 Too Many Requests"
Bajra/Pearl Millet,2018,4,2018-04-08,429,False,0,0,0,"<!doctype html><meta charset=""utf-8""><meta name=viewport content=""width=device-width, initial-scale=1""><title>429</title>429 Too Many Requests"
Bajra/Pearl Millet,2018,4,2018-04-15,429,False,0,0,0,"<!doctype html><meta charset=""utf-8""><meta name=viewport content=""width=device-width, initial-scale=1""><title>429</title>429 Too Many Requests"
Bajra/Pearl Millet,2018,5,2018-05-01,429,False,0,0,0,"<!doctype html><meta charset=""utf-8""><meta name=viewport content=""width=device-width, initial-scale=1""><title>429</title>429 Too Many Requests"
Bajra/Pearl Millet,2018,5,2018-05-08,429,False,0,0,0,"<!doctype html><meta charset=""utf-8""><meta name=viewport content=""width=device-width, initial-scale=1""><title>429</title>429 Too Many Requests"
Bajra/Pearl Millet,2018,5,2018-05-15,429,False,0,0,0,"<!doctype html><meta charset=""utf-8""><meta name=viewport content=""width=device-width, initial-scale=1""><title>429</title>429 Too Many Requests"
Bajra/Pearl Millet,2018,6,2018-06-01,429,False,0,0,0,"<!doctype html><meta charset=""utf-8""><meta name=viewport content=""width=device-width, initial-scale=1""><title>429</title>429 Too Many Requests"
Bajra/Pearl Millet,2018,6,2018-06-08,429,False,0,0,0,"<!doctype html><meta charset=""utf-8""><meta name=viewport content=""width=device-width, initial-scale=1""><title>429</title>429 Too Many Requests"
Bajra/Pearl Millet,2018,6,2018-06-15,429,False,0,0,0,"<!doctype html><meta charset=""utf-8""><meta name=viewport content=""width=device-width, initial-scale=1""><title>429</title>429 Too Many Requests"
Bajra/Pearl Millet,2018,7,2018-07-01,429,False,0,0,0,"<!doctype html><meta charset=""utf-8""><meta name=viewport content=""width=device-width, initial-scale=1""><title>429</title>429 Too Many Requests"
Bajra/Pearl Millet,2018,7,2018-07-08,429,False,0,0,0,"<!doctype html><meta charset=""utf-8""><meta name=viewport content=""width=device-width, initial-scale=1""><title>429</title>429 Too Many Requests"
Bajra/Pearl Millet,2018,7,2018-07-15,429,False,0,0,0,"<!doctype html><meta charset=""utf-8""><meta name=viewport content=""width=device-width, initial-scale=1""><title>429</title>429 Too Many Requests"
Bajra/Pearl Millet,2018,8,2018-08-01,429,False,0,0,0,"<!doctype html><meta charset=""utf-8""><meta name=viewport content=""width=device-width, initial-scale=1""><title>429</title>429 Too Many Requests"
Bajra/Pearl Millet,2018,8,2018-08-08,429,False,0,0,0,"<!doctype html><meta charset=""utf-8""><meta name=viewport content=""width=device-width, initial-scale=1""><title>429</title>429 Too Many Requests"
Bajra/Pearl Millet,2018,8,2018-08-15,429,False,0,0,0,"<!doctype html><meta charset=""utf-8""><meta name=viewport content=""width=device-width, initial-scale=1""><title>429</title>429 Too Many Requests"
Bajra/Pearl Millet,2018,9,2018-09-01,429,False,0,0,0,"<!doctype html><meta charset=""utf-8""><meta name=viewport content=""width=device-width, initial-scale=1""><title>429</title>429 Too Many Requests"
Bajra/Pearl Millet,2018,9,2018-09-08,429,False,0,0,0,"<!doctype html><meta charset=""utf-8""><meta name=viewport content=""width=device-width, initial-scale=1""><title>429</title>429 Too Many Requests"
Bajra/Pearl Millet,2018,9,2018-09-15,429,False,0,0,0,"<!doctype html><meta charset=""utf-8""><meta name=viewport content=""width=device-width, initial-scale=1""><title>429</title>429 Too Many Requests"
Bajra/Pearl Millet,2018,10,2018-10-01,429,False,0,0,0,"<!doctype html><meta charset=""utf-8""><meta name=viewport content=""width=device-width, initial-scale=1""><title>429</title>429 Too Many Requests"
Bajra/Pearl Millet,2018,10,2018-10-08,429,False,0,0,0,"<!doctype html><meta charset=""utf-8""><meta name=viewport content=""width=device-width, initial-scale=1""><title>429</title>429 Too Many Requests"
Bajra/Pearl Millet,2018,10,2018-10-15,429,False,0,0,0,"<!doctype html><meta charset=""utf-8""><meta name=viewport content=""width=device-width, initial-scale=1""><title>429</title>429 Too Many Requests"
Bajra/Pearl Millet,2018,11,2018-11-01,429,False,0,0,0,"<!doctype html><meta charset=""utf-8""><meta name=viewport content=""width=device-width, initial-scale=1""><title>429</title>429 Too Many Requests"
Bajra/Pearl Millet,2018,11,2018-11-08,429,False,0,0,0,"<!doctype html><meta charset=""utf-8""><meta name=viewport content=""width=device-width, initial-scale=1""><title>429</title>429 Too Many Requests"
Bajra/Pearl Millet,2018,11,2018-11-15,429,False,0,0,0,"<!doctype html><meta charset=""utf-8""><meta name=viewport content=""width=device-width, initial-scale=1""><title>429</title>429 Too Many Requests"
Bajra/Pearl Millet,2018,12,2018-12-01,429,False,0,0,0,"<!doctype html><meta charset=""utf-8""><meta name=viewport content=""width=device-width, initial-scale=1""><title>429</title>429 Too Many Requests"
Bajra/Pearl Millet,2018,12,2018-12-08,429,False,0,0,0,"<!doctype html><meta charset=""utf-8""><meta name=viewport content=""width=device-width, initial-scale=1""><title>429</title>429 Too Many Requests"
Bajra/Pearl Millet,2018,12,2018-12-15,429,False,0,0,0,"<!doctype html><meta charset=""utf-8""><meta name=viewport content=""width=device-width, initial-scale=1""><title>429</title>429 Too Many Requests"
Bajra/Pearl Millet,2019,1,2019-01-01,429,False,0,0,0,"<!doctype html><meta charset=""utf-8""><meta name=viewport content=""width=device-width, initial-scale=1""><title>429</title>429 Too Many Requests"
Bajra/Pearl Millet,2019,1,2019-01-08,429,False,0,0,0,"<!doctype html><meta charset=""utf-8""><meta name=viewport content=""width=device-width, initial-scale=1""><title>429</title>429 Too Many Requests"
Bajra/Pearl Millet,2019,1,2019-01-15,429,False,0,0,0,"<!doctype html><meta charset=""utf-8""><meta name=viewport content=""width=device-width, initial-scale=1""><title>429</title>429 Too Many Requests"
Bajra/Pearl Millet,2019,2,2019-02-01,429,False,0,0,0,"<!doctype html><meta charset=""utf-8""><meta name=viewport content=""width=device-width, initial-scale=1""><title>429</title>429 Too Many Requests"
Bajra/Pearl Millet,2019,2,2019-02-08,429,False,0,0,0,"<!doctype html><meta charset=""utf-8""><meta name=viewport content=""width=device-width, initial-scale=1""><title>429</title>429 Too Many Requests"
Bajra/Pearl Millet,2019,2,2019-02-15,429,False,0,0,0,"<!doctype html><meta charset=""utf-8""><meta name=viewport content=""width=device-width, initial-scale=1""><title>429</title>429 Too Many Requests"
Bajra/Pearl Millet,2019,3,2019-03-01,429,False,0,0,0,"<!doctype html><meta charset=""utf-8""><meta name=viewport content=""width=device-width, initial-scale=1""><title>429</title>429 Too Many Requests"
Bajra/Pearl Millet,2019,3,2019-03-08,429,False,0,0,0,"<!doctype html><meta charset=""utf-8""><meta name=viewport content=""width=device-width, initial-scale=1""><title>429</title>429 Too Many Requests"
Bajra/Pearl Millet,2019,3,2019-03-15,429,False,0,0,0,"<!doctype html><meta charset=""utf-8""><meta name=viewport content=""width=device-width, initial-scale=1""><title>429</title>429 Too Many Requests"
Bajra/Pearl Millet,2019,4,2019-04-01,429,False,0,0,0,"<!doctype html><meta charset=""utf-8""><meta name=viewport content=""width=device-width, initial-scale=1""><title>429</title>429 Too Many Requests"
Bajra/Pearl Millet,2019,4,2019-04-08,429,False,0,0,0,"<!doctype html><meta charset=""utf-8""><meta name=viewport content=""width=device-width, initial-scale=1""><title>429</title>429 Too Many Requests"
Bajra/Pearl Millet,2019,4,2019-04-15,429,False,0,0,0,"<!doctype html><meta charset=""utf-8""><meta name=viewport content=""width=device-width, initial-scale=1""><title>429</title>429 Too Many Requests"
Bajra/Pearl Millet,2019,5,2019-05-01,429,False,0,0,0,"<!doctype html><meta charset=""utf-8""><meta name=viewport content=""width=device-width, initial-scale=1""><title>429</title>429 Too Many Requests"
Bajra/Pearl Millet,2019,5,2019-05-08,429,False,0,0,0,"<!doctype html><meta charset=""utf-8""><meta name=viewport content=""width=device-width, initial-scale=1""><title>429</title>429 Too Many Requests"
Bajra/Pearl Millet,2019,5,2019-05-15,429,False,0,0,0,"<!doctype html><meta charset=""utf-8""><meta name=viewport content=""width=device-width, initial-scale=1""><title>429</title>429 Too Many Requests"
Bajra/Pearl Millet,2019,6,2019-06-01,429,False,0,0,0,"<!doctype html><meta charset=""utf-8""><meta name=viewport content=""width=device-width, initial-scale=1""><title>429</title>429 Too Many Requests"
Bajra/Pearl Millet,2019,6,2019-06-08,429,False,0,0,0,"<!doctype html><meta charset=""utf-8""><meta name=viewport content=""width=device-width, initial-scale=1""><title>429</title>429 Too Many Requests"
Bajra/Pearl Millet,2019,6,2019-06-15,429,False,0,0,0,"<!doctype html><meta charset=""utf-8""><meta name=viewport content=""width=device-width, initial-scale=1""><title>429</title>429 Too Many Requests"
Bajra/Pearl Millet,2019,7,2019-07-01,429,False,0,0,0,"<!doctype html><meta charset=""utf-8""><meta name=viewport content=""width=device-width, initial-scale=1""><title>429</title>429 Too Many Requests"
Bajra/Pearl Millet,2019,7,2019-07-08,429,False,0,0,0,"<!doctype html><meta charset=""utf-8""><meta name=viewport content=""width=device-width, initial-scale=1""><title>429</title>429 Too Many Requests"
Bajra/Pearl Millet,2019,7,2019-07-15,429,False,0,0,0,"<!doctype html><meta charset=""utf-8""><meta name=viewport content=""width=device-width, initial-scale=1""><title>429</title>429 Too Many Requests"
Bajra/Pearl Millet,2019,8,2019-08-01,429,False,0,0,0,"<!doctype html><meta charset=""utf-8""><meta name=viewport content=""width=device-width, initial-scale=1""><title>429</title>429 Too Many Requests"
Bajra/Pearl Millet,2019,8,2019-08-08,429,False,0,0,0,"<!doctype html><meta charset=""utf-8""><meta name=viewport content=""width=device-width, initial-scale=1""><title>429</title>429 Too Many Requests"
Bajra/Pearl Millet,2019,8,2019-08-15,429,False,0,0,0,"<!doctype html><meta charset=""utf-8""><meta name=viewport content=""width=device-width, initial-scale=1""><title>429</title>429 Too Many Requests"
Bajra/Pearl Millet,2019,9,2019-09-01,429,False,0,0,0,"<!doctype html><meta charset=""utf-8""><meta name=viewport content=""width=device-width, initial-scale=1""><title>429</title>429 Too Many Requests"
Bajra/Pearl Millet,2019,9,2019-09-08,429,False,0,0,0,"<!doctype html><meta charset=""utf-8""><meta name=viewport content=""width=device-width, initial-scale=1""><title>429</title>429 Too Many Requests"
Bajra/Pearl Millet,2019,9,2019-09-15,429,False,0,0,0,"<!doctype html><meta charset=""utf-8""><meta name=viewport content=""width=device-width, initial-scale=1""><title>429</title>429 Too Many Requests"
Bajra/Pearl Millet,2019,10,2019-10-01,429,False,0,0,0,"<!doctype html><meta charset=""utf-8""><meta name=viewport content=""width=device-width, initial-scale=1""><title>429</title>429 Too Many Requests"
Bajra/Pearl Millet,2019,10,2019-10-08,429,False,0,0,0,"<!doctype html><meta charset=""utf-8""><meta name=viewport content=""width=device-width, initial-scale=1""><title>429</title>429 Too Many Requests"
Bajra/Pearl Millet,2019,10,2019-10-15,429,False,0,0,0,"<!doctype html><meta charset=""utf-8""><meta name=viewport content=""width=device-width, initial-scale=1""><title>429</title>429 Too Many Requests"
Bajra/Pearl Millet,2019,11,2019-11-01,429,False,0,0,0,"<!doctype html><meta charset=""utf-8""><meta name=viewport content=""width=device-width, initial-scale=1""><title>429</title>429 Too Many Requests"
Bajra/Pearl Millet,2019,11,2019-11-08,429,False,0,0,0,"<!doctype html><meta charset=""utf-8""><meta name=viewport content=""width=device-width, initial-scale=1""><title>429</title>429 Too Many Requests"
Bajra/Pearl Millet,2019,11,2019-11-15,429,False,0,0,0,"<!doctype html><meta charset=""utf-8""><meta name=viewport content=""width=device-width, initial-scale=1""><title>429</title>429 Too Many Requests"
Bajra/Pearl Millet,2019,12,2019-12-01,429,False,0,0,0,"<!doctype html><meta charset=""utf-8""><meta name=viewport content=""width=device-width, initial-scale=1""><title>429</title>429 Too Many Requests"
Bajra/Pearl Millet,2019,12,2019-12-08,429,False,0,0,0,"<!doctype html><meta charset=""utf-8""><meta name=viewport content=""width=device-width, initial-scale=1""><title>429</title>429 Too Many Requests"
Bajra/Pearl Millet,2019,12,2019-12-15,429,False,0,0,0,"<!doctype html><meta charset=""utf-8""><meta name=viewport content=""width=device-width, initial-scale=1""><title>429</title>429 Too Many Requests"
Bajra/Pearl Millet,2020,1,2020-01-01,429,False,0,0,0,"<!doctype html><meta charset=""utf-8""><meta name=viewport content=""width=device-width, initial-scale=1""><title>429</title>429 Too Many Requests"
Bajra/Pearl Millet,2020,1,2020-01-08,429,False,0,0,0,"<!doctype html><meta charset=""utf-8""><meta name=viewport content=""width=device-width, initial-scale=1""><title>429</title>429 Too Many Requests"
Bajra/Pearl Millet,2020,1,2020-01-15,429,False,0,0,0,"<!doctype html><meta charset=""utf-8""><meta name=viewport content=""width=device-width, initial-scale=1""><title>429</title>429 Too Many Requests"
Bajra/Pearl Millet,2020,2,2020-02-01,429,False,0,0,0,"<!doctype html><meta charset=""utf-8""><meta name=viewport content=""width=device-width, initial-scale=1""><title>429</title>429 Too Many Requests"
Bajra/Pearl Millet,2020,2,2020-02-08,429,False,0,0,0,"<!doctype html><meta charset=""utf-8""><meta name=viewport content=""width=device-width, initial-scale=1""><title>429</title>429 Too Many Requests"
Bajra/Pearl Millet,2020,2,2020-02-15,429,False,0,0,0,"<!doctype html><meta charset=""utf-8""><meta name=viewport content=""width=device-width, initial-scale=1""><title>429</title>429 Too Many Requests"
Bajra/Pearl Millet,2020,3,2020-03-01,429,False,0,0,0,"<!doctype html><meta charset=""utf-8""><meta name=viewport content=""width=device-width, initial-scale=1""><title>429</title>429 Too Many Requests"
Bajra/Pearl Millet,2020,3,2020-03-08,429,False,0,0,0,"<!doctype html><meta charset=""utf-8""><meta name=viewport content=""width=device-width, initial-scale=1""><title>429</title>429 Too Many Requests"
Bajra/Pearl Millet,2020,3,2020-03-15,429,False,0,0,0,"<!doctype html><meta charset=""utf-8""><meta name=viewport content=""width=device-width, initial-scale=1""><title>429</title>429 Too Many Requests"
Bajra/Pearl Millet,2020,4,2020-04-01,429,False,0,0,0,"<!doctype html><meta charset=""utf-8""><meta name=viewport content=""width=device-width, initial-scale=1""><title>429</title>429 Too Many Requests"
Bajra/Pearl Millet,2020,4,2020-04-08,429,False,0,0,0,"<!doctype html><meta charset=""utf-8""><meta name=viewport content=""width=device-width, initial-scale=1""><title>429</title>429 Too Many Requests"
Bajra/Pearl Millet,2020,4,2020-04-15,429,False,0,0,0,"<!doctype html><meta charset=""utf-8""><meta name=viewport content=""width=device-width, initial-scale=1""><title>429</title>429 Too Many Requests"
Bajra/Pearl Millet,2020,5,2020-05-01,429,False,0,0,0,"<!doctype html><meta charset=""utf-8""><meta name=viewport content=""width=device-width, initial-scale=1""><title>429</title>429 Too Many Requests"
Bajra/Pearl Millet,2020,5,2020-05-08,429,False,0,0,0,"<!doctype html><meta charset=""utf-8""><meta name=viewport content=""width=device-width, initial-scale=1""><title>429</title>429 Too Many Requests"
Bajra/Pearl Millet,2020,5,2020-05-15,429,False,0,0,0,"<!doctype html><meta charset=""utf-8""><meta name=viewport content=""width=device-width, initial-scale=1""><title>429</title>429 Too Many Requests"
Bajra/Pearl Millet,2020,6,2020-06-01,429,False,0,0,0,"<!doctype html><meta charset=""utf-8""><meta name=viewport content=""width=device-width, initial-scale=1""><title>429</title>429 Too Many Requests"
Bajra/Pearl Millet,2020,6,2020-06-08,429,False,0,0,0,"<!doctype html><meta charset=""utf-8""><meta name=viewport content=""width=device-width, initial-scale=1""><title>429</title>429 Too Many Requests"
Bajra/Pearl Millet,2020,6,2020-06-15,429,False,0,0,0,"<!doctype html><meta charset=""utf-8""><meta name=viewport content=""width=device-width, initial-scale=1""><title>429</title>429 Too Many Requests"
Bajra/Pearl Millet,2020,7,2020-07-01,429,False,0,0,0,"<!doctype html><meta charset=""utf-8""><meta name=viewport content=""width=device-width, initial-scale=1""><title>429</title>429 Too Many Requests"
Bajra/Pearl Millet,2020,7,2020-07-08,429,False,0,0,0,"<!doctype html><meta charset=""utf-8""><meta name=viewport content=""width=device-width, initial-scale=1""><title>429</title>429 Too Many Requests"
Bajra/Pearl Millet,2020,7,2020-07-15,429,False,0,0,0,"<!doctype html><meta charset=""utf-8""><meta name=viewport content=""width=device-width, initial-scale=1""><title>429</title>429 Too Many Requests"
Bajra/Pearl Millet,2020,8,2020-08-01,429,False,0,0,0,"<!doctype html><meta charset=""utf-8""><meta name=viewport content=""width=device-width, initial-scale=1""><title>429</title>429 Too Many Requests"
Bajra/Pearl Millet,2020,8,2020-08-08,429,False,0,0,0,"<!doctype html><meta charset=""utf-8""><meta name=viewport content=""width=device-width, initial-scale=1""><title>429</title>429 Too Many Requests"
Bajra/Pearl Millet,2020,8,2020-08-15,429,False,0,0,0,"<!doctype html><meta charset=""utf-8""><meta name=viewport content=""width=device-width, initial-scale=1""><title>429</title>429 Too Many Requests"
Bajra/Pearl Millet,2020,9,2020-09-01,429,False,0,0,0,"<!doctype html><meta charset=""utf-8""><meta name=viewport content=""width=device-width, initial-scale=1""><title>429</title>429 Too Many Requests"
Bajra/Pearl Millet,2020,9,2020-09-08,429,False,0,0,0,"<!doctype html><meta charset=""utf-8""><meta name=viewport content=""width=device-width, initial-scale=1""><title>429</title>429 Too Many Requests"
Bajra/Pearl Millet,2020,9,2020-09-15,429,False,0,0,0,"<!doctype html><meta charset=""utf-8""><meta name=viewport content=""width=device-width, initial-scale=1""><title>429</title>429 Too Many Requests"
Bajra/Pearl Millet,2020,10,2020-10-01,429,False,0,0,0,"<!doctype html><meta charset=""utf-8""><meta name=viewport content=""width=device-width, initial-scale=1""><title>429</title>429 Too Many Requests"
Bajra/Pearl Millet,2020,10,2020-10-08,429,False,0,0,0,"<!doctype html><meta charset=""utf-8""><meta name=viewport content=""width=device-width, initial-scale=1""><title>429</title>429 Too Many Requests"
Bajra/Pearl Millet,2020,10,2020-10-15,429,False,0,0,0,"<!doctype html><meta charset=""utf-8""><meta name=viewport content=""width=device-width, initial-scale=1""><title>429</title>429 Too Many Requests"
Bajra/Pearl Millet,2020,11,2020-11-01,429,False,0,0,0,"<!doctype html><meta charset=""utf-8""><meta name=viewport content=""width=device-width, initial-scale=1""><title>429</title>429 Too Many Requests"
Bajra/Pearl Millet,2020,11,2020-11-08,429,False,0,0,0,"<!doctype html><meta charset=""utf-8""><meta name=viewport content=""width=device-width, initial-scale=1""><title>429</title>429 Too Many Requests"
Bajra/Pearl Millet,2020,11,2020-11-15,429,False,0,0,0,"<!doctype html><meta charset=""utf-8""><meta name=viewport content=""width=device-width, initial-scale=1""><title>429</title>429 Too Many Requests"
Bajra/Pearl Millet,2020,12,2020-12-01,429,False,0,0,0,"<!doctype html><meta charset=""utf-8""><meta name=viewport content=""width=device-width, initial-scale=1""><title>429</title>429 Too Many Requests"
Bajra/Pearl Millet,2020,12,2020-12-08,429,False,0,0,0,"<!doctype html><meta charset=""utf-8""><meta name=viewport content=""width=device-width, initial-scale=1""><title>429</title>429 Too Many Requests"
Bajra/Pearl Millet,2020,12,2020-12-15,429,False,0,0,0,"<!doctype html><meta charset=""utf-8""><meta name=viewport content=""width=device-width, initial-scale=1""><title>429</title>429 Too Many Requests"
Bajra/Pearl Millet,2021,1,2021-01-01,429,False,0,0,0,"<!doctype html><meta charset=""utf-8""><meta name=viewport content=""width=device-width, initial-scale=1""><title>429</title>429 Too Many Requests"
Bajra/Pearl Millet,2021,1,2021-01-08,429,False,0,0,0,"<!doctype html><meta charset=""utf-8""><meta name=viewport content=""width=device-width, initial-scale=1""><title>429</title>429 Too Many Requests"
Bajra/Pearl Millet,2021,1,2021-01-15,429,False,0,0,0,"<!doctype html><meta charset=""utf-8""><meta name=viewport content=""width=device-width, initial-scale=1""><title>429</title>429 Too Many Requests"
Bajra/Pearl Millet,2021,2,2021-02-01,429,False,0,0,0,"<!doctype html><meta charset=""utf-8""><meta name=viewport content=""width=device-width, initial-scale=1""><title>429</title>429 Too Many Requests"
Bajra/Pearl Millet,2021,2,2021-02-08,429,False,0,0,0,"<!doctype html><meta charset=""utf-8""><meta name=viewport content=""width=device-width, initial-scale=1""><title>429</title>429 Too Many Requests"
Bajra/Pearl Millet,2021,2,2021-02-15,429,False,0,0,0,"<!doctype html><meta charset=""utf-8""><meta name=viewport content=""width=device-width, initial-scale=1""><title>429</title>429 Too Many Requests"
Bajra/Pearl Millet,2021,3,2021-03-01,429,False,0,0,0,"<!doctype html><meta charset=""utf-8""><meta name=viewport content=""width=device-width, initial-scale=1""><title>429</title>429 Too Many Requests"
Bajra/Pearl Millet,2021,3,2021-03-08,429,False,0,0,0,"<!doctype html><meta charset=""utf-8""><meta name=viewport content=""width=device-width, initial-scale=1""><title>429</title>429 Too Many Requests"
Bajra/Pearl Millet,2021,3,2021-03-15,429,False,0,0,0,"<!doctype html><meta charset=""utf-8""><meta name=viewport content=""width=device-width, initial-scale=1""><title>429</title>429 Too Many Requests"
Bajra/Pearl Millet,2021,4,2021-04-01,429,False,0,0,0,"<!doctype html><meta charset=""utf-8""><meta name=viewport content=""width=device-width, initial-scale=1""><title>429</title>429 Too Many Requests"
Bajra/Pearl Millet,2021,4,2021-04-08,429,False,0,0,0,"<!doctype html><meta charset=""utf-8""><meta name=viewport content=""width=device-width, initial-scale=1""><title>429</title>429 Too Many Requests"
Bajra/Pearl Millet,2021,4,2021-04-15,429,False,0,0,0,"<!doctype html><meta charset=""utf-8""><meta name=viewport content=""width=device-width, initial-scale=1""><title>429</title>429 Too Many Requests"
Bajra/Pearl Millet,2021,5,2021-05-01,429,False,0,0,0,"<!doctype html><meta charset=""utf-8""><meta name=viewport content=""width=device-width, initial-scale=1""><title>429</title>429 Too Many Requests"
Bajra/Pearl Millet,2021,5,2021-05-08,429,False,0,0,0,"<!doctype html><meta charset=""utf-8""><meta name=viewport content=""width=device-width, initial-scale=1""><title>429</title>429 Too Many Requests"
Bajra/Pearl Millet,2021,5,2021-05-15,429,False,0,0,0,"<!doctype html><meta charset=""utf-8""><meta name=viewport content=""width=device-width, initial-scale=1""><title>429</title>429 Too Many Requests"
Bajra/Pearl Millet,2021,6,2021-06-01,429,False,0,0,0,"<!doctype html><meta charset=""utf-8""><meta name=viewport content=""width=device-width, initial-scale=1""><title>429</title>429 Too Many Requests"
Bajra/Pearl Millet,2021,6,2021-06-08,429,False,0,0,0,"<!doctype html><meta charset=""utf-8""><meta name=viewport content=""width=device-width, initial-scale=1""><title>429</title>429 Too Many Requests"
Bajra/Pearl Millet,2021,6,2021-06-15,429,False,0,0,0,"<!doctype html><meta charset=""utf-8""><meta name=viewport content=""width=device-width, initial-scale=1""><title>429</title>429 Too Many Requests"
Bajra/Pearl Millet,2021,7,2021-07-01,429,False,0,0,0,"<!doctype html><meta charset=""utf-8""><meta name=viewport content=""width=device-width, initial-scale=1""><title>429</title>429 Too Many Requests"
Bajra/Pearl Millet,2021,7,2021-07-08,429,False,0,0,0,"<!doctype html><meta charset=""utf-8""><meta name=viewport content=""width=device-width, initial-scale=1""><title>429</title>429 Too Many Requests"
Bajra/Pearl Millet,2021,7,2021-07-15,429,False,0,0,0,"<!doctype html><meta charset=""utf-8""><meta name=viewport content=""width=device-width, initial-scale=1""><title>429</title>429 Too Many Requests"
Bajra/Pearl Millet,2021,8,2021-08-01,429,False,0,0,0,"<!doctype html><meta charset=""utf-8""><meta name=viewport content=""width=device-width, initial-scale=1""><title>429</title>429 Too Many Requests"
Bajra/Pearl Millet,2021,8,2021-08-08,429,False,0,0,0,"<!doctype html><meta charset=""utf-8""><meta name=viewport content=""width=device-width, initial-scale=1""><title>429</title>429 Too Many Requests"
Bajra/Pearl Millet,2021,8,2021-08-15,429,False,0,0,0,"<!doctype html><meta charset=""utf-8""><meta name=viewport content=""width=device-width, initial-scale=1""><title>429</title>429 Too Many Requests"
Bajra/Pearl Millet,2021,9,2021-09-01,429,False,0,0,0,"<!doctype html><meta charset=""utf-8""><meta name=viewport content=""width=device-width, initial-scale=1""><title>429</title>429 Too Many Requests"
Bajra/Pearl Millet,2021,9,2021-09-08,429,False,0,0,0,"<!doctype html><meta charset=""utf-8""><meta name=viewport content=""width=device-width, initial-scale=1""><title>429</title>429 Too Many Requests"
Bajra/Pearl Millet,2021,9,2021-09-15,429,False,0,0,0,"<!doctype html><meta charset=""utf-8""><meta name=viewport content=""width=device-width, initial-scale=1""><title>429</title>429 Too Many Requests"
Bajra/Pearl Millet,2021,10,2021-10-01,429,False,0,0,0,"<!doctype html><meta charset=""utf-8""><meta name=viewport content=""width=device-width, initial-scale=1""><title>429</title>429 Too Many Requests"
Bajra/Pearl Millet,2021,10,2021-10-08,429,False,0,0,0,"<!doctype html><meta charset=""utf-8""><meta name=viewport content=""width=device-width, initial-scale=1""><title>429</title>429 Too Many Requests"
Bajra/Pearl Millet,2021,10,2021-10-15,429,False,0,0,0,"<!doctype html><meta charset=""utf-8""><meta name=viewport content=""width=device-width, initial-scale=1""><title>429</title>429 Too Many Requests"
Bajra/Pearl Millet,2021,11,2021-11-01,429,False,0,0,0,"<!doctype html><meta charset=""utf-8""><meta name=viewport content=""width=device-width, initial-scale=1""><title>429</title>429 Too Many Requests"
Bajra/Pearl Millet,2021,11,2021-11-08,429,False,0,0,0,"<!doctype html><meta charset=""utf-8""><meta name=viewport content=""width=device-width, initial-scale=1""><title>429</title>429 Too Many Requests"
Bajra/Pearl Millet,2021,11,2021-11-15,429,False,0,0,0,"<!doctype html><meta charset=""utf-8""><meta name=viewport content=""width=device-width, initial-scale=1""><title>429</title>429 Too Many Requests"
Bajra/Pearl Millet,2021,12,2021-12-01,429,False,0,0,0,"<!doctype html><meta charset=""utf-8""><meta name=viewport content=""width=device-width, initial-scale=1""><title>429</title>429 Too Many Requests"
Bajra/Pearl Millet,2021,12,2021-12-08,429,False,0,0,0,"<!doctype html><meta charset=""utf-8""><meta name=viewport content=""width=device-width, initial-scale=1""><title>429</title>429 Too Many Requests"
Bajra/Pearl Millet,2021,12,2021-12-15,429,False,0,0,0,"<!doctype html><meta charset=""utf-8""><meta name=viewport content=""width=device-width, initial-scale=1""><title>429</title>429 Too Many Requests"
Bajra/Pearl Millet,2022,1,2022-01-01,429,False,0,0,0,"<!doctype html><meta charset=""utf-8""><meta name=viewport content=""width=device-width, initial-scale=1""><title>429</title>429 Too Many Requests"
Bajra/Pearl Millet,2022,1,2022-01-08,429,False,0,0,0,"<!doctype html><meta charset=""utf-8""><meta name=viewport content=""width=device-width, initial-scale=1""><title>429</title>429 Too Many Requests"
Bajra/Pearl Millet,2022,1,2022-01-15,429,False,0,0,0,"<!doctype html><meta charset=""utf-8""><meta name=viewport content=""width=device-width, initial-scale=1""><title>429</title>429 Too Many Requests"
Bajra/Pearl Millet,2022,2,2022-02-01,429,False,0,0,0,"<!doctype html><meta charset=""utf-8""><meta name=viewport content=""width=device-width, initial-scale=1""><title>429</title>429 Too Many Requests"
Bajra/Pearl Millet,2022,2,2022-02-08,429,False,0,0,0,"<!doctype html><meta charset=""utf-8""><meta name=viewport content=""width=device-width, initial-scale=1""><title>429</title>429 Too Many Requests"
Bajra/Pearl Millet,2022,2,2022-02-15,429,False,0,0,0,"<!doctype html><meta charset=""utf-8""><meta name=viewport content=""width=device-width, initial-scale=1""><title>429</title>429 Too Many Requests"
Bajra/Pearl Millet,2022,3,2022-03-01,429,False,0,0,0,"<!doctype html><meta charset=""utf-8""><meta name=viewport content=""width=device-width, initial-scale=1""><title>429</title>429 Too Many Requests"
Bajra/Pearl Millet,2022,3,2022-03-08,429,False,0,0,0,"<!doctype html><meta charset=""utf-8""><meta name=viewport content=""width=device-width, initial-scale=1""><title>429</title>429 Too Many Requests"
Bajra/Pearl Millet,2022,3,2022-03-15,429,False,0,0,0,"<!doctype html><meta charset=""utf-8""><meta name=viewport content=""width=device-width, initial-scale=1""><title>429</title>429 Too Many Requests"
Bajra/Pearl Millet,2022,4,2022-04-01,429,False,0,0,0,"<!doctype html><meta charset=""utf-8""><meta name=viewport content=""width=device-width, initial-scale=1""><title>429</title>429 Too Many Requests"
Bajra/Pearl Millet,2022,4,2022-04-08,429,False,0,0,0,"<!doctype html><meta charset=""utf-8""><meta name=viewport content=""width=device-width, initial-scale=1""><title>429</title>429 Too Many Requests"
Bajra/Pearl Millet,2022,4,2022-04-15,429,False,0,0,0,"<!doctype html><meta charset=""utf-8""><meta name=viewport content=""width=device-width, initial-scale=1""><title>429</title>429 Too Many Requests"
Bajra/Pearl Millet,2022,5,2022-05-01,429,False,0,0,0,"<!doctype html><meta charset=""utf-8""><meta name=viewport content=""width=device-width, initial-scale=1""><title>429</title>429 Too Many Requests"
Bajra/Pearl Millet,2022,5,2022-05-08,429,False,0,0,0,"<!doctype html><meta charset=""utf-8""><meta name=viewport content=""width=device-width, initial-scale=1""><title>429</title>429 Too Many Requests"
Bajra/Pearl Millet,2022,5,2022-05-15,429,False,0,0,0,"<!doctype html><meta charset=""utf-8""><meta name=viewport content=""width=device-width, initial-scale=1""><title>429</title>429 Too Many Requests"
Bajra/Pearl Millet,2022,6,2022-06-01,429,False,0,0,0,"<!doctype html><meta charset=""utf-8""><meta name=viewport content=""width=device-width, initial-scale=1""><title>429</title>429 Too Many Requests"
Bajra/Pearl Millet,2022,6,2022-06-08,429,False,0,0,0,"<!doctype html><meta charset=""utf-8""><meta name=viewport content=""width=device-width, initial-scale=1""><title>429</title>429 Too Many Requests"
Bajra/Pearl Millet,2022,6,2022-06-15,429,False,0,0,0,"<!doctype html><meta charset=""utf-8""><meta name=viewport content=""width=device-width, initial-scale=1""><title>429</title>429 Too Many Requests"
Bajra/Pearl Millet,2022,7,2022-07-01,429,False,0,0,0,"<!doctype html><meta charset=""utf-8""><meta name=viewport content=""width=device-width, initial-scale=1""><title>429</title>429 Too Many Requests"
Bajra/Pearl Millet,2022,7,2022-07-08,429,False,0,0,0,"<!doctype html><meta charset=""utf-8""><meta name=viewport content=""width=device-width, initial-scale=1""><title>429</title>429 Too Many Requests"
Bajra/Pearl Millet,2022,7,2022-07-15,429,False,0,0,0,"<!doctype html><meta charset=""utf-8""><meta name=viewport content=""width=device-width, initial-scale=1""><title>429</title>429 Too Many Requests"
Bajra/Pearl Millet,2022,8,2022-08-01,429,False,0,0,0,"<!doctype html><meta charset=""utf-8""><meta name=viewport content=""width=device-width, initial-scale=1""><title>429</title>429 Too Many Requests"
Bajra/Pearl Millet,2022,8,2022-08-08,429,False,0,0,0,"<!doctype html><meta charset=""utf-8""><meta name=viewport content=""width=device-width, initial-scale=1""><title>429</title>429 Too Many Requests"
Bajra/Pearl Millet,2022,8,2022-08-15,429,False,0,0,0,"<!doctype html><meta charset=""utf-8""><meta name=viewport content=""width=device-width, initial-scale=1""><title>429</title>429 Too Many Requests"
Bajra/Pearl Millet,2022,9,2022-09-01,429,False,0,0,0,"<!doctype html><meta charset=""utf-8""><meta name=viewport content=""width=device-width, initial-scale=1""><title>429</title>429 Too Many Requests"
Bajra/Pearl Millet,2022,9,2022-09-08,429,False,0,0,0,"<!doctype html><meta charset=""utf-8""><meta name=viewport content=""width=device-width, initial-scale=1""><title>429</title>429 Too Many Requests"
Bajra/Pearl Millet,2022,9,2022-09-15,429,False,0,0,0,"<!doctype html><meta charset=""utf-8""><meta name=viewport content=""width=device-width, initial-scale=1""><title>429</title>429 Too Many Requests"
Bajra/Pearl Millet,2022,10,2022-10-01,429,False,0,0,0,"<!doctype html><meta charset=""utf-8""><meta name=viewport content=""width=device-width, initial-scale=1""><title>429</title>429 Too Many Requests"
Bajra/Pearl Millet,2022,10,2022-10-08,429,False,0,0,0,"<!doctype html><meta charset=""utf-8""><meta name=viewport content=""width=device-width, initial-scale=1""><title>429</title>429 Too Many Requests"
Bajra/Pearl Millet,2022,10,2022-10-15,429,False,0,0,0,"<!doctype html><meta charset=""utf-8""><meta name=viewport content=""width=device-width, initial-scale=1""><title>429</title>429 Too Many Requests"
Bajra/Pearl Millet,2022,11,2022-11-01,429,False,0,0,0,"<!doctype html><meta charset=""utf-8""><meta name=viewport content=""width=device-width, initial-scale=1""><title>429</title>429 Too Many Requests"
Bajra/Pearl Millet,2022,11,2022-11-08,429,False,0,0,0,"<!doctype html><meta charset=""utf-8""><meta name=viewport content=""width=device-width, initial-scale=1""><title>429</title>429 Too Many Requests"
Bajra/Pearl Millet,2022,11,2022-11-15,429,False,0,0,0,"<!doctype html><meta charset=""utf-8""><meta name=viewport content=""width=device-width, initial-scale=1""><title>429</title>429 Too Many Requests"
Bajra/Pearl Millet,2022,12,2022-12-01,429,False,0,0,0,"<!doctype html><meta charset=""utf-8""><meta name=viewport content=""width=device-width, initial-scale=1""><title>429</title>429 Too Many Requests"
Bajra/Pearl Millet,2022,12,2022-12-08,429,False,0,0,0,"<!doctype html><meta charset=""utf-8""><meta name=viewport content=""width=device-width, initial-scale=1""><title>429</title>429 Too Many Requests"
Bajra/Pearl Millet,2022,12,2022-12-15,429,False,0,0,0,"<!doctype html><meta charset=""utf-8""><meta name=viewport content=""width=device-width, initial-scale=1""><title>429</title>429 Too Many Requests"
Bajra/Pearl Millet,2023,2,2023-02-01,429,False,0,0,0,"<!doctype html><meta charset=""utf-8""><meta name=viewport content=""width=device-width, initial-scale=1""><title>429</title>429 Too Many Requests"
Bajra/Pearl Millet,2023,2,2023-02-08,429,False,0,0,0,"<!doctype html><meta charset=""utf-8""><meta name=viewport content=""width=device-width, initial-scale=1""><title>429</title>429 Too Many Requests"
Bajra/Pearl Millet,2023,2,2023-02-15,429,False,0,0,0,"<!doctype html><meta charset=""utf-8""><meta name=viewport content=""width=device-width, initial-scale=1""><title>429</title>429 Too Many Requests"
Bajra/Pearl Millet,2023,1,2023-01-01,429,False,0,0,0,"<!doctype html><meta charset=""utf-8""><meta name=viewport content=""width=device-width, initial-scale=1""><title>429</title>429 Too Many Requests"
Bajra/Pearl Millet,2023,1,2023-01-08,429,False,0,0,0,"<!doctype html><meta charset=""utf-8""><meta name=viewport content=""width=device-width, initial-scale=1""><title>429</title>429 Too Many Requests"
Bajra/Pearl Millet,2023,1,2023-01-15,429,False,0,0,0,"<!doctype html><meta charset=""utf-8""><meta name=viewport content=""width=device-width, initial-scale=1""><title>429</title>429 Too Many Requests"
Bajra/Pearl Millet,2023,3,2023-03-01,429,False,0,0,0,"<!doctype html><meta charset=""utf-8""><meta name=viewport content=""width=device-width, initial-scale=1""><title>429</title>429 Too Many Requests"
Bajra/Pearl Millet,2023,3,2023-03-08,429,False,0,0,0,"<!doctype html><meta charset=""utf-8""><meta name=viewport content=""width=device-width, initial-scale=1""><title>429</title>429 Too Many Requests"
Bajra/Pearl Millet,2023,3,2023-03-15,429,False,0,0,0,"<!doctype html><meta charset=""utf-8""><meta name=viewport content=""width=device-width, initial-scale=1""><title>429</title>429 Too Many Requests"
Bajra/Pearl Millet,2023,4,2023-04-01,429,False,0,0,0,"<!doctype html><meta charset=""utf-8""><meta name=viewport content=""width=device-width, initial-scale=1""><title>429</title>429 Too Many Requests"
Bajra/Pearl Millet,2023,4,2023-04-08,429,False,0,0,0,"<!doctype html><meta charset=""utf-8""><meta name=viewport content=""width=device-width, initial-scale=1""><title>429</title>429 Too Many Requests"
Bajra/Pearl Millet,2023,4,2023-04-15,429,False,0,0,0,"<!doctype html><meta charset=""utf-8""><meta name=viewport content=""width=device-width, initial-scale=1""><title>429</title>429 Too Many Requests"
Bajra/Pearl Millet,2023,5,2023-05-01,429,False,0,0,0,"<!doctype html><meta charset=""utf-8""><meta name=viewport content=""width=device-width, initial-scale=1""><title>429</title>429 Too Many Requests"
Bajra/Pearl Millet,2023,5,2023-05-08,429,False,0,0,0,"<!doctype html><meta charset=""utf-8""><meta name=viewport content=""width=device-width, initial-scale=1""><title>429</title>429 Too Many Requests"
Bajra/Pearl Millet,2023,5,2023-05-15,429,False,0,0,0,"<!doctype html><meta charset=""utf-8""><meta name=viewport content=""width=device-width, initial-scale=1""><title>429</title>429 Too Many Requests"
Bajra/Pearl Millet,2023,6,2023-06-01,429,False,0,0,0,"<!doctype html><meta charset=""utf-8""><meta name=viewport content=""width=device-width, initial-scale=1""><title>429</title>429 Too Many Requests"
Bajra/Pearl Millet,2023,6,2023-06-08,429,False,0,0,0,"<!doctype html><meta charset=""utf-8""><meta name=viewport content=""width=device-width, initial-scale=1""><title>429</title>429 Too Many Requests"
Bajra/Pearl Millet,2023,6,2023-06-15,429,False,0,0,0,"<!doctype html><meta charset=""utf-8""><meta name=viewport content=""width=device-width, initial-scale=1""><title>429</title>429 Too Many Requests"
Bajra/Pearl Millet,2023,7,2023-07-01,429,False,0,0,0,"<!doctype html><meta charset=""utf-8""><meta name=viewport content=""width=device-width, initial-scale=1""><title>429</title>429 Too Many Requests"
Bajra/Pearl Millet,2023,7,2023-07-08,429,False,0,0,0,"<!doctype html><meta charset=""utf-8""><meta name=viewport content=""width=device-width, initial-scale=1""><title>429</title>429 Too Many Requests"
Bajra/Pearl Millet,2023,7,2023-07-15,429,False,0,0,0,"<!doctype html><meta charset=""utf-8""><meta name=viewport content=""width=device-width, initial-scale=1""><title>429</title>429 Too Many Requests"
Bajra/Pearl Millet,2023,8,2023-08-01,429,False,0,0,0,"<!doctype html><meta charset=""utf-8""><meta name=viewport content=""width=device-width, initial-scale=1""><title>429</title>429 Too Many Requests"
Bajra/Pearl Millet,2023,8,2023-08-08,429,False,0,0,0,"<!doctype html><meta charset=""utf-8""><meta name=viewport content=""width=device-width, initial-scale=1""><title>429</title>429 Too Many Requests"
Bajra/Pearl Millet,2023,8,2023-08-15,429,False,0,0,0,"<!doctype html><meta charset=""utf-8""><meta name=viewport content=""width=device-width, initial-scale=1""><title>429</title>429 Too Many Requests"
Bajra/Pearl Millet,2023,9,2023-09-01,429,False,0,0,0,"<!doctype html><meta charset=""utf-8""><meta name=viewport content=""width=device-width, initial-scale=1""><title>429</title>429 Too Many Requests"
Bajra/Pearl Millet,2023,9,2023-09-08,429,False,0,0,0,"<!doctype html><meta charset=""utf-8""><meta name=viewport content=""width=device-width, initial-scale=1""><title>429</title>429 Too Many Requests"
Bajra/Pearl Millet,2023,9,2023-09-15,429,False,0,0,0,"<!doctype html><meta charset=""utf-8""><meta name=viewport content=""width=device-width, initial-scale=1""><title>429</title>429 Too Many Requests"
Bajra/Pearl Millet,2023,10,2023-10-01,429,False,0,0,0,"<!doctype html><meta charset=""utf-8""><meta name=viewport content=""width=device-width, initial-scale=1""><title>429</title>429 Too Many Requests"
Bajra/Pearl Millet,2023,10,2023-10-08,429,False,0,0,0,"<!doctype html><meta charset=""utf-8""><meta name=viewport content=""width=device-width, initial-scale=1""><title>429</title>429 Too Many Requests"
Bajra/Pearl Millet,2023,10,2023-10-15,429,False,0,0,0,"<!doctype html><meta charset=""utf-8""><meta name=viewport content=""width=device-width, initial-scale=1""><title>429</title>429 Too Many Requests"
Bajra/Pearl Millet,2023,11,2023-11-01,429,False,0,0,0,"<!doctype html><meta charset=""utf-8""><meta name=viewport content=""width=device-width, initial-scale=1""><title>429</title>429 Too Many Requests"
Bajra/Pearl Millet,2023,11,2023-11-08,429,False,0,0,0,"<!doctype html><meta charset=""utf-8""><meta name=viewport content=""width=device-width, initial-scale=1""><title>429</title>429 Too Many Requests"
Bajra/Pearl Millet,2023,11,2023-11-15,429,False,0,0,0,"<!doctype html><meta charset=""utf-8""><meta name=viewport content=""width=device-width, initial-scale=1""><title>429</title>429 Too Many Requests"
Bajra/Pearl Millet,2023,12,2023-12-01,429,False,0,0,0,"<!doctype html><meta charset=""utf-8""><meta name=viewport content=""width=device-width, initial-scale=1""><title>429</title>429 Too Many Requests"
Bajra/Pearl Millet,2023,12,2023-12-08,429,False,0,0,0,"<!doctype html><meta charset=""utf-8""><meta name=viewport content=""width=device-width, initial-scale=1""><title>429</title>429 Too Many Requests"
Bajra/Pearl Millet,2023,12,2023-12-15,429,False,0,0,0,"<!doctype html><meta charset=""utf-8""><meta name=viewport content=""width=device-width, initial-scale=1""><title>429</title>429 Too Many Requests"
Bajra/Pearl Millet,2024,1,2024-01-01,429,False,0,0,0,"<!doctype html><meta charset=""utf-8""><meta name=viewport content=""width=device-width, initial-scale=1""><title>429</title>429 Too Many Requests"
Bajra/Pearl Millet,2024,1,2024-01-08,429,False,0,0,0,"<!doctype html><meta charset=""utf-8""><meta name=viewport content=""width=device-width, initial-scale=1""><title>429</title>429 Too Many Requests"
Bajra/Pearl Millet,2024,1,2024-01-15,429,False,0,0,0,"<!doctype html><meta charset=""utf-8""><meta name=viewport content=""width=device-width, initial-scale=1""><title>429</title>429 Too Many Requests"
Bajra/Pearl Millet,2024,2,2024-02-01,429,False,0,0,0,"<!doctype html><meta charset=""utf-8""><meta name=viewport content=""width=device-width, initial-scale=1""><title>429</title>429 Too Many Requests"
Bajra/Pearl Millet,2024,2,2024-02-08,429,False,0,0,0,"<!doctype html><meta charset=""utf-8""><meta name=viewport content=""width=device-width, initial-scale=1""><title>429</title>429 Too Many Requests"
Bajra/Pearl Millet,2024,2,2024-02-15,429,False,0,0,0,"<!doctype html><meta charset=""utf-8""><meta name=viewport content=""width=device-width, initial-scale=1""><title>429</title>429 Too Many Requests"
Bajra/Pearl Millet,2024,3,2024-03-01,429,False,0,0,0,"<!doctype html><meta charset=""utf-8""><meta name=viewport content=""width=device-width, initial-scale=1""><title>429</title>429 Too Many Requests"
Bajra/Pearl Millet,2024,3,2024-03-08,429,False,0,0,0,"<!doctype html><meta charset=""utf-8""><meta name=viewport content=""width=device-width, initial-scale=1""><title>429</title>429 Too Many Requests"
Bajra/Pearl Millet,2024,3,2024-03-15,429,False,0,0,0,"<!doctype html><meta charset=""utf-8""><meta name=viewport content=""width=device-width, initial-scale=1""><title>429</title>429 Too Many Requests"
Bajra/Pearl Millet,2024,4,2024-04-01,429,False,0,0,0,"<!doctype html><meta charset=""utf-8""><meta name=viewport content=""width=device-width, initial-scale=1""><title>429</title>429 Too Many Requests"
Bajra/Pearl Millet,2024,4,2024-04-08,429,False,0,0,0,"<!doctype html><meta charset=""utf-8""><meta name=viewport content=""width=device-width, initial-scale=1""><title>429</title>429 Too Many Requests"
Bajra/Pearl Millet,2024,4,2024-04-15,429,False,0,0,0,"<!doctype html><meta charset=""utf-8""><meta name=viewport content=""width=device-width, initial-scale=1""><title>429</title>429 Too Many Requests"
Bajra/Pearl Millet,2024,5,2024-05-01,429,False,0,0,0,"<!doctype html><meta charset=""utf-8""><meta name=viewport content=""width=device-width, initial-scale=1""><title>429</title>429 Too Many Requests"
Bajra/Pearl Millet,2024,5,2024-05-08,429,False,0,0,0,"<!doctype html><meta charset=""utf-8""><meta name=viewport content=""width=device-width, initial-scale=1""><title>429</title>429 Too Many Requests"
Bajra/Pearl Millet,2024,5,2024-05-15,429,False,0,0,0,"<!doctype html><meta charset=""utf-8""><meta name=viewport content=""width=device-width, initial-scale=1""><title>429</title>429 Too Many Requests"
Bajra/Pearl Millet,2024,6,2024-06-01,429,False,0,0,0,"<!doctype html><meta charset=""utf-8""><meta name=viewport content=""width=device-width, initial-scale=1""><title>429</title>429 Too Many Requests"
Bajra/Pearl Millet,2024,6,2024-06-08,429,False,0,0,0,"<!doctype html><meta charset=""utf-8""><meta name=viewport content=""width=device-width, initial-scale=1""><title>429</title>429 Too Many Requests"
Bajra/Pearl Millet,2024,6,2024-06-15,429,False,0,0,0,"<!doctype html><meta charset=""utf-8""><meta name=viewport content=""width=device-width, initial-scale=1""><title>429</title>429 Too Many Requests"
Bajra/Pearl Millet,2024,7,2024-07-01,429,False,0,0,0,"<!doctype html><meta charset=""utf-8""><meta name=viewport content=""width=device-width, initial-scale=1""><title>429</title>429 Too Many Requests"
Bajra/Pearl Millet,2024,7,2024-07-08,429,False,0,0,0,"<!doctype html><meta charset=""utf-8""><meta name=viewport content=""width=device-width, initial-scale=1""><title>429</title>429 Too Many Requests"
Bajra/Pearl Millet,2024,7,2024-07-15,429,False,0,0,0,"<!doctype html><meta charset=""utf-8""><meta name=viewport content=""width=device-width, initial-scale=1""><title>429</title>429 Too Many Requests"
Bajra/Pearl Millet,2024,8,2024-08-01,429,False,0,0,0,"<!doctype html><meta charset=""utf-8""><meta name=viewport content=""width=device-width, initial-scale=1""><title>429</title>429 Too Many Requests"
Bajra/Pearl Millet,2024,8,2024-08-08,429,False,0,0,0,"<!doctype html><meta charset=""utf-8""><meta name=viewport content=""width=device-width, initial-scale=1""><title>429</title>429 Too Many Requests"
Bajra/Pearl Millet,2024,8,2024-08-15,429,False,0,0,0,"<!doctype html><meta charset=""utf-8""><meta name=viewport content=""width=device-width, initial-scale=1""><title>429</title>429 Too Many Requests"
Bajra/Pearl Millet,2024,9,2024-09-01,429,False,0,0,0,"<!doctype html><meta charset=""utf-8""><meta name=viewport content=""width=device-width, initial-scale=1""><title>429</title>429 Too Many Requests"
Bajra/Pearl Millet,2024,9,2024-09-08,429,False,0,0,0,"<!doctype html><meta charset=""utf-8""><meta name=viewport content=""width=device-width, initial-scale=1""><title>429</title>429 Too Many Requests"
Bajra/Pearl Millet,2024,9,2024-09-15,429,False,0,0,0,"<!doctype html><meta charset=""utf-8""><meta name=viewport content=""width=device-width, initial-scale=1""><title>429</title>429 Too Many Requests"
Bajra/Pearl Millet,2024,10,2024-10-01,429,False,0,0,0,"<!doctype html><meta charset=""utf-8""><meta name=viewport content=""width=device-width, initial-scale=1""><title>429</title>429 Too Many Requests"
Bajra/Pearl Millet,2024,10,2024-10-08,429,False,0,0,0,"<!doctype html><meta charset=""utf-8""><meta name=viewport content=""width=device-width, initial-scale=1""><title>429</title>429 Too Many Requests"
Bajra/Pearl Millet,2024,10,2024-10-15,429,False,0,0,0,"<!doctype html><meta charset=""utf-8""><meta name=viewport content=""width=device-width, initial-scale=1""><title>429</title>429 Too Many Requests"
Bajra/Pearl Millet,2024,11,2024-11-01,429,False,0,0,0,"<!doctype html><meta charset=""utf-8""><meta name=viewport content=""width=device-width, initial-scale=1""><title>429</title>429 Too Many Requests"
Bajra/Pearl Millet,2024,11,2024-11-08,429,False,0,0,0,"<!doctype html><meta charset=""utf-8""><meta name=viewport content=""width=device-width, initial-scale=1""><title>429</title>429 Too Many Requests"
Bajra/Pearl Millet,2024,11,2024-11-15,429,False,0,0,0,"<!doctype html><meta charset=""utf-8""><meta name=viewport content=""width=device-width, initial-scale=1""><title>429</title>429 Too Many Requests"
Bajra/Pearl Millet,2024,12,2024-12-01,429,False,0,0,0,"<!doctype html><meta charset=""utf-8""><meta name=viewport content=""width=device-width, initial-scale=1""><title>429</title>429 Too Many Requests"
Bajra/Pearl Millet,2024,12,2024-12-08,429,False,0,0,0,"<!doctype html><meta charset=""utf-8""><meta name=viewport content=""width=device-width, initial-scale=1""><title>429</title>429 Too Many Requests"
Bajra/Pearl Millet,2024,12,2024-12-15,429,False,0,0,0,"<!doctype html><meta charset=""utf-8""><meta name=viewport content=""width=device-width, initial-scale=1""><title>429</title>429 Too Many Requests"
Bajra/Pearl Millet,2025,1,2025-01-01,429,False,0,0,0,"<!doctype html><meta charset=""utf-8""><meta name=viewport content=""width=device-width, initial-scale=1""><title>429</title>429 Too Many Requests"
Bajra/Pearl Millet,2025,1,2025-01-08,429,False,0,0,0,"<!doctype html><meta charset=""utf-8""><meta name=viewport content=""width=device-width, initial-scale=1""><title>429</title>429 Too Many Requests"
Bajra/Pearl Millet,2025,1,2025-01-15,429,False,0,0,0,"<!doctype html><meta charset=""utf-8""><meta name=viewport content=""width=device-width, initial-scale=1""><title>429</title>429 Too Many Requests"
Bajra/Pearl Millet,2025,2,2025-02-01,429,False,0,0,0,"<!doctype html><meta charset=""utf-8""><meta name=viewport content=""width=device-width, initial-scale=1""><title>429</title>429 Too Many Requests"
Bajra/Pearl Millet,2025,2,2025-02-08,429,False,0,0,0,"<!doctype html><meta charset=""utf-8""><meta name=viewport content=""width=device-width, initial-scale=1""><title>429</title>429 Too Many Requests"
Bajra/Pearl Millet,2025,2,2025-02-15,429,False,0,0,0,"<!doctype html><meta charset=""utf-8""><meta name=viewport content=""width=device-width, initial-scale=1""><title>429</title>429 Too Many Requests"
Bajra/Pearl Millet,2025,3,2025-03-01,429,False,0,0,0,"<!doctype html><meta charset=""utf-8""><meta name=viewport content=""width=device-width, initial-scale=1""><title>429</title>429 Too Many Requests"
Bajra/Pearl Millet,2025,3,2025-03-08,429,False,0,0,0,"<!doctype html><meta charset=""utf-8""><meta name=viewport content=""width=device-width, initial-scale=1""><title>429</title>429 Too Many Requests"
Bajra/Pearl Millet,2025,3,2025-03-15,429,False,0,0,0,"<!doctype html><meta charset=""utf-8""><meta name=viewport content=""width=device-width, initial-scale=1""><title>429</title>429 Too Many Requests"
Bajra/Pearl Millet,2025,4,2025-04-01,429,False,0,0,0,"<!doctype html><meta charset=""utf-8""><meta name=viewport content=""width=device-width, initial-scale=1""><title>429</title>429 Too Many Requests"
Bajra/Pearl Millet,2025,4,2025-04-08,429,False,0,0,0,"<!doctype html><meta charset=""utf-8""><meta name=viewport content=""width=device-width, initial-scale=1""><title>429</title>429 Too Many Requests"
Bajra/Pearl Millet,2025,4,2025-04-15,429,False,0,0,0,"<!doctype html><meta charset=""utf-8""><meta name=viewport content=""width=device-width, initial-scale=1""><title>429</title>429 Too Many Requests"
Bajra/Pearl Millet,2025,5,2025-05-01,429,False,0,0,0,"<!doctype html><meta charset=""utf-8""><meta name=viewport content=""width=device-width, initial-scale=1""><title>429</title>429 Too Many Requests"
Bajra/Pearl Millet,2025,5,2025-05-08,429,False,0,0,0,"<!doctype html><meta charset=""utf-8""><meta name=viewport content=""width=device-width, initial-scale=1""><title>429</title>429 Too Many Requests"
Bajra/Pearl Millet,2025,5,2025-05-15,429,False,0,0,0,"<!doctype html><meta charset=""utf-8""><meta name=viewport content=""width=device-width, initial-scale=1""><title>429</title>429 Too Many Requests"
Bajra/Pearl Millet,2025,6,2025-06-01,429,False,0,0,0,"<!doctype html><meta charset=""utf-8""><meta name=viewport content=""width=device-width, initial-scale=1""><title>429</title>429 Too Many Requests"
Bajra/Pearl Millet,2025,6,2025-06-08,429,False,0,0,0,"<!doctype html><meta charset=""utf-8""><meta name=viewport content=""width=device-width, initial-scale=1""><title>429</title>429 Too Many Requests"
Bajra/Pearl Millet,2025,6,2025-06-15,429,False,0,0,0,"<!doctype html><meta charset=""utf-8""><meta name=viewport content=""width=device-width, initial-scale=1""><title>429</title>429 Too Many Requests"
Bajra/Pearl Millet,2025,7,2025-07-01,429,False,0,0,0,"<!doctype html><meta charset=""utf-8""><meta name=viewport content=""width=device-width, initial-scale=1""><title>429</title>429 Too Many Requests"
Bajra/Pearl Millet,2025,7,2025-07-08,429,False,0,0,0,"<!doctype html><meta charset=""utf-8""><meta name=viewport content=""width=device-width, initial-scale=1""><title>429</title>429 Too Many Requests"
Bajra/Pearl Millet,2025,7,2025-07-15,429,False,0,0,0,"<!doctype html><meta charset=""utf-8""><meta name=viewport content=""width=device-width, initial-scale=1""><title>429</title>429 Too Many Requests"
Bajra/Pearl Millet,2025,8,2025-08-01,429,False,0,0,0,"<!doctype html><meta charset=""utf-8""><meta name=viewport content=""width=device-width, initial-scale=1""><title>429</title>429 Too Many Requests"
Bajra/Pearl Millet,2025,8,2025-08-08,429,False,0,0,0,"<!doctype html><meta charset=""utf-8""><meta name=viewport content=""width=device-width, initial-scale=1""><title>429</title>429 Too Many Requests"
Bajra/Pearl Millet,2025,8,2025-08-15,429,False,0,0,0,"<!doctype html><meta charset=""utf-8""><meta name=viewport content=""width=device-width, initial-scale=1""><title>429</title>429 Too Many Requests"
Bajra/Pearl Millet,2025,9,2025-09-01,429,False,0,0,0,"<!doctype html><meta charset=""utf-8""><meta name=viewport content=""width=device-width, initial-scale=1""><title>429</title>429 Too Many Requests"
Bajra/Pearl Millet,2025,9,2025-09-08,429,False,0,0,0,"<!doctype html><meta charset=""utf-8""><meta name=viewport content=""width=device-width, initial-scale=1""><title>429</title>429 Too Many Requests"
Bajra/Pearl Millet,2025,9,2025-09-15,429,False,0,0,0,"<!doctype html><meta charset=""utf-8""><meta name=viewport content=""width=device-width, initial-scale=1""><title>429</title>429 Too Many Requests"
Bajra/Pearl Millet,2025,10,2025-10-01,429,False,0,0,0,"<!doctype html><meta charset=""utf-8""><meta name=viewport content=""width=device-width, initial-scale=1""><title>429</title>429 Too Many Requests"
Bajra/Pearl Millet,2025,10,2025-10-08,429,False,0,0,0,"<!doctype html><meta charset=""utf-8""><meta name=viewport content=""width=device-width, initial-scale=1""><title>429</title>429 Too Many Requests"
Bajra/Pearl Millet,2025,10,2025-10-15,429,False,0,0,0,"<!doctype html><meta charset=""utf-8""><meta name=viewport content=""width=device-width, initial-scale=1""><title>429</title>429 Too Many Requests"
Bajra/Pearl Millet,2025,11,2025-11-01,429,False,0,0,0,"<!doctype html><meta charset=""utf-8""><meta name=viewport content=""width=device-width, initial-scale=1""><title>429</title>429 Too Many Requests"
Bajra/Pearl Millet,2025,11,2025-11-08,429,False,0,0,0,"<!doctype html><meta charset=""utf-8""><meta name=viewport content=""width=device-width, initial-scale=1""><title>429</title>429 Too Many Requests"
Bajra/Pearl Millet,2025,11,2025-11-15,429,False,0,0,0,"<!doctype html><meta charset=""utf-8""><meta name=viewport content=""width=device-width, initial-scale=1""><title>429</title>429 Too Many Requests"
Bajra/Pearl Millet,2025,12,2025-12-01,429,False,0,0,0,"<!doctype html><meta charset=""utf-8""><meta name=viewport content=""width=device-width, initial-scale=1""><title>429</title>429 Too Many Requests"
Bajra/Pearl Millet,2025,12,2025-12-08,429,False,0,0,0,"<!doctype html><meta charset=""utf-8""><meta name=viewport content=""width=device-width, initial-scale=1""><title>429</title>429 Too Many Requests"
Bajra/Pearl Millet,2025,12,2025-12-15,429,False,0,0,0,"<!doctype html><meta charset=""utf-8""><meta name=viewport content=""width=device-width, initial-scale=1""><title>429</title>429 Too Many Requests"
Lentil,2016,9,2016-09-01,200,False,0,0,0,HTTP 200 but no usable price rows returned
Lentil,2016,9,2016-09-08,200,False,0,0,0,HTTP 200 but no usable price rows returned
Lentil,2016,9,2016-09-15,200,False,0,0,0,HTTP 200 but no usable price rows returned
Lentil,2016,12,2016-12-01,200,False,0,0,0,HTTP 200 but no usable price rows returned
Lentil,2016,12,2016-12-08,200,False,0,0,0,HTTP 200 but no usable price rows returned
Lentil,2016,12,2016-12-15,200,False,0,0,0,HTTP 200 but no usable price rows returned
Lentil,2017,1,2017-01-01,200,False,0,0,0,HTTP 200 but no usable price rows returned
Lentil,2017,1,2017-01-08,200,False,0,0,0,HTTP 200 but no usable price rows returned
Lentil,2017,1,2017-01-15,200,False,0,0,0,HTTP 200 but no usable price rows returned
Lentil,2017,2,2017-02-01,200,False,0,0,0,HTTP 200 but no usable price rows returned
Lentil,2017,2,2017-02-08,200,False,0,0,0,HTTP 200 but no usable price rows returned
Lentil,2017,2,2017-02-15,200,False,0,0,0,HTTP 200 but no usable price rows returned
Lentil,2017,3,2017-03-01,200,False,0,0,0,HTTP 200 but no usable price rows returned
Lentil,2017,3,2017-03-08,200,False,0,0,0,HTTP 200 but no usable price rows returned
Lentil,2017,3,2017-03-15,200,False,0,0,0,HTTP 200 but no usable price rows returned
Lentil,2017,4,2017-04-01,200,False,0,0,0,HTTP 200 but no usable price rows returned
Lentil,2017,4,2017-04-08,200,False,0,0,0,HTTP 200 but no usable price rows returned
Lentil,2017,4,2017-04-15,200,False,0,0,0,HTTP 200 but no usable price rows returned
Lentil,2017,5,2017-05-01,200,False,0,0,0,HTTP 200 but no usable price rows returned
Lentil,2017,5,2017-05-08,200,False,0,0,0,HTTP 200 but no usable price rows returned
Lentil,2017,5,2017-05-15,200,False,0,0,0,HTTP 200 but no usable price rows returned
Lentil,2017,6,2017-06-01,200,False,0,0,0,HTTP 200 but no usable price rows returned
Lentil,2017,6,2017-06-08,200,False,0,0,0,HTTP 200 but no usable price rows returned
Lentil,2017,6,2017-06-15,200,False,0,0,0,HTTP 200 but no usable price rows returned
Lentil,2017,7,2017-07-01,200,False,0,0,0,HTTP 200 but no usable price rows returned
Lentil,2017,7,2017-07-08,200,False,0,0,0,HTTP 200 but no usable price rows returned
Lentil,2017,7,2017-07-15,200,False,0,0,0,HTTP 200 but no usable price rows returned
Lentil,2017,8,2017-08-01,200,False,0,0,0,HTTP 200 but no usable price rows returned
Lentil,2017,8,2017-08-08,200,False,0,0,0,HTTP 200 but no usable price rows returned
Lentil,2017,8,2017-08-15,200,False,0,0,0,HTTP 200 but no usable price rows returned
Lentil,2017,9,2017-09-01,200,False,0,0,0,HTTP 200 but no usable price rows returned
Lentil,2017,9,2017-09-08,200,False,0,0,0,HTTP 200 but no usable price rows returned
Lentil,2017,9,2017-09-15,200,False,0,0,0,HTTP 200 but no usable price rows returned
Lentil,2017,10,2017-10-01,200,False,0,0,0,HTTP 200 but no usable price rows returned
Lentil,2017,10,2017-10-08,200,False,0,0,0,HTTP 200 but no usable price rows returned
Lentil,2017,10,2017-10-15,200,False,0,0,0,HTTP 200 but no usable price rows returned
Lentil,2017,11,2017-11-01,200,False,0,0,0,HTTP 200 but no usable price rows returned
Lentil,2017,11,2017-11-08,200,False,0,0,0,HTTP 200 but no usable price rows returned
Lentil,2017,11,2017-11-15,200,False,0,0,0,HTTP 200 but no usable price rows returned
Lentil,2017,12,2017-12-01,200,False,0,0,0,HTTP 200 but no usable price rows returned
Lentil,2017,12,2017-12-08,200,False,0,0,0,HTTP 200 but no usable price rows returned
Lentil,2017,12,2017-12-15,200,False,0,0,0,HTTP 200 but no usable price rows returned
Lentil,2018,1,2018-01-01,200,False,0,0,0,HTTP 200 but no usable price rows returned
Lentil,2018,1,2018-01-08,200,False,0,0,0,HTTP 200 but no usable price rows returned
Lentil,2018,1,2018-01-15,200,False,0,0,0,HTTP 200 but no usable price rows returned
Lentil,2018,2,2018-02-01,200,False,0,0,0,HTTP 200 but no usable price rows returned
Lentil,2018,2,2018-02-08,200,False,0,0,0,HTTP 200 but no usable price rows returned
Lentil,2018,2,2018-02-15,200,False,0,0,0,HTTP 200 but no usable price rows returned
Lentil,2018,3,2018-03-01,200,False,0,0,0,HTTP 200 but no usable price rows returned
Lentil,2018,3,2018-03-08,200,False,0,0,0,HTTP 200 but no usable price rows returned
Lentil,2018,3,2018-03-15,200,False,0,0,0,HTTP 200 but no usable price rows returned
Lentil,2018,4,2018-04-01,200,False,0,0,0,HTTP 200 but no usable price rows returned
Lentil,2018,4,2018-04-08,200,False,0,0,0,HTTP 200 but no usable price rows returned
Lentil,2018,4,2018-04-15,200,False,0,0,0,HTTP 200 but no usable price rows returned
Lentil,2018,5,2018-05-01,200,False,0,0,0,HTTP 200 but no usable price rows returned
Lentil,2018,5,2018-05-08,200,False,0,0,0,HTTP 200 but no usable price rows returned
Lentil,2018,5,2018-05-15,200,False,0,0,0,HTTP 200 but no usable price rows returned
Lentil,2018,6,2018-06-01,200,False,0,0,0,HTTP 200 but no usable price rows returned
Lentil,2018,6,2018-06-08,200,False,0,0,0,HTTP 200 but no usable price rows returned
Lentil,2018,6,2018-06-15,200,False,0,0,0,HTTP 200 but no usable price rows returned
Lentil,2018,7,2018-07-01,200,False,0,0,0,HTTP 200 but no usable price rows returned
Lentil,2018,7,2018-07-08,200,False,0,0,0,HTTP 200 but no usable price rows returned
Lentil,2018,7,2018-07-15,200,False,0,0,0,HTTP 200 but no usable price rows returned
Lentil,2018,8,2018-08-01,200,False,0,0,0,HTTP 200 but no usable price rows returned
Lentil,2018,8,2018-08-08,200,False,0,0,0,HTTP 200 but no usable price rows returned
Lentil,2018,8,2018-08-15,200,False,0,0,0,HTTP 200 but no usable price rows returned
Lentil,2018,9,2018-09-01,200,False,0,0,0,HTTP 200 but no usable price rows returned
Lentil,2018,9,2018-09-08,200,False,0,0,0,HTTP 200 but no usable price rows returned
Lentil,2018,9,2018-09-15,200,False,0,0,0,HTTP 200 but no usable price rows returned
Lentil,2018,10,2018-10-01,200,False,0,0,0,HTTP 200 but no usable price rows returned
Lentil,2018,10,2018-10-08,200,False,0,0,0,HTTP 200 but no usable price rows returned
Lentil,2018,10,2018-10-15,200,False,0,0,0,HTTP 200 but no usable price rows returned
Lentil,2018,11,2018-11-01,200,False,0,0,0,HTTP 200 but no usable price rows returned
Lentil,2018,11,2018-11-08,200,False,0,0,0,HTTP 200 but no usable price rows returned
Lentil,2018,11,2018-11-15,200,False,0,0,0,HTTP 200 but no usable price rows returned
Lentil,2018,12,2018-12-01,200,False,0,0,0,HTTP 200 but no usable price rows returned
Lentil,2018,12,2018-12-08,200,False,0,0,0,HTTP 200 but no usable price rows returned
Lentil,2018,12,2018-12-15,200,False,0,0,0,HTTP 200 but no usable price rows returned
Lentil,2019,1,2019-01-01,200,False,0,0,0,HTTP 200 but no usable price rows returned
Lentil,2019,1,2019-01-08,200,False,0,0,0,HTTP 200 but no usable price rows returned
Lentil,2019,1,2019-01-15,200,False,0,0,0,HTTP 200 but no usable price rows returned
Lentil,2019,2,2019-02-01,200,False,0,0,0,HTTP 200 but no usable price rows returned
Lentil,2019,2,2019-02-08,200,False,0,0,0,HTTP 200 but no usable price rows returned
Lentil,2019,2,2019-02-15,200,False,0,0,0,HTTP 200 but no usable price rows returned
Lentil,2019,3,2019-03-01,200,False,0,0,0,HTTP 200 but no usable price rows returned
Lentil,2019,3,2019-03-08,200,False,0,0,0,HTTP 200 but no usable price rows returned
Lentil,2019,3,2019-03-15,200,False,0,0,0,HTTP 200 but no usable price rows returned
Lentil,2019,4,2019-04-01,200,False,0,0,0,HTTP 200 but no usable price rows returned
Lentil,2019,4,2019-04-08,200,False,0,0,0,HTTP 200 but no usable price rows returned
Lentil,2019,4,2019-04-15,200,False,0,0,0,HTTP 200 but no usable price rows returned
Lentil,2019,5,2019-05-01,200,False,0,0,0,HTTP 200 but no usable price rows returned
Lentil,2019,5,2019-05-08,200,False,0,0,0,HTTP 200 but no usable price rows returned
Lentil,2019,5,2019-05-15,200,False,0,0,0,HTTP 200 but no usable price rows returned
Lentil,2019,6,2019-06-01,200,False,0,0,0,HTTP 200 but no usable price rows returned
Lentil,2019,6,2019-06-08,200,False,0,0,0,HTTP 200 but no usable price rows returned
Lentil,2019,6,2019-06-15,200,False,0,0,0,HTTP 200 but no usable price rows returned
Lentil,2019,7,2019-07-01,200,False,0,0,0,HTTP 200 but no usable price rows returned
Lentil,2019,7,2019-07-08,200,False,0,0,0,HTTP 200 but no usable price rows returned
Lentil,2019,7,2019-07-15,200,False,0,0,0,HTTP 200 but no usable price rows returned
Lentil,2019,8,2019-08-01,200,False,0,0,0,HTTP 200 but no usable price rows returned
Lentil,2019,8,2019-08-08,200,False,0,0,0,HTTP 200 but no usable price rows returned
Lentil,2019,8,2019-08-15,200,False,0,0,0,HTTP 200 but no usable price rows returned
Lentil,2019,9,2019-09-01,200,False,0,0,0,HTTP 200 but no usable price rows returned
Lentil,2019,9,2019-09-08,200,False,0,0,0,HTTP 200 but no usable price rows returned
Lentil,2019,9,2019-09-15,200,False,0,0,0,HTTP 200 but no usable price rows returned
Lentil,2019,10,2019-10-01,200,False,0,0,0,HTTP 200 but no usable price rows returned
Lentil,2019,10,2019-10-08,200,False,0,0,0,HTTP 200 but no usable price rows returned
Lentil,2019,10,2019-10-15,200,False,0,0,0,HTTP 200 but no usable price rows returned
Lentil,2019,11,2019-11-01,200,False,0,0,0,HTTP 200 but no usable price rows returned
Lentil,2019,11,2019-11-08,200,False,0,0,0,HTTP 200 but no usable price rows returned
Lentil,2019,11,2019-11-15,200,False,0,0,0,HTTP 200 but no usable price rows returned
Lentil,2019,12,2019-12-01,200,False,0,0,0,HTTP 200 but no usable price rows returned
Lentil,2019,12,2019-12-08,200,False,0,0,0,HTTP 200 but no usable price rows returned
Lentil,2019,12,2019-12-15,200,False,0,0,0,HTTP 200 but no usable price rows returned
Lentil,2020,1,2020-01-01,200,False,0,0,0,HTTP 200 but no usable price rows returned
Lentil,2020,1,2020-01-08,200,False,0,0,0,HTTP 200 but no usable price rows returned
Lentil,2020,1,2020-01-15,200,False,0,0,0,HTTP 200 but no usable price rows returned
Lentil,2020,2,2020-02-01,200,False,0,0,0,HTTP 200 but no usable price rows returned
Lentil,2020,2,2020-02-08,200,False,0,0,0,HTTP 200 but no usable price rows returned
Lentil,2020,2,2020-02-15,200,False,0,0,0,HTTP 200 but no usable price rows returned
Lentil,2020,3,2020-03-01,200,False,0,0,0,HTTP 200 but no usable price rows returned
Lentil,2020,3,2020-03-08,200,False,0,0,0,HTTP 200 but no usable price rows returned
Lentil,2020,3,2020-03-15,200,False,0,0,0,HTTP 200 but no usable price rows returned
Lentil,2020,4,2020-04-01,200,False,0,0,0,HTTP 200 but no usable price rows returned
Lentil,2020,4,2020-04-08,200,False,0,0,0,HTTP 200 but no usable price rows returned
Lentil,2020,4,2020-04-15,200,False,0,0,0,HTTP 200 but no usable price rows returned
Lentil,2020,5,2020-05-01,200,False,0,0,0,HTTP 200 but no usable price rows returned
Lentil,2020,5,2020-05-08,200,False,0,0,0,HTTP 200 but no usable price rows returned
Lentil,2020,5,2020-05-15,200,False,0,0,0,HTTP 200 but no usable price rows returned
Lentil,2020,6,2020-06-01,200,False,0,0,0,HTTP 200 but no usable price rows returned
Lentil,2020,6,2020-06-08,200,False,0,0,0,HTTP 200 but no usable price rows returned
Lentil,2020,6,2020-06-15,200,False,0,0,0,HTTP 200 but no usable price rows returned
Lentil,2020,7,2020-07-01,200,False,0,0,0,HTTP 200 but no usable price rows returned
Lentil,2020,7,2020-07-08,200,False,0,0,0,HTTP 200 but no usable price rows returned
Lentil,2020,7,2020-07-15,200,False,0,0,0,HTTP 200 but no usable price rows returned
Lentil,2020,8,2020-08-01,200,False,0,0,0,HTTP 200 but no usable price rows returned
Lentil,2020,8,2020-08-08,200,False,0,0,0,HTTP 200 but no usable price rows returned
Lentil,2020,8,2020-08-15,200,False,0,0,0,HTTP 200 but no usable price rows returned
Lentil,2020,9,2020-09-01,200,False,0,0,0,HTTP 200 but no usable price rows returned
Lentil,2020,9,2020-09-08,200,False,0,0,0,HTTP 200 but no usable price rows returned
Lentil,2020,9,2020-09-15,200,False,0,0,0,HTTP 200 but no usable price rows returned
Lentil,2020,10,2020-10-01,200,False,0,0,0,HTTP 200 but no usable price rows returned
Lentil,2020,10,2020-10-08,200,False,0,0,0,HTTP 200 but no usable price rows returned
Lentil,2020,10,2020-10-15,200,False,0,0,0,HTTP 200 but no usable price rows returned
Lentil,2020,11,2020-11-01,200,False,0,0,0,HTTP 200 but no usable price rows returned
Lentil,2020,11,2020-11-08,200,False,0,0,0,HTTP 200 but no usable price rows returned
Lentil,2020,11,2020-11-15,200,False,0,0,0,HTTP 200 but no usable price rows returned
Lentil,2020,12,2020-12-01,200,False,0,0,0,HTTP 200 but no usable price rows returned
Lentil,2020,12,2020-12-08,200,False,0,0,0,HTTP 200 but no usable price rows returned
Lentil,2020,12,2020-12-15,200,False,0,0,0,HTTP 200 but no usable price rows returned
Lentil,2021,1,2021-01-01,200,False,0,0,0,HTTP 200 but no usable price rows returned
Lentil,2021,1,2021-01-08,200,False,0,0,0,HTTP 200 but no usable price rows returned
Lentil,2021,1,2021-01-15,200,False,0,0,0,HTTP 200 but no usable price rows returned
Lentil,2021,2,2021-02-01,200,False,0,0,0,HTTP 200 but no usable price rows returned
Lentil,2021,2,2021-02-08,200,False,0,0,0,HTTP 200 but no usable price rows returned
Lentil,2021,2,2021-02-15,200,False,0,0,0,HTTP 200 but no usable price rows returned
Lentil,2021,3,2021-03-01,200,False,0,0,0,HTTP 200 but no usable price rows returned
Lentil,2021,3,2021-03-08,200,False,0,0,0,HTTP 200 but no usable price rows returned
Lentil,2021,3,2021-03-15,200,False,0,0,0,HTTP 200 but no usable price rows returned
Lentil,2021,4,2021-04-01,200,False,0,0,0,HTTP 200 but no usable price rows returned
Lentil,2021,4,2021-04-08,200,False,0,0,0,HTTP 200 but no usable price rows returned
Lentil,2021,4,2021-04-15,200,False,0,0,0,HTTP 200 but no usable price rows returned
Lentil,2021,5,2021-05-01,200,False,0,0,0,HTTP 200 but no usable price rows returned
Lentil,2021,5,2021-05-08,200,False,0,0,0,HTTP 200 but no usable price rows returned
Lentil,2021,5,2021-05-15,200,False,0,0,0,HTTP 200 but no usable price rows returned
Lentil,2021,6,2021-06-01,200,False,0,0,0,HTTP 200 but no usable price rows returned
Lentil,2021,6,2021-06-08,200,False,0,0,0,HTTP 200 but no usable price rows returned
Lentil,2021,6,2021-06-15,200,False,0,0,0,HTTP 200 but no usable price rows returned
Lentil,2021,7,2021-07-01,200,False,0,0,0,HTTP 200 but no usable price rows returned
Lentil,2021,7,2021-07-08,200,False,0,0,0,HTTP 200 but no usable price rows returned
Lentil,2021,7,2021-07-15,200,False,0,0,0,HTTP 200 but no usable price rows returned
Lentil,2021,8,2021-08-01,200,False,0,0,0,HTTP 200 but no usable price rows returned
Lentil,2021,8,2021-08-08,200,False,0,0,0,HTTP 200 but no usable price rows returned
Lentil,2021,8,2021-08-15,200,False,0,0,0,HTTP 200 but no usable price rows returned
Lentil,2021,9,2021-09-01,200,False,0,0,0,HTTP 200 but no usable price rows returned
Lentil,2021,9,2021-09-08,200,False,0,0,0,HTTP 200 but no usable price rows returned
Lentil,2021,9,2021-09-15,200,False,0,0,0,HTTP 200 but no usable price rows returned
Lentil,2021,10,2021-10-01,200,False,0,0,0,HTTP 200 but no usable price rows returned
Lentil,2021,10,2021-10-08,200,False,0,0,0,HTTP 200 but no usable price rows returned
Lentil,2021,10,2021-10-15,200,False,0,0,0,HTTP 200 but no usable price rows returned
Lentil,2021,11,2021-11-01,200,False,0,0,0,HTTP 200 but no usable price rows returned
Lentil,2021,11,2021-11-08,200,False,0,0,0,HTTP 200 but no usable price rows returned
Lentil,2021,11,2021-11-15,200,False,0,0,0,HTTP 200 but no usable price rows returned
Lentil,2016,9,2016-09-01,429,False,0,0,0,HTTP 429: AGMARKNET rate limit
Lentil,2016,12,2016-12-01,429,False,0,0,0,HTTP 429: AGMARKNET rate limit
Lentil,2017,1,2017-01-01,429,False,0,0,0,HTTP 429: AGMARKNET rate limit
Lentil,2017,2,2017-02-01,429,False,0,0,0,HTTP 429: AGMARKNET rate limit
Lentil,2017,3,2017-03-01,429,False,0,0,0,HTTP 429: AGMARKNET rate limit
Lentil,2017,4,2017-04-01,429,False,0,0,0,HTTP 429: AGMARKNET rate limit
Lentil,2017,5,2017-05-01,429,False,0,0,0,HTTP 429: AGMARKNET rate limit
Lentil,2017,6,2017-06-01,429,False,0,0,0,HTTP 429: AGMARKNET rate limit
Lentil,2017,7,2017-07-01,429,False,0,0,0,HTTP 429: AGMARKNET rate limit
Lentil,2017,8,2017-08-01,429,False,0,0,0,HTTP 429: AGMARKNET rate limit
Lentil,2017,9,2017-09-01,429,False,0,0,0,HTTP 429: AGMARKNET rate limit
Lentil,2017,10,2017-10-01,429,False,0,0,0,HTTP 429: AGMARKNET rate limit
Lentil,2017,11,2017-11-01,429,False,0,0,0,HTTP 429: AGMARKNET rate limit
Lentil,2017,12,2017-12-01,429,False,0,0,0,HTTP 429: AGMARKNET rate limit
Lentil,2018,1,2018-01-01,429,False,0,0,0,HTTP 429: AGMARKNET rate limit
Lentil,2018,2,2018-02-01,429,False,0,0,0,HTTP 429: AGMARKNET rate limit
Lentil,2018,3,2018-03-01,429,False,0,0,0,HTTP 429: AGMARKNET rate limit
Lentil,2018,4,2018-04-01,429,False,0,0,0,HTTP 429: AGMARKNET rate limit
Lentil,2018,5,2018-05-01,429,False,0,0,0,HTTP 429: AGMARKNET rate limit
Lentil,2018,6,2018-06-01,429,False,0,0,0,HTTP 429: AGMARKNET rate limit
Lentil,2018,7,2018-07-01,429,False,0,0,0,HTTP 429: AGMARKNET rate limit
Lentil,2018,8,2018-08-01,429,False,0,0,0,HTTP 429: AGMARKNET rate limit
Lentil,2018,9,2018-09-01,429,False,0,0,0,HTTP 429: AGMARKNET rate limit
Lentil,2018,10,2018-10-01,429,False,0,0,0,HTTP 429: AGMARKNET rate limit
Lentil,2018,11,2018-11-01,429,False,0,0,0,HTTP 429: AGMARKNET rate limit
Lentil,2018,12,2018-12-01,429,False,0,0,0,HTTP 429: AGMARKNET rate limit
Lentil,2019,1,2019-01-01,429,False,0,0,0,HTTP 429: AGMARKNET rate limit
Lentil,2019,2,2019-02-01,429,False,0,0,0,HTTP 429: AGMARKNET rate limit
Lentil,2019,3,2019-03-01,429,False,0,0,0,HTTP 429: AGMARKNET rate limit
Lentil,2019,4,2019-04-01,429,False,0,0,0,HTTP 429: AGMARKNET rate limit
Lentil,2019,5,2019-05-01,429,False,0,0,0,HTTP 429: AGMARKNET rate limit
Lentil,2019,6,2019-06-01,429,False,0,0,0,HTTP 429: AGMARKNET rate limit
Lentil,2019,7,2019-07-01,429,False,0,0,0,HTTP 429: AGMARKNET rate limit
Lentil,2019,8,2019-08-01,429,False,0,0,0,HTTP 429: AGMARKNET rate limit
Lentil,2019,9,2019-09-01,429,False,0,0,0,HTTP 429: AGMARKNET rate limit
Lentil,2019,10,2019-10-01,429,False,0,0,0,HTTP 429: AGMARKNET rate limit
Lentil,2019,11,2019-11-01,429,False,0,0,0,HTTP 429: AGMARKNET rate limit
Lentil,2019,12,2019-12-01,429,False,0,0,0,HTTP 429: AGMARKNET rate limit
Lentil,2020,1,2020-01-01,429,False,0,0,0,HTTP 429: AGMARKNET rate limit
Lentil,2020,2,2020-02-01,429,False,0,0,0,HTTP 429: AGMARKNET rate limit
Lentil,2020,3,2020-03-01,429,False,0,0,0,HTTP 429: AGMARKNET rate limit
Lentil,2020,4,2020-04-01,429,False,0,0,0,HTTP 429: AGMARKNET rate limit
Lentil,2020,5,2020-05-01,429,False,0,0,0,HTTP 429: AGMARKNET rate limit
Lentil,2020,6,2020-06-01,429,False,0,0,0,HTTP 429: AGMARKNET rate limit
Lentil,2020,7,2020-07-01,429,False,0,0,0,HTTP 429: AGMARKNET rate limit
Lentil,2020,8,2020-08-01,429,False,0,0,0,HTTP 429: AGMARKNET rate limit
Lentil,2020,9,2020-09-01,429,False,0,0,0,HTTP 429: AGMARKNET rate limit
Lentil,2020,10,2020-10-01,429,False,0,0,0,HTTP 429: AGMARKNET rate limit
Lentil,2020,11,2020-11-01,429,False,0,0,0,HTTP 429: AGMARKNET rate limit
Lentil,2020,12,2020-12-01,429,False,0,0,0,HTTP 429: AGMARKNET rate limit
Lentil,2021,1,2021-01-01,429,False,0,0,0,HTTP 429: AGMARKNET rate limit
Lentil,2021,2,2021-02-01,429,False,0,0,0,HTTP 429: AGMARKNET rate limit
Lentil,2021,3,2021-03-01,429,False,0,0,0,HTTP 429: AGMARKNET rate limit
Lentil,2021,4,2021-04-01,429,False,0,0,0,HTTP 429: AGMARKNET rate limit
Lentil,2021,5,2021-05-01,429,False,0,0,0,HTTP 429: AGMARKNET rate limit
Lentil,2021,6,2021-06-01,429,False,0,0,0,HTTP 429: AGMARKNET rate limit
Lentil,2021,7,2021-07-01,429,False,0,0,0,HTTP 429: AGMARKNET rate limit
Lentil,2021,8,2021-08-01,429,False,0,0,0,HTTP 429: AGMARKNET rate limit
Lentil,2021,9,2021-09-01,429,False,0,0,0,HTTP 429: AGMARKNET rate limit
Lentil,2021,10,2021-10-01,429,False,0,0,0,HTTP 429: AGMARKNET rate limit
Lentil,2021,11,2021-11-01,429,False,0,0,0,HTTP 429: AGMARKNET rate limit
Lentil,2021,12,2021-12-01,429,False,0,0,0,HTTP 429: AGMARKNET rate limit
Lentil,2022,1,2022-01-01,429,False,0,0,0,HTTP 429: AGMARKNET rate limit
Lentil,2022,2,2022-02-01,429,False,0,0,0,HTTP 429: AGMARKNET rate limit
Lentil,2022,3,2022-03-01,429,False,0,0,0,HTTP 429: AGMARKNET rate limit
